npi,state,specialty,total_fills,total_claims,total_cost,unique_drugs,unique_classes,therapy_share,biguanide_fills,dpp4_fills,glp1_fills,insulin_fills,other_fills,sglt2_fills,sulfonylurea_fills,tzd_fills,glp1_share,sglt2_share,insulin_share,yoy_growth,lt_growth,brand_fills,brand_share,cluster,segment_name
1000004411,MI,Endocrinology,1959.6,1695.0,1135885.2599999998,21,8,0.0051,130.1,98.4,475.7,367.3,4.5,681.4,158.7,43.5,24.28,34.77,18.74,-21.24,63.98,1622.8,82.81,0.0,Diversified Prescribers
1000004416,IL,Internal Medicine,704.8,609.0,248870.61000000002,12,6,0.0018,282.5,81.9,107.6,124.19999999999999,0.0,68.8,39.8,0.0,15.27,9.76,17.62,23.11,-36.28,382.49999999999994,54.27,3.0,Low-Volume / Low-Growth Prescribers
1000004422,OH,Family Practice,20616.6,17780.0,9433042.14,17,8,0.0536,4230.3,899.9000000000001,4456.299999999999,5274.6,189.10000000000002,2666.2,2713.2000000000003,187.0,21.62,12.93,25.58,-20.39,120.37,13297.0,64.5,0.0,Diversified Prescribers
1000004429,VA,Family Practice,1024.8999999999999,896.0,385593.8500000001,15,7,0.0027,188.7,78.7,130.1,350.8,0.0,76.3,169.3,31.0,12.69,7.44,34.23,-48.81,-65.21,635.9,62.05,3.0,Low-Volume / Low-Growth Prescribers
1000004435,NC,Internal Medicine,39509.00000000001,33852.0,18101667.220000003,19,6,0.1026,0.0,1237.7,2992.8,16871.2,503.5,11120.099999999999,6783.700000000001,0.0,7.57,28.15,42.7,160.0,119.25,32221.8,81.56,1.0,High-Volume Core Prescribers
1000004442,MA,Internal Medicine,17384.0,15222.0,7367508.209999999,16,8,0.0452,3957.4,1335.6,1890.2,5364.299999999999,78.3,3684.5,698.6,375.1,10.87,21.19,30.86,-76.3,-36.82,12274.599999999999,70.61,0.0,Diversified Prescribers
1000004445,MA,Cardiology,16824.699999999997,14595.0,11104689.99,16,6,0.0437,0.0,1516.6000000000001,5508.299999999999,2909.2,101.1,4932.5,1857.0,0.0,32.74,29.32,17.29,83.57,350.59,14866.599999999999,88.36,0.0,Diversified Prescribers
1000004448,TX,Internal Medicine,13631.5,12158.0,7114743.92,20,8,0.0354,1650.4,1239.1000000000001,2711.5,3699.5999999999995,168.0,3132.2000000000003,478.8,551.9,19.89,22.98,27.14,36.04,13.77,10782.400000000001,79.1,0.0,Diversified Prescribers
1000004459,TN,Internal Medicine,719.6,616.0,216882.23000000004,13,8,0.0019,343.20000000000005,37.0,66.5,141.7,3.2,84.2,30.2,13.6,9.24,11.7,19.69,-12.48,-17.89,329.4,45.78,3.0,Low-Volume / Low-Growth Prescribers
1000004462,PA,Nephrology,569.0999999999999,497.0,168613.88,11,7,0.0015,114.9,83.4,30.9,125.0,0.0,46.0,155.60000000000002,13.3,5.43,8.08,21.96,-41.01,-72.02,285.3,50.13,3.0,Low-Volume / Low-Growth Prescribers
1000004470,CA,Nurse Practitioner,588.9,508.0,190509.09000000003,13,7,0.0015,225.5,47.2,55.4,157.9,2.1,57.7,43.1,0.0,9.41,9.8,26.81,-45.95,-45.38,318.20000000000005,54.03,3.0,Low-Volume / Low-Growth Prescribers
1000004477,GA,Internal Medicine,3776.2,3286.0,1853016.17,15,7,0.0098,0.0,163.9,586.5,759.4,31.5,1285.1,883.4,66.4,15.53,34.03,20.11,272.06,35.22,2794.9,74.01,3.0,Low-Volume / Low-Growth Prescribers
1000004479,FL,Family Practice,13515.100000000002,11980.0,5268259.210000001,15,8,0.0351,3422.5,1797.3999999999999,2486.4,3484.7,48.0,300.4,1677.3,298.4,18.4,2.22,25.78,-47.07,-17.16,8068.9,59.7,0.0,Diversified Prescribers
1000004486,NY,Endocrinology,9281.899999999998,8136.0,5586179.550000001,21,8,0.0241,497.5,686.6,3079.4,1946.5,37.6,2046.0,758.4000000000001,229.89999999999998,33.18,22.04,20.97,-33.89,16.35,7758.5,83.59,0.0,Diversified Prescribers
1000004495,IL,Family Practice,680.7,597.0,319927.15,12,7,0.0018,90.8,26.7,156.1,101.4,0.0,158.4,112.30000000000001,35.0,22.93,23.27,14.9,510.85,416.97,442.6,65.02,3.0,Low-Volume / Low-Growth Prescribers
1000004497,VA,Endocrinology,2970.1,2535.0,1597315.5199999998,18,8,0.0077,537.6,122.7,939.8,432.4,3.4,552.0,370.6,11.6,31.64,18.59,14.56,290.72,137.94,2046.9,68.92,0.0,Diversified Prescribers
1000000014,IL,Internal Medicine,900.9000000000002,797.0,446097.25000000006,15,7,0.0023,121.6,71.2,239.9,166.5,0.0,120.7,168.0,13.0,26.63,13.4,18.48,-59.52,11.29,598.3,66.41,3.0,Low-Volume / Low-Growth Prescribers
1000000038,CA,Family Practice,5402.3,4669.0,2154180.3000000003,16,6,0.014,1231.6999999999998,546.8,929.2,1320.2,0.0,585.5,788.9000000000001,0.0,17.2,10.84,24.44,-13.19,66.0,3381.7,62.6,0.0,Diversified Prescribers
1000000058,IN,Endocrinology,2788.2000000000003,2407.0,1445857.16,20,7,0.0072,527.7,189.2,788.9,413.1,0.0,597.5,230.4,41.4,28.29,21.43,14.82,3.61,97.11,1988.7000000000003,71.33,0.0,Diversified Prescribers
1000000060,GA,Internal Medicine,15339.599999999997,13308.0,7936375.279999999,20,8,0.0399,1306.5,1366.3999999999999,3176.8999999999996,4926.6,132.39999999999998,2942.5,526.5,961.8,20.71,19.18,32.12,39.83,-58.03,12412.4,80.92,0.0,Diversified Prescribers
1000000061,FL,Internal Medicine,13944.199999999997,12031.0,10499684.120000001,14,6,0.0362,0.0,1452.1,7262.9,2543.5,170.9,850.1,1664.7,0.0,52.09,6.1,18.24,120.99,484.07,12108.6,86.84,0.0,Diversified Prescribers
1000000066,TX,Endocrinology,1459.1,1236.0,973711.27,19,8,0.0038,126.2,75.3,690.5,196.1,2.3,192.0,162.4,14.3,47.32,13.16,13.44,569.91,98.82,1153.8999999999999,79.08,0.0,Diversified Prescribers
1000000070,PA,Family Practice,13701.8,12015.0,6346869.26,16,8,0.0356,2218.9,1739.3000000000002,2983.8999999999996,2675.2,85.4,1655.0,1790.1999999999998,553.9,21.78,12.08,19.52,475.28,705.57,9053.4,66.07,0.0,Diversified Prescribers
1000000071,NC,Internal Medicine,13435.199999999999,11789.0,8411369.33,18,6,0.0349,0.0,1072.0,4140.700000000001,2490.0,88.5,3474.9,2169.1000000000004,0.0,30.82,25.86,18.53,112.83,197.21,11177.6,83.2,0.0,Diversified Prescribers
1000000083,MI,Endocrinology,38125.600000000006,32790.0,23401220.75,21,8,0.099,6446.5,1176.6000000000001,13730.5,5958.8,161.39999999999998,8368.0,1920.1,363.7,36.01,21.95,15.63,64.04,234.34,29233.899999999998,76.68,1.0,High-Volume Core Prescribers
1000000113,CA,Family Practice,3788.8999999999996,3271.0,1393172.7,17,8,0.0098,594.8,326.8,357.0,741.2,15.0,769.2,886.6,98.3,9.42,20.3,19.56,47.67,75.95,2194.2,57.91,0.0,Diversified Prescribers
1000000122,TX,Internal Medicine,6095.900000000001,5383.0,2846881.65,19,8,0.0158,940.4000000000001,737.9000000000001,1094.3,1149.1,14.9,1228.6000000000001,748.6000000000001,182.1,17.95,20.15,18.85,-35.86,93.32,4209.9,69.06,0.0,Diversified Prescribers
1000000123,GA,Endocrinology,39013.2,33332.0,21631293.780000005,21,8,0.1014,3552.3,2305.0,8822.400000000001,5583.3,275.2,14277.9,4056.7,140.4,22.61,36.6,14.31,53.32,104.21,30988.600000000002,79.43,1.0,High-Volume Core Prescribers
1000000137,NC,Family Practice,715.4000000000001,632.0,189066.08,12,8,0.0019,245.10000000000002,64.8,36.1,182.3,2.1,48.4,116.8,19.8,5.05,6.77,25.48,-82.14,-51.56,331.6,46.35,3.0,Low-Volume / Low-Growth Prescribers
1000000148,MA,Endocrinology,9984.900000000001,8691.0,5447385.26,20,8,0.0259,1469.6,1121.5,2436.2,1476.0,8.1,2315.8,991.4,166.3,24.4,23.19,14.78,163.57,492.52,7349.5,73.61,0.0,Diversified Prescribers
1000000154,NY,Cardiology,497.7,423.0,316798.56999999995,11,5,0.0013,0.0,95.4,190.6,105.30000000000001,0.0,33.3,73.1,0.0,38.3,6.69,21.16,-46.17,315.09,424.59999999999997,85.31,3.0,Low-Volume / Low-Growth Prescribers
1000000166,CA,Internal Medicine,14175.500000000004,12415.0,6802214.95,18,8,0.0368,1445.6,1660.6999999999998,2556.5,4273.8,45.0,2520.5,745.7,927.7,18.03,17.78,30.15,125.73,-49.43,11011.5,77.68,0.0,Diversified Prescribers
1000000167,TN,Internal Medicine,792.0999999999999,673.0,429720.93,15,5,0.0021,0.0,38.3,183.8,337.5,0.0,110.6,121.9,0.0,23.2,13.96,42.61,-38.35,-13.44,670.2,84.61,3.0,Low-Volume / Low-Growth Prescribers
1000000185,NY,Family Practice,6588.200000000001,5746.0,2569873.05,20,7,0.0171,1871.0,288.8,848.5,1762.5,0.0,1084.1,681.0999999999999,52.2,12.88,16.46,26.75,35.02,76.12,3983.9,60.47,0.0,Diversified Prescribers
1000000192,FL,Nurse Practitioner,15761.0,13449.0,9836268.459999999,16,6,0.0409,0.0,1254.3,4766.2,6061.6,56.9,2885.9,736.1,0.0,30.24,18.31,38.46,-32.25,-59.83,14968.0,94.97,0.0,Diversified Prescribers
1000000198,CA,Nurse Practitioner,3334.1,2909.0,1277980.93,11,6,0.0087,0.0,72.4,517.3000000000001,1443.6,0.0,115.8,1110.6999999999998,74.3,15.52,3.47,43.3,1.96,-7.79,2149.1,64.46,3.0,Low-Volume / Low-Growth Prescribers
1000000206,AZ,Endocrinology,12175.599999999999,10678.0,7102014.71,22,8,0.0316,750.7,799.9,3043.1000000000004,2220.5,28.6,4016.7999999999997,1178.7,137.3,24.99,32.99,18.24,-50.17,-4.93,10080.3,82.79,0.0,Diversified Prescribers
1000000208,TN,Endocrinology,38708.600000000006,33169.0,23462459.860000007,19,8,0.1006,3729.3999999999996,2751.6,10536.400000000001,8302.7,195.1,11566.8,1403.9,222.7,27.22,29.88,21.45,90.91,40.9,33157.5,85.66,1.0,High-Volume Core Prescribers
1000000217,VA,Family Practice,18136.9,15791.0,7824894.869999999,19,8,0.0471,3584.5,1408.6,1949.5,3667.3,33.1,5284.6,1888.9,320.4,10.75,29.14,20.22,350.85,46.73,12310.0,67.87,0.0,Diversified Prescribers
1000000220,FL,Family Practice,795.6,674.0,307174.67,13,7,0.0021,227.8,17.6,60.10000000000001,272.20000000000005,0.0,164.9,38.1,14.9,7.55,20.73,34.21,-37.39,-27.4,514.8000000000001,64.71,3.0,Low-Volume / Low-Growth Prescribers
1000000237,FL,Endocrinology,1704.2,1473.0,829953.0000000001,18,7,0.0044,349.5,85.8,461.1,308.4,0.0,301.70000000000005,180.9,16.8,27.06,17.7,18.1,-30.67,-11.87,1157.0,67.89,0.0,Diversified Prescribers
1000000246,TX,Internal Medicine,5696.4,4879.0,2447909.4799999995,20,8,0.0148,1162.3,257.7,813.1,1948.1,22.5,910.5,426.29999999999995,155.89999999999998,14.27,15.98,34.2,196.16,-30.41,3929.3999999999996,68.98,0.0,Diversified Prescribers
1000000248,NY,Physician Assistant,916.8000000000001,791.0,365476.18,15,7,0.0024,181.9,127.0,54.7,273.1,1.1,203.2,75.8,0.0,5.97,22.16,29.79,-63.17,-70.98,658.0,71.77,3.0,Low-Volume / Low-Growth Prescribers
1000000260,PA,Family Practice,4970.0,4389.0,2194338.98,17,7,0.0129,1187.6,675.8000000000001,763.8,926.0,0.0,965.1,334.4,117.30000000000001,15.37,19.42,18.63,-19.87,149.47,3330.7000000000003,67.02,0.0,Diversified Prescribers
1000000275,TN,Internal Medicine,937.0,798.0,307509.37000000005,18,8,0.0024,217.8,62.2,64.5,288.9,1.2,124.19999999999999,165.9,12.3,6.88,13.26,30.83,-1.77,-2.25,539.8,57.61,3.0,Low-Volume / Low-Growth Prescribers
1000000283,FL,Endocrinology,2195.7000000000003,1897.0,1420595.89,19,8,0.0057,260.7,78.1,891.3000000000002,376.8,3.5999999999999996,357.7,148.1,79.4,40.59,16.29,17.16,168.48,74.17,1703.9,77.6,0.0,Diversified Prescribers
1000000284,NY,Family Practice,14428.099999999999,12739.0,5461513.42,18,8,0.0375,3619.0,1285.2,3305.0,1404.9,55.1,1097.9,3130.9,530.1,22.91,7.61,9.74,-91.68,-72.25,7093.0,49.16,0.0,Diversified Prescribers
1000000286,MA,Internal Medicine,4093.6000000000004,3599.0,1244820.77,15,7,0.0106,934.5999999999999,620.5,361.5,877.4,0.0,143.1,991.7,164.8,8.83,3.5,21.43,274.87,88.81,2002.5,48.92,3.0,Low-Volume / Low-Growth Prescribers
1000000292,CA,Family Practice,3146.7999999999997,2744.0,1664180.0699999998,16,7,0.0082,0.0,280.8,166.8,616.3,13.7,1696.6000000000001,314.0,58.6,5.3,53.92,19.58,-3.26,408.01,2760.5,87.72,0.0,Diversified Prescribers
1000000303,TX,Family Practice,5058.200000000001,4325.0,2585702.88,16,8,0.0131,1502.1,581.0,1446.1,808.7,15.3,436.8,168.2,100.0,28.59,8.64,15.99,-15.23,742.89,3272.5999999999995,64.7,0.0,Diversified Prescribers
1000000312,CA,Endocrinology,8917.4,7858.0,5260054.959999999,20,7,0.0232,0.0,1087.6,2376.9,2509.2,26.299999999999997,1974.6999999999998,700.5,242.2,26.65,22.14,28.14,-66.41,-50.67,7948.400000000001,89.13,0.0,Diversified Prescribers
1000000313,IL,Physician Assistant,1024.4,869.0,518807.2199999999,15,7,0.0027,136.2,80.3,243.5,182.70000000000002,0.0,229.2,95.1,57.400000000000006,23.77,22.37,17.83,-71.28,-47.65,735.7,71.82,3.0,Low-Volume / Low-Growth Prescribers
1000000326,GA,Internal Medicine,11310.100000000002,9863.0,5665837.870000001,18,8,0.0294,1300.9,773.5,3319.0,2649.4,113.30000000000001,1370.8000000000002,1594.5,188.7,29.35,12.12,23.43,-9.03,38.61,8112.700000000001,71.73,0.0,Diversified Prescribers
1000000331,MI,Family Practice,15166.400000000001,13499.0,6086899.89,15,7,0.0394,5416.4,976.3000000000001,3998.2,1898.5,114.1,299.6,2463.3,0.0,26.36,1.98,12.52,50.03,257.37,7172.6,47.29,0.0,Diversified Prescribers
1000000339,FL,Endocrinology,11496.0,9783.0,7227123.78,20,8,0.0299,1687.8000000000002,640.8,4789.5,817.3,14.5,2184.1,1153.1,208.9,41.66,19.0,7.11,21.37,317.95,8431.7,73.34,0.0,Diversified Prescribers
1000000352,MI,Family Practice,15601.399999999998,13669.0,6637514.83,17,8,0.0405,3068.3,1058.6,2514.0,4547.7,80.2,2319.7000000000003,1803.1,209.8,16.11,14.87,29.15,-85.02,-86.87,10440.0,66.92,0.0,Diversified Prescribers
1000000363,FL,Internal Medicine,1111.5000000000002,978.0,532532.4700000001,16,6,0.0029,83.2,65.7,219.3,262.9,0.0,243.60000000000002,236.8,0.0,19.73,21.92,23.65,-70.08,-50.0,791.5,71.21,3.0,Low-Volume / Low-Growth Prescribers
1000000364,FL,Physician Assistant,935.1,828.0,426546.5100000001,13,7,0.0024,202.39999999999998,90.0,113.0,283.6,0.0,194.5,34.6,17.0,12.08,20.8,30.33,17.83,124.47,681.1,72.84,3.0,Low-Volume / Low-Growth Prescribers
1000000369,AZ,Endocrinology,11288.399999999996,9712.0,5128218.070000002,18,8,0.0293,2727.3,716.9000000000001,2472.7000000000003,2260.8999999999996,16.4,2033.4,943.0,117.8,21.9,18.01,20.03,-38.44,70.3,7483.9,66.3,0.0,Diversified Prescribers
1000000385,MA,Family Practice,13554.2,11522.0,8090459.1,15,7,0.0352,0.0,1136.5,4467.700000000001,1736.4,106.4,2727.2,3007.8,372.2,32.96,20.12,12.81,15.03,40.93,10067.800000000001,74.28,0.0,Diversified Prescribers
1000000388,CA,Family Practice,3473.2000000000003,3026.0,2347797.9,16,6,0.009,0.0,633.4000000000001,1102.4,932.8,29.0,679.0999999999999,0.0,96.5,31.74,19.55,26.86,-41.22,96.44,3347.7,96.39,0.0,Diversified Prescribers
1000000400,CA,Endocrinology,11836.0,10504.0,7240005.35,21,8,0.0307,1586.5,988.4000000000001,3852.0,1384.4,29.4,3181.3999999999996,597.2,216.70000000000002,32.54,26.88,11.7,129.1,163.21,9406.199999999999,79.47,0.0,Diversified Prescribers
1000000403,FL,Family Practice,1277.1000000000001,1105.0,582376.3600000001,14,6,0.0033,372.69999999999993,0.0,271.70000000000005,267.2,3.6,232.3,129.6,0.0,21.27,18.19,20.92,1315.41,53.53,771.2,60.39,3.0,Low-Volume / Low-Growth Prescribers
1000000409,IL,Endocrinology,13739.099999999999,11912.0,7986376.8100000005,22,8,0.0357,1583.1,636.1999999999999,3842.7999999999997,2408.2,20.4,4252.1,834.5,161.8,27.97,30.95,17.53,52.78,11.72,11139.3,81.08,0.0,Diversified Prescribers
1000000412,IL,Physician Assistant,14766.2,12906.0,8521185.010000002,16,7,0.0384,1653.1,145.6,3883.2,3384.3,93.4,4408.1,1198.5,0.0,26.3,29.85,22.92,-0.36,9.23,11821.2,80.06,0.0,Diversified Prescribers
1000000415,IN,Internal Medicine,853.7999999999998,734.0,372617.88,9,6,0.0022,0.0,0.0,111.2,227.60000000000002,2.4,210.8,281.79999999999995,20.0,13.02,24.69,26.66,60.02,571.39,549.6,64.37,3.0,Low-Volume / Low-Growth Prescribers
1000000443,NY,Internal Medicine,604.3000000000001,528.0,368083.62,12,5,0.0016,0.0,80.9,106.0,147.9,0.0,237.5,32.0,0.0,17.54,39.3,24.47,128.93,170.24,572.3,94.7,3.0,Low-Volume / Low-Growth Prescribers
1000000457,NC,Internal Medicine,14011.2,11998.0,7546761.680000002,14,7,0.0364,1945.5,996.9,2743.9,3215.8,72.1,4391.3,645.7,0.0,19.58,31.34,22.95,-53.02,229.18,11347.900000000001,80.99,0.0,Diversified Prescribers
1000000463,MI,Family Practice,4991.9,4267.0,2867057.9,15,7,0.013,0.0,222.6,763.9,2000.9,19.0,1617.9,220.8,146.8,15.3,32.41,40.08,-53.2,106.52,4605.3,92.26,0.0,Diversified Prescribers
1000000465,TX,Internal Medicine,30114.2,25799.0,11864779.000000002,19,8,0.0782,3208.1,3321.3,4518.0,4746.1,88.0,5408.300000000001,8336.8,487.6,15.0,17.96,15.76,-80.92,-79.76,17993.700000000004,59.75,1.0,High-Volume Core Prescribers
1000000473,GA,Nurse Practitioner,736.8999999999999,629.0,460356.9100000001,14,6,0.0019,0.0,0.0,312.7,195.1,2.3,97.2,97.19999999999999,32.4,42.43,13.19,26.48,-76.0,-73.35,605.0,82.1,3.0,Low-Volume / Low-Growth Prescribers
1000000487,OH,Internal Medicine,733.6,627.0,282167.86000000004,13,7,0.0019,188.9,54.599999999999994,88.4,233.8,1.1,77.7,89.1,0.0,12.05,10.59,31.87,453.32,480.85,454.5,61.95,3.0,Low-Volume / Low-Growth Prescribers
1000000509,NY,Family Practice,864.8000000000001,761.0,298132.2,16,8,0.0022,181.6,53.5,141.6,242.0,2.1,11.9,220.5,11.6,16.37,1.38,27.98,-81.82,-91.89,449.0,51.92,3.0,Low-Volume / Low-Growth Prescribers
1000000538,GA,Internal Medicine,883.6999999999999,761.0,539560.6400000001,15,7,0.0023,101.1,60.8,360.1,236.6,0.0,28.4,67.6,29.1,40.75,3.21,26.77,72.37,73.44,685.9,77.62,3.0,Low-Volume / Low-Growth Prescribers
1000000549,IL,Family Practice,34269.3,30132.0,15301151.44,16,8,0.089,10951.2,2484.8,7923.0,9084.3,152.7,1830.4,1393.7,449.2,23.12,5.34,26.51,11.86,91.05,21322.5,62.22,1.0,High-Volume Core Prescribers
1000000552,TX,Internal Medicine,4196.900000000001,3666.0,2174982.7800000003,17,7,0.0109,0.0,644.8,420.4,1298.8,31.6,1309.7,423.20000000000005,68.4,10.02,31.21,30.95,-13.09,-40.13,3673.7,87.53,0.0,Diversified Prescribers
1000000560,IN,Family Practice,13752.400000000001,11888.0,7284211.450000001,17,8,0.0357,1830.7,1277.1000000000001,4039.4,2746.7,46.0,1783.8999999999999,1836.0,192.6,29.37,12.97,19.97,216.26,-9.45,9847.1,71.6,0.0,Diversified Prescribers
1000000561,IN,Internal Medicine,911.7,801.0,519081.54,15,7,0.0024,126.5,92.9,290.1,229.2,0.0,109.5,32.4,31.1,31.82,12.01,25.14,167.61,-11.84,721.7,79.16,3.0,Low-Volume / Low-Growth Prescribers
1000000567,FL,Internal Medicine,13994.5,12433.0,9574946.48,17,7,0.0364,0.0,520.5,5011.8,3919.1,121.0,2986.6,754.4,681.0999999999999,35.81,21.34,28.0,33.05,309.84,12438.0,88.88,0.0,Diversified Prescribers
1000000568,IN,Nurse Practitioner,3148.4000000000005,2685.0,1206096.3000000003,16,8,0.0082,553.1,434.40000000000003,507.5,495.9,23.4,357.4,636.5999999999999,140.10000000000002,16.12,11.35,15.75,-54.82,-78.67,1795.1999999999998,57.02,3.0,Low-Volume / Low-Growth Prescribers
1000000575,IL,Physician Assistant,451.50000000000006,400.0,234711.85,12,6,0.0012,98.6,0.0,119.5,132.6,1.2,82.69999999999999,0.0,16.9,26.47,18.32,29.37,-95.38,-74.57,334.79999999999995,74.15,3.0,Low-Volume / Low-Growth Prescribers
1000000576,OH,Endocrinology,10984.7,9464.0,6183562.039999999,19,7,0.0285,1585.9,446.20000000000005,3582.9,2495.3,0.0,1689.8999999999999,954.0,230.5,32.62,15.38,22.72,125.86,42.04,8214.3,74.78,0.0,Diversified Prescribers
1000000583,TX,Internal Medicine,560.6999999999999,479.0,283949.53,13,7,0.0015,95.6,70.5,172.0,109.4,0.0,42.5,37.7,33.0,30.68,7.58,19.51,155.06,-39.71,394.4,70.34,3.0,Low-Volume / Low-Growth Prescribers
1000000588,OH,Endocrinology,1910.8999999999999,1642.0,1028557.3899999998,17,7,0.005,105.7,97.60000000000001,336.1,646.2,0.0,549.3,145.7,30.3,17.59,28.75,33.82,-40.1,11.9,1629.2,85.26,0.0,Diversified Prescribers
1000000599,CA,Endocrinology,2225.9,1936.0,1547431.39,19,7,0.0058,73.5,129.8,774.9,266.2,0.0,863.9,108.8,8.8,34.81,38.81,11.96,23.13,171.86,2034.8,91.41,0.0,Diversified Prescribers
1000000600,PA,Endocrinology,2865.4,2496.0,1711294.8900000001,17,6,0.0074,310.1,184.4,845.5,485.9,0.0,842.7,196.8,0.0,29.51,29.41,16.96,-39.01,-3.3,2358.5,82.31,0.0,Diversified Prescribers
1000000602,OH,Endocrinology,2163.5,1888.0,1256450.83,19,8,0.0056,97.0,131.1,610.9000000000001,437.6,3.5,560.8,261.40000000000003,61.199999999999996,28.24,25.92,20.23,-60.31,-15.22,1740.4,80.44,0.0,Diversified Prescribers
1000000610,VA,Endocrinology,11863.9,10355.0,7062514.02,22,8,0.0308,386.4,378.6,2602.7,1850.0,34.5,5356.4,1101.9,153.4,21.94,45.15,15.59,264.09,175.94,10187.699999999999,85.87,0.0,Diversified Prescribers
1000000653,MI,Family Practice,660.6,577.0,257399.69,10,7,0.0017,236.89999999999998,112.3,98.7,124.60000000000001,0.0,30.5,41.2,16.4,14.94,4.62,18.86,675.21,18.15,366.1,55.42,3.0,Low-Volume / Low-Growth Prescribers
1000000663,PA,Internal Medicine,922.4000000000001,802.0,407774.29999999993,9,5,0.0024,277.6,144.9,97.6,161.5,0.0,240.79999999999998,0.0,0.0,10.58,26.11,17.51,-5.47,91.68,644.8,69.9,3.0,Low-Volume / Low-Growth Prescribers
1000000668,TX,Internal Medicine,4934.1,4343.0,2050111.19,18,8,0.0128,1027.3000000000002,298.5,793.6,757.2,6.7,1199.8,789.0,62.0,16.08,24.32,15.35,3.69,95.76,3049.1000000000004,61.8,0.0,Diversified Prescribers
1000000669,MI,Internal Medicine,15502.700000000003,13655.0,5352390.42,18,8,0.0403,4400.3,1565.8999999999999,1652.6,4262.7,138.5,1261.7,1804.6,416.4,10.66,8.14,27.5,-79.26,-77.67,8742.9,56.4,0.0,Diversified Prescribers
1000000693,IN,Internal Medicine,15592.699999999999,13559.0,5968294.859999999,16,7,0.0405,2212.9,957.7,112.4,7040.4,0.0,3467.2999999999997,1446.4,355.6,0.72,22.24,45.15,-80.0,-37.5,11577.8,74.25,0.0,Diversified Prescribers
1000000698,NY,Endocrinology,12157.900000000005,10631.0,6452222.1,20,8,0.0316,1768.5,220.4,3376.0,2570.8999999999996,19.8,2607.7999999999997,1345.0,249.5,27.77,21.45,21.15,-40.24,19.18,8775.099999999999,72.18,0.0,Diversified Prescribers
1000000706,AZ,Internal Medicine,994.5999999999999,867.0,448286.56999999995,17,7,0.0026,196.5,80.69999999999999,197.89999999999998,189.79999999999998,0.0,178.39999999999998,137.3,14.0,19.9,17.94,19.08,-4.69,104.78,646.8,65.03,3.0,Low-Volume / Low-Growth Prescribers
1000000707,NY,Family Practice,5831.200000000001,5152.0,2416099.5,16,7,0.0151,1223.6,443.1,824.5,1545.3000000000002,0.0,879.0,683.8,231.9,14.14,15.07,26.5,112.48,74.85,3691.9,63.31,0.0,Diversified Prescribers
1000000714,NY,Internal Medicine,5176.599999999999,4435.0,1973081.4899999995,16,7,0.0134,1775.0,643.3,1127.1,425.20000000000005,0.0,405.3,679.4,121.3,21.77,7.83,8.21,-22.59,-27.81,2600.8999999999996,50.24,3.0,Low-Volume / Low-Growth Prescribers
1000000721,PA,Internal Medicine,5611.699999999999,4785.0,2873690.36,16,8,0.0146,618.7,133.5,1287.0,1380.2999999999997,26.8,1111.6,842.6,211.2,22.93,19.81,24.6,150.56,777.3,3912.3999999999996,69.72,0.0,Diversified Prescribers
1000000724,NY,Family Practice,662.9000000000001,578.0,356787.92000000004,14,8,0.0017,94.3,121.69999999999999,179.5,165.0,1.2,32.5,21.2,47.5,27.08,4.9,24.89,-11.7,5.81,498.7,75.23,3.0,Low-Volume / Low-Growth Prescribers
1000000727,MA,Family Practice,1025.8000000000002,882.0,542369.48,14,6,0.0027,0.0,84.0,268.29999999999995,301.2,0.0,125.89999999999999,220.2,26.200000000000003,26.16,12.27,29.36,87.98,74.75,779.3999999999999,75.98,3.0,Low-Volume / Low-Growth Prescribers
1000000728,TX,Internal Medicine,1067.8,923.0,440614.96,17,7,0.0028,190.7,154.89999999999998,175.70000000000002,164.7,0.0,141.7,221.2,18.9,16.45,13.27,15.42,-76.69,-66.62,637.0,59.66,3.0,Low-Volume / Low-Growth Prescribers
1000000737,NC,Family Practice,896.0,780.0,467856.05999999994,15,7,0.0023,118.8,88.10000000000001,245.4,77.2,0.0,219.6,137.0,9.9,27.39,24.51,8.62,4.43,-20.31,630.3000000000001,70.35,3.0,Low-Volume / Low-Growth Prescribers
1000000741,NY,Internal Medicine,930.1,812.0,426388.10000000003,14,7,0.0024,98.4,102.69999999999999,165.5,274.7,0.0,121.1,107.60000000000001,60.1,17.79,13.02,29.53,-73.09,-77.5,664.0,71.39,3.0,Low-Volume / Low-Growth Prescribers
1000000752,GA,Family Practice,4529.0,3981.0,2581424.2199999997,16,5,0.0118,0.0,344.3,1019.0,1359.3000000000002,0.0,970.3000000000001,836.1,0.0,22.5,21.42,30.01,8.82,8206.45,3692.9000000000005,81.54,0.0,Diversified Prescribers
1000000760,TX,Endocrinology,37394.00000000001,32865.0,19376837.0,21,8,0.0971,6559.900000000001,4224.7,8207.0,8070.599999999999,82.4,7056.1,2735.5,457.8,21.95,18.87,21.58,41.9,124.57,27558.399999999998,73.7,1.0,High-Volume Core Prescribers
1000000761,TN,Internal Medicine,829.4,734.0,359924.2700000001,17,7,0.0022,81.5,59.400000000000006,100.60000000000001,365.4,0.0,94.6,99.1,28.8,12.13,11.41,44.06,-10.12,109.68,620.0,74.75,3.0,Low-Volume / Low-Growth Prescribers
1000000771,CA,Nurse Practitioner,941.5,834.0,476661.11,14,5,0.0024,0.0,56.9,107.3,237.59999999999997,0.0,355.70000000000005,184.0,0.0,11.4,37.78,25.24,19.98,2.21,757.5,80.46,3.0,Low-Volume / Low-Growth Prescribers
1000000773,AZ,Internal Medicine,3283.5000000000005,2881.0,2009996.0099999998,14,7,0.0085,0.0,171.3,969.0999999999999,693.2,25.9,843.1,372.7,208.2,29.51,25.68,21.11,38.38,2081.62,2676.7,81.52,3.0,Low-Volume / Low-Growth Prescribers
1000000791,TX,Family Practice,3782.1000000000004,3336.0,1256948.9700000002,16,8,0.0098,1191.1,399.59999999999997,496.9,906.8,7.8,280.0,387.1,112.8,13.14,7.4,23.98,92.38,-75.29,2083.3,55.08,3.0,Low-Volume / Low-Growth Prescribers
1000000807,NY,Physician Assistant,3464.6,3008.0,2044344.44,17,6,0.009,370.5,426.0,1034.6,758.5,0.0,614.4000000000001,260.6,0.0,29.86,17.73,21.89,3589.42,16.98,2833.5,81.78,0.0,Diversified Prescribers
1000000813,VA,Physician Assistant,18184.5,15806.0,9511952.419999998,19,8,0.0472,1308.0,1840.6,3520.0,4207.6,140.60000000000002,4745.9,2163.1,258.7,19.36,26.1,23.14,-93.8,-90.08,14314.1,78.72,0.0,Diversified Prescribers
1000000814,PA,Nurse Practitioner,49611.5,43947.0,21092037.099999994,16,6,0.1289,12595.2,4269.5,8801.1,18217.2,0.0,2455.0,3273.5,0.0,17.74,4.95,36.72,-62.72,-65.46,33742.8,68.01,1.0,High-Volume Core Prescribers
1000000822,NY,Internal Medicine,3733.8,3268.0,1651834.58,18,7,0.0097,564.0,386.40000000000003,406.2,1095.0,11.0,826.3,444.9,0.0,10.88,22.13,29.33,-43.22,2.48,2713.9,72.68,0.0,Diversified Prescribers
1000000842,CA,Endocrinology,2692.1000000000004,2341.0,1705411.29,21,8,0.007,297.70000000000005,167.2,977.3000000000002,346.40000000000003,5.6,646.8,211.3,39.8,36.3,24.03,12.87,52.39,220.65,2137.7000000000003,79.41,0.0,Diversified Prescribers
1000000848,PA,Internal Medicine,4824.000000000001,4100.0,2202964.5700000003,18,7,0.0125,947.7,592.5,874.2,1434.9,0.0,506.59999999999997,395.0,73.1,18.12,10.5,29.75,-81.77,-1.52,3408.2,70.65,0.0,Diversified Prescribers
1000000866,OH,Endocrinology,11319.599999999999,9782.0,6217884.2,22,8,0.0294,2080.2000000000003,749.0,2761.3,1845.0,71.69999999999999,3266.0,390.6,155.8,24.39,28.85,16.3,26.01,128.92,8621.3,76.16,0.0,Diversified Prescribers
1000000873,AZ,Internal Medicine,844.4000000000003,724.0,331529.27,16,8,0.0022,235.9,18.5,160.8,204.8,2.2,91.3,87.7,43.2,19.04,10.81,24.25,-81.39,-42.55,475.40000000000003,56.3,3.0,Low-Volume / Low-Growth Prescribers
1000000909,IL,Internal Medicine,689.1999999999999,593.0,445988.93000000005,14,6,0.0018,0.0,77.1,258.0,143.7,0.0,112.30000000000001,79.5,18.6,37.43,16.29,20.85,-30.41,106.41,591.0999999999999,85.77,3.0,Low-Volume / Low-Growth Prescribers
1000000920,TX,Nurse Practitioner,783.8,670.0,365880.98000000004,13,6,0.002,81.3,78.9,62.7,206.9,0.0,266.0,88.0,0.0,8.0,33.94,26.4,93.14,45.79,614.5,78.4,3.0,Low-Volume / Low-Growth Prescribers
1000000927,TX,Internal Medicine,33747.6,29389.0,16749162.439999998,17,8,0.0877,4242.3,1149.7,6868.4,10540.7,216.3,6090.7,4117.4,522.1,20.35,18.05,31.23,-73.58,5.09,24649.5,73.04,1.0,High-Volume Core Prescribers
1000000936,TX,Endocrinology,12321.699999999999,10702.0,6656724.68,19,7,0.032,2497.6,349.2,3426.6000000000004,1511.6999999999998,19.200000000000003,3459.8,1057.6,0.0,27.81,28.08,12.27,42.42,85.96,8747.3,70.99,0.0,Diversified Prescribers
1000000946,FL,Endocrinology,2377.9,2065.0,1040583.9799999997,20,8,0.0062,573.7,90.3,378.70000000000005,295.8,2.5,724.6,272.0,40.3,15.93,30.47,12.44,-6.5,124.99,1489.4,62.64,0.0,Diversified Prescribers
1000000960,AZ,Endocrinology,12172.5,10671.0,7688865.49,20,7,0.0316,494.6,747.0999999999999,3298.5999999999995,2330.5,0.0,4338.400000000001,756.9,206.39999999999998,27.1,35.64,19.15,40.89,114.37,10714.6,88.02,0.0,Diversified Prescribers
1000000968,TN,Family Practice,3504.9000000000005,3029.0,1471410.66,15,7,0.0091,660.2,229.0,277.0,1148.3999999999999,0.0,911.4000000000001,120.5,158.4,7.9,26.0,32.77,-19.98,72.28,2565.8,73.21,3.0,Low-Volume / Low-Growth Prescribers
1000000977,GA,Endocrinology,39591.5,33860.0,21351155.66,19,8,0.1029,8099.9,268.6,11928.3,5453.2,237.2,10072.5,3319.8,212.0,30.13,25.44,13.77,100.65,225.89,27722.6,70.02,1.0,High-Volume Core Prescribers
1000000983,GA,Endocrinology,39934.6,34338.0,18817744.569999997,22,8,0.1037,8141.299999999999,1917.8000000000002,5895.5,7215.000000000001,106.5,13872.1,2115.3,671.0999999999999,14.76,34.74,18.07,100.51,-36.15,28900.399999999998,72.37,1.0,High-Volume Core Prescribers
1000000997,MA,Endocrinology,42245.399999999994,36419.0,24255955.410000004,20,8,0.1097,6666.1,2037.4,14082.9,7849.5,94.8,7968.8,3015.0,530.9,33.34,18.86,18.58,114.74,512.28,31938.600000000002,75.6,1.0,High-Volume Core Prescribers
1000000998,IL,Physician Assistant,1055.2,914.0,427157.53,15,7,0.0027,251.3,23.5,131.0,366.2,0.0,169.0,100.0,14.2,12.41,16.02,34.7,-46.39,64.0,689.7,65.36,3.0,Low-Volume / Low-Growth Prescribers
1000001004,FL,Family Practice,4969.299999999999,4247.0,2618551.4300000006,17,7,0.0129,1371.7,550.9000000000001,1286.6,553.5999999999999,60.4,986.3000000000002,0.0,159.8,25.89,19.85,11.14,21.64,317.0,3377.4,67.97,0.0,Diversified Prescribers
1000001011,IN,Cardiology,4685.700000000001,4044.0,2158832.0100000002,17,8,0.0122,1174.8,135.2,817.2,880.8,30.1,1273.6,156.4,217.6,17.44,27.18,18.8,-10.98,-13.29,3106.8,66.3,0.0,Diversified Prescribers
1000001012,MA,Physician Assistant,17116.800000000003,14865.0,6834641.780000001,17,8,0.0445,3102.0,2051.0,2702.2,3203.1000000000004,104.0,2233.5,3490.8,230.2,15.79,13.05,18.71,-51.56,-19.76,10189.8,59.53,0.0,Diversified Prescribers
1000001017,MI,Family Practice,970.3,852.0,450337.25,15,7,0.0025,181.5,76.5,184.0,178.3,0.0,213.0,125.19999999999999,11.8,18.96,21.95,18.38,312.72,172.45,651.8,67.18,3.0,Low-Volume / Low-Growth Prescribers
1000001033,AZ,Endocrinology,34532.29999999999,29726.0,19269373.13,20,8,0.0897,3933.4,3185.1000000000004,9951.0,7561.5,167.8,6712.6,2764.2999999999997,256.6,28.82,19.44,21.9,-14.19,-29.48,27410.199999999997,79.38,1.0,High-Volume Core Prescribers
1000001047,CA,Endocrinology,1803.8000000000004,1568.0,1044797.16,17,7,0.0047,0.0,196.39999999999998,401.70000000000005,345.9,1.2,580.3,230.29999999999998,47.99999999999999,22.27,32.17,19.18,-55.11,-34.5,1524.3000000000002,84.5,0.0,Diversified Prescribers
1000001048,TX,Nurse Practitioner,9947.0,8599.0,3243480.8,14,7,0.0258,2361.9,184.6,598.9,3309.2,102.30000000000001,1779.8,1610.3000000000002,0.0,6.02,17.89,33.27,112.82,11.44,5872.5,59.04,0.0,Diversified Prescribers
1000001050,FL,Nurse Practitioner,8279.2,7308.0,4841625.81,16,7,0.0215,0.0,694.8000000000001,2144.7000000000003,3059.3,91.69999999999999,1301.5,571.6,415.6,25.9,15.72,36.95,-63.09,9.25,7200.3,86.97,0.0,Diversified Prescribers
1000001052,IN,Physician Assistant,12411.9,11163.0,6586344.889999999,16,6,0.0322,0.0,1576.4,1368.9,3344.7,110.0,4751.4,1260.5,0.0,11.03,38.28,26.95,0.92,-8.08,11041.399999999998,88.96,0.0,Diversified Prescribers
1000001053,OH,Family Practice,4895.000000000001,4289.0,2478865.0,14,7,0.0127,1008.0999999999999,485.1,1146.3,1368.1,13.6,495.8,378.0,0.0,23.42,10.13,27.95,-38.36,128.72,3495.2999999999997,71.41,3.0,Low-Volume / Low-Growth Prescribers
1000001069,VA,Internal Medicine,17831.8,15384.0,8921673.75,15,7,0.0463,3789.9,1157.6999999999998,4550.700000000001,2326.0,80.5,3728.0,2199.0,0.0,25.52,20.91,13.04,221.95,767.7,11762.400000000001,65.96,0.0,Diversified Prescribers
1000001071,CA,Internal Medicine,14448.2,12362.0,6076295.470000001,16,7,0.0375,0.0,614.7,1215.5,5237.0,80.6,3731.5,3239.4,329.5,8.41,25.83,36.25,-6.07,-0.54,10798.7,74.74,0.0,Diversified Prescribers
1000001079,NY,Physician Assistant,42705.899999999994,36454.0,21894538.880000003,19,8,0.1109,8242.9,2460.2,9999.1,7144.6,378.6,10762.9,3318.0,399.6,23.41,25.2,16.73,-45.36,-8.07,30366.800000000003,71.11,1.0,High-Volume Core Prescribers
1000001086,NY,Family Practice,5213.5,4494.0,3532119.96,16,7,0.0135,0.0,359.20000000000005,2182.5,1039.5,20.8,872.3,676.2,63.0,41.86,16.73,19.94,-17.78,252.89,4453.5,85.42,0.0,Diversified Prescribers
1000001092,CA,Family Practice,877.7999999999997,747.0,441240.2,15,6,0.0023,135.8,44.3,191.2,247.4,0.0,178.90000000000003,80.2,0.0,21.78,20.38,28.18,-92.81,-58.49,661.8000000000001,75.39,3.0,Low-Volume / Low-Growth Prescribers
1000001113,TX,Internal Medicine,6198.7,5418.0,2988811.69,20,8,0.0161,926.7,576.9,710.4,1819.6999999999998,17.4,1605.5,358.3,183.8,11.46,25.9,29.36,130.14,48.0,4712.5,76.02,0.0,Diversified Prescribers
1000001114,NY,Family Practice,756.1999999999999,659.0,353657.52,12,7,0.002,120.2,101.7,90.5,225.20000000000002,0.0,158.5,34.2,25.9,11.97,20.96,29.78,18.98,77.15,575.9,76.16,3.0,Low-Volume / Low-Growth Prescribers
1000001122,TN,Nurse Practitioner,17640.399999999998,15176.0,5167701.2,17,8,0.0458,6103.400000000001,1916.4,1734.2,3127.7999999999997,45.8,1184.6,3371.8999999999996,156.3,9.83,6.72,17.73,135.56,18.29,7963.0,45.14,0.0,Diversified Prescribers
1000001128,IL,Internal Medicine,4656.9,4016.0,1735037.3099999998,19,8,0.0121,1215.0,259.7,661.7,1458.3000000000002,17.4,427.3,548.2,69.3,14.21,9.18,31.31,208.93,7.57,2807.0,60.28,0.0,Diversified Prescribers
1000001153,FL,Family Practice,1037.1000000000001,900.0,541477.28,14,6,0.0027,0.0,124.5,159.2,344.0,0.0,251.7,108.9,48.800000000000004,15.35,24.27,33.17,-55.04,-35.31,879.4,84.79,3.0,Low-Volume / Low-Growth Prescribers
1000001204,IN,Internal Medicine,908.5,788.0,367481.48,15,7,0.0024,183.7,111.69999999999999,136.1,219.1,1.2,133.8,122.89999999999999,0.0,14.98,14.73,24.12,137.67,-33.36,600.6999999999999,66.12,3.0,Low-Volume / Low-Growth Prescribers
1000001222,AZ,Internal Medicine,36309.799999999996,31408.0,14461059.969999999,18,8,0.0943,8381.900000000001,1926.5,2404.3,7626.500000000001,199.3,11828.4,2658.3,1284.6,6.62,32.58,21.0,257.7,-27.98,23785.7,65.51,1.0,High-Volume Core Prescribers
1000001231,FL,Internal Medicine,1051.0,913.0,384071.5800000001,15,8,0.0027,276.4,44.6,120.5,309.29999999999995,2.3,124.30000000000001,155.5,18.1,11.47,11.83,29.43,-58.37,16.06,598.7,56.96,3.0,Low-Volume / Low-Growth Prescribers
1000001243,VA,Nurse Practitioner,699.8,616.0,449472.78,14,6,0.0018,0.0,57.0,255.39999999999998,110.0,0.0,159.5,97.7,20.2,36.5,22.79,15.72,228.78,16.98,581.9,83.15,3.0,Low-Volume / Low-Growth Prescribers
1000001245,GA,Family Practice,52195.59999999999,45256.0,26112659.080000006,19,8,0.1356,11794.8,842.3,13078.0,15886.5,156.7,6720.799999999999,3086.4,630.1,25.06,12.88,30.44,-26.57,18.49,36527.6,69.98,1.0,High-Volume Core Prescribers
1000001261,IN,Family Practice,5671.3,4945.0,3672593.6300000004,17,6,0.0147,0.0,605.1,1543.4,1713.0,12.9,1370.3000000000002,426.6,0.0,27.21,24.16,30.2,34.02,405.84,5231.8,92.25,0.0,Diversified Prescribers
1000001269,IN,Internal Medicine,3900.8999999999996,3432.0,1547068.0500000003,15,7,0.0101,452.4,273.3,260.5,1154.3,0.0,938.4000000000001,716.9000000000001,105.1,6.68,24.06,29.59,31.69,51.52,2626.5,67.33,3.0,Low-Volume / Low-Growth Prescribers
1000001277,TX,Cardiology,17502.3,15115.0,6354125.569999999,17,7,0.0455,5632.4,1603.0,2128.7,2907.5,68.4,3387.9,1774.4,0.0,12.16,19.36,16.61,177.24,-44.82,10027.1,57.29,0.0,Diversified Prescribers
1000001286,FL,Endocrinology,7968.300000000001,6937.0,4481945.88,16,7,0.0207,1446.9,702.5,2406.5,913.8000000000001,0.0,2150.3999999999996,201.8,146.4,30.2,26.99,11.47,13.35,12.35,6173.2,77.47,0.0,Diversified Prescribers
1000001317,OH,Family Practice,1248.0,1109.0,624742.24,18,8,0.0032,267.2,47.3,285.8,254.3,5.6,270.0,101.0,16.8,22.9,21.63,20.38,219.61,54.41,857.3999999999999,68.7,3.0,Low-Volume / Low-Growth Prescribers
1000001345,TX,Internal Medicine,4936.599999999999,4346.0,2098268.47,14,7,0.0128,1066.1,674.8,755.5999999999999,1037.3,0.0,784.6,438.7,179.5,15.31,15.89,21.01,19.36,-13.44,3252.3,65.88,3.0,Low-Volume / Low-Growth Prescribers
1000001347,MI,Internal Medicine,14422.5,12591.0,7892665.119999999,15,8,0.0375,1830.9,981.5,3805.9,3163.0,175.0,2416.7,1394.7,654.8000000000001,26.39,16.76,21.93,387.04,631.22,10367.1,71.88,0.0,Diversified Prescribers
1000001351,VA,Family Practice,3663.7,3167.0,2365965.1500000004,16,6,0.0095,0.0,306.1,1236.1,1267.5,0.0,417.40000000000003,372.0,64.6,33.74,11.39,34.6,70.35,662.92,3227.1,88.08,0.0,Diversified Prescribers
1000001360,PA,Nurse Practitioner,14091.199999999997,12182.0,5996679.75,19,8,0.0366,3614.1,467.79999999999995,2719.5,2956.1000000000004,76.2,2498.4,1404.1,355.0,19.3,17.73,20.98,-97.52,-97.46,8641.8,61.33,0.0,Diversified Prescribers
1000001366,MI,Family Practice,13083.2,11256.0,7333545.550000001,15,7,0.034,0.0,2067.7000000000003,2730.5,3643.5000000000005,81.8,2813.0,1466.9,279.8,20.87,21.5,27.85,60.97,3.15,11254.7,86.02,0.0,Diversified Prescribers
1000001367,TX,Nurse Practitioner,960.2,823.0,437344.87,15,7,0.0025,253.39999999999998,67.19999999999999,245.8,121.6,0.0,130.7,85.5,56.0,25.6,13.61,12.66,2598.37,89.55,565.3,58.87,3.0,Low-Volume / Low-Growth Prescribers
1000001370,TX,Cardiology,954.0,826.0,487945.09,17,7,0.0025,0.0,50.1,149.9,196.6,1.2,327.79999999999995,209.7,18.7,15.71,34.36,20.61,-8.02,244.13,724.4,75.93,3.0,Low-Volume / Low-Growth Prescribers
1000001376,MA,Internal Medicine,1151.0,1010.0,514583.26,16,8,0.003,207.1,112.6,258.4,254.6,1.1,91.7,211.0,14.5,22.45,7.97,22.12,119.42,105.59,717.3,62.32,3.0,Low-Volume / Low-Growth Prescribers
1000001384,PA,Family Practice,16522.199999999997,14500.0,8704956.309999999,18,8,0.0429,2249.9,956.3,4289.700000000001,2486.5999999999995,56.5,4223.7,2042.5,217.0,25.96,25.56,15.05,-34.0,32.67,11956.3,72.37,0.0,Diversified Prescribers
1000001390,GA,Internal Medicine,16246.400000000001,14135.0,9289350.57,20,8,0.0422,2005.0,1779.0,4229.4,2181.8,109.39999999999999,4416.900000000001,1284.1,240.8,26.03,27.19,13.43,181.01,365.34,12607.099999999999,77.6,0.0,Diversified Prescribers
1000001417,NC,Endocrinology,2422.6999999999994,2091.0,1540182.3,18,7,0.0063,119.0,93.19999999999999,846.5999999999999,477.4,0.0,634.5,234.09999999999997,17.9,34.94,26.19,19.71,-1.73,142.29,2051.7,84.69,0.0,Diversified Prescribers
1000001429,MA,Nurse Practitioner,8498.0,7317.0,3095378.0100000002,16,8,0.0221,1923.6,973.2,629.9,1797.2,79.2,1738.8,895.2,460.9,7.41,20.46,21.15,-75.38,-6.03,5139.099999999999,60.47,0.0,Diversified Prescribers
1000001437,TX,Family Practice,4256.8,3756.0,2021230.6200000003,17,7,0.0111,0.0,1000.1000000000001,715.0,1458.0,19.8,108.30000000000001,791.0999999999999,164.5,16.8,2.54,34.25,-49.35,16.94,3281.4,77.09,0.0,Diversified Prescribers
1000001441,TX,Endocrinology,35757.200000000004,31251.0,17997555.32,22,8,0.0929,7147.0,2940.7,8753.2,5966.6,138.5,8174.6,1910.6,726.0,24.48,22.86,16.69,-6.59,-11.06,25835.100000000006,72.25,1.0,High-Volume Core Prescribers
1000001452,AZ,Nurse Practitioner,18264.9,15943.0,6819742.020000001,19,8,0.0474,3997.5,814.7,1594.5000000000002,5942.5,98.8,3169.0,2433.9,214.0,8.73,17.35,32.54,142.32,63.29,11520.7,63.08,0.0,Diversified Prescribers
1000001456,FL,Family Practice,878.1,748.0,349104.74,11,6,0.0023,295.7,75.4,206.3,64.0,0.0,77.3,159.39999999999998,0.0,23.49,8.8,7.29,50.0,61.3,423.0,48.17,3.0,Low-Volume / Low-Growth Prescribers
1000001460,NY,Internal Medicine,3318.1999999999994,2982.0,1095865.1900000002,15,7,0.0086,618.7,321.7,0.0,784.9000000000001,28.3,866.1,560.6,137.9,0.0,26.1,23.65,15.96,80.77,1972.7,59.45,3.0,Low-Volume / Low-Growth Prescribers
1000001468,IN,Nurse Practitioner,21719.999999999996,18814.0,9722066.910000002,18,8,0.0564,3778.1000000000004,1070.4,4703.1,6353.2,79.30000000000001,1972.9,3276.3,486.7,21.65,9.08,29.25,-51.19,-33.09,14099.599999999999,64.92,0.0,Diversified Prescribers
1000001469,TN,Family Practice,4004.0999999999995,3483.0,1725758.1700000002,17,7,0.0104,0.0,573.7,656.4000000000001,550.7,13.2,758.5000000000001,1397.0,54.6,16.39,18.94,13.75,-53.0,100.54,2539.3,63.42,0.0,Diversified Prescribers
1000001470,AZ,Family Practice,4262.5,3693.0,1784523.5499999998,13,7,0.0111,1063.8,127.8,838.3,628.5,0.0,818.4000000000001,678.3000000000001,107.4,19.67,19.2,14.74,-25.09,224.83,2413.0,56.61,3.0,Low-Volume / Low-Growth Prescribers
1000001472,AZ,Nurse Practitioner,11482.6,10102.0,6461837.56,17,7,0.0298,0.0,1015.1,3514.8,5148.6,39.8,198.2,1417.5,148.6,30.61,1.73,44.84,1153.87,57.39,9876.7,86.01,0.0,Diversified Prescribers
1000001474,FL,Internal Medicine,5497.199999999999,4741.0,3026047.33,18,8,0.0143,450.2,488.0,1685.1999999999998,682.2,10.5,1017.2,1083.6,80.3,30.66,18.5,12.41,22.87,94.21,3872.5999999999995,70.45,0.0,Diversified Prescribers
1000001488,NC,Internal Medicine,5052.8,4418.0,2330711.1799999997,19,7,0.0131,528.1,311.6,1147.3,801.4000000000001,0.0,993.7,1090.9,179.8,22.71,19.67,15.86,-59.14,79.89,3254.0,64.4,0.0,Diversified Prescribers
1000001506,IL,Family Practice,3885.3999999999996,3363.0,1499887.51,16,8,0.0101,823.4,522.6,609.4000000000001,808.2,17.7,341.6,650.5999999999999,111.9,15.68,8.79,20.8,145.21,43.18,2281.8,58.73,3.0,Low-Volume / Low-Growth Prescribers
1000001531,FL,Family Practice,16527.6,14245.0,11277341.23,16,8,0.0429,2061.9,1334.5,7502.000000000001,1790.8,42.8,2857.5,520.0,418.1,45.39,17.29,10.84,66.11,526.22,13484.8,81.59,0.0,Diversified Prescribers
1000001535,TX,Endocrinology,11572.3,10152.0,7347836.210000001,19,8,0.0301,1162.1,757.0,4562.3,1382.1,14.0,2363.0,1184.6000000000001,147.2,39.42,20.42,11.94,34.9,71.14,9064.4,78.33,0.0,Diversified Prescribers
1000001545,MI,Internal Medicine,4597.0,3916.0,1171380.3299999998,15,8,0.0119,1279.5,179.9,439.5,1137.8,9.6,95.4,1306.0,149.3,9.56,2.08,24.75,-77.25,-83.0,1852.6,40.3,3.0,Low-Volume / Low-Growth Prescribers
1000001546,CA,Family Practice,31300.599999999995,27712.0,15027630.849999996,16,8,0.0813,5015.2,2588.7,8301.900000000001,9964.400000000001,263.8,1101.5,3060.4,1004.7,26.52,3.52,31.83,-17.96,-37.62,21956.500000000004,70.15,1.0,High-Volume Core Prescribers
1000001571,FL,Endocrinology,44568.7,39083.0,26552626.800000004,21,8,0.1158,1528.2,3322.3,12427.099999999999,7379.1,185.6,14151.800000000001,5180.599999999999,394.0,27.88,31.75,16.56,-21.74,240.67,37280.3,83.65,1.0,High-Volume Core Prescribers
1000001572,TX,Family Practice,878.8000000000002,762.0,515203.19,13,7,0.0023,95.8,29.6,304.1,295.9,0.0,55.9,64.1,33.4,34.6,6.36,33.67,-39.88,41.58,685.5,78.0,3.0,Low-Volume / Low-Growth Prescribers
1000001586,MI,Family Practice,1090.2,940.0,446817.25,13,5,0.0028,237.8,0.0,182.0,229.59999999999997,0.0,215.5,225.29999999999998,0.0,16.69,19.77,21.06,28.51,234.3,627.0999999999999,57.52,3.0,Low-Volume / Low-Growth Prescribers
1000001594,TX,Family Practice,14034.699999999999,12379.0,7349413.5,17,8,0.0365,1285.1,970.4000000000001,4688.1,2164.4,70.5,1944.5,2137.1,774.5999999999999,33.4,13.85,15.42,273.18,90.82,9767.4,69.59,0.0,Diversified Prescribers
1000001610,VA,Nurse Practitioner,4130.599999999999,3550.0,2024880.4699999997,17,7,0.0107,1115.0,301.5,974.0,782.0,0.0,724.9000000000001,170.7,62.5,23.58,17.55,18.93,75.86,27.31,2782.4,67.36,0.0,Diversified Prescribers
1000001616,NC,Nephrology,16515.300000000003,14064.0,6408848.36,17,8,0.0429,4406.1,584.4,3272.9,5136.5,219.8,275.29999999999995,2433.4,186.9,19.82,1.67,31.1,-82.04,-90.85,9269.099999999999,56.12,0.0,Diversified Prescribers
1000001618,FL,Internal Medicine,782.7,681.0,467935.29999999993,13,8,0.002,94.7,48.2,264.0,106.9,1.2,171.1,80.9,15.7,33.73,21.86,13.66,249.63,187.15,590.2,75.41,3.0,Low-Volume / Low-Growth Prescribers
1000001624,AZ,Endocrinology,83192.10000000002,72160.0,46965025.20999999,20,8,0.2161,12782.6,6581.8,25379.799999999996,12214.6,739.4000000000001,20719.699999999997,4290.8,483.4,30.51,24.91,14.68,-52.34,-24.37,64895.899999999994,78.01,1.0,High-Volume Core Prescribers
1000001625,AZ,Family Practice,3726.499999999999,3220.0,1521972.7799999996,16,8,0.0097,1011.8000000000001,514.5,334.5,403.6,14.1,1162.2000000000003,219.2,66.6,8.98,31.19,10.83,753.35,244.91,2414.8,64.8,0.0,Diversified Prescribers
1000001632,IL,Family Practice,1094.1,951.0,523545.87,17,7,0.0028,161.1,129.70000000000002,207.2,191.5,0.0,223.7,152.39999999999998,28.5,18.94,20.45,17.5,133.38,221.85,752.1,68.74,3.0,Low-Volume / Low-Growth Prescribers
1000001633,CA,Family Practice,1123.3,990.0,455698.14999999997,15,8,0.0029,223.0,105.4,77.6,365.6,1.2,238.3,99.19999999999999,13.0,6.91,21.21,32.55,-33.55,35.99,786.9,70.05,3.0,Low-Volume / Low-Growth Prescribers
1000001639,AZ,Physician Assistant,1142.6999999999996,974.0,364586.74000000005,15,7,0.003,403.4,77.6,92.4,173.60000000000002,0.0,223.5,122.39999999999999,49.8,8.09,19.56,15.19,-23.24,-15.61,567.1,49.63,3.0,Low-Volume / Low-Growth Prescribers
1000001661,FL,Internal Medicine,661.1000000000001,573.0,421879.57,10,7,0.0017,0.0,18.1,188.89999999999998,120.19999999999999,6.0,231.0,82.8,14.1,28.57,34.94,18.18,20.67,-3.79,558.2,84.44,3.0,Low-Volume / Low-Growth Prescribers
1000001662,TX,Nurse Practitioner,19451.1,16778.0,7711374.74,19,8,0.0505,5335.9,1012.5,2901.7,5842.0,105.2,2315.7000000000003,1454.0,484.1,14.92,11.91,30.03,-59.28,3.77,12071.9,62.06,0.0,Diversified Prescribers
1000001665,PA,Nurse Practitioner,611.3000000000001,538.0,208654.83000000005,11,7,0.0016,113.4,55.900000000000006,122.8,78.2,0.0,40.4,164.79999999999998,35.8,20.09,6.61,12.79,-28.33,-94.17,297.3,48.63,3.0,Low-Volume / Low-Growth Prescribers
1000001672,CA,Nurse Practitioner,633.4000000000001,559.0,218205.65999999997,12,7,0.0016,84.4,27.5,43.1,272.7,0.0,67.4,73.5,64.8,6.8,10.64,43.05,239.22,-62.78,410.7,64.84,3.0,Low-Volume / Low-Growth Prescribers
1000001687,FL,Internal Medicine,873.8,757.0,530749.44,16,8,0.0023,129.3,61.7,294.7,175.5,1.2,160.39999999999998,32.6,18.4,33.73,18.36,20.08,164.92,57.24,692.3,79.23,3.0,Low-Volume / Low-Growth Prescribers
1000001702,IN,Internal Medicine,723.5999999999999,623.0,394734.36,13,5,0.0019,0.0,101.2,143.4,200.2,0.0,202.6,76.2,0.0,19.82,28.0,27.67,-84.85,-93.4,647.4,89.47,3.0,Low-Volume / Low-Growth Prescribers
1000001717,NY,Family Practice,905.6,787.0,401398.07000000007,14,6,0.0024,0.0,107.19999999999999,56.599999999999994,215.9,0.0,296.7,211.10000000000002,18.1,6.25,32.76,23.84,1.07,49.45,676.4,74.69,3.0,Low-Volume / Low-Growth Prescribers
1000001727,VA,Nephrology,3929.4999999999995,3391.0,1706275.7899999998,15,7,0.0102,559.3,234.0,436.4,1014.5,0.0,1006.8999999999999,502.0,176.4,11.11,25.62,25.82,191.61,-32.37,2691.7999999999997,68.5,3.0,Low-Volume / Low-Growth Prescribers
1000001747,AZ,Internal Medicine,14207.599999999999,12382.0,5854160.540000002,19,8,0.0369,2130.4,1935.4,1807.1000000000001,3472.0,101.49999999999999,2074.0,2416.6000000000004,270.6,12.72,14.6,24.44,-66.2,-49.03,9288.5,65.38,0.0,Diversified Prescribers
1000001751,TX,Internal Medicine,2316.8999999999996,2025.0,937675.9399999998,15,8,0.006,550.9,199.29999999999998,483.4000000000001,666.6,13.2,122.9,179.9,100.7,20.86,5.3,28.77,-93.68,-87.83,1472.2,63.54,3.0,Low-Volume / Low-Growth Prescribers
1000001777,NY,Internal Medicine,3827.700000000001,3341.0,1664689.11,18,8,0.0099,393.4,185.60000000000002,450.2,1329.8000000000002,25.9,844.6,477.0,121.2,11.76,22.07,34.74,-83.9,-84.56,2810.2000000000003,73.42,0.0,Diversified Prescribers
1000001799,FL,Endocrinology,2452.1,2118.0,1458345.3099999998,19,8,0.0064,292.9,102.1,718.8,446.29999999999995,5.0,744.7,107.6,34.7,29.31,30.37,18.2,-88.94,-76.96,2011.8999999999999,82.05,0.0,Diversified Prescribers
1000001807,NY,Internal Medicine,1080.3999999999999,934.0,471428.18000000005,18,7,0.0028,216.2,47.599999999999994,117.8,336.3,0.0,263.5,83.4,15.6,10.9,24.39,31.13,11.47,21.83,765.2,70.83,3.0,Low-Volume / Low-Growth Prescribers
1000001820,OH,Internal Medicine,4267.1,3667.0,2060234.8699999999,17,7,0.0111,0.0,98.6,947.3,1365.3,15.3,584.2,1165.3999999999999,91.0,22.2,13.69,32.0,290.23,76.66,2995.3999999999996,70.2,0.0,Diversified Prescribers
1000001825,TX,Internal Medicine,3922.5999999999995,3385.0,1921183.41,12,5,0.0102,662.1,0.0,969.0,708.0,0.0,1028.2,555.3,0.0,24.7,26.21,18.05,-85.6,-72.96,2705.2,68.96,3.0,Low-Volume / Low-Growth Prescribers
1000001834,TX,Family Practice,4791.5,4158.0,2004779.6399999997,17,7,0.0124,1143.1,516.4,568.3,1837.1,46.1,499.1,0.0,181.4,11.86,10.42,38.34,-60.84,-82.57,3420.9,71.4,0.0,Diversified Prescribers
1000001836,TX,Endocrinology,15418.400000000001,13375.0,9180018.07,21,8,0.0401,1652.9,595.8,3871.4000000000005,2180.6,11.7,5897.299999999999,1137.5,71.2,25.11,38.25,14.14,103.18,238.59,12545.1,81.36,0.0,Diversified Prescribers
1000001849,GA,Family Practice,910.3,795.0,478259.36000000004,15,7,0.0024,89.1,91.8,267.1,98.7,0.0,161.1,166.5,36.0,29.34,17.7,10.84,-10.54,146.23,618.7,67.97,3.0,Low-Volume / Low-Growth Prescribers
1000001859,NC,Family Practice,4267.400000000001,3658.0,1996929.9999999998,18,8,0.0111,494.8,205.7,1026.4,608.0,12.3,861.3,987.6,71.3,24.05,20.18,14.25,75.08,-7.8,2701.4,63.3,0.0,Diversified Prescribers
1000001876,MI,Family Practice,4874.200000000001,4271.0,2475807.56,19,7,0.0127,657.2,408.4,1369.1999999999998,907.5,0.0,689.5,610.3,232.1,28.09,14.15,18.62,-4.79,1.79,3374.6,69.23,0.0,Diversified Prescribers
1000001883,TX,Family Practice,2458.5,2160.0,1092020.33,14,7,0.0064,430.2,416.8,412.4,685.3,24.5,275.5,213.8,0.0,16.77,11.21,27.87,102.58,0.88,1790.0,72.81,3.0,Low-Volume / Low-Growth Prescribers
1000001892,MI,Family Practice,15301.4,13452.0,8005187.0600000005,19,7,0.0398,3514.8,786.3,3469.5,3526.6000000000004,238.60000000000002,3228.7,536.9,0.0,22.67,21.1,23.05,-11.54,284.99,11011.1,71.96,0.0,Diversified Prescribers
1000001903,MA,Endocrinology,7525.8,6524.0,4764477.65,18,8,0.0196,621.2,708.4,2444.4000000000005,2429.5,12.1,1055.1,193.3,61.8,32.48,14.02,32.28,114.46,111.99,6637.400000000001,88.2,0.0,Diversified Prescribers
1000001907,FL,Internal Medicine,4958.0,4209.0,2215360.01,17,7,0.0129,1063.3,169.1,900.8,1508.1,12.5,847.5,456.7,0.0,18.17,17.09,30.42,-47.97,82.16,3425.5,69.09,0.0,Diversified Prescribers
1000001908,IL,Internal Medicine,14507.1,12425.0,4688089.35,16,8,0.0377,3957.7999999999997,1385.2,1544.9,3093.0,51.5,1445.3,1882.4,1147.0,10.65,9.96,21.32,-56.79,-8.71,7468.4,51.48,0.0,Diversified Prescribers
1000001911,FL,Nurse Practitioner,4740.2,4046.0,2256300.67,19,8,0.0123,489.0,233.89999999999998,812.0,1323.8000000000002,25.5,1095.6000000000001,676.5999999999999,83.8,17.13,23.11,27.93,-60.17,-11.28,3465.3,73.1,0.0,Diversified Prescribers
1000001917,IN,Family Practice,4148.299999999999,3567.0,1524407.93,16,7,0.0108,1272.4,276.3,741.8,619.4,0.0,537.4,587.1,113.9,17.88,12.95,14.93,241.46,171.5,2174.8999999999996,52.43,3.0,Low-Volume / Low-Growth Prescribers
1000001920,VA,Family Practice,4522.5,3960.0,2137793.2600000002,14,6,0.0117,700.8,310.7,261.7,970.2,0.0,1993.1,0.0,286.0,5.79,44.07,21.45,-29.58,130.35,3535.7,78.18,3.0,Low-Volume / Low-Growth Prescribers
1000001933,IL,Family Practice,14685.3,13013.0,5933963.599999999,19,8,0.0382,2880.6,2705.8,2437.6,3246.7,25.3,940.1,2268.3999999999996,180.8,16.6,6.4,22.11,14.97,18.8,9330.2,63.53,0.0,Diversified Prescribers
1000001939,IL,Endocrinology,2026.3000000000006,1778.0,1046296.7100000002,18,7,0.0053,290.4,226.3,545.2,441.20000000000005,0.0,304.5,189.39999999999998,29.299999999999997,26.91,15.03,21.77,-3.09,-17.15,1517.2,74.88,0.0,Diversified Prescribers
1000001952,NY,Family Practice,690.0,599.0,353997.38,18,8,0.0018,89.0,98.2,173.4,168.4,2.4,84.0,39.5,35.099999999999994,25.13,12.17,24.41,-35.46,-5.66,524.0,75.94,3.0,Low-Volume / Low-Growth Prescribers
1000001959,FL,Family Practice,10587.999999999998,9014.0,5354012.18,15,7,0.0275,1886.4,279.70000000000005,2718.2,2486.3,162.20000000000002,1868.7000000000003,1186.5,0.0,25.67,17.65,23.48,-72.36,-58.52,7352.9,69.45,0.0,Diversified Prescribers
1000001962,IN,Family Practice,4954.200000000001,4417.0,1909445.9100000001,18,8,0.0129,1055.3,468.5,621.3000000000001,1319.8,21.5,661.6,617.4000000000001,188.8,12.54,13.35,26.64,29.49,-4.79,3071.2,61.99,0.0,Diversified Prescribers
1000001971,TN,Family Practice,20250.8,17746.0,11926054.010000002,18,7,0.0526,0.0,2448.2,4770.799999999999,4988.2,138.6,4556.6,3095.6,252.8,23.56,22.5,24.63,61.84,83.05,16763.8,82.78,0.0,Diversified Prescribers
1000001981,PA,Family Practice,4435.4,3844.0,2646706.34,19,7,0.0115,0.0,489.4,998.3999999999999,1090.1,21.6,1305.1,478.90000000000003,51.9,22.51,29.42,24.58,169.61,780.52,3883.0,87.55,0.0,Diversified Prescribers
1000001984,TX,Endocrinology,2129.5,1854.0,1091610.21,19,8,0.0055,328.5,99.0,337.0,296.6,4.5,887.7,149.3,26.9,15.83,41.69,13.93,0.67,105.48,1620.3000000000002,76.09,0.0,Diversified Prescribers
1000001994,VA,Family Practice,10902.3,9407.0,5567412.170000001,17,6,0.0283,0.0,1280.8,1402.5,4022.7,113.3,2647.3999999999996,1435.6,0.0,12.86,24.28,36.9,-79.99,-77.73,9353.4,85.79,0.0,Diversified Prescribers
1000001996,NY,Physician Assistant,20735.9,17716.0,6036855.9,17,8,0.0539,6967.8,2082.0,2323.8,3422.0999999999995,181.5,1156.5,3750.2999999999997,851.9,11.21,5.58,16.5,-71.29,-55.02,8984.4,43.33,0.0,Diversified Prescribers
1000002002,PA,Nurse Practitioner,3399.8999999999996,2963.0,1760387.4900000002,14,7,0.0088,0.0,246.8,312.79999999999995,1089.9,7.1,1308.1,356.9,78.3,9.2,38.47,32.06,-69.8,10.61,2957.6,86.99,3.0,Low-Volume / Low-Growth Prescribers
1000002004,CA,Internal Medicine,782.7,690.0,368254.07999999996,14,7,0.002,72.5,73.2,188.2,94.1,0.0,141.8,177.79999999999998,35.1,24.04,18.12,12.02,-33.05,-54.84,497.29999999999995,63.54,3.0,Low-Volume / Low-Growth Prescribers
1000002013,AZ,Endocrinology,2766.9999999999995,2420.0,1750641.6799999995,20,7,0.0072,199.7,135.7,814.8,368.4,2.4,1015.6,230.39999999999998,0.0,29.45,36.7,13.31,-17.63,46.07,2334.5,84.37,0.0,Diversified Prescribers
1000002023,TX,Endocrinology,9349.8,8076.0,6273042.57,18,8,0.0243,522.1,596.6999999999999,3729.4,1105.2,11.7,2435.2,772.2,177.3,39.89,26.05,11.82,111.62,35.13,7866.5,84.14,0.0,Diversified Prescribers
1000002026,CA,Family Practice,772.9,675.0,422106.26,15,6,0.002,0.0,0.0,135.6,273.4,2.2,257.5,88.19999999999999,16.0,17.54,33.32,35.37,73.98,200.67,666.5,86.23,3.0,Low-Volume / Low-Growth Prescribers
1000002036,NC,Endocrinology,9507.100000000002,8206.0,5940567.1099999985,20,7,0.0247,0.0,774.0,3624.1000000000004,2267.0,45.3,1328.7,1144.6000000000001,323.4,38.12,13.98,23.85,434.4,84.24,7993.8,84.08,0.0,Diversified Prescribers
1000002037,MA,Endocrinology,2163.8,1887.0,1077471.2300000004,17,7,0.0056,259.5,93.60000000000001,421.4,367.09999999999997,0.0,703.1,268.8,50.3,19.47,32.49,16.97,-28.89,19.92,1585.1999999999998,73.26,0.0,Diversified Prescribers
1000002044,PA,Nurse Practitioner,501.5999999999999,439.0,239037.05,11,5,0.0013,0.0,0.0,76.5,310.4,1.2,36.8,76.69999999999999,0.0,15.25,7.34,61.88,-63.71,-54.27,423.7,84.47,3.0,Low-Volume / Low-Growth Prescribers
1000002045,CA,Family Practice,4950.399999999999,4338.0,1711663.8599999999,15,7,0.0129,1439.4,660.6999999999999,684.9000000000001,891.9999999999999,0.0,431.09999999999997,720.1,122.2,13.84,8.71,18.02,-61.89,-65.21,2668.7,53.91,3.0,Low-Volume / Low-Growth Prescribers
1000002051,IL,Internal Medicine,693.9,612.0,227677.64,12,7,0.0018,185.7,98.69999999999999,43.400000000000006,94.6,0.0,147.39999999999998,88.6,35.5,6.25,21.24,13.63,299.4,-72.15,384.1,55.35,3.0,Low-Volume / Low-Growth Prescribers
1000002053,CA,Physician Assistant,20049.4,17623.0,8327414.39,19,8,0.0521,3883.8999999999996,1874.3,2436.6000000000004,3993.2,115.69999999999999,4511.799999999999,2623.7999999999997,610.1,12.15,22.5,19.92,50.91,111.43,12815.899999999998,63.92,0.0,Diversified Prescribers
1000002059,VA,Internal Medicine,6065.9,5360.0,2068923.8,17,7,0.0158,2155.1000000000004,111.0,668.5,1696.3,43.300000000000004,877.5,514.2,0.0,11.02,14.47,27.96,18.17,-32.55,3353.3,55.28,0.0,Diversified Prescribers
1000002061,FL,Internal Medicine,747.4,646.0,379611.95,14,7,0.0019,140.8,117.19999999999999,135.8,107.8,1.1,168.3,76.4,0.0,18.17,22.52,14.42,682.22,558.82,529.1,70.79,3.0,Low-Volume / Low-Growth Prescribers
1000002064,TX,Endocrinology,2027.8,1743.0,1357271.44,18,8,0.0053,187.3,196.39999999999998,810.3,270.09999999999997,2.4,462.79999999999995,79.7,18.8,39.96,22.82,13.32,55.5,624.23,1739.6,85.79,0.0,Diversified Prescribers
1000002074,CA,Nurse Practitioner,1417.6,1231.0,541946.71,15,6,0.0037,266.2,89.9,83.7,292.79999999999995,0.0,424.79999999999995,260.2,0.0,5.9,29.97,20.65,48.75,53.06,891.1999999999999,62.87,3.0,Low-Volume / Low-Growth Prescribers
1000002075,GA,Nurse Practitioner,3418.6000000000004,2913.0,2010324.2600000002,13,6,0.0089,0.0,363.3,1070.3,973.7,0.0,459.70000000000005,363.6,188.0,31.31,13.45,28.48,1320.51,43.51,2867.0,83.86,3.0,Low-Volume / Low-Growth Prescribers
1000002076,IN,Internal Medicine,4559.7,3915.0,1406055.3699999999,15,7,0.0118,2110.0,264.5,712.2,1018.4000000000001,15.4,0.0,332.29999999999995,106.9,15.62,0.0,22.33,98.16,161.33,1995.1000000000001,43.76,3.0,Low-Volume / Low-Growth Prescribers
1000002094,MI,Internal Medicine,4268.1,3716.0,1571420.37,18,8,0.0111,694.0,575.8,595.3,1015.9000000000001,20.3,313.6,779.9,273.3,13.95,7.35,23.8,332.86,115.86,2500.6,58.59,0.0,Diversified Prescribers
1000002111,MI,Internal Medicine,960.5,828.0,565912.8,17,8,0.0025,93.1,23.1,288.3,262.8,2.5,194.3,79.0,17.4,30.02,20.23,27.36,323.18,230.41,768.5,80.01,3.0,Low-Volume / Low-Growth Prescribers
1000002117,NY,Family Practice,4122.5,3594.0,2017417.08,16,7,0.0107,447.8,491.0,403.79999999999995,618.5,0.0,1695.4,380.4,85.6,9.8,41.13,15.0,-24.24,19.45,3208.7,77.83,0.0,Diversified Prescribers
1000002122,PA,Physician Assistant,708.0999999999999,631.0,311940.66000000003,12,7,0.0018,75.5,29.2,93.9,155.1,0.0,182.10000000000002,153.2,19.1,13.26,25.72,21.9,-30.77,112.83,460.29999999999995,65.0,3.0,Low-Volume / Low-Growth Prescribers
1000002125,TX,Family Practice,4636.1,4125.0,2231430.07,14,7,0.012,1504.4,0.0,1361.5,663.1,19.7,588.2,348.1,151.1,29.37,12.69,14.3,-7.14,129.89,2612.8,56.36,3.0,Low-Volume / Low-Growth Prescribers
1000002127,GA,Endocrinology,1878.2000000000007,1624.0,1104143.5500000003,19,8,0.0049,227.2,99.6,535.5,337.5,3.4,571.9000000000001,72.19999999999999,30.9,28.51,30.45,17.97,75.99,88.78,1544.5,82.23,0.0,Diversified Prescribers
1000002134,NC,Family Practice,4479.4,3877.0,2228960.18,19,8,0.0116,691.8,705.3,993.7,602.3,11.7,867.8,528.2,78.6,22.18,19.37,13.45,-16.25,190.21,3169.1000000000004,70.75,0.0,Diversified Prescribers
1000002135,FL,Nurse Practitioner,863.3,743.0,490200.36999999994,15,6,0.0022,0.0,107.8,182.8,167.1,4.8,266.7,134.1,0.0,21.17,30.89,19.36,-12.52,61.12,724.4,83.91,3.0,Low-Volume / Low-Growth Prescribers
1000002145,NY,Family Practice,4854.099999999999,4130.0,1874411.0799999996,17,8,0.0126,1152.9,17.0,520.4,1431.8999999999999,24.4,1056.3,571.5999999999999,79.6,10.72,21.76,29.5,-23.04,22.11,3025.5999999999995,62.33,0.0,Diversified Prescribers
1000002158,CA,Internal Medicine,4942.5,4315.0,2483088.8800000004,18,7,0.0128,422.8,96.0,1068.0,748.1,0.0,1666.4,749.1999999999999,192.00000000000003,21.61,33.72,15.14,-2.67,117.86,3578.5,72.4,0.0,Diversified Prescribers
1000002164,MA,Internal Medicine,595.3,532.0,245015.16,15,7,0.0015,100.7,124.7,111.0,133.89999999999998,2.2,0.0,110.80000000000001,12.0,18.65,0.0,22.49,-64.78,50.56,369.59999999999997,62.09,3.0,Low-Volume / Low-Growth Prescribers
1000002165,MI,Cardiology,3993.2999999999997,3504.0,1911476.84,13,7,0.0104,1070.3,456.70000000000005,683.4000000000001,564.3,18.9,1044.4,155.3,0.0,17.11,26.15,14.13,3.47,640.1,2748.8,68.84,3.0,Low-Volume / Low-Growth Prescribers
1000002168,TX,Family Practice,4812.700000000001,4188.0,1830510.4900000002,17,7,0.0125,407.8,659.6,287.5,1373.4,19.5,918.7,1146.2,0.0,5.97,19.09,28.54,-3.45,-29.41,3239.2000000000003,67.31,0.0,Diversified Prescribers
1000002179,IL,Internal Medicine,840.9000000000002,730.0,347254.34,15,6,0.0022,232.7,44.3,166.4,234.09999999999997,0.0,71.9,91.5,0.0,19.79,8.55,27.84,-66.8,-72.04,516.7,61.45,3.0,Low-Volume / Low-Growth Prescribers
1000002185,CA,Physician Assistant,32005.999999999993,28051.0,17771427.9,18,7,0.0831,3442.9,2542.0,8550.0,12656.8,324.6,3211.8999999999996,1277.8,0.0,26.71,10.04,39.55,268.94,-50.32,26960.699999999997,84.24,1.0,High-Volume Core Prescribers
1000002189,CA,Family Practice,4286.300000000001,3699.0,2543125.3400000003,15,7,0.0111,0.0,137.1,1279.2,1166.3,12.8,939.3,678.7,72.9,29.84,21.91,27.21,-43.76,99.17,3521.8999999999996,82.17,0.0,Diversified Prescribers
1000002195,MI,Internal Medicine,916.3000000000001,795.0,471647.96,14,6,0.0024,124.9,0.0,303.9,168.5,0.0,141.0,165.2,12.8,33.17,15.39,18.39,-61.87,48.06,613.4,66.94,3.0,Low-Volume / Low-Growth Prescribers
1000002200,OH,Cardiology,788.9,665.0,351811.85,11,7,0.002,231.7,0.0,170.00000000000003,83.4,2.4,194.9,93.4,13.1,21.55,24.71,10.57,-52.49,-39.59,448.30000000000007,56.83,3.0,Low-Volume / Low-Growth Prescribers
1000002218,TX,Nurse Practitioner,3584.4,3131.0,1631658.8900000001,16,7,0.0093,0.0,500.9,227.7,1534.1000000000001,26.700000000000003,729.1,433.5,132.4,6.35,20.34,42.8,-60.35,-56.38,2991.8,83.47,0.0,Diversified Prescribers
1000002223,NY,Internal Medicine,18474.199999999997,16042.0,8273788.040000001,21,8,0.048,3310.5,2167.8,3787.7,3031.7,75.69999999999999,2651.1,2924.2,525.5,20.5,14.35,16.41,7.26,161.94,11638.3,63.0,0.0,Diversified Prescribers
1000002229,AZ,Internal Medicine,5119.200000000001,4500.0,2446472.8499999996,16,7,0.0133,1439.4,359.3,1318.2,674.4000000000001,33.9,1005.9,288.1,0.0,25.75,19.65,13.17,-15.31,-21.48,3357.8,65.59,0.0,Diversified Prescribers
1000002236,IN,Nurse Practitioner,4381.9,3761.0,2231232.6500000004,18,8,0.0114,510.6,477.0,857.3000000000001,1067.5,12.9,809.0,506.59999999999997,141.0,19.56,18.46,24.36,2844.42,191.33,3210.8,73.27,0.0,Diversified Prescribers
1000002240,TX,Family Practice,986.4999999999999,866.0,425542.56,16,7,0.0026,135.0,66.8,106.3,241.9,0.0,268.70000000000005,116.4,51.400000000000006,10.78,27.24,24.52,34.58,37.55,683.7,69.31,3.0,Low-Volume / Low-Growth Prescribers
1000002242,OH,Family Practice,814.5999999999999,702.0,462831.44,15,7,0.0021,101.0,17.3,296.1,195.70000000000002,7.0,82.69999999999999,114.8,0.0,36.35,10.15,24.02,4.53,65.79,591.8000000000001,72.65,3.0,Low-Volume / Low-Growth Prescribers
1000002247,CA,Family Practice,954.0,829.0,401960.61,16,7,0.0025,208.9,41.3,195.8,368.5,1.1,40.9,97.50000000000001,0.0,20.52,4.29,38.63,-61.76,-70.22,646.5,67.77,3.0,Low-Volume / Low-Growth Prescribers
1000002248,VA,Family Practice,663.1,579.0,301506.69999999995,10,6,0.0017,85.3,0.0,111.5,83.30000000000001,0.0,234.7,135.1,13.2,16.81,35.39,12.56,-68.94,-28.95,429.5,64.77,3.0,Low-Volume / Low-Growth Prescribers
1000002251,IL,Nurse Practitioner,5023.9,4317.0,1575610.04,17,8,0.0131,1132.2,676.2,151.60000000000002,996.6,27.900000000000002,868.5999999999999,1109.5,61.3,3.02,17.29,19.84,118.87,35.17,2693.0,53.6,0.0,Diversified Prescribers
1000002265,IN,Family Practice,25283.700000000004,21978.0,10642246.510000002,19,8,0.0657,7831.2,1924.3000000000002,4028.1,3865.8,96.9,5219.2,1982.5000000000002,335.7,15.93,20.64,15.29,72.51,162.02,15037.399999999998,59.47,1.0,High-Volume Core Prescribers
1000002267,TX,Family Practice,626.9000000000001,541.0,306730.88,14,7,0.0016,0.0,43.1,125.2,172.79999999999998,4.5,130.6,116.5,34.2,19.97,20.83,27.56,192.83,186.16,471.70000000000005,75.24,3.0,Low-Volume / Low-Growth Prescribers
1000002277,PA,Internal Medicine,4819.9,4239.0,2391751.42,17,7,0.0125,569.1,483.5,785.5,1200.6999999999998,0.0,1204.1,504.5,72.5,16.3,24.98,24.91,157.22,149.53,3673.7999999999997,76.22,0.0,Diversified Prescribers
1000002280,FL,Internal Medicine,967.0999999999999,836.0,411722.44,15,6,0.0025,248.39999999999998,57.8,169.1,297.9,0.0,122.7,71.2,0.0,17.49,12.69,30.8,-11.23,-13.24,647.5,66.95,3.0,Low-Volume / Low-Growth Prescribers
1000002312,CA,Internal Medicine,4457.7,3829.0,2444287.8000000003,15,6,0.0116,0.0,250.2,1049.8000000000002,1651.3,0.0,758.0,673.1,75.3,23.55,17.0,37.04,-27.9,-32.45,3709.3,83.21,0.0,Diversified Prescribers
1000002316,TX,Internal Medicine,5367.399999999999,4651.0,2756391.1199999996,16,7,0.0139,851.1,185.7,1131.7,1431.5,0.0,1356.6999999999998,290.79999999999995,119.9,21.08,25.28,26.67,-58.77,-49.66,4105.599999999999,76.49,0.0,Diversified Prescribers
1000002339,VA,Internal Medicine,4599.8,3959.0,2626064.2600000002,16,6,0.0119,0.0,367.2,1156.3,1779.3,0.0,727.0000000000001,347.5,222.5,25.14,15.81,38.68,0.66,-10.57,4029.8,87.61,0.0,Diversified Prescribers
1000002341,TX,Endocrinology,2062.7999999999997,1756.0,1218310.2299999997,19,7,0.0054,127.0,87.0,681.3,353.59999999999997,0.0,463.2,322.8,27.9,33.03,22.45,17.14,9.14,206.39,1585.1,76.84,0.0,Diversified Prescribers
1000002360,CA,Endocrinology,43166.29999999999,37699.0,26252887.0,22,8,0.1121,3709.8999999999996,2483.0,14619.1,8392.5,130.1,8963.899999999998,3910.2,957.6,33.87,20.77,19.44,-28.21,102.69,34458.5,79.83,1.0,High-Volume Core Prescribers
1000002361,IN,Internal Medicine,4568.6,3958.0,1939566.24,15,8,0.0119,469.2,306.2,438.5,1835.8,18.3,720.1,719.6,60.9,9.6,15.76,40.18,148.13,246.84,3300.6,72.25,0.0,Diversified Prescribers
1000002375,NY,Internal Medicine,5391.5,4723.0,3373081.7199999997,15,5,0.014,0.0,659.8,1153.3,2322.9,11.6,1243.9,0.0,0.0,21.39,23.07,43.08,358.29,69.04,5379.9,99.78,0.0,Diversified Prescribers
1000002376,TX,Internal Medicine,3369.0,2887.0,1593765.83,14,7,0.0088,494.5,708.6999999999999,495.5,919.2,17.2,531.6,202.3,0.0,14.71,15.78,27.28,-64.59,9.45,2655.0,78.81,3.0,Low-Volume / Low-Growth Prescribers
1000002399,NY,Family Practice,2953.8,2532.0,1528858.51,17,7,0.0077,0.0,521.0,637.5,539.2,12.0,526.9,569.9,147.3,21.58,17.84,18.25,76.75,55.9,2224.6000000000004,75.31,0.0,Diversified Prescribers
1000002402,CA,Internal Medicine,15286.300000000001,13035.0,8984053.680000002,15,7,0.0397,1584.8,897.6999999999999,6268.9,4195.0,46.7,149.8,2143.4,0.0,41.01,0.98,27.44,85.68,20.51,11511.4,75.31,0.0,Diversified Prescribers
1000002403,NC,Internal Medicine,2738.9,2382.0,1138221.53,12,6,0.0071,493.7,274.1,0.0,1031.2,15.8,856.9,0.0,67.2,0.0,31.29,37.65,-72.18,-85.21,2162.2,78.94,3.0,Low-Volume / Low-Growth Prescribers
1000002412,TX,Internal Medicine,398.3,344.0,151998.59999999998,12,8,0.001,100.0,23.2,36.099999999999994,111.6,1.1,79.6,31.3,15.4,9.06,19.98,28.02,-97.27,-86.97,250.49999999999997,62.89,3.0,Low-Volume / Low-Growth Prescribers
1000002424,OH,Internal Medicine,14171.9,12144.0,5221168.31,14,7,0.0368,4511.6,1003.8,761.9,3678.5000000000005,108.1,3582.7999999999997,0.0,525.2,5.38,25.28,25.96,-2.07,4.64,9027.0,63.7,0.0,Diversified Prescribers
1000002426,NY,Endocrinology,1551.4,1351.0,858444.6099999999,19,7,0.004,107.3,68.8,459.1,358.59999999999997,0.0,345.8,202.0,9.8,29.59,22.29,23.11,-6.22,-25.44,1232.3,79.43,0.0,Diversified Prescribers
1000002432,NY,Cardiology,30953.6,26702.0,15730428.430000002,14,7,0.0804,4882.4,831.7,8510.2,11429.3,0.0,1919.8,1560.8,1819.4,27.49,6.2,36.92,-82.14,-20.79,22691.0,73.31,1.0,High-Volume Core Prescribers
1000002440,AZ,Internal Medicine,934.6999999999998,800.0,476299.09,13,5,0.0024,106.4,0.0,270.5,186.70000000000002,0.0,171.7,199.4,0.0,28.94,18.37,19.97,78.53,53.11,628.9,67.28,3.0,Low-Volume / Low-Growth Prescribers
1000002445,MI,Internal Medicine,10116.2,8728.0,5270053.91,16,7,0.0263,0.0,757.5999999999999,1704.7,3005.8,123.79999999999998,2857.7,1422.5,244.1,16.85,28.25,29.71,-39.38,84.91,8325.8,82.3,0.0,Diversified Prescribers
1000002463,NC,Family Practice,1052.1999999999998,910.0,455223.91000000003,16,7,0.0027,115.8,31.599999999999998,165.5,404.19999999999993,0.0,165.3,153.2,16.6,15.73,15.71,38.41,-30.2,-46.73,766.5999999999999,72.86,3.0,Low-Volume / Low-Growth Prescribers
1000002464,FL,Family Practice,4474.1,3987.0,2223477.42,17,8,0.0116,392.9,181.60000000000002,1057.8,769.4,31.2,1077.4,799.4000000000001,164.4,23.64,24.08,17.2,404.74,571.28,3086.2,68.98,0.0,Diversified Prescribers
1000002469,PA,Internal Medicine,17155.200000000004,14853.0,5030616.95,17,8,0.0446,6381.0,2190.0,1352.5,2755.3,220.8,1729.8999999999999,2363.0,162.7,7.88,10.08,16.06,-50.67,-73.51,8027.7,46.79,0.0,Diversified Prescribers
1000002477,TN,Family Practice,3404.5000000000005,2904.0,1220189.78,13,7,0.0088,1075.6,431.2,394.1,560.0999999999999,0.0,468.0,366.6,108.9,11.58,13.75,16.45,102.1,279.51,1853.3999999999999,54.44,3.0,Low-Volume / Low-Growth Prescribers
1000002478,MI,Endocrinology,2319.3,2018.0,1105986.63,20,8,0.006,449.90000000000003,113.3,573.2,308.7,5.6,521.6,333.7,13.3,24.71,22.49,13.31,47.67,12.61,1516.8000000000002,65.4,0.0,Diversified Prescribers
1000002484,TN,Internal Medicine,1265.1,1100.0,686430.62,13,8,0.0033,123.5,27.3,298.6,243.10000000000002,2.4,369.3,169.3,31.6,23.6,29.19,19.22,-18.26,223.74,938.3000000000001,74.17,3.0,Low-Volume / Low-Growth Prescribers
1000002507,CA,Internal Medicine,938.9999999999998,815.0,443140.49000000005,14,7,0.0024,125.3,19.6,181.5,289.2,0.0,160.7,141.7,21.0,19.33,17.11,30.8,-53.5,-52.29,651.0,69.33,3.0,Low-Volume / Low-Growth Prescribers
1000002515,MA,Physician Assistant,3088.7999999999997,2730.0,1172056.07,13,5,0.008,0.0,0.0,379.4,1393.4,0.0,251.60000000000002,846.4,218.0,12.28,8.15,45.11,-64.28,31.29,2024.4,65.54,3.0,Low-Volume / Low-Growth Prescribers
1000002527,VA,Physician Assistant,16601.9,14610.0,7429433.83,16,8,0.0431,5565.6,1377.9,3395.5,3827.6,125.10000000000001,1514.1000000000001,623.3,172.8,20.45,9.12,23.06,-4.26,274.65,10115.1,60.93,0.0,Diversified Prescribers
1000002532,OH,Internal Medicine,16371.000000000002,14387.0,8900840.07,20,8,0.0425,1583.1,2094.8,3258.5,4394.5,125.10000000000001,3832.8,849.2,233.0,19.9,23.41,26.84,167.62,130.9,13580.6,82.96,0.0,Diversified Prescribers
1000002533,OH,Endocrinology,2300.3,1980.0,1417449.75,21,8,0.006,123.3,166.3,702.8,322.6,7.300000000000001,733.9999999999999,183.29999999999998,60.7,30.55,31.91,14.02,13.56,143.7,1925.6999999999998,83.72,0.0,Diversified Prescribers
1000002541,NY,Family Practice,607.9000000000001,538.0,309587.13999999996,10,6,0.0016,177.3,38.4,188.0,60.900000000000006,0.0,123.6,0.0,19.7,30.93,20.33,10.02,-63.43,-65.35,410.9,67.59,3.0,Low-Volume / Low-Growth Prescribers
1000002545,NY,Internal Medicine,2971.4,2716.0,1382465.2300000002,15,8,0.0077,576.7,192.7,680.5,1055.1,8.5,111.39999999999999,196.8,149.7,22.9,3.75,35.51,-63.02,-1.24,2039.6999999999998,68.64,3.0,Low-Volume / Low-Growth Prescribers
1000002546,GA,Endocrinology,12672.400000000001,11045.0,6526313.260000001,21,8,0.0329,527.3,957.4,2495.7,2255.8,49.400000000000006,3996.5,2123.0,267.3,19.69,31.54,17.8,-52.65,-50.29,9705.4,76.59,0.0,Diversified Prescribers
1000002548,TX,Internal Medicine,5368.6,4683.0,2178942.64,18,7,0.0139,1590.4,584.8,474.8,1342.7,32.6,1200.3,143.0,0.0,8.84,22.36,25.01,-13.69,-10.49,3602.5999999999995,67.11,0.0,Diversified Prescribers
1000002549,PA,Endocrinology,55026.2,48314.0,26885856.920000006,20,8,0.143,5039.5,4720.5,9241.8,9781.5,289.5,19918.8,5199.0,835.6,16.8,36.2,17.78,-33.2,-33.48,43662.6,79.35,1.0,High-Volume Core Prescribers
1000002553,PA,Physician Assistant,4096.700000000001,3548.0,1105513.66,15,7,0.0106,1427.8000000000002,656.7,99.4,715.2,0.0,565.1,495.1,137.4,2.43,13.79,17.46,-57.72,-50.8,2036.4,49.71,3.0,Low-Volume / Low-Growth Prescribers
1000002559,IN,Internal Medicine,19070.899999999998,16587.0,9252134.71,21,8,0.0495,2629.0,1619.6,3544.4000000000005,6766.9,17.8,2742.0,1249.9,501.29999999999995,18.59,14.38,35.48,60.27,-66.79,14672.9,76.94,0.0,Diversified Prescribers
1000002563,MI,Endocrinology,11552.499999999998,10074.0,6009379.32,19,8,0.03,2178.2000000000003,476.4,2286.3,1994.3,14.1,3717.0,454.2,432.0,19.79,32.17,17.26,-16.76,52.87,8474.0,73.35,0.0,Diversified Prescribers
1000002571,NY,Nurse Practitioner,3164.4,2756.0,2165409.2300000004,17,6,0.0082,0.0,445.1,1495.1000000000001,582.0999999999999,25.9,329.79999999999995,286.4,0.0,47.25,10.42,18.4,14.7,-27.58,2852.1,90.13,0.0,Diversified Prescribers
1000002577,NC,Family Practice,11553.300000000001,10098.0,5000168.58,16,8,0.03,2384.9,672.2,2406.6,1132.8000000000002,210.5,2343.1,2216.9,186.3,20.83,20.28,9.8,-14.51,941.27,6554.7,56.73,0.0,Diversified Prescribers
1000002602,VA,Family Practice,12127.400000000001,10711.0,5655555.06,16,8,0.0315,1370.2,670.2,2059.1,2903.6000000000004,81.0,2692.3,2123.2,227.8,16.98,22.2,23.94,-84.44,-62.63,8325.2,68.65,0.0,Diversified Prescribers
1000002605,CA,Internal Medicine,11295.699999999999,10044.0,5426781.0,16,8,0.0293,1856.1,1586.1,1630.7,837.2,50.3,3927.5,1139.8,268.0,14.44,34.77,7.41,69.99,38.39,7981.499999999999,70.66,0.0,Diversified Prescribers
1000002608,MA,Family Practice,1006.8000000000001,881.0,404705.97000000003,19,8,0.0026,196.6,115.1,140.7,281.30000000000007,2.2,122.39999999999999,116.10000000000001,32.4,13.97,12.16,27.94,-69.78,-84.05,659.5,65.5,0.0,Diversified Prescribers
1000002612,NY,Internal Medicine,929.8999999999999,807.0,366099.32,16,7,0.0024,205.7,79.6,122.3,207.60000000000002,0.0,152.79999999999998,147.0,14.9,13.15,16.43,22.32,-20.07,44.14,562.3,60.47,3.0,Low-Volume / Low-Growth Prescribers
1000002626,CA,Endocrinology,30374.0,26322.0,16646943.62,19,8,0.0789,5495.299999999999,967.8,8858.5,5090.5,298.5,6606.2,2854.1,203.1,29.16,21.75,16.76,196.4,178.86,21523.0,70.86,1.0,High-Volume Core Prescribers
1000002627,FL,Family Practice,3973.3999999999996,3518.0,2178194.5700000003,15,6,0.0103,1034.8,513.5999999999999,1389.7,604.2,0.0,270.7,160.4,0.0,34.98,6.81,15.21,162.04,27.9,2778.2,69.92,3.0,Low-Volume / Low-Growth Prescribers
1000002631,PA,Family Practice,8098.099999999999,6940.0,4071826.8099999996,12,5,0.021,0.0,838.4,228.0,4583.400000000001,78.8,2369.5,0.0,0.0,2.82,29.26,56.6,3.99,-31.85,8019.300000000001,99.03,0.0,Diversified Prescribers
1000002641,CA,Endocrinology,31616.700000000008,27280.0,20448116.18,18,7,0.0821,0.0,1423.6999999999998,8813.400000000001,6313.6,125.5,12670.899999999998,1337.1,932.5,27.88,40.08,19.97,314.47,104.14,29221.6,92.42,1.0,High-Volume Core Prescribers
1000002642,MI,Family Practice,4988.199999999999,4379.0,2441226.3099999996,16,7,0.013,1571.8,281.40000000000003,1066.6,450.1,13.5,1431.0,0.0,173.8,21.38,28.69,9.02,30.23,604.35,3229.1,64.73,0.0,Diversified Prescribers
1000002679,PA,Internal Medicine,1217.0,1066.0,368727.17000000004,13,7,0.0032,331.2,87.5,87.7,328.9,0.0,107.1,262.70000000000005,11.9,7.21,8.8,27.03,-44.0,-56.16,611.2,50.22,3.0,Low-Volume / Low-Growth Prescribers
1000002687,NY,Internal Medicine,4292.6,3831.0,1966345.34,17,7,0.0112,781.0999999999999,270.8,986.8999999999999,1381.6,0.0,262.1,563.3,46.8,22.99,6.11,32.19,291.71,27.33,2901.3999999999996,67.59,0.0,Diversified Prescribers
1000002697,MI,Internal Medicine,14643.7,12808.0,5485435.95,17,8,0.038,3810.0,568.3,1510.1000000000001,3482.7,213.5,3083.7,1540.5,434.9,10.31,21.06,23.78,-26.53,39.38,8644.8,59.03,0.0,Diversified Prescribers
1000002712,FL,Internal Medicine,4489.0,3974.0,1328632.72,16,7,0.0117,944.5,384.8,448.3,323.1,0.0,805.5999999999999,1366.0,216.7,9.99,17.95,7.2,-78.92,26.73,1961.7999999999997,43.7,3.0,Low-Volume / Low-Growth Prescribers
1000002718,IN,Nurse Practitioner,904.4000000000001,787.0,331834.61,15,7,0.0023,237.1,114.1,109.60000000000001,225.20000000000005,0.0,96.60000000000001,100.3,21.5,12.12,10.68,24.9,-28.74,-15.32,545.5,60.32,3.0,Low-Volume / Low-Growth Prescribers
1000002725,VA,Internal Medicine,4480.099999999999,3891.0,1585078.68,16,8,0.0116,1008.9000000000001,19.4,356.1,1195.7999999999997,33.1,954.0000000000001,747.7,165.1,7.95,21.29,26.69,211.68,264.08,2525.3,56.37,0.0,Diversified Prescribers
1000002737,MA,Internal Medicine,3713.8999999999996,3174.0,1725694.5299999996,16,7,0.0096,434.1,73.5,750.7,1336.8,29.799999999999997,467.9,621.0999999999999,0.0,20.21,12.6,35.99,-82.88,-60.72,2628.8999999999996,70.79,0.0,Diversified Prescribers
1000002743,IL,Endocrinology,112456.09999999998,97749.0,58046525.269999996,22,8,0.2921,15509.900000000001,4876.5,22582.4,21037.5,514.6,35969.0,10181.4,1784.8,20.08,31.98,18.71,-8.78,107.46,84465.4,75.11,1.0,High-Volume Core Prescribers
1000002759,PA,Endocrinology,9575.8,8274.0,5336823.700000001,21,8,0.0249,435.5,666.7,1404.5,2041.8,35.0,4158.6,707.6999999999999,126.0,14.67,43.43,21.32,-24.84,124.39,8271.6,86.38,0.0,Diversified Prescribers
1000002761,TX,Endocrinology,1996.5000000000002,1722.0,1192486.9900000002,19,8,0.0052,269.9,149.7,698.7,371.2,2.4,382.2,74.3,48.1,35.0,19.14,18.59,-42.0,34.04,1601.8000000000002,80.23,0.0,Diversified Prescribers
1000002762,NC,Family Practice,4189.599999999999,3608.0,1973473.1600000001,18,7,0.0109,635.8,294.7,723.6,1674.0,0.0,527.7,150.2,183.60000000000002,17.27,12.6,39.96,-64.5,-73.98,3220.0,76.86,0.0,Diversified Prescribers
1000002767,NY,Internal Medicine,807.7,719.0,336733.12,14,7,0.0021,122.5,28.2,119.9,313.59999999999997,0.0,112.49999999999999,93.9,17.1,14.84,13.93,38.83,-57.34,69.27,574.1999999999999,71.09,3.0,Low-Volume / Low-Growth Prescribers
1000002788,IN,Physician Assistant,5312.9,4641.0,2344931.65,17,8,0.0138,1002.4000000000001,385.4,1180.5,849.4000000000001,26.200000000000003,578.7,1179.6,110.7,22.22,10.89,15.99,13.3,1.44,2994.0,56.35,0.0,Diversified Prescribers
1000002797,PA,Family Practice,4105.799999999999,3571.0,1861203.92,17,8,0.0107,844.1,460.5,625.3,617.2,26.5,983.2,451.6,97.4,15.23,23.95,15.03,4.34,40.88,2686.2,65.42,0.0,Diversified Prescribers
1000002803,MA,Physician Assistant,28821.5,25105.0,11480610.59,16,7,0.0749,4612.0,1516.6999999999998,3632.2,7895.6,0.0,4897.3,5754.1,513.6,12.6,16.99,27.39,-64.71,28.4,17941.800000000003,62.25,1.0,High-Volume Core Prescribers
1000002808,AZ,Internal Medicine,878.4000000000001,777.0,308664.44999999995,12,7,0.0023,198.7,193.59999999999997,135.6,98.5,1.1,15.3,235.6,0.0,15.44,1.74,11.21,-35.41,-53.54,443.0,50.43,3.0,Low-Volume / Low-Growth Prescribers
1000002819,IN,Internal Medicine,829.0999999999999,727.0,409039.95,13,7,0.0022,109.7,86.1,157.1,278.8,2.2,112.1,83.1,0.0,18.95,13.52,33.63,8.89,9.93,634.0999999999999,76.48,3.0,Low-Volume / Low-Growth Prescribers
1000002825,TX,Nurse Practitioner,671.6999999999999,600.0,318473.91000000003,18,8,0.0017,97.1,95.7,156.5,119.8,6.0,73.1,107.89999999999999,15.6,23.3,10.88,17.84,-55.68,10.92,445.1,66.26,3.0,Low-Volume / Low-Growth Prescribers
1000002826,TX,Family Practice,897.3000000000001,789.0,424695.51000000007,13,6,0.0023,96.6,91.5,191.0,213.2,0.0,124.9,180.10000000000002,0.0,21.29,13.92,23.76,-89.5,-61.76,620.5999999999999,69.16,3.0,Low-Volume / Low-Growth Prescribers
1000002835,TX,Nurse Practitioner,1010.5999999999999,876.0,430421.96,18,8,0.0026,123.9,135.9,99.89999999999999,302.6,2.4,207.89999999999998,127.2,10.8,9.89,20.57,29.94,378.54,46.77,746.3,73.85,3.0,Low-Volume / Low-Growth Prescribers
1000002836,CA,Nephrology,5564.8,4743.0,2773012.04,15,8,0.0145,505.8,347.5,444.1,1220.6999999999998,12.9,2401.5,412.29999999999995,220.0,7.98,43.16,21.94,-40.3,-35.82,4413.799999999999,79.32,0.0,Diversified Prescribers
1000002839,IL,Internal Medicine,929.5,803.0,473656.8300000001,17,7,0.0024,94.8,140.0,159.0,318.6,0.0,135.6,67.7,13.8,17.11,14.59,34.28,-66.57,-1.43,753.2,81.03,3.0,Low-Volume / Low-Growth Prescribers
1000002842,GA,Nurse Practitioner,15859.700000000003,13563.0,7210275.31,19,8,0.0412,3450.3,2254.5,2553.3999999999996,3819.9999999999995,103.2,2690.2,557.4,430.70000000000005,16.1,16.96,24.09,23.88,-65.7,11318.099999999999,71.36,0.0,Diversified Prescribers
1000002845,FL,Internal Medicine,660.8,576.0,293513.75999999995,13,7,0.0017,121.5,75.2,153.1,99.0,0.0,88.9,109.5,13.6,23.17,13.45,14.98,251.47,-55.33,416.2,62.98,3.0,Low-Volume / Low-Growth Prescribers
1000002913,TN,Physician Assistant,12789.5,10986.0,7327672.839999999,16,7,0.0332,1474.3,1228.6,1911.6,3664.4000000000005,81.3,4275.5,0.0,153.8,14.95,33.43,28.65,664.58,428.73,11080.100000000002,86.63,0.0,Diversified Prescribers
1000002929,NC,Internal Medicine,682.3999999999999,610.0,346183.02999999997,14,5,0.0018,124.7,38.7,130.5,267.3,0.0,121.19999999999999,0.0,0.0,19.12,17.76,39.17,242.72,1123.46,557.7,81.73,3.0,Low-Volume / Low-Growth Prescribers
1000002934,CA,Family Practice,705.6,617.0,300891.14,14,8,0.0018,196.3,27.6,142.2,88.19999999999999,2.5,140.6,92.5,15.7,20.15,19.93,12.5,1.4,187.5,398.59999999999997,56.49,3.0,Low-Volume / Low-Growth Prescribers
1000002936,TX,Family Practice,14295.099999999999,12644.0,8754777.17,15,7,0.0371,0.0,3373.3,3730.7999999999997,4607.7,139.2,1332.1,826.9,285.1,26.1,9.32,32.23,57.45,186.45,13043.900000000001,91.25,0.0,Diversified Prescribers
1000002938,FL,Physician Assistant,1048.0,924.0,416550.42999999993,14,6,0.0027,228.60000000000002,15.3,134.6,121.2,0.0,341.2,207.1,0.0,12.84,32.56,11.56,-13.74,-25.97,612.3,58.43,3.0,Low-Volume / Low-Growth Prescribers
1000002945,GA,Endocrinology,28171.000000000004,24371.0,12806743.219999999,20,8,0.0732,6459.1,1072.0,3871.2000000000003,5573.3,43.0,9231.4,1531.2,389.8,13.74,32.77,19.78,-15.68,31.63,19747.9,70.1,1.0,High-Volume Core Prescribers
1000002946,IL,Internal Medicine,686.1,588.0,380554.26999999996,13,6,0.0018,0.0,88.1,153.5,151.1,0.0,148.0,108.80000000000001,36.6,22.37,21.57,22.02,-27.91,190.56,540.7,78.81,3.0,Low-Volume / Low-Growth Prescribers
1000002952,FL,Family Practice,619.9,548.0,333131.69,13,6,0.0016,0.0,128.6,87.9,145.70000000000002,8.3,180.2,69.19999999999999,0.0,14.18,29.07,23.5,-17.58,-69.47,542.4000000000001,87.5,3.0,Low-Volume / Low-Growth Prescribers
1000002955,VA,Family Practice,17509.6,15173.0,6621634.869999999,20,8,0.0455,4264.1,2501.4,1428.0,5074.6,116.9,2413.0,1437.5,274.1,8.16,13.78,28.98,-10.1,75.09,11417.0,65.2,0.0,Diversified Prescribers
1000002975,PA,Endocrinology,50692.3,44307.0,29604044.95,21,8,0.1317,5600.1,2646.5,12904.7,7302.800000000001,249.8,18186.4,3173.7,628.3,25.46,35.88,14.41,-28.2,118.91,41040.40000000001,80.96,1.0,High-Volume Core Prescribers
1000002979,PA,Cardiology,995.7,855.0,482713.75,17,7,0.0026,112.3,59.9,127.4,363.90000000000003,2.4,242.5,87.3,0.0,12.8,24.35,36.55,1544.67,116.0,793.7,79.71,3.0,Low-Volume / Low-Growth Prescribers
1000002984,NY,Internal Medicine,722.3000000000001,624.0,359049.57999999996,14,5,0.0019,0.0,69.8,102.5,240.0,0.0,163.70000000000002,146.3,0.0,14.19,22.66,33.23,117.38,18.2,576.0,79.75,3.0,Low-Volume / Low-Growth Prescribers
1000002988,OH,Family Practice,18106.700000000004,15859.0,8501565.120000001,19,7,0.047,0.0,1085.9,2818.8,5367.2,126.7,3967.1999999999994,4295.7,445.2,15.57,21.91,29.64,75.37,69.56,13239.099999999999,73.12,0.0,Diversified Prescribers
1000002992,FL,Internal Medicine,43162.29999999999,37207.0,25624473.67,19,7,0.1121,0.0,2414.7,12370.599999999999,16597.100000000002,271.0,7566.9,2974.2,967.8,28.66,17.53,38.45,-75.51,-79.02,38949.3,90.24,1.0,High-Volume Core Prescribers
1000002998,TX,Internal Medicine,22385.5,19322.0,10682770.73,19,8,0.0582,3379.1,1172.3,4036.3,5166.299999999999,47.7,5650.1,2055.0,878.7,18.03,25.24,23.08,41.22,11.86,16025.0,71.59,0.0,Diversified Prescribers
1000002999,NC,Nurse Practitioner,829.2000000000003,712.0,395732.13,14,6,0.0022,0.0,158.3,75.0,243.3,0.0,194.3,130.3,28.0,9.04,23.43,29.34,-59.91,-74.48,670.9000000000001,80.91,3.0,Low-Volume / Low-Growth Prescribers
1000003000,IL,Family Practice,4017.7999999999993,3505.0,1674371.4400000004,16,7,0.0104,622.8,347.1,751.9,924.6999999999999,0.0,451.6,769.3000000000001,150.4,18.71,11.24,23.02,27.93,69.51,2475.2999999999997,61.61,0.0,Diversified Prescribers
1000003002,CA,Internal Medicine,877.2999999999998,754.0,477535.50999999995,13,7,0.0023,112.6,21.8,258.90000000000003,189.0,2.2,155.0,137.8,0.0,29.51,17.67,21.54,104.45,272.59,624.7,71.21,3.0,Low-Volume / Low-Growth Prescribers
1000003006,NY,Nurse Practitioner,4143.3,3607.0,1893950.3600000006,18,7,0.0108,0.0,555.9,564.7,1763.4,29.700000000000003,448.8999999999999,727.7,53.0,13.63,10.83,42.56,41.64,-34.62,3332.9,80.44,0.0,Diversified Prescribers
1000003010,TN,Internal Medicine,29304.600000000002,25984.0,12336667.83,18,8,0.0761,8853.0,4321.700000000001,5277.799999999999,3735.6,256.8,4307.3,1987.0,565.4,18.01,14.7,12.75,-46.3,-72.48,17642.399999999998,60.2,1.0,High-Volume Core Prescribers
1000003012,CA,Internal Medicine,16291.399999999998,14035.0,6336770.510000001,17,8,0.0423,4180.7,538.7,2268.6,4055.0,52.099999999999994,2875.9,1717.1,603.3,13.93,17.65,24.89,31.77,-2.17,9738.2,59.78,0.0,Diversified Prescribers
1000003028,NC,Family Practice,2515.0,2204.0,1105101.98,14,6,0.0065,0.0,98.7,347.3,779.9000000000001,0.0,574.8,652.6,61.7,13.81,22.85,31.01,68.98,149.68,1800.7,71.6,3.0,Low-Volume / Low-Growth Prescribers
1000003047,TX,Internal Medicine,32853.4,28302.0,12388011.149999999,16,8,0.0853,8972.3,3111.6,4219.200000000001,8771.6,116.6,3793.4,2808.2,1060.5,12.84,11.55,26.7,283.95,346.33,19895.800000000003,60.56,1.0,High-Volume Core Prescribers
1000003053,PA,Internal Medicine,21395.1,18670.0,9093741.35,18,7,0.0556,4728.9,1389.6,3314.8,4205.9,158.7,4573.2,3024.0000000000005,0.0,15.49,21.37,19.66,32.9,99.06,13483.5,63.02,0.0,Diversified Prescribers
1000003059,AZ,Physician Assistant,4967.700000000001,4273.0,2085418.41,17,7,0.0129,1012.9,625.0,719.7,632.2,0.0,1115.2,744.8,117.9,14.49,22.45,12.73,312.13,240.59,3092.1000000000004,62.24,0.0,Diversified Prescribers
1000003067,CA,Physician Assistant,35048.00000000001,30679.0,15683396.08,20,8,0.091,3272.8,5937.299999999999,4446.8,9391.400000000001,325.2,6208.9,4339.0,1126.6,12.69,17.72,26.8,47.74,25.77,25984.4,74.14,1.0,High-Volume Core Prescribers
1000003072,TX,Internal Medicine,843.8999999999999,739.0,310966.9,11,5,0.0022,320.9,118.80000000000001,53.3,180.4,0.0,170.5,0.0,0.0,6.32,20.2,21.38,15.77,211.73,523.0,61.97,3.0,Low-Volume / Low-Growth Prescribers
1000003081,NY,Nurse Practitioner,4558.1,4022.0,2121787.13,14,7,0.0118,462.2,663.1,787.6999999999999,1354.1999999999998,13.9,473.6,803.4,0.0,17.28,10.39,29.71,503.34,94.48,3278.6,71.93,3.0,Low-Volume / Low-Growth Prescribers
1000003105,NC,Internal Medicine,10746.1,9606.0,6098975.8,14,7,0.0279,1344.7,1267.9,2993.1000000000004,1903.0,90.7,2352.3999999999996,794.3,0.0,27.85,21.89,17.71,338.02,157.23,8516.4,79.25,0.0,Diversified Prescribers
1000003130,PA,Family Practice,4495.7,3986.0,1803593.81,18,8,0.0117,1133.5,697.0,421.1,1140.1000000000001,13.5,784.7000000000002,194.1,111.69999999999999,9.37,17.45,25.36,241.24,17.2,3042.9000000000005,67.68,0.0,Diversified Prescribers
1000003132,FL,Physician Assistant,896.5,777.0,471229.29000000004,15,7,0.0023,80.2,53.7,108.79999999999998,311.40000000000003,3.5999999999999996,290.6,0.0,48.2,12.14,32.41,34.74,-16.73,128.97,764.5,85.28,3.0,Low-Volume / Low-Growth Prescribers
1000003137,OH,Family Practice,3327.5,2933.0,1612132.7200000002,15,7,0.0086,0.0,529.2,690.6,1221.4999999999998,22.7,82.6,703.1,77.8,20.75,2.48,36.71,-14.99,-62.01,2523.8999999999996,75.85,3.0,Low-Volume / Low-Growth Prescribers
1000003141,FL,Physician Assistant,43327.40000000001,37245.0,21216976.020000003,20,8,0.1126,4185.7,5725.9,6707.0,11621.5,254.8,8060.000000000001,5615.8,1156.7,15.48,18.6,26.82,438.13,284.39,32114.4,74.12,1.0,High-Volume Core Prescribers
1000003148,FL,Family Practice,678.6,608.0,417133.67000000004,17,7,0.0018,0.0,30.1,247.3,198.8,4.8,82.3,99.1,16.2,36.44,12.13,29.3,9.69,23.21,558.5,82.3,3.0,Low-Volume / Low-Growth Prescribers
1000003149,OH,Internal Medicine,611.0,526.0,325042.11000000004,12,5,0.0016,0.0,93.9,93.5,190.5,0.0,156.8,76.30000000000001,0.0,15.3,25.66,31.18,1468.67,149.52,534.7,87.51,3.0,Low-Volume / Low-Growth Prescribers
1000003150,CA,Family Practice,5583.9,4953.0,1948843.7000000002,17,8,0.0145,1225.3,338.5,494.1,1603.8000000000002,18.1,804.5,1047.4,52.2,8.85,14.41,28.72,34.93,2.09,3240.9,58.04,0.0,Diversified Prescribers
1000003152,CA,Family Practice,520.7,452.0,211754.68,15,7,0.0014,81.9,60.3,40.599999999999994,148.5,3.2,117.6,68.6,0.0,7.8,22.58,28.52,262.68,69.48,367.0,70.48,3.0,Low-Volume / Low-Growth Prescribers
1000003156,GA,Physician Assistant,903.0000000000001,777.0,493352.00999999995,14,7,0.0023,111.7,60.2,306.8,101.8,0.0,150.0,159.0,13.5,33.98,16.61,11.27,-49.94,-39.55,618.8,68.53,3.0,Low-Volume / Low-Growth Prescribers
1000003171,IL,Internal Medicine,10880.7,9443.0,5599739.639999999,16,7,0.0283,0.0,1581.6,1522.6,2749.3,79.4,3224.4,1452.7,270.7,13.99,29.63,25.27,-14.4,-5.17,9077.900000000001,83.43,0.0,Diversified Prescribers
1000003172,MA,Endocrinology,2683.0999999999995,2315.0,1444627.2399999995,19,7,0.007,378.8,156.7,609.8,411.5,0.0,860.5,225.00000000000003,40.8,22.73,32.07,15.34,-51.96,-0.98,2038.5,75.98,0.0,Diversified Prescribers
1000003176,MI,Family Practice,972.9000000000001,836.0,395164.91,15,8,0.0025,347.2,85.5,159.2,186.9,1.2,131.7,48.4,12.8,16.36,13.54,19.21,507.33,35.09,563.3,57.9,3.0,Low-Volume / Low-Growth Prescribers
1000003180,IN,Endocrinology,1992.8000000000002,1703.0,1173617.58,22,8,0.0052,226.9,111.5,650.9,255.8,8.0,533.8,181.1,24.8,32.66,26.79,12.84,136.18,103.19,1551.9999999999998,77.88,0.0,Diversified Prescribers
1000003183,PA,Internal Medicine,4088.199999999999,3526.0,1635887.0,16,7,0.0106,487.9,617.2,201.0,835.4,0.0,1176.0,677.6,93.1,4.92,28.77,20.43,-9.88,-27.6,2829.6,69.21,0.0,Diversified Prescribers
1000003186,MI,Internal Medicine,5469.3,4672.0,2447983.06,20,8,0.0142,866.1,412.29999999999995,1054.4,923.5,13.6,1042.0,948.5,208.9,19.28,19.05,16.89,-36.52,-22.62,3432.2,62.75,0.0,Diversified Prescribers
1000003192,TX,Physician Assistant,23136.0,20447.0,11823024.79,17,7,0.0601,2152.1,1782.8,5258.0,6165.1,99.99999999999999,3817.6,3860.4,0.0,22.73,16.5,26.65,6.47,93.25,17023.5,73.58,0.0,Diversified Prescribers
1000003198,FL,Endocrinology,2130.1,1857.0,1321572.03,16,7,0.0055,347.2,89.69999999999999,822.9,401.70000000000005,2.2,385.20000000000005,81.2,0.0,38.63,18.08,18.86,20.07,71.35,1699.5,79.78,3.0,Low-Volume / Low-Growth Prescribers
1000003202,NC,Internal Medicine,514.8,452.0,193383.84999999998,10,7,0.0013,130.1,70.5,26.1,24.3,0.0,166.2,81.2,16.4,5.07,32.28,4.72,325.26,748.75,287.09999999999997,55.77,3.0,Low-Volume / Low-Growth Prescribers
1000003213,PA,Family Practice,43627.70000000001,38228.0,18661893.93,19,8,0.1133,12110.9,2698.1,10157.5,9929.3,315.2,2633.2,5402.299999999999,381.2,23.28,6.04,22.76,22.84,78.85,25418.1,58.26,1.0,High-Volume Core Prescribers
1000003219,VA,Family Practice,1100.4999999999998,949.0,524994.69,17,8,0.0029,85.8,40.0,163.10000000000002,419.1,2.5,217.4,145.1,27.5,14.82,19.75,38.08,-13.64,-1.75,839.6,76.29,3.0,Low-Volume / Low-Growth Prescribers
1000003224,IN,Endocrinology,36528.700000000004,31610.0,22630199.2,21,8,0.0949,4202.2,3770.9000000000005,11257.100000000002,5767.6,217.0,9242.6,1513.1999999999998,558.1,30.82,25.3,15.79,80.26,77.51,30038.200000000004,82.23,1.0,High-Volume Core Prescribers
1000003237,TX,Physician Assistant,16495.299999999996,14146.0,7683295.229999999,20,7,0.0429,2014.4,944.5999999999999,2730.6,3638.1000000000004,225.10000000000002,3980.4,2962.1000000000004,0.0,16.55,24.13,22.06,19.26,263.37,11293.7,68.47,0.0,Diversified Prescribers
1000003248,FL,Nurse Practitioner,715.8,625.0,329039.70000000007,16,6,0.0019,70.9,110.0,165.5,190.5,0.0,26.9,152.0,0.0,23.12,3.76,26.61,-16.84,-26.55,492.9,68.86,3.0,Low-Volume / Low-Growth Prescribers
1000003257,MA,Internal Medicine,4382.0999999999985,3872.0,2313998.8499999996,17,7,0.0114,0.0,374.40000000000003,1031.5,1232.8999999999999,43.099999999999994,650.9000000000001,844.1,205.2,23.54,14.85,28.13,376.15,-16.35,3289.7,75.07,0.0,Diversified Prescribers
1000003268,CA,Family Practice,5117.300000000001,4462.0,2360512.1799999997,18,8,0.0133,1024.0,417.3,620.2,915.8,11.9,1666.9,404.5,56.7,12.12,32.57,17.9,-5.68,195.47,3620.2000000000007,70.74,0.0,Diversified Prescribers
1000003273,FL,Internal Medicine,4990.099999999999,4398.0,2766121.0,19,8,0.013,563.4,457.40000000000003,1390.3000000000002,1715.3,13.3,514.3,191.6,144.5,27.86,10.31,34.37,-57.99,45.84,4077.3,81.71,0.0,Diversified Prescribers
1000003275,CA,Family Practice,542.3,473.0,321115.08,10,6,0.0014,0.0,44.2,145.79999999999998,69.5,0.0,178.9,53.9,50.0,26.89,32.99,12.82,-92.77,-88.18,438.4,80.84,3.0,Low-Volume / Low-Growth Prescribers
1000003285,PA,Endocrinology,41007.0,35715.0,22371821.400000002,21,8,0.1065,6682.4,1436.1000000000001,7442.0,6933.9,216.3,16548.0,1205.8,542.5,18.15,40.35,16.91,41.9,163.31,32360.0,78.91,1.0,High-Volume Core Prescribers
1000003286,FL,Internal Medicine,11695.0,9944.0,6411788.879999999,16,7,0.0304,3137.1000000000004,986.9,3848.2000000000003,2636.1,72.1,646.3,0.0,368.3,32.9,5.53,22.54,107.45,128.71,8117.5,69.41,0.0,Diversified Prescribers
1000003287,IN,Family Practice,841.4000000000001,729.0,396795.87,15,7,0.0022,124.9,34.3,197.8,207.20000000000002,0.0,133.3,131.8,12.1,23.51,15.84,24.63,-23.16,-22.04,572.6,68.05,3.0,Low-Volume / Low-Growth Prescribers
1000003299,FL,Family Practice,875.9,771.0,480915.30000000005,16,6,0.0023,0.0,65.2,177.8,273.5,3.7,213.39999999999998,142.29999999999998,0.0,20.3,24.36,31.23,130.29,3.49,729.9,83.33,3.0,Low-Volume / Low-Growth Prescribers
1000003303,FL,Internal Medicine,3719.2,3287.0,2351388.85,18,7,0.0097,0.0,551.2,1215.1,986.3,13.3,501.2,351.3,100.8,32.67,13.48,26.52,-30.88,133.27,3253.8,87.49,0.0,Diversified Prescribers
1000003314,TX,Internal Medicine,3878.7,3431.0,1352856.6400000001,15,7,0.0101,629.1,364.0,200.8,771.2,0.0,1006.5999999999999,846.5,60.5,5.18,25.95,19.88,-27.71,18.89,2342.6,60.4,3.0,Low-Volume / Low-Growth Prescribers
1000003315,IL,Family Practice,645.3000000000001,566.0,351926.08999999997,15,7,0.0017,0.0,42.2,153.7,152.6,2.3,159.5,103.2,31.8,23.82,24.72,23.65,-76.3,76.2,508.0,78.72,3.0,Low-Volume / Low-Growth Prescribers
1000003324,PA,Family Practice,692.0,604.0,241332.47999999998,11,8,0.0018,242.0,37.9,120.1,168.2,1.1,13.7,91.1,17.9,17.36,1.98,24.31,-84.95,-29.53,339.9,49.12,3.0,Low-Volume / Low-Growth Prescribers
1000003328,IL,Endocrinology,46341.8,40028.0,33387867.38,19,8,0.1204,3713.1,2512.2999999999997,21070.0,6360.900000000001,67.6,11734.3,643.3,240.3,45.47,25.32,13.73,8.73,117.34,41677.50000000001,89.94,1.0,High-Volume Core Prescribers
1000003329,CA,Family Practice,858.8000000000002,744.0,398401.25,13,7,0.0022,194.5,105.29999999999998,205.8,176.1,0.0,69.3,90.7,17.1,23.96,8.07,20.51,-39.36,497.74,556.5,64.8,3.0,Low-Volume / Low-Growth Prescribers
1000003338,NY,Family Practice,14536.000000000002,12396.0,5613470.149999999,15,7,0.0378,3701.0,974.5,593.5,4734.800000000001,119.3,3645.2,767.7,0.0,4.08,25.08,32.57,40.95,134.82,9948.0,68.44,0.0,Diversified Prescribers
1000003366,TX,Internal Medicine,16483.3,14366.0,8636460.75,16,7,0.0428,2823.0,1285.5,3895.1000000000004,5870.5,24.5,2105.1,0.0,479.6,23.63,12.77,35.61,-16.71,-36.86,13156.2,79.82,0.0,Diversified Prescribers
1000003371,CA,Family Practice,958.4000000000001,830.0,487749.87000000017,13,6,0.0025,209.8,0.0,296.3,103.9,0.0,208.8,126.9,12.7,30.92,21.79,10.84,-46.44,180.0,609.0,63.54,3.0,Low-Volume / Low-Growth Prescribers
1000003388,FL,Endocrinology,97792.5,86365.0,52865900.72,22,8,0.2541,11481.8,3763.9,25183.2,17516.300000000003,242.3,28185.200000000004,8672.8,2747.0,25.75,28.82,17.91,305.66,55.78,74648.6,76.33,1.0,High-Volume Core Prescribers
1000003392,AZ,Nurse Practitioner,3249.3,2851.0,1323202.66,14,7,0.0084,564.5,323.0,340.20000000000005,818.5,0.0,678.7,443.1,81.3,10.47,20.89,25.19,-15.49,-31.58,2160.4,66.49,3.0,Low-Volume / Low-Growth Prescribers
1000003404,CA,Family Practice,41817.40000000001,36554.0,17953729.57,18,8,0.1086,13103.7,2061.2999999999997,8029.5,3248.7,165.2,10140.400000000001,4086.3,982.3,19.2,24.25,7.77,124.66,995.59,23479.9,56.15,1.0,High-Volume Core Prescribers
1000003408,NY,Internal Medicine,31689.899999999998,27093.0,13703347.359999998,16,8,0.0823,10115.900000000001,1115.5,6787.6,4458.4,397.4,5485.799999999999,2187.1000000000004,1142.2,21.42,17.31,14.07,-82.73,-66.57,17847.3,56.32,1.0,High-Volume Core Prescribers
1000003410,MA,Internal Medicine,4870.299999999999,4217.0,2255447.13,16,6,0.0127,914.3,366.20000000000005,923.6,1603.0,0.0,517.9,545.3,0.0,18.96,10.63,32.91,145.16,80.99,3410.7,70.03,0.0,Diversified Prescribers
1000003413,CA,Internal Medicine,47134.9,41002.0,13705039.91,18,8,0.1224,18280.4,2610.7000000000003,5529.799999999999,10679.5,133.6,2394.2,5861.799999999999,1644.9,11.73,5.08,22.66,6.11,-20.21,21214.199999999997,45.01,1.0,High-Volume Core Prescribers
1000003416,GA,Internal Medicine,799.1,710.0,362702.17999999993,13,6,0.0021,99.3,137.9,78.50000000000001,336.9,0.0,103.1,43.4,0.0,9.82,12.9,42.16,-3.17,7.55,656.4,82.14,3.0,Low-Volume / Low-Growth Prescribers
1000003426,TN,Family Practice,4714.400000000001,4114.0,2649136.37,17,7,0.0122,0.0,611.8,1261.7999999999997,1292.4,16.3,810.0999999999999,645.5,76.5,26.76,17.18,27.41,10.75,59.43,3976.1,84.34,0.0,Diversified Prescribers
1000003428,MI,Nurse Practitioner,829.4000000000001,723.0,333102.33999999997,10,7,0.0022,275.8,45.2,88.4,214.9,2.4,171.2,0.0,31.5,10.66,20.64,25.91,67.67,110.78,519.7,62.66,3.0,Low-Volume / Low-Growth Prescribers
1000003432,OH,Family Practice,14280.7,12275.0,8545381.559999999,19,6,0.0371,0.0,2283.6,3360.4,3756.4999999999995,112.6,3535.6,1232.0,0.0,23.53,24.76,26.3,4.36,85.53,12936.1,90.58,0.0,Diversified Prescribers
1000003439,PA,Physician Assistant,792.7,679.0,392577.39999999997,14,6,0.0021,144.3,74.6,156.20000000000002,346.4,0.0,55.7,0.0,15.5,19.7,7.03,43.7,384.75,252.75,632.9,79.84,3.0,Low-Volume / Low-Growth Prescribers
1000003448,IN,Family Practice,4616.4,4030.0,1854866.54,17,8,0.012,874.8,638.2,375.2,830.9000000000001,16.2,1227.2,580.4,73.5,8.13,26.58,18.0,5.62,27.83,3071.5000000000005,66.53,0.0,Diversified Prescribers
1000003455,IL,Endocrinology,2041.1999999999996,1762.0,1208486.3100000003,19,7,0.0053,322.4,240.2,767.2,350.2,0.0,223.70000000000002,107.2,30.3,37.59,10.96,17.16,35.57,1.19,1581.3000000000002,77.47,0.0,Diversified Prescribers
1000003458,TX,Family Practice,4313.7,3694.0,1898119.07,16,6,0.0112,0.0,193.5,582.2,928.1,0.0,1274.4,1064.1,271.4,13.5,29.54,21.52,86.05,82.82,2978.2000000000003,69.04,0.0,Diversified Prescribers
1000003459,CA,Family Practice,513.0,435.0,367741.95,12,6,0.0013,0.0,22.3,269.2,123.1,3.6,25.5,69.30000000000001,0.0,52.48,4.97,24.0,263.18,138.76,440.1,85.79,3.0,Low-Volume / Low-Growth Prescribers
1000003462,CA,Family Practice,27098.299999999996,23605.0,12666971.920000002,18,8,0.0704,5080.7,1085.3999999999999,7561.9,6371.200000000001,467.1,2190.3,3228.3,1113.4,27.91,8.08,23.51,139.18,-62.77,17208.800000000003,63.51,1.0,High-Volume Core Prescribers
1000003468,NY,Family Practice,4799.0,4104.0,2591617.5500000003,18,8,0.0125,646.8,230.3,1226.1,560.9,30.2,1545.7999999999997,337.29999999999995,221.6,25.55,32.21,11.69,23.95,69.1,3563.1,74.25,0.0,Diversified Prescribers
1000003476,IN,Physician Assistant,893.5,764.0,461487.1800000001,17,8,0.0023,91.5,87.1,169.60000000000002,380.5,4.5,93.4,32.8,34.1,18.98,10.45,42.59,-14.67,-21.79,730.6,81.77,3.0,Low-Volume / Low-Growth Prescribers
1000003482,GA,Internal Medicine,836.0000000000001,738.0,540149.03,15,7,0.0022,0.0,49.5,342.3,203.7,2.4,48.4,174.3,15.4,40.94,5.79,24.37,18.37,587.87,643.9,77.02,3.0,Low-Volume / Low-Growth Prescribers
1000003488,AZ,Endocrinology,2212.7,1925.0,1110173.9700000002,19,8,0.0057,502.80000000000007,192.70000000000002,543.9,309.5,4.800000000000001,521.2,123.5,14.3,24.58,23.55,13.99,57.4,72.59,1567.3,70.83,0.0,Diversified Prescribers
1000003492,FL,Nurse Practitioner,1061.0,927.0,421037.37999999995,16,7,0.0028,204.29999999999998,124.5,97.0,353.7,0.0,163.6,104.1,13.8,9.14,15.42,33.34,-73.68,-65.04,738.8,69.63,3.0,Low-Volume / Low-Growth Prescribers
1000003497,PA,Nurse Practitioner,4894.4,4202.0,1997650.3699999999,17,7,0.0127,980.0999999999999,0.0,547.3999999999999,2068.7,9.1,851.5000000000001,362.5,75.1,11.18,17.4,42.27,185.89,229.47,3467.6,70.85,0.0,Diversified Prescribers
1000003510,TN,Internal Medicine,552.9999999999999,488.0,236025.07000000004,13,7,0.0014,80.7,37.9,69.7,124.19999999999999,0.0,143.7,52.7,44.1,12.6,25.99,22.46,11.94,70.78,375.5,67.9,3.0,Low-Volume / Low-Growth Prescribers
1000003518,PA,Endocrinology,11887.899999999998,10284.0,6963592.879999999,21,8,0.0309,979.5,714.8,2750.2,965.6999999999999,53.4,5044.3,1199.6000000000001,180.4,23.13,42.43,8.12,-56.14,364.56,9475.0,79.7,0.0,Diversified Prescribers
1000003531,NC,Family Practice,3045.8999999999996,2683.0,1820881.16,16,5,0.0079,0.0,313.6,494.5,938.1000000000001,0.0,1174.1,0.0,125.6,16.23,38.55,30.8,16.31,51.41,2920.3,95.88,0.0,Diversified Prescribers
1000003538,FL,Family Practice,896.7,773.0,416322.59,14,7,0.0023,202.6,32.3,170.9,258.1,0.0,142.5,69.7,20.6,19.06,15.89,28.78,152.02,665.78,603.8,67.34,3.0,Low-Volume / Low-Growth Prescribers
1000003550,CA,Family Practice,6399.299999999998,5534.0,3048835.3900000006,18,7,0.0166,670.2,247.8,1366.5,2053.2999999999997,31.099999999999998,840.0000000000001,1190.4,0.0,21.35,13.13,32.09,66.43,266.67,4507.6,70.44,0.0,Diversified Prescribers
1000003563,TX,Internal Medicine,14467.999999999998,12917.0,7001185.54,19,7,0.0376,2178.2,795.5,1864.3999999999999,6062.200000000001,158.39999999999998,3180.3,0.0,229.0,12.89,21.98,41.9,-48.83,-59.56,11902.400000000001,82.27,0.0,Diversified Prescribers
1000003565,CA,Family Practice,18333.399999999998,15815.0,9204225.51,20,8,0.0476,3309.0,1971.5,3413.8999999999996,3915.3999999999996,90.0,4487.099999999999,782.4,364.1,18.62,24.48,21.36,84.32,248.16,13787.9,75.21,0.0,Diversified Prescribers
1000003571,NY,Internal Medicine,14171.100000000002,12066.0,7177524.000000001,16,7,0.0368,0.0,823.5,3912.1000000000004,4555.5,23.6,1178.2,3280.7,397.5,27.61,8.31,32.15,19.42,76.14,10469.3,73.88,0.0,Diversified Prescribers
1000003591,PA,Endocrinology,10968.0,9492.0,8331871.31,19,8,0.0285,513.7,353.5,5613.099999999999,1390.0000000000002,30.6,2639.5,243.0,184.60000000000002,51.18,24.07,12.67,103.02,412.71,9996.099999999999,91.14,0.0,Diversified Prescribers
1000003626,CA,Endocrinology,2066.0,1813.0,932014.0100000001,18,8,0.0054,361.0,147.1,376.0,357.59999999999997,2.2,518.2,273.7,30.200000000000003,18.2,25.08,17.31,-21.86,49.66,1398.8999999999999,67.71,0.0,Diversified Prescribers
1000003627,IN,Nurse Practitioner,12911.699999999997,11242.0,6480842.989999999,17,6,0.0335,0.0,1675.6,1749.6,2871.0,104.1,4058.4000000000005,2453.0,0.0,13.55,31.43,22.24,145.59,5208.64,10354.6,80.2,0.0,Diversified Prescribers
1000003629,TX,Family Practice,4017.7,3496.0,1808896.5400000005,15,8,0.0104,575.5,544.0999999999999,899.6,341.9,28.4,728.0999999999999,834.1,66.0,22.39,18.12,8.51,-95.57,-93.03,2513.7,62.57,3.0,Low-Volume / Low-Growth Prescribers
1000003645,CA,Endocrinology,11965.7,10406.0,6859370.76,21,8,0.0311,1767.7,839.5,3994.7,1743.4,27.299999999999997,2220.6000000000004,1174.9,197.6,33.38,18.56,14.57,89.7,39.29,8798.2,73.53,0.0,Diversified Prescribers
1000003667,GA,Endocrinology,37270.7,32197.0,22920707.06,22,8,0.0968,3715.3999999999996,2170.2,14186.199999999999,6410.099999999999,196.4,5832.4,4342.1,417.9,38.06,15.65,17.2,53.27,139.06,28598.899999999998,76.73,1.0,High-Volume Core Prescribers
1000003669,TX,Internal Medicine,963.4000000000001,831.0,461367.59,13,7,0.0025,260.5,54.300000000000004,262.9,225.10000000000002,0.0,70.4,76.9,13.3,27.29,7.31,23.37,-1.79,-16.89,612.7,63.6,3.0,Low-Volume / Low-Growth Prescribers
1000003679,CA,Internal Medicine,1101.1999999999998,966.0,424698.61,14,6,0.0029,385.5,116.3,168.0,141.1,0.0,192.8,97.5,0.0,15.26,17.51,12.81,-63.6,205.32,618.2,56.14,3.0,Low-Volume / Low-Growth Prescribers
1000003681,TX,Endocrinology,10993.699999999997,9622.0,5469971.38,22,8,0.0286,2333.7000000000003,635.4,2737.3,1692.7,49.5,2410.8999999999996,1040.5,93.7,24.9,21.93,15.4,-55.74,-18.14,7476.299999999999,68.01,0.0,Diversified Prescribers
1000003690,MA,Family Practice,5368.3,4659.0,2271898.7,17,7,0.0139,1440.3,488.4,1073.6,1027.3999999999999,0.0,727.4000000000001,397.0,214.2,20.0,13.55,19.14,-39.67,-20.2,3316.8,61.78,0.0,Diversified Prescribers
1000003694,NY,Internal Medicine,4967.9,4310.0,2470637.8600000003,17,7,0.0129,986.9,486.7,1111.0,891.6000000000001,40.6,988.2,462.9,0.0,22.36,19.89,17.95,-38.97,46.17,3477.5,70.0,0.0,Diversified Prescribers
1000003699,CA,Internal Medicine,565.7,491.0,322016.64999999997,13,7,0.0015,0.0,98.5,152.9,226.1,1.1,41.0,28.7,17.4,27.03,7.25,39.97,-59.16,-79.22,518.5,91.66,3.0,Low-Volume / Low-Growth Prescribers
1000003701,NY,Family Practice,583.4,509.0,244233.52000000002,13,6,0.0015,92.3,90.30000000000001,98.89999999999999,84.6,0.0,96.80000000000001,120.5,0.0,16.95,16.59,14.5,-58.68,-70.44,370.6,63.52,3.0,Low-Volume / Low-Growth Prescribers
1000003707,CA,Internal Medicine,15784.1,13722.0,11214931.100000001,18,7,0.041,0.0,1169.0,6162.199999999999,3087.3999999999996,186.39999999999998,4029.5,882.0,267.6,39.04,25.53,19.56,-0.03,87.99,14448.099999999999,91.54,0.0,Diversified Prescribers
1000003710,TX,Endocrinology,1384.5999999999997,1216.0,731949.9000000001,16,6,0.0036,165.6,35.1,315.50000000000006,166.6,0.0,499.1,202.7,0.0,22.79,36.05,12.03,-34.74,19.79,1016.3000000000002,73.4,3.0,Low-Volume / Low-Growth Prescribers
1000003716,IL,Internal Medicine,964.3999999999999,841.0,545500.1699999999,16,7,0.0025,0.0,14.1,281.9,238.90000000000003,2.3,205.89999999999998,207.8,13.5,29.23,21.35,24.77,54.07,188.11,740.8,76.81,3.0,Low-Volume / Low-Growth Prescribers
1000003729,IL,Family Practice,880.5,774.0,585401.05,13,5,0.0023,0.0,35.7,265.5,290.5,0.0,248.59999999999997,40.2,0.0,30.15,28.23,32.99,56.79,255.01,840.3,95.43,3.0,Low-Volume / Low-Growth Prescribers
1000003770,FL,Internal Medicine,2877.3,2467.0,1282926.92,14,7,0.0075,547.7,327.4,650.0,386.20000000000005,15.3,490.20000000000005,460.5,0.0,22.59,17.04,13.42,-38.32,-64.84,1853.8,64.43,3.0,Low-Volume / Low-Growth Prescribers
1000003777,NY,Family Practice,19802.9,17085.0,6396371.020000001,16,7,0.0514,4735.9,936.0,304.2,5616.2,49.6,4467.3,3693.7,0.0,1.54,22.56,28.36,-16.45,-40.07,11323.7,57.18,0.0,Diversified Prescribers
1000003795,TN,Family Practice,29519.999999999993,25597.0,12695822.659999998,15,7,0.0767,0.0,3124.0,5774.4,6765.3,119.8,3866.5,8059.799999999999,1810.1999999999998,19.56,13.1,22.92,290.93,5.93,19530.2,66.16,1.0,High-Volume Core Prescribers
1000003796,OH,Internal Medicine,18934.2,16216.0,7656644.25,18,8,0.0492,2102.1,2291.2,2220.1,5749.5,97.5,2462.6,3811.7,199.5,11.73,13.01,30.37,24.75,-24.81,12723.4,67.2,0.0,Diversified Prescribers
1000003797,NC,Endocrinology,13474.499999999998,11951.0,8211658.719999999,20,7,0.035,1472.5,1114.1,4147.6,2644.2,0.0,3222.5,814.0999999999999,59.5,30.78,23.92,19.62,22.54,141.01,11128.400000000001,82.59,0.0,Diversified Prescribers
1000003808,NY,Endocrinology,13034.5,11467.0,7591570.66,21,8,0.0339,1712.7999999999997,224.2,3451.2000000000003,1385.8,25.6,5116.3,866.8,251.79999999999998,26.48,39.25,10.63,105.78,287.02,10177.5,78.08,0.0,Diversified Prescribers
1000003814,NY,Internal Medicine,780.8999999999999,689.0,328778.22000000003,14,6,0.002,196.9,68.4,131.8,183.7,0.0,109.2,90.9,0.0,16.88,13.98,23.52,37.28,9.17,493.09999999999997,63.15,3.0,Low-Volume / Low-Growth Prescribers
1000003843,PA,Internal Medicine,867.5999999999999,746.0,467499.64,15,8,0.0023,118.6,23.4,173.5,183.9,3.2,306.9,41.8,16.3,20.0,35.37,21.2,,328.89,687.6999999999999,79.26,,
1000003844,VA,Endocrinology,9161.4,7975.0,4076151.38,19,8,0.0238,1257.5,604.7,1797.7,1547.8999999999999,39.599999999999994,2044.8000000000002,1643.2,226.0,19.62,22.32,16.9,-54.27,-44.42,5995.099999999999,65.44,0.0,Diversified Prescribers
1000003870,TX,Internal Medicine,3996.5,3489.0,1439794.3900000001,15,8,0.0104,1151.2,71.10000000000001,807.2,1277.3,51.599999999999994,26.5,473.79999999999995,137.8,20.2,0.66,31.96,-97.63,-97.57,2182.1,54.6,3.0,Low-Volume / Low-Growth Prescribers
1000003875,NY,Internal Medicine,3237.7999999999997,2836.0,1856619.77,14,6,0.0084,539.0,174.6,781.4000000000001,1032.1,34.3,676.4,0.0,0.0,24.13,20.89,31.88,211.22,681.25,2664.5,82.29,3.0,Low-Volume / Low-Growth Prescribers
1000003876,TX,Endocrinology,14230.300000000001,12297.0,7991645.99,21,8,0.037,2261.9,374.5,4453.3,3053.4,80.1,2603.6,1280.6,122.9,31.29,18.3,21.46,-5.13,348.33,10484.8,73.68,0.0,Diversified Prescribers
1000003892,VA,Family Practice,643.4,564.0,207799.12999999998,13,6,0.0017,204.1,79.0,92.49999999999999,132.3,0.0,14.6,120.89999999999999,0.0,14.38,2.27,20.56,27.51,-14.72,318.4,49.49,3.0,Low-Volume / Low-Growth Prescribers
1000003897,PA,Family Practice,16602.800000000003,14374.0,8210963.780000001,17,8,0.0431,3746.1000000000004,175.7,5357.0,3720.3,41.7,994.9,2089.5,477.59999999999997,32.27,5.99,22.41,224.55,19.16,10247.9,61.72,0.0,Diversified Prescribers
1000003898,TN,Internal Medicine,16699.6,14694.0,6266814.349999999,17,8,0.0434,4851.5,1987.1,2432.2000000000003,5246.2,181.9,74.8,1592.7,333.2,14.56,0.45,31.42,-13.63,176.57,9740.3,58.33,0.0,Diversified Prescribers
1000003905,TX,Internal Medicine,4288.4,3644.0,3009305.33,16,7,0.0111,0.0,205.3,1697.1000000000001,762.5,19.7,1296.1,152.7,155.0,39.57,30.22,17.78,160.11,114.34,3961.0,92.37,0.0,Diversified Prescribers
1000003906,CA,Internal Medicine,3052.3999999999996,2662.0,1313052.36,14,7,0.0079,446.8,805.9000000000001,390.59999999999997,644.3,19.9,361.40000000000003,383.5,0.0,12.8,11.84,21.11,252.83,-14.75,2202.2,72.15,3.0,Low-Volume / Low-Growth Prescribers
1000003917,OH,Internal Medicine,6038.1,5315.0,2249317.3899999997,19,8,0.0157,2102.8,273.1,749.0,1219.6,51.0,1067.6999999999998,385.9,189.0,12.4,17.68,20.2,52.89,1015.4,3309.3999999999996,54.81,0.0,Diversified Prescribers
1000003926,CA,Family Practice,4462.0,3944.0,1989092.17,14,8,0.0116,358.6,256.7,818.4,960.9000000000001,36.099999999999994,877.7,1014.2,139.4,18.34,19.67,21.54,-3.46,32.49,2913.7,65.3,3.0,Low-Volume / Low-Growth Prescribers
1000003927,VA,Family Practice,5526.799999999999,4785.0,2607374.9400000004,16,7,0.0144,1127.9,440.40000000000003,959.6,1157.6000000000001,13.8,1351.8,475.7,0.0,17.36,24.46,20.95,78.27,47.12,3909.4000000000005,70.74,0.0,Diversified Prescribers
1000003933,MA,Internal Medicine,711.4,615.0,269225.22000000003,12,6,0.0018,230.2,34.599999999999994,133.3,201.20000000000002,0.0,49.2,62.9,0.0,18.74,6.92,28.28,47.71,135.13,418.3,58.8,3.0,Low-Volume / Low-Growth Prescribers
1000003941,TX,Nurse Practitioner,3674.700000000001,3199.0,921409.05,17,8,0.0095,1356.6,511.7,126.60000000000001,337.1,29.200000000000003,530.8,588.2,194.5,3.45,14.44,9.17,-53.77,-71.93,1506.1999999999998,40.99,3.0,Low-Volume / Low-Growth Prescribers
1000003963,AZ,Family Practice,570.0999999999999,503.0,216152.48000000004,11,6,0.0015,202.2,66.5,88.8,170.4,0.0,28.3,0.0,13.9,15.58,4.96,29.89,26.95,148.52,354.0,62.09,3.0,Low-Volume / Low-Growth Prescribers
1000003975,GA,Nurse Practitioner,4624.4,4038.0,2230649.9099999997,17,7,0.012,0.0,454.20000000000005,439.0,1909.3,28.9,1089.1999999999998,480.7,223.10000000000002,9.49,23.55,41.29,256.27,241.12,3891.7,84.16,0.0,Diversified Prescribers
1000004000,NY,Family Practice,43810.0,37824.0,22349791.500000004,20,8,0.1138,3651.2,2744.0,11464.400000000001,13586.9,276.9,3466.3999999999996,6950.200000000001,1670.0,26.17,7.91,31.01,30.97,23.26,31261.700000000004,71.36,1.0,High-Volume Core Prescribers
1000004003,VA,Endocrinology,1848.6000000000001,1610.0,921929.05,19,8,0.0048,117.1,110.30000000000001,242.1,429.19999999999993,1.1,679.4,252.49999999999997,16.9,13.1,36.75,23.22,292.48,62.02,1461.0,79.03,0.0,Diversified Prescribers
1000004005,MI,Internal Medicine,6093.700000000001,5320.0,3191979.27,19,8,0.0158,1110.1,391.5,1791.6,1503.5,23.6,725.7,470.2,77.5,29.4,11.91,24.67,95.4,20.61,4412.3,72.41,0.0,Diversified Prescribers
1000004057,OH,Endocrinology,2939.1,2541.0,1667998.75,19,7,0.0076,232.4,230.50000000000003,568.2,488.90000000000003,0.0,1202.5,203.6,13.0,19.33,40.91,16.63,-2.99,81.83,2490.1,84.72,0.0,Diversified Prescribers
1000004060,TX,Internal Medicine,15166.499999999998,13318.0,6514460.53,19,8,0.0394,1939.6,1385.8000000000002,1097.8,3927.8999999999996,112.9,4668.900000000001,1570.6999999999998,462.9,7.24,30.78,25.9,32.13,60.26,11080.400000000001,73.06,0.0,Diversified Prescribers
1000004061,MA,Internal Medicine,740.6999999999999,634.0,320714.1,14,7,0.0019,0.0,43.3,134.1,307.4,2.4,65.7,156.9,30.9,18.1,8.87,41.5,1550.0,-86.38,550.5,74.32,3.0,Low-Volume / Low-Growth Prescribers
1000004064,PA,Nurse Practitioner,1256.6,1091.0,394502.86999999994,14,7,0.0033,415.19999999999993,88.8,170.39999999999998,259.5,0.0,62.1,246.9,13.7,13.56,4.94,20.65,-11.91,194.49,580.8,46.22,3.0,Low-Volume / Low-Growth Prescribers
1000004080,FL,Family Practice,823.2,722.0,386341.58,15,6,0.0021,88.4,134.2,144.3,143.7,0.0,162.5,150.1,0.0,17.53,19.74,17.46,-87.86,-83.4,584.7,71.03,3.0,Low-Volume / Low-Growth Prescribers
1000004088,IL,Nurse Practitioner,3674.4000000000005,3285.0,1937067.4200000002,17,8,0.0095,438.4,449.4,755.9,392.20000000000005,42.0,1198.6,329.0,68.9,20.57,32.62,10.67,-50.42,-66.97,2796.1000000000004,76.1,0.0,Diversified Prescribers
1000004089,NC,Endocrinology,9735.999999999998,8419.0,5386004.34,22,8,0.0253,1087.8,581.4000000000001,2054.0,1854.8,25.799999999999997,3494.6,548.7,88.9,21.1,35.89,19.05,-77.39,-71.34,7984.8,82.01,0.0,Diversified Prescribers
1000004103,TX,Endocrinology,31068.700000000004,27264.0,16281467.880000003,18,8,0.0807,4645.9,2691.1,7580.7,7071.2,221.79999999999998,6245.099999999999,2177.6,435.29999999999995,24.4,20.1,22.76,65.82,14.61,23588.1,75.92,1.0,High-Volume Core Prescribers
1000004105,NY,Family Practice,4740.7,4143.0,2189283.79,16,8,0.0123,638.4,291.79999999999995,1025.5,959.1999999999999,14.4,732.8,967.4000000000001,111.19999999999999,21.63,15.46,20.23,7.02,211.98,3009.2999999999997,63.48,0.0,Diversified Prescribers
1000004115,VA,Internal Medicine,3044.100000000001,2698.0,1652092.63,15,6,0.0079,514.5,478.09999999999997,772.9000000000001,968.5,32.4,277.7,0.0,0.0,25.39,9.12,31.82,108.19,-58.13,2497.2,82.03,3.0,Low-Volume / Low-Growth Prescribers
1000004117,CA,Internal Medicine,5425.200000000001,4731.0,2297628.7,18,6,0.0141,511.0,845.0,521.8,1527.8,0.0,1020.4000000000001,999.1999999999999,0.0,9.62,18.81,28.16,87.25,-31.96,3915.0,72.16,0.0,Diversified Prescribers
1000004147,CA,Internal Medicine,5242.2,4689.0,2185076.7600000002,17,7,0.0136,1019.0999999999999,0.0,553.6,1855.3999999999999,14.8,1097.5,451.4,250.4,10.56,20.94,35.39,184.43,19.51,3506.5,66.89,0.0,Diversified Prescribers
1000004149,TX,Family Practice,17550.0,15179.0,7260107.359999999,19,8,0.0456,3831.2,1669.1,2811.9,4819.299999999999,101.1,1574.7000000000003,1920.1999999999998,822.5,16.02,8.97,27.46,11.15,141.79,10875.0,61.97,0.0,Diversified Prescribers
1000004151,NY,Endocrinology,1875.3999999999996,1630.0,1033294.2900000002,17,8,0.0049,242.6,114.39999999999999,461.3,516.7,2.5,394.79999999999995,107.80000000000001,35.3,24.6,21.05,27.55,-59.18,-16.62,1487.1999999999998,79.3,0.0,Diversified Prescribers
1000004152,TX,Family Practice,1001.9000000000001,867.0,453826.62,18,8,0.0026,110.8,70.4,204.8,282.6,1.2,108.0,206.3,17.8,20.44,10.78,28.21,-50.47,56.44,665.8000000000001,66.45,3.0,Low-Volume / Low-Growth Prescribers
1000004161,NY,Endocrinology,9333.4,8128.0,4373293.24,21,8,0.0242,1820.6,898.1,1417.9,1855.1999999999998,62.0,2411.3,571.9,296.4,15.19,25.84,19.88,43.48,130.1,6582.5,70.53,0.0,Diversified Prescribers
1000004162,CA,Internal Medicine,3385.6000000000004,2926.0,1685634.6600000001,16,7,0.0088,407.8,374.0,706.9000000000001,1073.2,0.0,491.9,195.6,136.2,20.88,14.53,31.7,286.61,146.81,2646.0,78.15,0.0,Diversified Prescribers
1000004164,IL,Family Practice,1046.6000000000001,888.0,534522.26,15,8,0.0027,212.8,40.1,304.99999999999994,187.1,6.800000000000001,167.89999999999998,91.7,35.2,29.14,16.04,17.88,-45.82,-38.98,700.0999999999999,66.89,3.0,Low-Volume / Low-Growth Prescribers
1000004171,CA,Cardiology,4828.300000000001,4218.0,3220884.97,18,7,0.0125,0.0,315.6,1450.1,755.3,15.1,1836.3,369.20000000000005,86.7,30.03,38.03,15.64,-13.17,234.69,4357.299999999999,90.25,0.0,Diversified Prescribers
1000004178,IL,Internal Medicine,955.3000000000001,824.0,389021.87,13,5,0.0025,110.8,0.0,69.2,394.5,0.0,216.7,164.1,0.0,7.24,22.68,41.3,212.58,50.8,680.4,71.22,3.0,Low-Volume / Low-Growth Prescribers
1000004185,OH,Family Practice,16778.0,14616.0,8556787.67,19,8,0.0436,1400.5,1397.1999999999998,3030.8,4242.2,204.79999999999998,4246.9,2098.5,157.1,18.06,25.31,25.28,-35.13,43.03,12917.099999999999,76.99,0.0,Diversified Prescribers
1000004192,FL,Internal Medicine,826.1999999999999,719.0,420066.83999999997,12,6,0.0021,174.89999999999998,36.400000000000006,185.4,206.09999999999997,0.0,172.3,51.1,0.0,22.44,20.85,24.95,0.97,185.81,600.2,72.65,3.0,Low-Volume / Low-Growth Prescribers
1000004204,FL,Endocrinology,10270.8,9036.0,6017024.78,21,8,0.0267,962.9,440.79999999999995,2896.2999999999997,1666.0,39.900000000000006,3213.4,891.2,160.3,28.2,31.29,16.22,-43.37,420.16,8216.5,80.0,0.0,Diversified Prescribers
1000004220,FL,Internal Medicine,4131.5,3588.0,2288096.74,15,7,0.0107,0.0,354.20000000000005,1041.4,1005.6,12.1,906.9000000000001,622.8,188.5,25.21,21.95,24.34,217.86,28.43,3308.1,80.07,0.0,Diversified Prescribers
1000004221,MI,Family Practice,39436.200000000004,34165.0,15898161.71,17,7,0.1024,4907.1,4485.7,2561.8,14122.899999999998,112.0,7178.9,6067.8,0.0,6.5,18.2,35.81,88.31,24.29,28349.3,71.89,1.0,High-Volume Core Prescribers
1000004222,TX,Nurse Practitioner,11754.7,10185.0,6459474.25,15,8,0.0305,1843.4,317.2,4241.3,1567.4,169.3,1574.3,1884.9,156.9,36.08,13.39,13.33,-4.34,27.21,7700.200000000001,65.51,0.0,Diversified Prescribers
1000004237,CA,Family Practice,4687.3,3988.0,1591110.3699999999,14,8,0.0122,1364.6999999999998,252.79999999999998,196.60000000000002,825.3,12.3,1326.8000000000002,613.1,95.7,4.19,28.31,17.61,32.92,66.61,2601.5,55.5,3.0,Low-Volume / Low-Growth Prescribers
1000004246,TX,Internal Medicine,791.9999999999999,693.0,319425.22000000003,13,8,0.0021,169.2,36.8,156.6,78.5,2.2,154.6,180.59999999999997,13.5,19.77,19.52,9.91,-70.49,-38.46,426.5,53.85,3.0,Low-Volume / Low-Growth Prescribers
1000004248,CA,Family Practice,4588.4,3993.0,1985354.9699999997,14,6,0.0119,1561.2000000000003,83.6,960.5999999999999,1568.4,0.0,352.59999999999997,0.0,62.0,20.94,7.68,34.18,341.17,-7.74,2965.2,64.62,3.0,Low-Volume / Low-Growth Prescribers
1000004256,TX,Nephrology,770.6,685.0,534291.74,12,5,0.002,0.0,0.0,304.0,121.2,0.0,239.6,88.4,17.4,39.45,31.09,15.73,204.04,123.94,664.8000000000001,86.27,3.0,Low-Volume / Low-Growth Prescribers
1000004260,CA,Endocrinology,13360.699999999997,11524.0,8021702.34,22,8,0.0347,1712.2,492.4,4597.8,1691.8,26.7,3361.8,1373.1,104.9,34.41,25.16,12.66,353.08,336.51,10143.8,75.92,0.0,Diversified Prescribers
1000004286,PA,Nurse Practitioner,19344.1,16841.0,7878881.35,18,8,0.0503,3126.5,817.1999999999999,3336.2,5979.799999999999,31.2,2063.1,3597.1,393.0,17.25,10.67,30.91,73.24,22.02,12196.3,63.05,0.0,Diversified Prescribers
1000004287,MI,Family Practice,1720.3,1497.0,837913.82,12,6,0.0045,0.0,341.40000000000003,98.5,670.4000000000001,33.099999999999994,420.29999999999995,156.6,0.0,5.73,24.43,38.97,91.06,1572.21,1530.6000000000001,88.97,3.0,Low-Volume / Low-Growth Prescribers
1000004293,GA,Nurse Practitioner,701.0,596.0,476935.48,9,5,0.0018,0.0,92.0,260.7,81.3,0.0,178.39999999999998,88.6,0.0,37.19,25.45,11.6,-23.89,81.03,612.3999999999999,87.36,3.0,Low-Volume / Low-Growth Prescribers
1000004297,PA,Endocrinology,12161.5,10538.0,6745241.930000001,22,8,0.0316,572.7,1390.7,2362.7,1752.5,32.8,4619.4,1217.0,213.7,19.43,37.98,14.41,40.35,38.62,10125.3,83.26,0.0,Diversified Prescribers
1000004309,CA,Family Practice,6148.199999999999,5336.0,2930817.67,14,6,0.016,1437.1000000000001,357.4,1101.3000000000002,1166.8,0.0,1616.4,469.2,0.0,17.91,26.29,18.98,-46.31,-35.7,4241.900000000001,68.99,3.0,Low-Volume / Low-Growth Prescribers
1000004310,TX,Internal Medicine,1098.1,944.0,478670.1099999999,16,7,0.0029,216.5,32.1,207.2,282.09999999999997,0.0,198.9,148.89999999999998,12.4,18.87,18.11,25.69,-51.98,-50.4,720.3,65.6,3.0,Low-Volume / Low-Growth Prescribers
1000004313,FL,Nurse Practitioner,4954.0,4308.0,1820064.1900000002,18,8,0.0129,1624.4,421.19999999999993,565.8,917.7,14.0,879.5999999999999,455.0,76.3,11.42,17.76,18.52,-61.44,120.41,2784.3,56.2,0.0,Diversified Prescribers
1000004317,FL,Endocrinology,9539.0,8344.0,4926954.859999999,20,8,0.0248,1111.9,330.8,2572.9000000000005,1768.2000000000003,31.700000000000003,2392.8,1124.0,206.7,26.97,25.08,18.54,-38.6,-48.6,7064.700000000001,74.06,0.0,Diversified Prescribers
1000004331,NY,Endocrinology,2148.3999999999996,1848.0,1027037.0699999998,19,8,0.0056,207.2,126.10000000000001,194.4,432.09999999999997,1.2,882.6999999999999,279.4,25.3,9.05,41.09,20.11,17.73,259.27,1635.2999999999997,76.12,0.0,Diversified Prescribers
1000004339,CA,Internal Medicine,916.8,801.0,551718.8300000001,15,6,0.0024,0.0,151.1,257.6,129.7,0.0,213.20000000000002,151.0,14.2,28.1,23.25,14.15,489.08,131.99,751.6000000000001,81.98,3.0,Low-Volume / Low-Growth Prescribers
1000004343,MA,Family Practice,4621.200000000001,3997.0,1560285.3699999999,17,8,0.012,1101.1,375.2,516.0999999999999,1439.6000000000001,38.699999999999996,332.70000000000005,659.8,158.0,11.17,7.2,31.15,-46.35,-60.67,2663.6000000000004,57.64,0.0,Diversified Prescribers
1000004346,IN,Family Practice,2919.4000000000005,2530.0,1405257.67,14,8,0.0076,606.6,159.8,898.6999999999999,550.0,28.9,125.8,459.6,90.0,30.78,4.31,18.84,5.63,-37.0,1734.3,59.41,3.0,Low-Volume / Low-Growth Prescribers
1000004352,CA,Internal Medicine,22367.199999999997,19095.0,7495411.01,19,7,0.0581,5203.0,1158.9,2215.5,5767.700000000001,73.9,2990.2,4958.0,0.0,9.91,13.37,25.79,132.68,-31.9,12132.300000000001,54.24,0.0,Diversified Prescribers
1000004360,PA,Endocrinology,2815.5,2415.0,1694782.6400000001,18,7,0.0073,477.6,62.900000000000006,913.0,425.3,0.0,789.9000000000001,131.0,15.8,32.43,28.06,15.11,55.41,341.24,2191.1000000000004,77.82,0.0,Diversified Prescribers
1000004366,NY,Endocrinology,2370.3,2074.0,1558494.2600000002,17,7,0.0062,321.7,61.4,940.2,413.40000000000003,0.0,520.1,83.8,29.7,39.67,21.94,17.44,297.24,172.69,1935.1000000000004,81.64,0.0,Diversified Prescribers
1000004391,TN,Internal Medicine,801.0,699.0,418894.72,15,7,0.0021,78.4,19.0,191.70000000000002,202.4,0.0,174.3,122.3,12.9,23.93,21.76,25.27,-38.4,-56.44,587.4,73.33,3.0,Low-Volume / Low-Growth Prescribers
1000004393,PA,Endocrinology,35979.4,31186.0,16251975.150000002,22,8,0.0935,7863.2,3208.0,7155.7,4951.2,203.39999999999998,7947.0,3993.7000000000003,657.2,19.89,22.09,13.76,-42.79,-43.89,23261.9,64.65,1.0,High-Volume Core Prescribers
1000004394,CA,Physician Assistant,871.8000000000001,750.0,491169.99,13,6,0.0023,88.4,113.5,134.3,203.7,0.0,291.9,40.0,0.0,15.4,33.48,23.37,-22.98,143.56,743.4000000000001,85.27,3.0,Low-Volume / Low-Growth Prescribers
1000004395,TX,Nurse Practitioner,633.3,549.0,283763.72000000003,12,6,0.0016,0.0,48.8,34.3,253.3,0.0,159.9,116.4,20.6,5.42,25.25,40.0,28.52,,496.3,78.37,3.0,Low-Volume / Low-Growth Prescribers
1000004398,CA,Endocrinology,1684.2,1452.0,1090318.3399999999,16,6,0.0044,0.0,134.4,565.9,303.70000000000005,0.0,513.9,122.4,43.900000000000006,33.6,30.51,18.03,-42.19,-7.5,1517.9,90.13,0.0,Diversified Prescribers
1000004406,NC,Physician Assistant,3334.8999999999996,2981.0,1519136.4000000004,15,7,0.0087,407.1,476.09999999999997,744.7,1045.8,0.0,164.6,448.29999999999995,48.3,22.33,4.94,31.36,9.02,0.96,2431.2,72.9,3.0,Low-Volume / Low-Growth Prescribers
1000004409,VA,Internal Medicine,16201.400000000001,14330.0,7156137.500000001,17,8,0.0421,1299.4,1544.0,1554.9,4238.200000000001,86.2,4709.4,1623.0,1146.3000000000002,9.6,29.07,26.16,-24.74,-15.79,12046.5,74.35,0.0,Diversified Prescribers
1000001812,NC,Internal Medicine,731.1999999999999,631.0,238527.99000000002,12,8,0.0019,270.3,30.1,111.0,155.0,2.1,66.2,77.8,18.7,15.18,9.05,21.2,,,362.29999999999995,49.55,,
1000004056,CA,Family Practice,748.3,660.0,440524.0800000001,13,6,0.0019,0.0,47.1,283.3,204.8,0.0,46.0,127.3,39.8,37.86,6.15,27.37,,,581.2,77.67,,
1000004421,CA,Physician Assistant,651.3,561.0,386870.61,15,6,0.0017,0.0,100.3,201.7,197.29999999999998,0.0,73.0,65.80000000000001,13.2,30.97,11.21,30.29,-32.83,-56.65,572.3,87.87,3.0,Low-Volume / Low-Growth Prescribers
1000004423,TN,Family Practice,5075.199999999999,4490.0,2669706.5700000003,18,8,0.0132,441.1,196.2,1450.1999999999998,1086.0,15.2,894.9999999999999,930.3,61.2,28.57,17.63,21.4,258.53,31.29,3627.3999999999996,71.47,0.0,Diversified Prescribers
1000004425,OH,Internal Medicine,17215.399999999998,15044.0,5004480.65,15,8,0.0447,4009.1,749.8000000000001,808.9000000000001,6983.3,19.8,1021.4,3132.6000000000004,490.5,4.7,5.93,40.56,197.09,76.57,9563.400000000001,55.55,0.0,Diversified Prescribers
1000004451,TN,Family Practice,2786.4,2414.0,864385.6600000001,16,7,0.0072,0.0,192.5,244.2,475.70000000000005,11.6,511.9,1206.3,144.2,8.76,18.37,17.07,179.43,50.42,1424.3,51.12,3.0,Low-Volume / Low-Growth Prescribers
1000004456,NC,Family Practice,669.7,583.0,395367.91000000003,15,6,0.0017,0.0,47.300000000000004,207.0,221.29999999999998,0.0,90.5,91.0,12.6,30.91,13.51,33.04,569.92,14.37,566.1,84.53,3.0,Low-Volume / Low-Growth Prescribers
1000004468,OH,Physician Assistant,974.3000000000001,837.0,332223.23,18,8,0.0025,345.1,47.0,153.5,272.4,1.2,50.0,90.6,14.5,15.75,5.13,27.96,41.13,21.25,522.9,53.67,3.0,Low-Volume / Low-Growth Prescribers
1000004471,OH,Nephrology,3816.3999999999996,3314.0,2366379.4000000004,17,7,0.0099,0.0,492.59999999999997,1210.2,370.4,16.7,1030.6999999999998,640.5,55.3,31.71,27.01,9.71,-95.85,-85.35,3103.8999999999996,81.33,0.0,Diversified Prescribers
1000004480,MI,Endocrinology,8799.7,7757.0,3927993.76,20,8,0.0229,2180.7,455.40000000000003,1757.5,1587.0,12.3,1874.1999999999998,683.7,248.89999999999998,19.97,21.3,18.03,9.26,86.29,5674.1,64.48,0.0,Diversified Prescribers
1000004489,OH,Family Practice,4591.5,3988.0,2621169.33,16,6,0.0119,0.0,534.3,1193.0,1843.4,0.0,521.4,289.5,209.9,25.98,11.36,40.15,68.45,130.88,4092.1,89.12,0.0,Diversified Prescribers
1000004490,TX,Internal Medicine,18869.100000000002,16395.0,10054871.14,20,8,0.049,1596.1,1205.2,4836.0,4404.700000000001,44.3,3425.3999999999996,3170.5,186.9,25.63,18.15,23.34,338.69,78.46,13871.300000000001,73.51,0.0,Diversified Prescribers
1000004494,FL,Family Practice,4945.5,4300.0,2238195.7600000002,18,7,0.0128,566.5,474.9,974.9,1475.2,24.200000000000003,327.9,1101.9,0.0,19.71,6.63,29.83,4.35,425.92,3252.8999999999996,65.77,0.0,Diversified Prescribers
1000004496,TX,Internal Medicine,17644.8,15282.0,9403776.37,18,8,0.0458,2050.4,285.2,4057.5000000000005,5583.099999999999,130.2,3826.9,1307.3,404.2,23.0,21.69,31.64,19752.96,131.42,13752.7,77.94,2.0,Moderate-Volume Prescribers (Segment 2)
1000000007,CA,Nurse Practitioner,4189.2,3634.0,1958542.6,17,8,0.0109,435.5,424.79999999999995,719.0999999999999,1125.3999999999999,27.4,702.0,707.2,47.8,17.17,16.76,26.86,-61.81,11.05,2971.2999999999997,70.93,0.0,Diversified Prescribers
1000000010,TX,Endocrinology,2465.0,2107.0,1161498.5999999999,21,8,0.0064,352.4,149.5,399.1,439.29999999999995,2.1,827.0,264.6,31.0,16.19,33.55,17.82,-28.01,-39.18,1814.8999999999999,73.63,0.0,Diversified Prescribers
1000000022,MA,Internal Medicine,5014.4,4447.0,2688372.9299999997,18,8,0.013,643.5,376.6,1425.8,1076.3000000000002,28.6,726.3,574.9,162.4,28.43,14.48,21.46,-18.17,175.85,3605.0,71.89,0.0,Diversified Prescribers
1000000026,MI,Internal Medicine,4296.2,3793.0,1581435.6400000001,16,7,0.0112,1084.6,179.7,326.79999999999995,1054.1,11.3,1091.5,548.2,0.0,7.61,25.41,24.54,-63.59,14.14,2652.1,61.73,0.0,Diversified Prescribers
1000000027,IN,Internal Medicine,874.4999999999998,784.0,367930.12,12,6,0.0023,81.3,28.0,126.4,404.5,0.0,61.3,173.0,0.0,14.45,7.01,46.26,-32.19,-7.88,620.2,70.92,3.0,Low-Volume / Low-Growth Prescribers
1000000035,OH,Family Practice,6067.7,5348.0,2782565.05,19,8,0.0158,1033.0,456.0,696.5999999999999,1277.7,27.299999999999997,2005.0,495.8,76.3,11.48,33.04,21.06,-17.7,-32.92,4435.3,73.1,0.0,Diversified Prescribers
1000000049,AZ,Internal Medicine,5500.5,4715.0,2564141.9999999995,20,8,0.0143,1311.6,719.8,968.0999999999999,1186.4,7.5,820.8,366.5,119.8,17.6,14.92,21.57,367.65,93.57,3695.1,67.18,0.0,Diversified Prescribers
1000000052,TX,Physician Assistant,663.5,573.0,248295.15,14,7,0.0017,110.7,85.5,54.6,222.3,0.0,88.8,85.4,16.2,8.23,13.38,33.5,-24.81,-69.43,451.20000000000005,68.0,3.0,Low-Volume / Low-Growth Prescribers
1000000054,PA,Family Practice,5294.400000000001,4597.0,2717065.89,18,6,0.0138,599.7,460.20000000000005,865.3,1457.6,0.0,1530.6,381.0,0.0,16.34,28.91,27.53,-84.9,-70.63,4313.699999999999,81.48,0.0,Diversified Prescribers
1000000067,TX,Family Practice,5277.700000000001,4642.0,2395583.71,18,8,0.0137,997.5,135.8,1078.1,1488.1,34.4,731.0999999999999,655.6,157.1,20.43,13.85,28.2,386.08,132.71,3433.0999999999995,65.05,0.0,Diversified Prescribers
1000000069,TN,Cardiology,899.9000000000001,765.0,482215.8,11,7,0.0023,272.1,42.6,277.4,194.2,2.3,98.3,0.0,13.0,30.83,10.92,21.58,-9.33,773.15,612.5,68.06,3.0,Low-Volume / Low-Growth Prescribers
1000000074,MI,Family Practice,997.0,869.0,372263.54,16,7,0.0026,141.1,80.60000000000001,96.3,312.3,0.0,145.10000000000002,195.3,26.3,9.66,14.55,31.32,-61.24,-59.45,634.3000000000001,63.62,3.0,Low-Volume / Low-Growth Prescribers
1000000076,NY,Family Practice,15436.599999999999,13330.0,6565907.780000001,17,7,0.0401,3941.3,1305.4,3177.7999999999997,3103.8999999999996,0.0,1732.3000000000002,1926.3,249.6,20.59,11.22,20.11,47.61,433.48,9319.4,60.37,0.0,Diversified Prescribers
1000000077,TX,Endocrinology,37309.8,32354.0,20357602.259999998,22,8,0.0969,2963.9,3303.5,9676.7,8501.0,111.6,8400.7,3401.8,950.5999999999999,25.94,22.52,22.78,0.98,141.34,29881.9,80.09,1.0,High-Volume Core Prescribers
1000000084,GA,Internal Medicine,516.6999999999999,454.0,278625.01,13,6,0.0013,0.0,50.3,142.9,200.5,0.0,14.4,82.2,26.4,27.66,2.79,38.8,-25.99,106.01,408.1,78.98,3.0,Low-Volume / Low-Growth Prescribers
1000000100,TX,Endocrinology,11049.3,9622.0,7254842.039999999,21,7,0.0287,494.2,888.2,4195.7,1760.6,48.2,2738.1000000000004,924.3,0.0,37.97,24.78,15.93,170.04,303.64,9582.6,86.73,0.0,Diversified Prescribers
1000000104,MI,Nurse Practitioner,556.4999999999999,484.0,281269.49000000005,13,6,0.0014,0.0,58.5,105.5,107.20000000000002,0.0,151.4,123.0,10.9,18.96,27.21,19.26,-61.62,-26.35,422.6,75.94,3.0,Low-Volume / Low-Growth Prescribers
1000000109,NY,Endocrinology,10258.5,8782.0,4866744.75,21,8,0.0267,1479.1,592.5999999999999,2001.2000000000003,1373.3000000000002,50.9,3137.8,1545.5,78.1,19.51,30.59,13.39,253.67,40.24,7104.900000000001,69.26,0.0,Diversified Prescribers
1000000118,FL,Nurse Practitioner,16424.9,14451.0,7607301.469999999,21,8,0.0427,1822.2,937.2,3333.4,4488.0,153.2,2499.5,2997.9,193.5,20.29,15.22,27.32,-90.33,-84.3,11258.099999999999,68.54,0.0,Diversified Prescribers
1000000125,GA,Internal Medicine,33491.700000000004,29173.0,14316304.649999999,16,8,0.087,7276.4,4159.7,5083.7,2751.2,386.1,8630.9,4753.700000000001,450.0,15.18,25.77,8.21,-48.79,-67.46,20625.5,61.58,1.0,High-Volume Core Prescribers
1000000139,AZ,Cardiology,4599.599999999999,3948.0,2240331.62,15,7,0.0119,0.0,164.0,365.4,2051.7000000000003,15.9,1404.8000000000002,445.8,152.0,7.94,30.54,44.61,-50.06,-42.94,3985.9000000000005,86.66,0.0,Diversified Prescribers
1000000147,TX,Internal Medicine,3679.399999999999,3220.0,1926869.55,13,5,0.0096,0.0,624.6,525.5999999999999,1088.1,0.0,918.0,523.0999999999999,0.0,14.28,24.95,29.57,-39.15,-51.7,3156.2999999999997,85.78,3.0,Low-Volume / Low-Growth Prescribers
1000000151,GA,Internal Medicine,3460.0,3042.0,1196400.87,16,7,0.009,910.8,451.0,470.29999999999995,505.0,0.0,350.8,670.7,101.4,13.59,10.14,14.6,40.14,185.0,1777.1,51.36,3.0,Low-Volume / Low-Growth Prescribers
1000000156,TN,Family Practice,16654.1,14342.0,6689216.460000001,19,8,0.0433,2466.9,1442.3000000000002,2025.3,5853.3,158.9,1490.0000000000002,3032.6,184.8,12.16,8.95,35.15,-47.76,59.76,10810.900000000001,64.91,0.0,Diversified Prescribers
1000000158,TX,Internal Medicine,4887.200000000001,4314.0,2512454.71,17,7,0.0127,1044.0,280.70000000000005,1398.6,580.0,7.9,932.7,643.3,0.0,28.62,19.08,11.87,-51.73,-27.92,3192.0,65.31,0.0,Diversified Prescribers
1000000160,IL,Internal Medicine,21822.399999999998,18976.0,11128639.86,17,7,0.0567,5314.6,1276.9,6101.0,2190.8,0.0,4534.6,2126.0,278.5,27.96,20.78,10.04,315.29,319.92,14103.3,64.63,0.0,Diversified Prescribers
1000000170,NY,Family Practice,780.8,670.0,409753.64,15,6,0.002,0.0,61.0,166.2,269.79999999999995,0.0,143.3,112.8,27.7,21.29,18.35,34.55,-70.82,-79.95,640.3,82.01,3.0,Low-Volume / Low-Growth Prescribers
1000000175,MA,Endocrinology,1970.8999999999996,1710.0,1026499.61,18,7,0.0051,280.0,122.4,507.9,355.5,0.0,463.5,226.8,14.8,25.77,23.52,18.04,11.52,53.14,1449.3,73.53,0.0,Diversified Prescribers
1000000180,FL,Internal Medicine,3623.7999999999997,3101.0,1530105.89,15,6,0.0094,0.0,253.3,453.9,1328.5,35.6,558.6,993.9,0.0,12.53,15.41,36.66,50.59,221.62,2594.3,71.59,3.0,Low-Volume / Low-Growth Prescribers
1000000186,CA,Family Practice,2380.7000000000003,2095.0,958584.6600000001,13,6,0.0062,600.0,329.8,172.5,422.29999999999995,0.0,677.2,178.9,0.0,7.25,28.45,17.74,-56.81,-12.65,1601.8,67.28,3.0,Low-Volume / Low-Growth Prescribers
1000000194,PA,Internal Medicine,16188.9,14162.0,6691037.130000001,18,8,0.0421,4411.6,2318.2,1534.8000000000002,3694.6000000000004,58.9,3202.7999999999997,771.4,196.6,9.48,19.78,22.82,152.35,504.05,10750.400000000001,66.41,0.0,Diversified Prescribers
1000000197,PA,Nurse Practitioner,23928.3,21039.0,10958112.520000001,12,7,0.0622,5390.7,0.0,3819.8999999999996,4873.6,220.5,7499.6,1049.9,1074.1,15.96,31.34,20.37,-15.92,60.54,16193.1,67.67,0.0,Diversified Prescribers
1000000204,NY,Family Practice,17068.9,14959.0,8460483.280000001,20,8,0.0443,1609.2,1145.1,4186.900000000001,4066.4000000000005,247.8,2526.9,2412.5,874.1,24.53,14.8,23.82,684.71,102.94,11925.300000000003,69.87,0.0,Diversified Prescribers
1000000205,NY,Endocrinology,2032.3999999999996,1757.0,1076782.54,19,8,0.0053,197.2,115.69999999999999,333.1,280.2,2.2,872.4,199.29999999999998,32.3,16.39,42.92,13.79,138.62,141.66,1601.4,78.79,0.0,Diversified Prescribers
1000000223,NY,Internal Medicine,607.5,535.0,312819.05,12,7,0.0016,96.4,49.800000000000004,195.5,89.9,0.0,64.8,96.7,14.4,32.18,10.67,14.8,-48.52,-31.32,400.0,65.84,3.0,Low-Volume / Low-Growth Prescribers
1000000227,TN,Internal Medicine,10201.7,9244.0,2859130.32,13,7,0.0265,3688.5,85.9,931.6,3680.8,121.9,83.7,1609.3000000000002,0.0,9.13,0.82,36.08,64.91,384.02,4782.0,46.87,3.0,Low-Volume / Low-Growth Prescribers
1000000232,GA,Family Practice,16314.599999999997,13809.0,7267867.41,20,8,0.0424,1784.4,1759.5,2102.9,3419.7999999999997,122.0,4007.2,2848.1,270.7,12.89,24.56,20.96,-63.16,720.8,11289.4,69.2,0.0,Diversified Prescribers
1000000235,CA,Family Practice,430.1,373.0,237921.51,11,5,0.0011,0.0,47.2,120.3,100.8,0.0,54.3,107.5,0.0,27.97,12.62,23.44,20.0,372.0,322.6,75.01,3.0,Low-Volume / Low-Growth Prescribers
1000000239,OH,Endocrinology,10519.399999999998,9073.0,6217519.280000001,21,8,0.0273,853.0,455.20000000000005,3053.6000000000004,1803.6,12.9,3234.2,894.3,212.60000000000002,29.03,30.75,17.15,-9.5,-6.39,8546.6,81.25,0.0,Diversified Prescribers
1000000241,CA,Physician Assistant,4950.8,4289.0,2635655.27,16,7,0.0129,495.4,863.3000000000001,1154.7,840.5999999999999,0.0,803.6,715.8,77.4,23.32,16.23,16.98,50.14,56.1,3662.2000000000003,73.97,0.0,Diversified Prescribers
1000000251,PA,Internal Medicine,4723.000000000001,4084.0,1685090.86,17,7,0.0123,647.5,365.9,252.70000000000002,1658.1999999999998,0.0,684.8,944.1999999999999,169.7,5.35,14.5,35.11,-6.55,249.34,2961.6,62.71,0.0,Diversified Prescribers
1000000256,CA,Physician Assistant,690.2,599.0,375451.05000000005,10,5,0.0018,137.1,115.8,149.4,138.4,0.0,149.5,0.0,0.0,21.65,21.66,20.05,331.27,40.22,553.1,80.14,3.0,Low-Volume / Low-Growth Prescribers
1000000257,MI,Family Practice,935.4000000000002,829.0,461309.71,15,7,0.0024,107.1,115.2,135.3,249.5,4.6,244.6,79.1,0.0,14.46,26.15,26.67,-42.21,-42.28,744.5999999999999,79.6,3.0,Low-Volume / Low-Growth Prescribers
1000000258,PA,Family Practice,17396.1,15262.0,7008307.76,17,8,0.0452,3470.6000000000004,128.6,2069.0,3134.7000000000003,179.5,5143.1,3054.0,216.6,11.89,29.56,18.02,92.93,84.27,10475.400000000001,60.22,0.0,Diversified Prescribers
1000000259,VA,Endocrinology,1528.0000000000002,1334.0,725237.0599999998,18,8,0.004,131.6,129.7,318.90000000000003,355.3,2.2,323.0,243.70000000000002,23.6,20.87,21.14,23.25,-62.21,-75.3,1126.9,73.75,0.0,Diversified Prescribers
1000000262,MI,Endocrinology,10802.4,9479.0,5058561.71,19,7,0.0281,1806.0,1066.4,1825.6,1930.3,0.0,2891.3,1147.1,135.7,16.9,26.77,17.87,-45.75,13.16,7713.599999999999,71.41,0.0,Diversified Prescribers
1000000263,TX,Internal Medicine,2533.9,2272.0,1593401.93,15,6,0.0066,396.9,329.9,907.0,365.49999999999994,12.1,522.5,0.0,0.0,35.79,20.62,14.42,-72.0,-75.05,2124.9,83.86,3.0,Low-Volume / Low-Growth Prescribers
1000000264,IL,Nurse Practitioner,16483.200000000004,14434.0,6250023.380000001,15,7,0.0428,4115.9,317.9,2666.9,2951.7,91.1,3161.6000000000004,3178.1,0.0,16.18,19.18,17.91,1.97,-21.25,9098.099999999999,55.2,0.0,Diversified Prescribers
1000000276,CA,Family Practice,1003.2999999999998,885.0,331661.79,16,7,0.0026,366.4,52.5,171.3,189.3,0.0,38.2,171.7,13.9,17.07,3.81,18.87,29.97,210.63,451.3,44.98,3.0,Low-Volume / Low-Growth Prescribers
1000000279,TX,Family Practice,867.3,751.0,311302.25,17,7,0.0023,135.1,69.7,83.7,213.3,0.0,140.8,209.1,15.6,9.65,16.23,24.59,-47.99,-33.36,507.5,58.51,3.0,Low-Volume / Low-Growth Prescribers
1000000281,TX,Internal Medicine,15034.600000000002,12987.0,5941480.399999999,13,7,0.0391,4237.3,708.1,1192.8000000000002,3932.2,176.7,3785.6000000000004,1001.9,0.0,7.93,25.18,26.15,387.44,-54.52,9618.7,63.98,0.0,Diversified Prescribers
1000000288,PA,Internal Medicine,2723.6,2342.0,1901345.6600000001,13,6,0.0071,0.0,214.7,1128.8,811.2,33.6,331.4,203.9,0.0,41.45,12.17,29.78,6.53,1990.43,2486.1,91.28,3.0,Low-Volume / Low-Growth Prescribers
1000000296,TX,Family Practice,18871.600000000002,16615.0,10754161.849999998,18,6,0.049,0.0,2216.3,5028.1,4259.4,73.4,3947.5,3346.9,0.0,26.64,20.92,22.57,8.0,46.51,15451.300000000001,81.88,0.0,Diversified Prescribers
1000000308,TX,Family Practice,473.79999999999995,412.0,174400.58000000002,9,6,0.0012,103.9,32.4,74.19999999999999,65.5,0.0,88.1,109.7,0.0,15.66,18.59,13.82,-30.23,-34.17,260.2,54.92,3.0,Low-Volume / Low-Growth Prescribers
1000000311,TN,Endocrinology,2218.3,1922.0,1263905.7,19,7,0.0058,338.3,125.5,761.5,297.79999999999995,0.0,445.7,213.7,35.8,34.33,20.09,13.42,-66.68,23.33,1630.5,73.5,0.0,Diversified Prescribers
1000000315,IN,Family Practice,667.0,575.0,322902.71,15,8,0.0017,120.5,114.4,131.9,192.29999999999998,2.3,48.0,42.0,15.6,19.78,7.2,28.83,-24.32,364.74,486.6,72.95,3.0,Low-Volume / Low-Growth Prescribers
1000000318,MA,Endocrinology,9550.3,8298.0,4921455.5,21,8,0.0248,1601.8,612.3000000000001,2278.7,1358.6000000000001,12.4,2629.9,960.4,96.19999999999999,23.86,27.54,14.23,6.92,-11.2,6879.500000000001,72.03,0.0,Diversified Prescribers
1000000332,NC,Endocrinology,7485.5,6504.0,4417624.66,20,8,0.0194,1000.0,309.3,2477.9,1349.9,26.700000000000003,1838.1,354.8,128.8,33.1,24.56,18.03,15.81,45.03,5975.200000000001,79.82,0.0,Diversified Prescribers
1000000333,TX,Endocrinology,10979.000000000002,9496.0,5350343.83,20,8,0.0285,1589.7,696.5,1917.4,2297.2,23.3,3145.0999999999995,952.1,357.7,17.46,28.65,20.92,-44.12,126.64,8056.2,73.38,0.0,Diversified Prescribers
1000000346,IN,Family Practice,8691.8,7522.0,3747673.23,12,6,0.0226,0.0,1812.1,0.0,2701.2999999999997,37.2,2740.2999999999997,799.4,601.5,0.0,31.53,31.08,26.1,14.45,7253.699999999999,83.45,3.0,Low-Volume / Low-Growth Prescribers
1000000377,GA,Endocrinology,12221.5,10539.0,8115294.550000001,20,8,0.0317,690.6,869.6,4001.7,2238.5,38.3,3722.1000000000004,609.1,51.6,32.74,30.46,18.32,314.79,194.65,10831.9,88.63,0.0,Diversified Prescribers
1000000378,NY,Family Practice,15701.7,13706.0,6765227.289999999,19,7,0.0408,4461.2,807.3,2352.3999999999996,4685.0,202.8,2754.7,0.0,438.29999999999995,14.98,17.54,29.84,-66.35,31.5,10599.4,67.5,0.0,Diversified Prescribers
1000000381,PA,Family Practice,776.3,686.0,345782.02,17,7,0.002,106.0,77.7,91.3,195.39999999999998,2.2,187.1,116.6,0.0,11.76,24.1,25.17,-15.3,20.49,551.5,71.04,3.0,Low-Volume / Low-Growth Prescribers
1000000390,FL,Nephrology,11481.3,10006.0,6891096.8100000005,17,7,0.0298,0.0,434.0,3412.8,4285.9,123.19999999999999,1819.0,1188.8,217.6,29.72,15.84,37.33,-25.5,15.35,9951.7,86.68,0.0,Diversified Prescribers
1000000391,CA,Internal Medicine,27744.8,24184.0,13667178.250000002,14,7,0.0721,5129.4,2156.4,9338.7,6467.9,159.8,184.7,4307.9,0.0,33.66,0.67,23.31,-62.43,-22.52,18147.7,65.41,1.0,High-Volume Core Prescribers
1000000392,OH,Internal Medicine,1063.5,921.0,567860.5599999999,16,6,0.0028,0.0,80.0,163.7,331.0,0.0,337.1,124.19999999999999,27.5,15.39,31.7,31.12,-13.14,31.62,911.8,85.74,3.0,Low-Volume / Low-Growth Prescribers
1000000401,PA,Nurse Practitioner,890.3,770.0,535180.94,15,5,0.0023,0.0,88.4,267.40000000000003,204.1,0.0,170.0,160.4,0.0,30.03,19.09,22.92,118.57,94.95,729.9000000000001,81.98,3.0,Low-Volume / Low-Growth Prescribers
1000000411,IL,Physician Assistant,4295.599999999999,3721.0,1933997.4000000001,15,7,0.0112,936.5,344.3,523.9,963.4,30.799999999999997,1282.5,214.2,0.0,12.2,29.86,22.43,-4.28,251.26,3114.1000000000004,72.5,0.0,Diversified Prescribers
1000000421,MI,Family Practice,3053.7,2617.0,1590575.87,12,6,0.0079,0.0,482.3,397.2,771.1999999999999,0.0,923.3,167.9,311.79999999999995,13.01,30.24,25.25,-60.33,-45.07,2574.0,84.29,3.0,Low-Volume / Low-Growth Prescribers
1000000424,CA,Endocrinology,35245.5,30539.0,18466862.739999995,22,8,0.0916,3820.2000000000003,3188.1,8346.6,7245.199999999999,108.0,8789.8,3490.9,256.7,23.68,24.94,20.56,-71.49,-73.61,27569.699999999997,78.22,1.0,High-Volume Core Prescribers
1000000435,FL,Family Practice,1164.8999999999999,996.0,533052.7000000001,15,6,0.003,226.6,66.6,195.2,292.3,0.0,233.2,151.0,0.0,16.76,20.02,25.09,-54.67,95.05,787.3,67.59,3.0,Low-Volume / Low-Growth Prescribers
1000000469,NY,Physician Assistant,611.7999999999998,535.0,203300.31,14,6,0.0016,71.2,86.7,47.300000000000004,194.79999999999998,0.0,31.7,180.10000000000002,0.0,7.73,5.18,31.84,-48.89,-66.1,360.5,58.92,3.0,Low-Volume / Low-Growth Prescribers
1000000489,MI,Nurse Practitioner,997.4000000000001,881.0,445408.79,14,8,0.0026,189.0,97.2,201.6,178.6,2.2,147.7,155.7,25.4,20.21,14.81,17.91,-64.19,-21.43,625.0999999999999,62.67,3.0,Low-Volume / Low-Growth Prescribers
1000000490,VA,Internal Medicine,4617.8,3924.0,2642562.8899999997,17,7,0.012,702.3,357.2,1610.3,610.1,0.0,955.8,329.1,53.0,34.87,20.7,13.21,11.05,2.02,3533.3999999999996,76.52,0.0,Diversified Prescribers
1000000497,FL,Endocrinology,12627.1,10889.0,7422895.610000001,22,8,0.0328,1087.2,724.9000000000001,3286.9000000000005,1419.3,23.6,4653.9,1245.8,185.5,26.03,36.86,11.24,219.36,53.7,10085.0,79.87,0.0,Diversified Prescribers
1000000498,AZ,Cardiology,33186.399999999994,28789.0,19858165.400000002,19,8,0.0862,3221.8,4264.8,10446.5,7523.700000000001,163.4,4851.200000000001,1544.6,1170.4,31.48,14.62,22.67,-13.61,308.07,27086.2,81.62,1.0,High-Volume Core Prescribers
1000000505,CA,Endocrinology,10299.0,8946.0,5340617.109999999,18,7,0.0268,552.8,273.8,1553.0,1133.8,0.0,4918.0,1795.1999999999998,72.4,15.08,47.75,11.01,-6.95,105.4,7878.6,76.5,0.0,Diversified Prescribers
1000000508,TX,Physician Assistant,1013.6000000000001,879.0,428404.1599999999,17,7,0.0026,235.5,109.70000000000002,125.1,139.7,0.0,247.7,104.6,51.3,12.34,24.44,13.78,-29.51,-36.31,622.2,61.39,3.0,Low-Volume / Low-Growth Prescribers
1000000514,TX,Endocrinology,11919.699999999997,10371.0,6823613.910000001,21,8,0.031,415.1,1178.9,3099.0,2307.0,23.2,3335.5999999999995,1350.1000000000001,210.79999999999998,26.0,27.98,19.35,-72.03,-28.06,9920.5,83.23,0.0,Diversified Prescribers
1000000515,TX,Endocrinology,2985.3999999999996,2571.0,1823569.9300000002,20,8,0.0078,386.2,152.2,1091.5,390.20000000000005,3.7,647.0,273.0,41.6,36.56,21.67,13.07,45.3,48.75,2280.9,76.4,0.0,Diversified Prescribers
1000000516,CA,Internal Medicine,4145.1,3570.0,1771115.8299999996,20,7,0.0108,404.9,400.3,791.1999999999999,1197.5,15.3,444.8,891.1,0.0,19.09,10.73,28.89,-94.04,-95.92,2833.8,68.37,0.0,Diversified Prescribers
1000000519,TN,Endocrinology,2460.6000000000004,2166.0,1284632.8599999999,20,8,0.0064,375.0,207.6,651.4,422.7,1.1,476.3,268.2,58.3,26.47,19.36,17.18,84.68,39.16,1758.0,71.45,0.0,Diversified Prescribers
1000000537,VA,Internal Medicine,17616.000000000004,15259.0,6550923.700000001,16,8,0.0458,3816.5,1159.2,955.6,4935.9,30.2,4425.400000000001,1847.1,446.1,5.42,25.12,28.02,-52.52,-86.82,11476.1,65.15,0.0,Diversified Prescribers
1000000546,PA,Endocrinology,2109.7,1845.0,1184874.8699999999,20,8,0.0055,176.5,107.7,466.5,393.3,3.7,734.9,199.7,27.4,22.11,34.83,18.64,24.05,99.63,1702.4,80.69,0.0,Diversified Prescribers
1000000558,IL,Family Practice,4604.800000000001,4063.0,1525573.78,13,7,0.012,1811.3000000000002,70.0,311.7,630.4,0.0,1273.9,401.8,105.7,6.77,27.66,13.69,-41.27,11.18,2286.0,49.64,3.0,Low-Volume / Low-Growth Prescribers
1000000565,CA,Family Practice,1028.0,891.0,395245.72,15,7,0.0027,317.5,50.900000000000006,144.6,234.60000000000002,0.0,193.1,73.19999999999999,14.1,14.07,18.78,22.82,151.55,30.31,623.2,60.62,3.0,Low-Volume / Low-Growth Prescribers
1000000573,CA,Family Practice,889.3000000000002,758.0,305837.44,12,6,0.0023,402.3,34.8,185.0,164.9,4.9,0.0,97.4,0.0,20.8,0.0,18.54,-61.77,118.82,384.70000000000005,43.26,3.0,Low-Volume / Low-Growth Prescribers
1000000574,VA,Nurse Practitioner,910.5000000000002,800.0,334920.75000000006,16,7,0.0024,203.3,87.0,118.3,270.3,0.0,69.9,133.4,28.3,12.99,7.68,29.69,-10.21,-64.68,545.5,59.91,3.0,Low-Volume / Low-Growth Prescribers
1000000579,NY,Internal Medicine,848.2000000000002,728.0,420959.5,15,7,0.0022,134.1,108.19999999999999,151.8,242.8,0.0,152.1,32.2,27.0,17.9,17.93,28.63,-10.03,-74.84,654.9,77.21,3.0,Low-Volume / Low-Growth Prescribers
1000000580,CA,Internal Medicine,1202.7000000000003,1021.0,346284.9,12,7,0.0031,396.59999999999997,79.8,38.8,406.0,0.0,120.69999999999999,145.9,14.9,3.23,10.04,33.76,27.55,83.25,645.3,53.65,3.0,Low-Volume / Low-Growth Prescribers
1000000581,CA,Cardiology,4549.200000000001,3986.0,2182931.6,16,8,0.0118,961.2,725.0,1002.4000000000001,731.7,28.799999999999997,601.4,381.4,117.3,22.03,13.22,16.08,-23.12,170.94,3060.5,67.28,0.0,Diversified Prescribers
1000000586,MI,Endocrinology,2712.2,2367.0,1750633.1700000002,21,8,0.007,118.2,139.5,801.5,423.4,2.4,960.5,235.29999999999998,31.4,29.55,35.41,15.61,70.07,307.66,2324.9,85.72,0.0,Diversified Prescribers
1000000587,CA,Endocrinology,10178.4,8877.0,4974985.97,20,8,0.0264,1326.5,556.0,2141.7,2117.3999999999996,24.2,2313.1,1457.7,241.8,21.04,22.73,20.8,-35.82,66.95,7128.199999999999,70.03,0.0,Diversified Prescribers
1000000589,CA,Endocrinology,24020.200000000004,21007.0,11981617.179999998,19,8,0.0624,1564.5,2019.3,3486.8,3752.8,58.9,9362.9,3140.3,634.7,14.52,38.98,15.62,36.32,23.74,18621.8,77.53,1.0,High-Volume Core Prescribers
1000000592,TN,Internal Medicine,3749.3999999999996,3287.0,1402374.7199999997,15,8,0.0097,611.5,189.7,246.6,883.0,8.3,963.4,654.8,192.1,6.58,25.69,23.55,101.16,67.9,2282.7,60.88,3.0,Low-Volume / Low-Growth Prescribers
1000000605,CA,Internal Medicine,11664.800000000001,10022.0,5601999.74,15,7,0.0303,0.0,650.7,2069.7,4078.2999999999993,53.3,2282.7,2289.2999999999997,240.8,17.74,19.57,34.96,77.95,-9.67,9081.399999999998,77.85,0.0,Diversified Prescribers
1000000606,NY,Internal Medicine,14065.599999999999,12389.0,4452619.699999999,14,8,0.0365,5437.4,1731.5,298.4,2751.3,84.5,2725.6,751.8,285.1,2.12,19.38,19.56,14.6,139.16,7506.8,53.37,0.0,Diversified Prescribers
1000000611,MA,Family Practice,553.9,484.0,234477.41,15,7,0.0014,85.1,37.3,94.7,219.5,0.0,39.2,62.4,15.7,17.1,7.08,39.63,-75.09,-73.49,390.7,70.54,3.0,Low-Volume / Low-Growth Prescribers
1000000616,PA,Endocrinology,13026.5,11206.0,6592927.01,22,8,0.0338,2013.3000000000002,907.9,3401.0,1943.1,57.199999999999996,3147.1000000000004,1466.5,90.4,26.11,24.16,14.92,52.42,-25.0,9399.1,72.15,0.0,Diversified Prescribers
1000000620,FL,Internal Medicine,4057.4,3524.0,1280305.81,15,7,0.0105,1118.5,387.0,505.1,605.9000000000001,0.0,448.2,832.7,160.0,12.45,11.05,14.93,-26.92,-55.18,1946.2,47.97,3.0,Low-Volume / Low-Growth Prescribers
1000000628,FL,Endocrinology,2827.0,2464.0,1510533.4,20,8,0.0073,381.4,190.89999999999998,462.2,574.2,1.1,1044.8000000000002,152.4,20.0,16.35,36.96,20.31,29.21,91.16,2272.1000000000004,80.37,0.0,Diversified Prescribers
1000000634,VA,Endocrinology,2029.8999999999999,1809.0,1236856.8299999998,18,7,0.0053,0.0,142.0,581.5,527.7,3.3,545.0,212.3,18.1,28.65,26.85,26.0,-43.98,-16.15,1796.2,88.49,0.0,Diversified Prescribers
1000000694,TX,Endocrinology,10714.300000000001,9286.0,6527694.719999999,21,8,0.0278,1120.1999999999998,447.20000000000005,3070.8,1501.4,48.0,3919.1,522.8,84.8,28.66,36.58,14.01,167.6,48.01,8938.5,83.43,0.0,Diversified Prescribers
1000000699,FL,Internal Medicine,10871.8,9467.0,4591168.74,18,8,0.0282,1570.5,1156.6999999999998,709.5,2805.4999999999995,130.8,2994.3999999999996,708.7,795.7,6.53,27.54,25.81,20.76,42.96,7666.0999999999985,70.51,0.0,Diversified Prescribers
1000000703,GA,Endocrinology,31935.799999999996,27328.0,15922182.779999996,19,8,0.083,2462.8,1767.5,7183.799999999999,5320.0,122.39999999999999,9086.7,5726.3,266.3,22.49,28.45,16.66,-86.24,-80.55,23358.0,73.14,1.0,High-Volume Core Prescribers
1000000710,IN,Family Practice,872.2000000000002,774.0,409930.24000000017,18,7,0.0023,96.2,98.80000000000001,158.3,296.5,0.0,111.0,94.9,16.5,18.15,12.73,33.99,13.91,-40.74,664.6,76.2,3.0,Low-Volume / Low-Growth Prescribers
1000000711,TX,Family Practice,12409.000000000002,10697.0,3857036.360000001,13,7,0.0322,3948.6,1661.3000000000002,0.0,3439.5000000000005,89.9,2083.2,647.3,539.2,0.0,16.79,27.72,-72.74,-78.77,7184.0,57.89,3.0,Low-Volume / Low-Growth Prescribers
1000000722,TX,Endocrinology,14478.999999999996,12554.0,8261747.42,20,8,0.0376,2535.7,957.3,5060.5,2145.7000000000003,6.9,2413.5,1111.7,247.7,34.95,16.67,14.82,18.88,21.52,10577.0,73.05,0.0,Diversified Prescribers
1000000735,CA,Nurse Practitioner,5904.000000000001,5098.0,2675889.3899999997,19,8,0.0153,1359.5,507.9,1180.5,1302.8,46.9,882.9000000000001,511.1,112.4,19.99,14.95,22.07,133.13,273.21,3874.1000000000004,65.62,0.0,Diversified Prescribers
1000000751,VA,Physician Assistant,1035.4,901.0,589515.83,17,7,0.0027,102.1,21.3,316.1,231.4,0.0,212.0,122.4,30.1,30.53,20.48,22.35,154.27,356.3,780.8,75.41,3.0,Low-Volume / Low-Growth Prescribers
1000000755,PA,Family Practice,1045.9,918.0,636670.79,17,7,0.0027,129.1,49.099999999999994,349.8,250.40000000000003,0.0,213.60000000000002,44.6,9.3,33.44,20.42,23.94,1.1,119.1,862.9000000000001,82.5,3.0,Low-Volume / Low-Growth Prescribers
1000000756,CA,Family Practice,814.2000000000003,705.0,459976.54999999993,15,6,0.0021,82.8,106.2,250.0,91.89999999999999,0.0,195.8,87.5,0.0,30.7,24.05,11.29,-39.64,-38.7,643.9,79.08,3.0,Low-Volume / Low-Growth Prescribers
1000000770,TX,Endocrinology,34446.700000000004,29951.0,20564077.090000004,20,8,0.0895,4104.3,1755.6,10378.900000000001,5318.9,197.0,10236.800000000001,1332.5,1122.7,30.13,29.72,15.44,-56.92,-3.45,27690.200000000004,80.39,1.0,High-Volume Core Prescribers
1000000776,TX,Internal Medicine,4235.9,3653.0,1924968.5899999999,17,7,0.011,352.3,1063.2,378.0,1317.9,20.3,556.4,547.8,0.0,8.92,13.14,31.11,-47.67,-48.98,3315.5,78.27,0.0,Diversified Prescribers
1000000777,FL,Family Practice,29925.399999999994,26594.0,15726352.14,17,7,0.0777,4027.4,2704.1000000000004,6763.4,6562.299999999999,359.90000000000003,7255.5,2252.8,0.0,22.6,24.25,21.93,321.6,33.9,23285.3,77.81,1.0,High-Volume Core Prescribers
1000000778,IN,Family Practice,997.0,873.0,432892.43000000005,14,7,0.0026,276.9,40.7,118.9,261.1,0.0,237.7,45.8,15.9,11.93,23.84,26.19,290.6,383.76,658.4000000000001,66.04,3.0,Low-Volume / Low-Growth Prescribers
1000000779,FL,Family Practice,4976.4,4280.0,3186119.1500000004,18,7,0.0129,0.0,334.2,1684.2,839.0,11.8,1418.3999999999999,627.9,60.9,33.84,28.5,16.86,73.98,133.69,4275.799999999999,85.92,0.0,Diversified Prescribers
1000000790,FL,Endocrinology,2371.8,2031.0,1318334.3100000005,18,7,0.0062,206.9,108.69999999999999,447.0,509.40000000000003,0.0,900.5,187.2,12.1,18.85,37.97,21.48,397.86,147.92,1965.6000000000001,82.87,0.0,Diversified Prescribers
1000000796,PA,Physician Assistant,19007.8,16567.0,8579381.06,18,8,0.0494,5275.4,1236.1,3751.3999999999996,5422.2,64.0,2248.1,818.3,192.3,19.74,11.83,28.53,-36.55,197.19,12657.8,66.59,0.0,Diversified Prescribers
1000000798,NY,Family Practice,3256.7000000000003,2815.0,1436588.2599999998,15,8,0.0085,507.2,158.1,446.9,709.4,13.4,870.4,469.3,82.0,13.72,26.73,21.78,73.05,205.21,2184.7999999999997,67.09,3.0,Low-Volume / Low-Growth Prescribers
1000000808,MA,Internal Medicine,32411.199999999993,27755.0,11089208.71,19,8,0.0842,9788.599999999999,2293.6000000000004,5316.5,4128.400000000001,237.8,3405.2999999999997,6021.699999999999,1219.3,16.4,10.51,12.74,214.55,285.3,15143.8,46.72,1.0,High-Volume Core Prescribers
1000000812,IN,Endocrinology,2250.2,1947.0,1230202.27,21,8,0.0058,337.8,72.7,623.7,455.90000000000003,6.699999999999999,509.5,212.3,31.6,27.72,22.64,20.26,0.95,-2.46,1661.8000000000002,73.85,0.0,Diversified Prescribers
1000000819,OH,Internal Medicine,682.4000000000001,601.0,294307.56999999995,15,6,0.0018,143.1,0.0,109.60000000000001,273.1,3.6,110.0,43.0,0.0,16.06,16.12,40.02,50.32,54.87,492.70000000000005,72.2,3.0,Low-Volume / Low-Growth Prescribers
1000000823,VA,Internal Medicine,927.9,809.0,445507.44,16,8,0.0024,118.0,56.7,242.8,182.3,2.4,128.3,182.7,14.7,26.17,13.83,19.65,-22.68,31.45,610.1,65.75,3.0,Low-Volume / Low-Growth Prescribers
1000000827,TX,Internal Medicine,4882.3,4255.0,2305660.64,16,8,0.0127,1077.6999999999998,228.8,1101.6000000000001,1213.0,11.0,718.5,370.70000000000005,161.0,22.56,14.72,24.84,902.71,35.52,3261.9,66.81,0.0,Diversified Prescribers
1000000828,NY,Family Practice,14248.100000000006,12314.0,7195260.23,17,7,0.037,0.0,1626.6,2425.7,4389.2,127.0,3070.0,2240.6000000000004,369.0,17.02,21.55,30.81,-70.85,-22.75,11511.5,80.79,0.0,Diversified Prescribers
1000000830,TX,Internal Medicine,4760.499999999999,4065.0,1362611.67,18,7,0.0124,1451.0,234.1,434.20000000000005,1294.9,0.0,360.9,929.0,56.4,9.12,7.58,27.2,2726.91,-53.66,2324.1000000000004,48.82,0.0,Diversified Prescribers
1000000831,FL,Internal Medicine,15856.400000000001,13652.0,7494092.720000001,17,7,0.0412,3996.6000000000004,435.8,2985.3999999999996,4059.5,104.5,3597.0,677.6,0.0,18.83,22.68,25.6,16.28,171.78,11077.7,69.86,0.0,Diversified Prescribers
1000000839,CA,Family Practice,16265.800000000003,14224.0,8613384.99,16,7,0.0423,1395.9,1445.8,3281.5,1507.9,0.0,5874.199999999999,2585.1000000000004,175.4,20.17,36.11,9.27,-52.31,-17.27,12109.399999999998,74.45,0.0,Diversified Prescribers
1000000843,TX,Physician Assistant,3943.3,3415.0,1905506.0899999999,16,8,0.0102,608.3,616.8,938.8,990.1,25.200000000000003,161.1,436.4,166.6,23.81,4.09,25.11,122.78,69.9,2706.7999999999997,68.64,0.0,Diversified Prescribers
1000000846,CA,Endocrinology,37344.299999999996,32640.0,21384790.080000002,21,7,0.097,0.0,4102.7,7783.700000000001,9610.7,206.5,11203.0,3770.4,667.3,20.84,30.0,25.74,23.1,3.48,32700.100000000002,87.56,1.0,High-Volume Core Prescribers
1000000849,GA,Family Practice,5885.6,5083.0,1954166.1800000004,15,6,0.0153,1943.3000000000002,977.3,625.0,1597.9,0.0,79.69999999999999,662.4,0.0,10.62,1.35,27.15,-3.89,-37.5,3279.9,55.73,3.0,Low-Volume / Low-Growth Prescribers
1000000850,MI,Endocrinology,12078.099999999999,10519.0,7462992.550000001,21,8,0.0314,1553.3000000000002,924.7,4629.200000000001,988.5999999999999,34.7,2542.4,1113.4,291.79999999999995,38.33,21.05,8.19,111.31,167.35,9084.9,75.22,0.0,Diversified Prescribers
1000000857,VA,Internal Medicine,4480.9,3843.0,1851384.1800000002,12,7,0.0116,1181.9,68.4,475.0,1101.9,16.1,1254.3000000000002,383.3,0.0,10.6,27.99,24.59,45.56,349.19,2899.6000000000004,64.71,3.0,Low-Volume / Low-Growth Prescribers
1000000868,MI,Nurse Practitioner,19481.7,17178.0,9668998.73,17,8,0.0506,1683.5,3743.9,4626.500000000001,2470.3,68.0,2725.6000000000004,3889.9,274.0,23.75,13.99,12.68,29.44,559.65,13566.300000000003,69.64,0.0,Diversified Prescribers
1000000885,IL,Endocrinology,12615.2,11013.0,7328814.969999999,21,8,0.0328,1697.8999999999999,673.2,4472.3,2185.7,30.400000000000002,2060.9,1228.8,266.0,35.45,16.34,17.33,-16.87,57.67,9392.1,74.45,0.0,Diversified Prescribers
1000000893,OH,Internal Medicine,3543.9000000000005,3135.0,2377387.13,13,6,0.0092,359.6,519.1999999999999,1220.8,494.49999999999994,50.5,899.3,0.0,0.0,34.45,25.38,13.95,-12.06,35.7,3133.7999999999997,88.43,3.0,Low-Volume / Low-Growth Prescribers
1000000894,GA,Family Practice,5316.4,4665.0,2359224.2,17,8,0.0138,1211.3,323.2,769.8,846.8,13.5,1330.9,732.0,88.9,14.48,25.03,15.93,904.72,304.11,3270.7,61.52,0.0,Diversified Prescribers
1000000900,TX,Internal Medicine,1154.8,1006.0,408569.27,12,6,0.003,437.8,9.5,165.60000000000002,311.6,0.0,138.7,91.6,0.0,14.34,12.01,26.98,35.34,-25.26,625.4000000000001,54.16,3.0,Low-Volume / Low-Growth Prescribers
1000000913,CA,Internal Medicine,4481.099999999999,3934.0,2108862.9000000004,18,8,0.0116,584.3,193.8,542.7,1319.2,30.0,1334.0,416.4,60.7,12.11,29.77,29.44,-42.47,19.2,3389.7,75.64,0.0,Diversified Prescribers
1000000922,VA,Nurse Practitioner,3141.2000000000003,2828.0,1033939.39,16,7,0.0082,642.3,129.5,183.3,1172.6,0.0,385.5,550.3,77.7,5.84,12.27,37.33,208.87,23.41,1870.8999999999999,59.56,3.0,Low-Volume / Low-Growth Prescribers
1000000931,CA,Family Practice,759.4999999999998,667.0,282463.56,14,6,0.002,130.9,53.699999999999996,73.9,174.8,0.0,143.4,182.8,0.0,9.73,18.88,23.02,-11.23,-64.16,445.8,58.7,3.0,Low-Volume / Low-Growth Prescribers
1000000932,NC,Cardiology,621.1,548.0,174490.01000000004,12,6,0.0016,119.6,15.5,45.4,75.2,0.0,138.4,227.0,0.0,7.31,22.28,12.11,8.93,67.74,274.5,44.2,3.0,Low-Volume / Low-Growth Prescribers
1000000934,OH,Endocrinology,2075.5,1818.0,1285949.59,18,8,0.0054,316.5,73.5,711.8000000000001,264.0,4.800000000000001,593.9000000000001,93.6,17.4,34.3,28.61,12.72,-32.47,204.32,1643.2000000000003,79.17,0.0,Diversified Prescribers
1000000937,TN,Nurse Practitioner,4732.1,4086.0,2432787.91,17,7,0.0123,0.0,632.1,769.0,1681.6000000000001,18.4,906.9,645.3,78.8,16.25,19.16,35.54,-59.39,-46.32,3989.6000000000004,84.31,0.0,Diversified Prescribers
1000000938,CA,Endocrinology,41397.399999999994,36263.0,25137312.54,21,8,0.1075,1968.6,3844.1000000000004,14997.3,9186.8,55.3,5791.6,5016.5,537.2,36.23,13.99,22.19,-28.7,154.34,33819.8,81.7,1.0,High-Volume Core Prescribers
1000000958,VA,Endocrinology,9116.4,7920.0,4947669.699999999,19,7,0.0237,374.9,1067.8,1276.8,1671.5,15.9,3877.1000000000004,832.4000000000001,0.0,14.01,42.53,18.34,-29.29,201.13,7893.200000000001,86.58,0.0,Diversified Prescribers
1000000962,CA,Internal Medicine,3703.5,3204.0,1749000.15,15,7,0.0096,423.8,24.9,408.0,1768.9999999999998,0.0,792.5999999999999,188.4,96.8,11.02,21.4,47.77,-8.04,-1.91,2994.5,80.86,0.0,Diversified Prescribers
1000000967,TN,Internal Medicine,795.5,678.0,281467.61,12,7,0.0021,318.8,53.2,152.4,132.1,0.0,47.9,77.8,13.3,19.16,6.02,16.61,232.93,76.79,385.6,48.47,3.0,Low-Volume / Low-Growth Prescribers
1000000973,GA,Internal Medicine,781.5999999999999,693.0,283651.77,13,7,0.002,261.1,31.6,84.19999999999999,106.4,0.0,202.1,66.6,29.6,10.77,25.86,13.61,-68.63,-46.7,424.29999999999995,54.29,3.0,Low-Volume / Low-Growth Prescribers
1000000985,VA,Internal Medicine,4183.9,3610.0,2136786.3499999996,16,6,0.0109,0.0,531.3,678.4,1080.5,0.0,1013.3000000000001,788.1999999999999,92.2,16.21,24.22,25.83,106.06,330.72,3303.5,78.96,0.0,Diversified Prescribers
1000000986,TX,Family Practice,877.8999999999999,760.0,419236.32,13,6,0.0023,189.0,27.4,236.7,213.10000000000002,0.0,108.80000000000001,102.9,0.0,26.96,12.39,24.27,-96.61,-61.24,586.0,66.75,3.0,Low-Volume / Low-Growth Prescribers
1000000993,FL,Family Practice,14300.8,12068.0,6997580.880000001,16,7,0.0372,0.0,1387.5,1821.1,3456.2,161.39999999999998,4747.0,2555.0,172.6,12.73,33.19,24.17,23.44,136.38,11411.8,79.8,0.0,Diversified Prescribers
1000000996,OH,Nurse Practitioner,15574.099999999999,13703.0,7535432.110000001,19,7,0.0405,2139.5,1630.6999999999998,2772.3,3875.2,82.4,3285.2,1788.8000000000002,0.0,17.8,21.09,24.88,-61.51,-67.92,11563.4,74.25,0.0,Diversified Prescribers
1000001021,OH,Internal Medicine,1399.2,1224.0,631315.91,16,7,0.0036,466.7,103.70000000000002,262.8,219.5,2.3,297.0,47.2,0.0,18.78,21.23,15.69,95.64,39.42,883.0,63.11,3.0,Low-Volume / Low-Growth Prescribers
1000001023,PA,Cardiology,1453.5,1247.0,579031.09,16,8,0.0038,324.0,135.8,139.10000000000002,373.9,2.3,328.4,137.0,13.0,9.57,22.59,25.72,68.72,-7.5,977.1999999999999,67.23,3.0,Low-Volume / Low-Growth Prescribers
1000001028,NY,Internal Medicine,4967.4,4337.0,2255366.63,17,6,0.0129,0.0,205.8,793.1,1516.1000000000001,0.0,1078.3,1317.4,56.7,15.97,21.71,30.52,499.36,30.89,3593.3,72.34,0.0,Diversified Prescribers
1000001039,PA,Internal Medicine,986.9000000000001,877.0,378387.8300000001,15,7,0.0026,211.1,39.1,113.39999999999999,185.10000000000002,0.0,236.10000000000002,189.5,12.6,11.49,23.92,18.76,-59.23,-4.14,573.7,58.13,3.0,Low-Volume / Low-Growth Prescribers
1000001055,GA,Internal Medicine,5317.400000000001,4634.0,2474816.32,18,7,0.0138,1079.6,405.5,851.1,1154.2,0.0,1394.8,299.4,132.8,16.01,26.23,21.71,233.32,58.68,3805.6000000000004,71.57,0.0,Diversified Prescribers
1000001057,MI,Internal Medicine,11635.2,10174.0,6781120.849999999,19,7,0.0302,0.0,1250.8,2622.0,4810.9,44.599999999999994,1943.3,455.1,508.5,22.54,16.7,41.35,-39.54,94.69,10627.0,91.33,0.0,Diversified Prescribers
1000001062,FL,Family Practice,5422.099999999999,4682.0,1970444.5599999998,15,8,0.0141,1490.6999999999998,188.3,321.1,1382.7999999999997,11.9,1502.6999999999998,382.79999999999995,141.8,5.92,27.71,25.5,-12.12,-6.78,3394.8999999999996,62.61,3.0,Low-Volume / Low-Growth Prescribers
1000001074,NC,Cardiology,27005.600000000002,23617.0,15094995.85,18,7,0.0702,0.0,4471.7,7448.5,8240.599999999999,240.1,2982.9,3266.3,355.5,27.58,11.05,30.51,45.16,-55.03,23143.699999999997,85.7,1.0,High-Volume Core Prescribers
1000001075,CA,Internal Medicine,1062.8,909.0,428199.44,14,6,0.0028,240.1,102.5,141.89999999999998,436.5,0.0,57.0,84.80000000000001,0.0,13.35,5.36,41.07,-72.25,-66.77,737.9,69.43,3.0,Low-Volume / Low-Growth Prescribers
1000001088,IN,Nephrology,10815.000000000004,9291.0,5781172.220000001,17,8,0.0281,1686.6,1556.0,2719.2999999999997,2445.5,117.1,1424.3,645.1,221.1,25.14,13.17,22.61,-14.57,254.16,8145.099999999999,75.31,0.0,Diversified Prescribers
1000001099,GA,Internal Medicine,850.4000000000001,728.0,318368.22000000003,14,7,0.0022,216.10000000000002,43.2,128.60000000000002,330.0,0.0,13.1,70.3,49.1,15.12,1.54,38.81,115.54,29.78,514.9000000000001,60.55,3.0,Low-Volume / Low-Growth Prescribers
1000001100,FL,Endocrinology,69035.89999999998,59689.0,38717767.75000001,21,8,0.1793,6984.5,6597.9,21854.7,17618.6,700.2,7435.9,7143.9,700.2,31.66,10.77,25.52,-84.32,-73.98,53507.1,77.51,1.0,High-Volume Core Prescribers
1000001103,NC,Physician Assistant,908.1000000000001,787.0,433185.51999999996,15,7,0.0024,87.1,47.5,141.4,212.20000000000002,0.0,267.7,132.8,19.4,15.57,29.48,23.37,-75.22,17.03,668.8000000000001,73.65,3.0,Low-Volume / Low-Growth Prescribers
1000001115,TN,Family Practice,854.9,750.0,554356.77,14,5,0.0022,0.0,55.8,227.39999999999998,250.7,0.0,307.29999999999995,0.0,13.7,26.6,35.95,29.33,37.11,22.16,841.1999999999998,98.4,3.0,Low-Volume / Low-Growth Prescribers
1000001120,CA,Nurse Practitioner,655.7,575.0,249459.82000000004,12,7,0.0017,79.7,88.6,94.2,171.89999999999998,0.0,51.2,126.30000000000001,43.8,14.37,7.81,26.22,-84.35,-84.75,405.9,61.9,3.0,Low-Volume / Low-Growth Prescribers
1000001129,CA,Internal Medicine,4135.0,3603.0,1380349.31,16,8,0.0107,1367.9,103.10000000000001,559.6,1478.9,14.6,93.3,445.29999999999995,72.3,13.53,2.26,35.77,32.6,-12.31,2234.9,54.05,3.0,Low-Volume / Low-Growth Prescribers
1000001145,FL,Nurse Practitioner,13908.5,12162.0,5547162.37,19,8,0.0361,1424.9,1219.8999999999999,1437.0,5210.599999999999,191.9,1822.7,2020.6,580.9000000000001,10.33,13.1,37.46,29.03,-53.96,9690.199999999999,69.67,0.0,Diversified Prescribers
1000001148,OH,Nurse Practitioner,17983.0,15622.0,9733730.690000001,19,6,0.0467,1927.4,1087.7,4633.2,4132.900000000001,0.0,4058.8999999999996,2142.9,0.0,25.76,22.57,22.98,-6.12,20.45,13912.7,77.37,0.0,Diversified Prescribers
1000001157,TN,Nurse Practitioner,929.0,816.0,320546.51999999996,13,6,0.0024,342.6,31.9,136.7,144.3,0.0,120.4,153.10000000000002,0.0,14.71,12.96,15.53,-6.78,-13.71,433.3,46.64,3.0,Low-Volume / Low-Growth Prescribers
1000001163,OH,Family Practice,1023.3000000000001,884.0,431138.55999999994,17,7,0.0027,210.6,129.3,177.1,156.8,0.0,179.7,158.0,11.8,17.31,17.56,15.32,196.88,100.91,642.9,62.83,3.0,Low-Volume / Low-Growth Prescribers
1000001164,OH,Endocrinology,33921.80000000001,28960.0,23010401.32,22,8,0.0881,1611.3,1395.1999999999998,13896.5,6005.299999999999,193.5,7033.9,3075.5,710.6,40.97,20.74,17.7,139.2,259.42,28330.9,83.52,1.0,High-Volume Core Prescribers
1000001168,CA,Endocrinology,11871.2,10470.0,7072185.549999999,19,8,0.0308,1529.1,825.2,3944.7999999999997,1534.0,15.8,2948.5,857.4000000000001,216.4,33.23,24.84,12.92,79.93,76.32,9252.5,77.94,0.0,Diversified Prescribers
1000001176,OH,Family Practice,16612.200000000004,14273.0,8821224.86,17,7,0.0432,2514.9,2770.3,3510.3999999999996,4133.6,208.7,2280.9,1193.4,0.0,21.13,13.73,24.88,-36.39,2798.75,12695.199999999999,76.42,0.0,Diversified Prescribers
1000001183,TX,Physician Assistant,384.8,336.0,220596.1,13,6,0.001,0.0,96.7,106.0,47.599999999999994,0.0,76.6,36.5,21.4,27.55,19.91,12.37,-48.54,1062.0,326.9,84.95,3.0,Low-Volume / Low-Growth Prescribers
1000001191,TX,Family Practice,684.6000000000001,581.0,329038.63000000006,13,6,0.0018,99.8,122.1,145.4,181.10000000000002,0.0,53.8,82.4,0.0,21.24,7.86,26.45,-92.02,13.53,502.4,73.39,3.0,Low-Volume / Low-Growth Prescribers
1000001206,MA,Family Practice,14725.900000000001,12658.0,7552156.199999999,17,7,0.0383,2079.9,2912.2,2389.2,2718.3,86.3,3887.7,652.3,0.0,16.22,26.4,18.46,25.76,-57.78,11907.399999999998,80.86,0.0,Diversified Prescribers
1000001209,IN,Nephrology,4721.3,4126.0,2514194.3699999996,16,6,0.0123,1143.6,0.0,1288.9,1358.3000000000002,0.0,720.6000000000001,154.8,55.1,27.3,15.26,28.77,-11.55,700.74,3367.8,71.33,0.0,Diversified Prescribers
1000001213,IN,Family Practice,3256.2,2883.0,1192489.8900000001,15,7,0.0085,606.3,421.2,353.1,670.5999999999999,45.1,532.3000000000001,627.6,0.0,10.84,16.35,20.59,-93.92,-95.99,1977.2,60.72,3.0,Low-Volume / Low-Growth Prescribers
1000001224,CA,Internal Medicine,795.1,708.0,336567.43,10,5,0.0021,249.3,48.900000000000006,57.900000000000006,204.0,0.0,235.0,0.0,0.0,7.28,29.56,25.66,60.53,35.44,545.8,68.65,3.0,Low-Volume / Low-Growth Prescribers
1000001227,CA,Internal Medicine,12310.2,10758.0,5304610.109999999,17,8,0.032,3626.3,847.9,1880.0,2757.0,37.2,2365.0,516.7,280.1,15.27,19.21,22.4,81.96,62.41,7849.9,63.77,0.0,Diversified Prescribers
1000001241,IL,Family Practice,762.0,670.0,308205.38,13,7,0.002,128.1,65.80000000000001,131.10000000000002,183.0,0.0,82.8,137.8,33.4,17.2,10.87,24.02,-25.58,133.69,462.70000000000005,60.72,3.0,Low-Volume / Low-Growth Prescribers
1000001273,GA,Endocrinology,2033.6000000000006,1766.0,1174311.6700000002,20,7,0.0053,226.6,52.0,599.4,309.8,0.0,607.2,187.6,51.0,29.47,29.86,15.23,-48.21,7.67,1568.3999999999999,77.12,0.0,Diversified Prescribers
1000001301,CA,Physician Assistant,13374.800000000001,11709.0,5585964.74,15,8,0.0347,3488.0,900.9000000000001,2870.2,2654.3,22.4,1663.7,1310.6,464.7,21.46,12.44,19.85,93.8,119.37,8089.099999999999,60.48,0.0,Diversified Prescribers
1000001305,CA,Nurse Practitioner,3581.8999999999996,3125.0,2029599.6100000003,14,6,0.0093,0.0,801.8,718.0000000000001,1000.7,0.0,718.2,171.8,171.4,20.05,20.05,27.94,-49.56,-24.36,3238.7,90.42,3.0,Low-Volume / Low-Growth Prescribers
1000001329,IL,Internal Medicine,16588.6,14584.0,7383104.059999999,19,8,0.0431,4059.2,1466.8999999999999,3076.1000000000004,5322.9,46.2,1579.8000000000002,566.9,470.6,18.54,9.52,32.09,72.28,31.53,11445.7,69.0,0.0,Diversified Prescribers
1000001341,TX,Internal Medicine,5522.099999999999,4718.0,2199932.7299999995,17,7,0.0143,1101.8,656.8,749.8,1293.6,0.0,739.2,813.7,167.2,13.58,13.39,23.43,15.29,-25.48,3439.4,62.28,0.0,Diversified Prescribers
1000001343,CA,Family Practice,4783.6,4169.0,2414940.4699999997,16,7,0.0124,457.7,818.0000000000001,843.0,902.6,0.0,1145.5,549.8,67.0,17.62,23.95,18.87,269.92,6.92,3709.1,77.54,0.0,Diversified Prescribers
1000001350,TX,Nurse Practitioner,3209.9999999999995,2771.0,1859268.07,17,7,0.0083,0.0,431.29999999999995,692.3000000000001,1040.3,17.6,671.8,205.9,150.8,21.57,20.93,32.41,-81.65,-42.92,2835.7,88.34,0.0,Diversified Prescribers
1000001356,TX,Nurse Practitioner,18068.100000000002,15706.0,8793876.01,21,8,0.0469,1448.1,1982.5,2850.5000000000005,6726.1,163.8,2939.7,1459.3,498.1,15.78,16.27,37.23,-33.39,-49.14,14498.800000000001,80.25,0.0,Diversified Prescribers
1000001372,OH,Nurse Practitioner,5799.400000000001,5026.0,2851697.86,16,6,0.0151,1152.7,261.3,1407.7,1311.5,0.0,1049.5,616.7,0.0,24.27,18.1,22.61,-8.88,-52.78,4030.0,69.49,0.0,Diversified Prescribers
1000001378,PA,Internal Medicine,19823.300000000003,17113.0,7545398.7299999995,16,8,0.0515,5005.7,416.9,1940.4,5087.2,66.0,4483.900000000001,2611.2000000000003,212.0,9.79,22.62,25.66,92.15,49.99,11928.400000000001,60.17,0.0,Diversified Prescribers
1000001380,TX,Endocrinology,29336.6,25345.0,16604112.57,20,8,0.0762,4115.9,1618.2,10038.8,4720.6,86.4,6096.4,2181.7,478.6,34.22,20.78,16.09,-54.72,-18.93,22474.0,76.61,1.0,High-Volume Core Prescribers
1000001382,FL,Physician Assistant,567.6,488.0,215122.01,13,8,0.0015,106.9,62.0,41.0,114.5,2.3,129.2,97.5,14.2,7.22,22.76,20.17,-43.76,-21.04,346.7,61.08,3.0,Low-Volume / Low-Growth Prescribers
1000001388,AZ,Physician Assistant,17432.800000000003,15013.0,9729670.14,15,7,0.0453,2118.6,1771.3,5288.3,3916.8,91.4,1970.6,2275.8,0.0,30.34,11.3,22.47,7.9,508.06,12947.0,74.27,0.0,Diversified Prescribers
1000001401,IL,Endocrinology,1947.6999999999996,1718.0,1025939.01,17,8,0.0051,174.3,169.79999999999998,323.6,535.4,3.3,586.0,126.6,28.7,16.61,30.09,27.49,-0.34,-7.95,1614.8000000000002,82.91,0.0,Diversified Prescribers
1000001403,NY,Family Practice,611.0999999999999,519.0,212811.25000000003,12,7,0.0016,142.9,53.099999999999994,103.3,100.5,0.0,44.3,149.10000000000002,17.9,16.9,7.25,16.45,106.66,154.67,301.2,49.29,3.0,Low-Volume / Low-Growth Prescribers
1000001406,PA,Nurse Practitioner,1036.0,905.0,463991.69,13,7,0.0027,207.89999999999998,61.5,155.1,135.60000000000002,0.0,289.0,174.6,12.3,14.97,27.9,13.09,253.27,55.39,641.2,61.89,3.0,Low-Volume / Low-Growth Prescribers
1000001414,IL,Internal Medicine,18603.4,16389.0,9319369.559999999,19,8,0.0483,1512.5,1768.5,2928.6,2804.3999999999996,142.3,5580.200000000001,3288.6,578.3,15.74,30.0,15.07,139.32,895.51,13081.7,70.32,0.0,Diversified Prescribers
1000001423,NC,Endocrinology,1817.6,1582.0,1038765.8300000001,19,8,0.0047,208.39999999999998,86.7,563.8,265.3,2.3,494.3,146.0,50.800000000000004,31.02,27.2,14.6,-9.36,-51.93,1410.1,77.58,0.0,Diversified Prescribers
1000001426,MI,Endocrinology,1898.4000000000005,1650.0,873946.52,19,8,0.0049,483.4,54.8,382.20000000000005,302.8,4.5,502.40000000000003,156.5,11.8,20.13,26.46,15.95,-50.43,-44.89,1242.2,65.43,0.0,Diversified Prescribers
1000001436,GA,Internal Medicine,844.2,732.0,308238.49,11,6,0.0022,254.8,0.0,81.9,239.89999999999998,0.0,178.1,75.4,14.1,9.7,21.1,28.42,-80.07,-20.13,499.9,59.22,3.0,Low-Volume / Low-Growth Prescribers
1000001438,TX,Internal Medicine,4582.400000000001,3962.0,2401747.26,16,7,0.0119,0.0,230.79999999999998,870.2,1565.9,10.8,1162.6,637.8,104.30000000000001,18.99,25.37,34.17,-78.53,-49.94,3829.5,83.57,0.0,Diversified Prescribers
1000001442,CA,Family Practice,23046.500000000004,20137.0,11477592.82,19,8,0.0599,3975.0,2370.3,6213.599999999999,3874.2,39.4,3252.5,2717.9,603.5999999999999,26.96,14.11,16.81,49.07,22.65,15710.599999999999,68.17,0.0,Diversified Prescribers
1000001446,FL,Family Practice,681.4,586.0,252836.93000000002,13,7,0.0018,219.7,29.9,121.20000000000002,168.5,0.0,34.6,72.8,34.7,17.79,5.08,24.73,25.66,169.33,354.20000000000005,51.98,3.0,Low-Volume / Low-Growth Prescribers
1000001454,CA,Endocrinology,52023.7,45339.0,32041632.080000006,21,8,0.1352,6121.5,3671.2,17457.7,6001.5,151.0,14490.3,3322.0,808.5,33.56,27.85,11.54,18.6,187.33,41620.7,80.0,1.0,High-Volume Core Prescribers
1000001455,OH,Physician Assistant,4540.7,3906.0,2595274.34,17,6,0.0118,0.0,792.0,1304.9,1912.5,20.6,113.4,397.3,0.0,28.74,2.5,42.12,-56.79,-46.34,4122.8,90.8,0.0,Diversified Prescribers
1000001467,CA,Internal Medicine,1145.6000000000001,983.0,531473.5099999999,14,6,0.003,316.9,85.8,242.4,340.1,0.0,118.9,0.0,41.5,21.16,10.38,29.69,17.48,-48.41,787.2,68.72,3.0,Low-Volume / Low-Growth Prescribers
1000001471,TX,Family Practice,9966.699999999999,8668.0,4497332.149999999,15,8,0.0259,1296.4,1078.8,2021.1000000000001,2484.8999999999996,48.8,1382.6,918.2,735.9000000000001,20.28,13.87,24.93,105.58,124.82,6967.4,69.91,0.0,Diversified Prescribers
1000001481,CA,Endocrinology,8847.5,7664.0,3996893.1100000003,21,8,0.023,1444.5,486.8,1347.1,1728.7,13.4,2543.4,1085.4,198.2,15.23,28.75,19.54,82.77,38.46,6106.0,69.01,0.0,Diversified Prescribers
1000001489,TN,Internal Medicine,762.9000000000001,659.0,346246.35,15,7,0.002,121.1,83.7,153.1,139.6,2.4,130.0,133.0,0.0,20.07,17.04,18.3,254.39,4.3,506.4,66.38,3.0,Low-Volume / Low-Growth Prescribers
1000001505,VA,Internal Medicine,4204.200000000001,3604.0,2364021.9999999995,15,6,0.0109,758.3,530.4,1086.2,864.3,9.9,955.1,0.0,0.0,25.84,22.72,20.56,384.18,1051.6,3436.0,81.73,0.0,Diversified Prescribers
1000001530,OH,Internal Medicine,4737.3,4170.0,2609788.4699999997,17,7,0.0123,467.3,85.7,1233.7,1277.9,0.0,944.9,667.7,60.1,26.04,19.95,26.98,72.17,136.91,3542.2,74.77,0.0,Diversified Prescribers
1000001554,TN,Internal Medicine,4767.800000000001,4189.0,1698898.4299999997,16,7,0.0124,1551.6,696.4000000000001,517.8,879.6,0.0,527.9,403.3,191.2,10.86,11.07,18.45,73.16,78.06,2621.7,54.99,0.0,Diversified Prescribers
1000001557,PA,Internal Medicine,12411.999999999998,10865.0,6398989.4399999995,15,7,0.0322,0.0,964.4,1977.4,5214.4,35.8,2606.0,1134.0,480.0,15.93,21.0,42.01,-13.85,-35.53,10762.199999999999,86.71,0.0,Diversified Prescribers
1000001558,TN,Family Practice,1095.9999999999998,951.0,432684.76,16,7,0.0028,182.4,71.8,120.20000000000002,315.1,0.0,198.4,192.2,15.9,10.97,18.1,28.75,-32.84,-23.94,705.5,64.37,3.0,Low-Volume / Low-Growth Prescribers
1000001577,IL,Family Practice,14977.599999999999,13025.0,8445863.58,16,7,0.0389,0.0,2166.5,4523.0,1041.7,103.9,3101.6999999999994,3531.4000000000005,509.4,30.2,20.71,6.96,487.33,146.62,10832.9,72.33,0.0,Diversified Prescribers
1000001578,IL,Family Practice,782.6000000000003,693.0,303955.94999999995,16,8,0.002,84.4,56.3,86.10000000000001,200.9,7.0,131.2,184.3,32.400000000000006,11.0,16.76,25.67,13227.27,11.48,474.5,60.63,2.0,Moderate-Volume Prescribers (Segment 2)
1000001589,CA,Family Practice,993.1999999999998,850.0,362720.07999999996,12,6,0.0026,202.7,64.8,0.0,286.2,0.0,302.5,125.3,11.7,0.0,30.46,28.82,32.63,-27.6,653.5,65.8,3.0,Low-Volume / Low-Growth Prescribers
1000001590,NY,Family Practice,15583.499999999998,13480.0,6058890.08,18,7,0.0405,3712.3,1266.2,1645.1999999999998,3639.0,136.10000000000002,2917.9,2266.8,0.0,10.56,18.72,23.35,-45.04,47.57,9468.3,60.76,0.0,Diversified Prescribers
1000001604,CA,Endocrinology,13430.100000000002,11614.0,8848887.8,21,8,0.0349,557.8,889.9000000000001,5095.0,2255.9,26.6,3177.2,1209.1,218.6,37.94,23.66,16.8,36.08,138.42,11418.0,85.02,0.0,Diversified Prescribers
1000001609,IN,Internal Medicine,15757.6,13794.0,7633406.63,19,8,0.0409,1524.3,1256.6,3747.5,3766.1,121.9,1669.1,3370.6000000000004,301.5,23.78,10.59,23.9,235.24,158.38,10439.300000000001,66.25,0.0,Diversified Prescribers
1000001619,NC,Family Practice,967.3,837.0,467786.85,11,7,0.0025,313.7,111.8,258.4,37.9,0.0,182.5,46.6,16.4,26.71,18.87,3.92,104.21,1349.39,590.5999999999999,61.06,3.0,Low-Volume / Low-Growth Prescribers
1000001621,CA,Endocrinology,2597.8,2217.0,1179949.3900000001,20,8,0.0067,427.0,241.0,466.0,287.0,5.9,721.3000000000001,375.9,73.7,17.94,27.77,11.05,-51.32,-56.38,1715.3000000000002,66.03,0.0,Diversified Prescribers
1000001622,CA,Family Practice,2920.0,2519.0,1561514.41,15,7,0.0076,441.4,0.0,1014.6999999999998,588.1,12.7,315.1,399.6,148.39999999999998,34.75,10.79,20.14,36.34,480.66,1917.8999999999996,65.68,3.0,Low-Volume / Low-Growth Prescribers
1000001629,FL,Internal Medicine,3094.5000000000005,2685.0,1765649.31,13,5,0.008,0.0,485.59999999999997,828.1,716.9,0.0,657.4,406.5,0.0,26.76,21.24,23.17,3.43,-51.05,2688.0,86.86,3.0,Low-Volume / Low-Growth Prescribers
1000001652,CA,Internal Medicine,17875.7,15888.0,8190762.970000001,16,8,0.0464,1399.3,2381.0,2801.2000000000003,4547.6,38.1,3485.9,2854.8,367.79999999999995,15.67,19.5,25.44,-51.58,31.52,13215.7,73.93,0.0,Diversified Prescribers
1000001653,CA,Internal Medicine,3445.1,2988.0,1657841.73,16,8,0.0089,568.4,408.6,1038.3,635.6,28.8,21.5,626.8,117.1,30.14,0.62,18.45,251.4,137.31,2104.0,61.07,3.0,Low-Volume / Low-Growth Prescribers
1000001655,CA,Physician Assistant,23523.199999999993,20135.0,10178312.77,19,8,0.0611,7857.7,1188.8,6100.400000000001,2897.7999999999997,134.3,2086.0,2918.7,339.5,25.93,8.87,12.32,25.81,299.97,12273.0,52.17,1.0,High-Volume Core Prescribers
1000001666,NY,Internal Medicine,944.5000000000001,831.0,341015.00999999995,15,7,0.0025,334.3,56.4,126.7,239.1,0.0,100.6,48.3,39.099999999999994,13.41,10.65,25.31,115.79,322.29,522.8,55.35,3.0,Low-Volume / Low-Growth Prescribers
1000001668,CA,Endocrinology,11521.199999999999,10023.0,7605836.37,21,8,0.0299,1480.5,620.8,5213.200000000001,1765.8,12.2,1770.3999999999999,596.5,61.8,45.25,15.37,15.33,15.47,342.63,9370.2,81.33,0.0,Diversified Prescribers
1000001673,TN,Family Practice,739.8000000000001,637.0,317528.53,13,8,0.0019,105.1,17.1,52.3,187.7,2.3,278.7,84.7,11.9,7.07,37.67,25.37,186.19,21.57,535.8,72.42,3.0,Low-Volume / Low-Growth Prescribers
1000001676,IL,Endocrinology,36915.600000000006,31932.0,20358590.97,21,8,0.0959,5228.5,1749.3,9492.3,7635.299999999999,195.3,9771.800000000001,2631.1,212.0,25.71,26.47,20.68,130.45,166.12,28648.699999999997,77.61,1.0,High-Volume Core Prescribers
1000001683,VA,Family Practice,2747.0000000000005,2432.0,1411063.44,13,7,0.0071,485.6,419.90000000000003,681.1,265.8,0.0,620.2,154.7,119.7,24.79,22.58,9.68,-82.67,-75.95,1987.0000000000002,72.33,3.0,Low-Volume / Low-Growth Prescribers
1000001684,CA,Endocrinology,14559.600000000002,12544.0,9030517.68,22,8,0.0378,2186.5,567.0,5215.2,1763.8,59.599999999999994,3882.0,728.3,157.2,35.82,26.66,12.11,158.76,88.47,11428.0,78.49,0.0,Diversified Prescribers
1000001701,NY,Internal Medicine,5922.1,5087.0,3091445.619999999,17,7,0.0154,1179.8000000000002,357.40000000000003,1540.1,1163.9,0.0,1047.4,423.70000000000005,209.8,26.01,17.69,19.65,491.01,117.77,4108.8,69.38,0.0,Diversified Prescribers
1000001705,IN,Endocrinology,11822.399999999998,10367.0,6027815.380000001,18,7,0.0307,1569.0,135.7,1756.9,2655.0,0.0,4648.700000000001,860.1,197.0,14.86,39.32,22.46,-48.22,78.72,9196.3,77.79,0.0,Diversified Prescribers
1000001726,CA,Internal Medicine,941.0,826.0,531123.0900000001,14,6,0.0024,0.0,61.9,265.20000000000005,214.1,0.0,184.6,184.4,30.799999999999997,28.18,19.62,22.75,92.54,4923.21,725.8000000000001,77.13,3.0,Low-Volume / Low-Growth Prescribers
1000001728,AZ,Family Practice,1127.7,982.0,511314.26,16,8,0.0029,226.10000000000002,106.8,114.6,318.2,1.2,294.90000000000003,38.3,27.6,10.16,26.15,28.22,-11.26,76.82,834.5,74.0,3.0,Low-Volume / Low-Growth Prescribers
1000001729,NY,Family Practice,3841.3999999999996,3378.0,2429572.6799999992,16,5,0.01,0.0,125.5,962.7,1373.2000000000003,0.0,1311.0,0.0,69.0,25.06,34.13,35.75,-41.03,-33.37,3772.4,98.2,0.0,Diversified Prescribers
1000001733,TX,Internal Medicine,3963.9999999999995,3496.0,1122807.15,14,8,0.0103,483.3,107.8,522.4000000000001,618.5,19.8,355.0,1642.7,214.5,13.18,8.96,15.6,-6.76,-28.23,1603.7,40.46,3.0,Low-Volume / Low-Growth Prescribers
1000001754,NY,Cardiology,776.0999999999999,670.0,369004.18000000005,12,6,0.002,95.9,170.10000000000002,83.0,133.9,0.0,206.3,86.9,0.0,10.69,26.58,17.25,460.05,304.66,593.3000000000001,76.45,3.0,Low-Volume / Low-Growth Prescribers
1000001788,VA,Endocrinology,9872.1,8475.0,5850015.13,19,8,0.0256,1439.9,700.1,4438.1,1026.0,57.0,848.8,1002.5,359.7,44.96,8.6,10.39,-56.87,-53.48,7013.000000000001,71.04,0.0,Diversified Prescribers
1000001793,FL,Family Practice,556.1,486.0,325514.61,13,6,0.0014,0.0,102.0,160.7,92.5,0.0,121.89999999999999,63.6,15.4,28.9,21.92,16.63,-56.04,-32.25,477.09999999999997,85.79,3.0,Low-Volume / Low-Growth Prescribers
1000001798,GA,Endocrinology,47012.899999999994,41692.0,30806026.379999995,21,8,0.1221,4281.9,3045.5,19088.699999999997,6789.5,253.2,9630.699999999999,3603.6,319.8,40.6,20.49,14.44,17.09,107.02,38554.399999999994,82.01,1.0,High-Volume Core Prescribers
1000001811,IL,Family Practice,12008.800000000001,10517.0,4805079.3100000005,15,8,0.0312,1583.7,279.7,1559.2,931.6,107.80000000000001,4080.4,3241.7000000000003,224.7,12.98,33.98,7.76,132.85,67.71,6850.900000000001,57.05,0.0,Diversified Prescribers
1000001832,IL,Family Practice,713.3,602.0,337832.6699999999,11,6,0.0019,85.0,71.0,54.2,265.1,0.0,207.6,30.4,0.0,7.6,29.1,37.17,270.28,350.1,597.9000000000001,83.82,3.0,Low-Volume / Low-Growth Prescribers
1000001839,FL,Internal Medicine,3522.9,3058.0,1511748.7599999998,15,7,0.0092,408.4,168.0,772.0999999999999,980.2,0.0,314.1,784.4,95.7,21.92,8.92,27.82,-40.12,-29.76,2234.3999999999996,63.43,3.0,Low-Volume / Low-Growth Prescribers
1000001840,TX,Internal Medicine,16627.5,14369.0,6317909.77,19,8,0.0432,4228.6,967.8,1827.3000000000002,3392.0,119.3,3556.0,1977.1000000000001,559.4,10.99,21.39,20.4,-45.11,1.89,9743.1,58.6,0.0,Diversified Prescribers
1000001847,VA,Internal Medicine,14647.0,12643.0,9910030.09,17,6,0.0381,0.0,2140.3,6301.9,3585.5,124.39999999999999,1113.5,1381.4,0.0,43.03,7.6,24.48,115.9,-4.51,13141.2,89.72,0.0,Diversified Prescribers
1000001851,IL,Family Practice,857.3000000000002,739.0,389159.22,13,7,0.0022,182.39999999999998,82.30000000000001,218.8,224.70000000000002,3.2,26.7,119.2,0.0,25.52,3.11,26.21,2.85,-44.52,552.5,64.45,3.0,Low-Volume / Low-Growth Prescribers
1000001866,FL,Endocrinology,1913.7000000000003,1648.0,1086211.5499999998,19,7,0.005,311.5,96.1,682.3,260.20000000000005,0.0,346.4,177.29999999999998,39.9,35.65,18.1,13.6,36.3,61.31,1384.9999999999998,72.37,0.0,Diversified Prescribers
1000001871,FL,Internal Medicine,4039.9,3546.0,2026656.14,14,7,0.0105,478.3,183.6,991.1999999999999,590.8,0.0,986.6,567.7,241.7,24.54,24.42,14.62,-37.9,35.93,2752.2,68.13,3.0,Low-Volume / Low-Growth Prescribers
1000001879,MA,Family Practice,15451.699999999997,13487.0,9629535.12,15,6,0.0401,0.0,1320.9,5376.1,2226.1,111.9,3196.3,3220.4,0.0,34.79,20.69,14.41,177.63,102.72,12119.400000000001,78.43,0.0,Diversified Prescribers
1000001882,CA,Family Practice,1204.8,1047.0,376859.66,12,7,0.0031,455.79999999999995,93.0,166.3,200.0,0.0,90.9,186.6,12.2,13.8,7.54,16.6,-36.6,-31.1,550.2,45.67,3.0,Low-Volume / Low-Growth Prescribers
1000001885,OH,Internal Medicine,5726.0,5025.0,1813720.8499999999,20,8,0.0149,1308.4,482.70000000000005,351.5,1045.3,13.3,1188.4,1184.1,152.3,6.14,20.75,18.26,-21.06,-36.98,3067.9,53.58,0.0,Diversified Prescribers
1000001909,IN,Endocrinology,2609.2,2282.0,1668917.1300000004,19,8,0.0068,254.2,68.19999999999999,878.8000000000001,524.1,2.1,771.3,91.9,18.6,33.68,29.56,20.09,15.72,245.66,2242.4,85.94,0.0,Diversified Prescribers
1000001926,IN,Family Practice,12336.300000000001,10847.0,4456657.7299999995,16,7,0.032,2992.2,865.9,1235.8,3477.3000000000006,108.5,1632.6,2024.0,0.0,10.02,13.23,28.19,-11.03,53.41,7211.6,58.46,0.0,Diversified Prescribers
1000001928,FL,Family Practice,4689.099999999999,4025.0,2042607.35,18,7,0.0122,637.6,155.3,351.4,1772.0,18.6,1236.6999999999998,517.5,0.0,7.49,26.37,37.79,400.9,238.94,3515.3999999999996,74.97,0.0,Diversified Prescribers
1000001944,OH,Family Practice,1077.1,944.0,562358.1399999999,17,7,0.0028,101.8,43.099999999999994,185.2,302.7,0.0,339.9,74.3,30.1,17.19,31.56,28.1,151.66,602.73,870.8999999999999,80.86,3.0,Low-Volume / Low-Growth Prescribers
1000001946,VA,Internal Medicine,782.3,687.0,411234.82999999996,12,7,0.002,87.6,39.599999999999994,157.70000000000002,274.1,0.0,134.1,59.1,30.1,20.16,17.14,35.04,109.0,698.55,605.5,77.4,3.0,Low-Volume / Low-Growth Prescribers
1000001950,TN,Endocrinology,2104.1000000000004,1824.0,1054501.91,20,8,0.0055,298.9,61.2,363.4,418.59999999999997,4.8,695.1,215.7,46.4,17.27,33.04,19.89,-15.8,113.0,1538.3,73.11,0.0,Diversified Prescribers
1000001954,IN,Nephrology,15573.999999999998,13534.0,6521784.6899999995,16,8,0.0405,1908.6,1041.2,1580.5,6054.700000000001,24.5,2391.4,1917.4,655.6999999999999,10.15,15.36,38.88,135.65,147.87,11067.800000000001,71.07,0.0,Diversified Prescribers
1000001974,GA,Internal Medicine,4276.099999999999,3788.0,1677996.0699999998,14,7,0.0111,494.1,313.9,165.4,1294.7,10.9,1198.8,798.3000000000001,0.0,3.87,28.03,30.28,41.75,52.34,2972.8,69.52,3.0,Low-Volume / Low-Growth Prescribers
1000001976,IL,Internal Medicine,12912.900000000001,11131.0,7998510.119999999,14,6,0.0335,0.0,1528.9,4298.400000000001,3099.6,128.1,1587.3,2270.6,0.0,33.29,12.29,24.0,38.23,40.76,10514.2,81.42,0.0,Diversified Prescribers
1000001977,CA,Internal Medicine,4246.200000000001,3670.0,2535693.0500000003,17,7,0.011,0.0,446.7,925.0,1289.6,27.0,1082.3,226.3,249.3,21.78,25.49,30.37,-48.31,-17.47,3743.6,88.16,0.0,Diversified Prescribers
1000001982,OH,Internal Medicine,14860.600000000004,12891.0,7489894.04,18,7,0.0386,0.0,1329.6999999999998,2174.3,7026.4,146.3,2388.2,1573.6,222.1,14.63,16.07,47.28,-50.74,-36.88,12918.599999999999,86.93,0.0,Diversified Prescribers
1000001990,OH,Family Practice,3690.7000000000003,3230.0,1385391.6099999999,16,8,0.0096,585.5,439.20000000000005,335.70000000000005,783.1999999999999,19.9,779.3,591.1,156.8,9.1,21.12,21.22,19.03,-68.46,2337.4,63.33,0.0,Diversified Prescribers
1000002007,IN,Family Practice,12858.400000000001,11145.0,6458573.83,14,7,0.0334,1533.3,1262.4,2651.1,5347.2,86.30000000000001,417.4,1560.7,0.0,20.62,3.25,41.59,47.25,489.4,9678.099999999999,75.27,0.0,Diversified Prescribers
1000002009,GA,Internal Medicine,631.2,548.0,279736.77,13,6,0.0016,0.0,77.4,38.5,223.1,0.0,152.9,111.80000000000001,27.5,6.1,24.22,35.35,101.23,124.57,491.9,77.93,3.0,Low-Volume / Low-Growth Prescribers
1000002012,TN,Nurse Practitioner,40906.4,35321.0,15156797.03,16,7,0.1063,14197.2,4420.9,4516.5,9269.1,342.4,6918.7,1241.6,0.0,11.04,16.91,22.66,-52.89,-79.6,25125.2,61.42,1.0,High-Volume Core Prescribers
1000002018,VA,Endocrinology,2423.2000000000003,2135.0,1284832.01,18,7,0.0063,422.90000000000003,52.8,480.5,363.7,0.0,941.8000000000001,148.6,12.9,19.83,38.87,15.01,68.89,302.45,1838.8000000000002,75.88,0.0,Diversified Prescribers
1000002022,AZ,Physician Assistant,22717.7,19627.0,11327819.629999999,19,8,0.059,6281.1,1367.5,6941.3,4451.599999999999,74.3,1753.0,1476.8000000000002,372.1,30.55,7.72,19.6,7.43,82.1,14513.399999999998,63.89,0.0,Diversified Prescribers
1000002028,NY,Internal Medicine,14299.700000000003,12442.0,7612278.27,18,7,0.0371,2142.9,925.2,3800.8999999999996,5152.6,85.8,1261.6999999999998,930.6,0.0,26.58,8.82,36.03,-59.94,-83.55,11140.4,77.91,0.0,Diversified Prescribers
1000002040,TX,Nurse Practitioner,4471.8,3983.0,1895218.7600000002,19,8,0.0116,540.6,569.9000000000001,724.3000000000001,885.4,12.0,834.4,724.9,180.3,16.2,18.66,19.8,64.61,-48.4,3014.0000000000005,67.4,0.0,Diversified Prescribers
1000002042,VA,Internal Medicine,17983.8,15800.0,8232874.219999999,17,7,0.0467,1688.5,2021.4,2454.2,3156.4999999999995,74.6,5252.200000000001,3336.4,0.0,13.65,29.21,17.55,257.57,73.78,12884.300000000001,71.64,0.0,Diversified Prescribers
1000002048,TX,Internal Medicine,4467.8,3881.0,1639791.9100000001,14,7,0.0116,1532.7,297.9,355.5,324.70000000000005,0.0,1434.1,458.5,64.4,7.96,32.1,7.27,9.72,1770.79,2412.2,53.99,3.0,Low-Volume / Low-Growth Prescribers
1000002055,GA,Family Practice,851.2,748.0,486018.18999999994,13,5,0.0022,0.0,97.0,152.0,391.90000000000003,0.0,175.2,35.1,0.0,17.86,20.58,46.04,-37.82,-18.75,816.1,95.88,3.0,Low-Volume / Low-Growth Prescribers
1000002060,TX,Endocrinology,43849.899999999994,37695.0,27255432.419999998,20,8,0.1139,6424.4,1514.1,15592.300000000001,7959.700000000001,130.7,10156.1,1564.1,508.5,35.56,23.16,18.15,7.03,22.87,35222.2,80.32,1.0,High-Volume Core Prescribers
1000002102,NY,Endocrinology,28846.700000000004,24733.0,16462564.130000003,21,8,0.0749,2979.0,1233.6999999999998,7860.200000000001,5919.4,108.0,7455.8,3037.4,253.2,27.25,25.85,20.52,-9.4,71.39,22469.1,77.89,1.0,High-Volume Core Prescribers
1000002113,CA,Nurse Practitioner,5771.0,4986.0,2169940.57,15,7,0.015,1660.1,454.70000000000005,718.0,887.6999999999999,0.0,1193.9,706.3,150.3,12.44,20.69,15.38,-23.5,0.81,3254.3,56.39,3.0,Low-Volume / Low-Growth Prescribers
1000002115,GA,Endocrinology,28628.3,24866.0,15062360.719999999,20,8,0.0744,3486.0,1612.8,7728.0,8928.1,184.60000000000002,4412.7,2081.8999999999996,194.2,26.99,15.41,31.19,24.13,17.03,22681.6,79.23,1.0,High-Volume Core Prescribers
1000002131,CA,Endocrinology,2237.7,1975.0,1278429.3000000003,18,7,0.0058,327.40000000000003,116.4,703.0,316.4,0.0,544.7,193.7,36.1,31.42,24.34,14.14,-45.18,165.11,1680.5,75.1,0.0,Diversified Prescribers
1000002137,OH,Family Practice,7735.3,6586.0,3005854.99,15,8,0.0201,1455.2,1225.4,462.6,1805.1,176.8,1400.6999999999998,941.9000000000001,267.6,5.98,18.11,23.34,107.95,723.91,4893.799999999999,63.27,0.0,Diversified Prescribers
1000002144,FL,Internal Medicine,1048.0,902.0,449889.76,16,7,0.0027,227.0,173.3,175.7,168.60000000000002,0.0,140.6,146.7,16.1,16.77,13.42,16.09,153.81,163.76,658.2,62.81,3.0,Low-Volume / Low-Growth Prescribers
1000002146,MA,Internal Medicine,5263.3,4492.0,2737005.8100000005,18,8,0.0137,478.5,677.8,1397.9,1497.4,48.7,289.3,709.3,164.39999999999998,26.56,5.5,28.45,5.33,913.83,3862.4,73.38,0.0,Diversified Prescribers
1000002155,NY,Internal Medicine,779.3000000000001,681.0,313947.42000000004,14,7,0.002,137.1,162.7,65.6,112.39999999999999,0.0,178.7,92.4,30.4,8.42,22.93,14.42,17.68,112.55,519.4,66.65,3.0,Low-Volume / Low-Growth Prescribers
1000002163,MI,Nurse Practitioner,17913.3,15458.0,8254110.99,20,8,0.0465,1703.5,806.5,2823.9,4518.5,97.7,4245.3,3501.0,216.9,15.76,23.7,25.22,28.42,140.36,12394.2,69.19,0.0,Diversified Prescribers
1000002181,TX,Internal Medicine,20553.2,17940.0,9657100.94,19,8,0.0534,3644.7,1473.7,3411.4,5918.8,99.9,3775.2999999999993,1731.2,498.20000000000005,16.6,18.37,28.8,9.2,-40.42,14579.2,70.93,0.0,Diversified Prescribers
1000002187,FL,Family Practice,4727.900000000001,4182.0,1594569.4299999997,16,7,0.0123,1128.3000000000002,480.9,497.70000000000005,982.6,0.0,638.7,947.2,52.5,10.53,13.51,20.78,-78.9,-75.7,2599.9,54.99,0.0,Diversified Prescribers
1000002199,FL,Internal Medicine,14620.1,12760.0,9035234.349999998,15,7,0.038,2080.7,429.99999999999994,5403.9,2956.2000000000003,0.0,2391.4,839.1,518.8,36.96,16.36,20.22,180.25,717.02,11181.5,76.48,0.0,Diversified Prescribers
1000002202,NY,Internal Medicine,5519.1,4759.0,2041364.06,16,7,0.0143,1149.4,615.7,299.0,1945.7,0.0,844.5,560.9,103.9,5.42,15.3,35.25,95.17,103.18,3704.9,67.13,0.0,Diversified Prescribers
1000002205,AZ,Nurse Practitioner,12780.699999999999,10928.0,8018309.96,16,6,0.0332,0.0,1225.6,3302.2,4830.8,220.6,2549.3,652.2,0.0,25.84,19.95,37.8,-93.39,-82.65,11907.900000000001,93.17,0.0,Diversified Prescribers
1000002206,IN,Internal Medicine,15150.100000000002,13225.0,6499165.149999999,18,7,0.0394,2021.7,2757.8999999999996,2463.8,3499.2000000000003,45.3,1517.4,2844.8,0.0,16.26,10.02,23.1,-47.16,-59.99,10238.300000000001,67.58,0.0,Diversified Prescribers
1000002214,TN,Family Practice,12452.999999999998,10707.0,2977976.7399999998,15,8,0.0324,4214.2,1410.6,224.9,1335.6,170.6,1923.6,2582.8,590.7,1.81,15.45,10.73,-85.62,-98.13,4894.7,39.31,0.0,Diversified Prescribers
1000002215,NY,Internal Medicine,805.1999999999998,704.0,388693.49000000005,13,7,0.0021,102.6,90.5,110.10000000000001,273.7,0.0,181.8,34.9,11.6,13.67,22.58,33.99,135.22,-2.35,656.1,81.48,3.0,Low-Volume / Low-Growth Prescribers
1000002254,CA,Nurse Practitioner,856.3,758.0,339737.16000000003,12,7,0.0022,215.3,26.5,118.79999999999998,170.5,0.0,197.60000000000002,83.1,44.5,13.87,23.08,19.91,22.5,-51.34,513.4,59.96,3.0,Low-Volume / Low-Growth Prescribers
1000002269,FL,Internal Medicine,763.1,642.0,384809.7199999999,15,7,0.002,140.8,114.4,149.1,180.39999999999998,2.4,145.29999999999998,0.0,30.700000000000003,19.54,19.04,23.64,181.41,-57.32,589.1999999999999,77.21,3.0,Low-Volume / Low-Growth Prescribers
1000002294,PA,Endocrinology,2082.2999999999997,1832.0,1119352.4,19,7,0.0054,322.7,109.30000000000001,432.7,517.9,3.4,631.7,64.6,0.0,20.78,30.34,24.87,-12.46,32.15,1691.6,81.24,0.0,Diversified Prescribers
1000002297,FL,Endocrinology,1818.7,1603.0,883091.0,16,7,0.0047,371.7,55.9,338.9,385.1,0.0,553.9000000000001,85.7,27.5,18.63,30.46,21.17,183.63,56.96,1333.8000000000002,73.34,3.0,Low-Volume / Low-Growth Prescribers
1000002307,NY,Family Practice,732.6,642.0,376617.79000000004,12,6,0.0019,0.0,61.3,42.0,199.8,0.0,329.59999999999997,69.3,30.6,5.73,44.99,27.27,93.75,1007.14,632.7,86.36,3.0,Low-Volume / Low-Growth Prescribers
1000002315,CA,Endocrinology,33408.5,29593.0,21965955.060000002,20,8,0.0868,1262.9,2255.4,11177.300000000001,6200.7,17.6,10338.8,1717.3000000000002,438.5,33.46,30.95,18.56,-88.69,-76.25,29972.2,89.71,1.0,High-Volume Core Prescribers
1000002318,TN,Internal Medicine,595.2,520.0,275932.39,11,6,0.0015,0.0,112.20000000000002,14.2,189.9,0.0,168.1,97.80000000000001,13.0,2.39,28.24,31.91,144.21,222.05,484.4,81.38,3.0,Low-Volume / Low-Growth Prescribers
1000002327,TX,Endocrinology,3067.8,2690.0,1721353.07,18,8,0.008,348.1,150.5,715.2,482.4,2.3,1075.8,262.2,31.3,23.31,35.07,15.72,-4.2,43.37,2423.9,79.01,0.0,Diversified Prescribers
1000002340,IN,Family Practice,1097.0,952.0,324257.73999999993,14,7,0.0028,383.3,82.3,46.4,315.20000000000005,0.0,130.6,122.6,16.6,4.23,11.91,28.73,-74.88,-68.69,574.5,52.37,3.0,Low-Volume / Low-Growth Prescribers
1000002343,CA,Internal Medicine,13367.699999999999,11961.0,7079485.15,17,8,0.0347,3138.6000000000004,424.9,4088.1,1596.5,144.6,2470.2999999999997,1321.8000000000002,182.9,30.58,18.48,11.94,44.17,441.93,8579.8,64.18,0.0,Diversified Prescribers
1000002364,IL,Family Practice,1140.5,1010.0,382682.19,14,7,0.003,314.20000000000005,118.5,77.2,216.00000000000003,0.0,204.60000000000002,173.4,36.6,6.77,17.94,18.94,-59.44,-56.26,616.3000000000001,54.04,3.0,Low-Volume / Low-Growth Prescribers
1000002369,VA,Family Practice,22745.700000000004,19513.0,6409857.569999999,18,8,0.0591,7476.799999999999,1353.3,238.2,4170.5,156.2,5211.9,3721.6000000000004,417.20000000000005,1.05,22.91,18.34,13.95,40.78,10973.9,48.25,0.0,Diversified Prescribers
1000002388,TX,Family Practice,39730.700000000004,34287.0,21320609.369999997,18,8,0.1032,3529.8,4119.0,11669.0,2810.8,506.9,9493.8,6622.1,979.3000000000001,29.37,23.9,7.07,-80.18,-77.05,28092.6,70.71,1.0,High-Volume Core Prescribers
1000002393,NY,Endocrinology,11297.800000000003,9840.0,7558843.549999999,19,7,0.0294,1392.6999999999998,281.0,5074.3,1134.1,0.0,2412.4,845.3,158.0,44.91,21.35,10.04,-6.74,163.59,8901.800000000001,78.79,0.0,Diversified Prescribers
1000002400,TX,Internal Medicine,776.5,672.0,509649.82,15,6,0.002,0.0,65.9,281.90000000000003,171.7,1.2,166.2,89.6,0.0,36.3,21.4,22.11,43.05,230.81,685.7,88.31,3.0,Low-Volume / Low-Growth Prescribers
1000002410,NY,Family Practice,983.4000000000001,851.0,471615.2700000001,16,6,0.0026,98.4,66.80000000000001,175.4,299.6,0.0,189.7,153.5,0.0,17.84,19.29,30.47,-33.43,13.85,731.5,74.38,3.0,Low-Volume / Low-Growth Prescribers
1000002411,VA,Endocrinology,12843.899999999998,11210.0,7263953.2700000005,20,8,0.0334,1886.8999999999999,446.40000000000003,4213.0,1928.6000000000001,41.8,2692.2000000000003,1537.7,97.3,32.8,20.96,15.02,-36.1,1.28,9280.2,72.25,0.0,Diversified Prescribers
1000002414,FL,Internal Medicine,4651.8,4086.0,2728241.3000000003,17,7,0.0121,0.0,297.5,1425.6,777.3,13.6,1093.8,864.2,179.8,30.65,23.51,16.71,-67.31,21.29,3594.2,77.26,0.0,Diversified Prescribers
1000002415,TX,Physician Assistant,1091.1,954.0,625753.1399999999,16,6,0.0028,0.0,40.2,196.79999999999998,454.4,0.0,300.70000000000005,78.2,20.8,18.04,27.56,41.65,18.63,17.8,992.1,90.93,3.0,Low-Volume / Low-Growth Prescribers
1000002423,IL,Internal Medicine,3912.1000000000004,3441.0,2131785.8100000005,13,5,0.0102,0.0,172.8,713.7,1680.1999999999998,0.0,951.0999999999999,394.3,0.0,18.24,24.31,42.95,-35.78,-34.91,3517.7999999999997,89.92,3.0,Low-Volume / Low-Growth Prescribers
1000002441,MA,Internal Medicine,4289.1,3654.0,2285827.16,16,7,0.0111,681.3,552.4000000000001,1014.4,436.0,16.2,1150.8999999999999,437.9,0.0,23.65,26.83,10.17,362.77,283.74,3153.7,73.53,0.0,Diversified Prescribers
1000002444,IL,Internal Medicine,5252.000000000001,4635.0,2221445.3,16,6,0.0136,1462.1,402.09999999999997,993.7,1725.8999999999999,0.0,392.40000000000003,0.0,275.8,18.92,7.47,32.86,-25.15,-19.75,3514.1,66.91,0.0,Diversified Prescribers
1000002448,MA,Endocrinology,2506.5000000000005,2190.0,1474446.3900000001,16,7,0.0065,138.1,103.4,425.7,407.3,0.0,1284.0,97.30000000000001,50.7,16.98,51.23,16.25,-39.83,21.34,2220.4,88.59,0.0,Diversified Prescribers
1000002451,PA,Physician Assistant,5956.600000000001,5159.0,2754189.75,20,7,0.0155,1511.5,241.70000000000002,1614.0,1252.2,29.3,623.0999999999999,684.8,0.0,27.1,10.46,21.02,-51.78,38.78,3731.0,62.64,0.0,Diversified Prescribers
1000002456,IL,Internal Medicine,3239.6000000000004,2869.0,1733627.13,17,7,0.0084,584.6,361.09999999999997,879.0,914.9,19.299999999999997,348.29999999999995,0.0,132.39999999999998,27.13,10.75,28.24,212.71,-5.99,2503.2999999999997,77.27,0.0,Diversified Prescribers
1000002460,IL,Nephrology,714.9,636.0,334073.48,13,7,0.0019,113.0,42.2,128.4,246.4,2.1,129.8,53.0,0.0,17.96,18.16,34.47,151.46,66.29,546.8000000000001,76.49,3.0,Low-Volume / Low-Growth Prescribers
1000002471,OH,Physician Assistant,978.3000000000001,856.0,478667.88000000006,13,7,0.0025,117.7,117.1,231.20000000000002,181.2,0.0,132.39999999999998,164.7,34.0,23.63,13.53,18.52,-73.35,-76.5,661.9000000000001,67.66,3.0,Low-Volume / Low-Growth Prescribers
1000002476,MI,Endocrinology,9681.8,8410.0,5531692.720000001,17,8,0.0252,1573.7,894.0999999999999,3200.7999999999997,1156.1000000000001,22.299999999999997,1777.1,818.9,238.8,33.06,18.36,11.94,10.78,101.66,7028.1,72.59,0.0,Diversified Prescribers
1000002500,CA,Family Practice,820.8,726.0,402956.55,14,6,0.0021,122.0,0.0,147.3,222.3,0.0,213.89999999999998,102.7,12.6,17.95,26.06,27.08,132.66,144.71,583.5,71.09,3.0,Low-Volume / Low-Growth Prescribers
1000002504,FL,Internal Medicine,4461.399999999999,3892.0,1880167.0299999998,17,8,0.0116,968.2,483.3,678.0,430.09999999999997,15.7,1221.9,608.0,56.2,15.2,27.39,9.64,17.6,-24.04,2813.3,63.06,0.0,Diversified Prescribers
1000002522,VA,Internal Medicine,1234.1,1096.0,509078.08,13,6,0.0032,435.4,17.0,256.8,118.7,0.0,245.7,160.5,0.0,20.81,19.91,9.62,-22.54,26.52,638.2,51.71,3.0,Low-Volume / Low-Growth Prescribers
1000002528,NY,Endocrinology,11019.900000000001,9458.0,5294223.509999999,19,7,0.0286,3293.2,472.70000000000005,2425.4,1699.8000000000002,0.0,2672.0,311.9,144.9,22.01,24.25,15.42,-74.68,-25.93,7269.9,65.97,0.0,Diversified Prescribers
1000002544,IN,Endocrinology,12422.8,10841.0,7582347.729999999,19,7,0.0323,854.8,564.9000000000001,3903.6000000000004,1799.7,0.0,3849.6,1284.8999999999999,165.3,31.42,30.99,14.49,42.16,93.68,10117.800000000001,81.45,0.0,Diversified Prescribers
1000002557,TX,Internal Medicine,9172.9,8080.0,4868327.729999999,14,7,0.0238,0.0,870.4,1586.8,1994.8000000000002,83.5,3462.4000000000005,847.0,328.0,17.3,37.75,21.75,-39.33,-61.41,7914.400000000001,86.28,0.0,Diversified Prescribers
1000002572,OH,Internal Medicine,1043.8,905.0,552320.4099999999,19,8,0.0027,185.3,52.599999999999994,220.29999999999998,205.39999999999998,2.2,320.5,36.7,20.8,21.11,30.71,19.68,38.68,53.69,798.8,76.53,0.0,Diversified Prescribers
1000002579,MI,Family Practice,11863.7,10152.0,5738874.420000001,16,7,0.0308,0.0,1116.2,2165.0,4680.8,187.0,1430.0,2112.2,172.5,18.25,12.05,39.45,7.96,422.81,9392.0,79.17,0.0,Diversified Prescribers
1000002580,FL,Endocrinology,2131.7,1833.0,1290898.1600000001,20,8,0.0055,193.39999999999998,165.6,768.3,264.09999999999997,2.3,518.8,207.70000000000002,11.5,36.04,24.34,12.39,-49.98,-29.41,1716.7999999999997,80.54,0.0,Diversified Prescribers
1000002615,IN,Endocrinology,43132.7,37181.0,26249662.200000003,22,8,0.1121,5300.7,1037.9,16270.400000000001,6736.000000000001,316.7,8454.8,4659.9,356.3,37.72,19.6,15.62,18.79,376.9,32499.100000000002,75.35,1.0,High-Volume Core Prescribers
1000002620,IN,Family Practice,4997.999999999999,4330.0,1745609.23,14,7,0.013,2072.8,194.8,844.3,343.5,8.0,860.1,674.5,0.0,16.89,17.21,6.87,2.02,51.88,2242.7,44.87,3.0,Low-Volume / Low-Growth Prescribers
1000002632,NC,Endocrinology,12228.9,10563.0,6320368.140000001,20,8,0.0318,1675.2,1047.8999999999999,3123.2999999999997,871.5,68.1,3463.2000000000003,1634.9,344.8,25.54,28.32,7.13,24.76,16.29,8505.9,69.56,0.0,Diversified Prescribers
1000002637,OH,Family Practice,3766.1000000000004,3354.0,1970308.85,16,7,0.0098,460.2,311.8,1012.5,159.4,45.099999999999994,1026.8,750.3,0.0,26.88,27.26,4.23,-28.71,42.67,2510.5,66.66,0.0,Diversified Prescribers
1000002656,IL,Family Practice,49521.799999999996,42833.0,24725730.48,18,8,0.1287,7800.599999999999,3576.5,6183.299999999999,14799.199999999999,209.39999999999998,15023.699999999999,1317.8,611.3,12.49,30.34,29.88,51.02,160.27,39582.7,79.93,1.0,High-Volume Core Prescribers
1000002659,OH,Family Practice,628.5000000000002,545.0,318303.66000000003,15,7,0.0016,0.0,61.3,116.60000000000001,231.89999999999998,1.2,104.2,87.2,26.1,18.55,16.58,36.9,-6.31,-46.31,514.0,81.78,3.0,Low-Volume / Low-Growth Prescribers
1000002662,OH,Internal Medicine,4002.699999999999,3487.0,1504655.0699999998,20,8,0.0104,575.8,327.8,393.1,832.2,22.2,855.5,843.6,152.5,9.82,21.37,20.79,-57.02,206.91,2408.6,60.17,0.0,Diversified Prescribers
1000002663,GA,Family Practice,10293.1,9215.0,4267617.82,14,6,0.0267,3776.2000000000003,1180.9,1439.6,1975.3999999999999,184.8,1736.2,0.0,0.0,13.99,16.87,19.19,8.96,213.47,6332.1,61.52,0.0,Diversified Prescribers
1000002668,FL,Family Practice,6296.6,5403.0,3507076.1000000006,19,8,0.0164,404.8,519.7,1408.3,1847.6,11.9,1399.5,641.4,63.4,22.37,22.23,29.34,29.09,201.93,5175.1,82.19,0.0,Diversified Prescribers
1000002670,PA,Family Practice,613.0,536.0,320918.97,12,6,0.0016,0.0,44.5,48.199999999999996,171.0,0.0,269.79999999999995,38.5,41.0,7.86,44.01,27.9,131.31,21.84,533.5,87.03,3.0,Low-Volume / Low-Growth Prescribers
1000002674,CA,Nurse Practitioner,1235.8,1057.0,504125.27,15,8,0.0032,353.3,41.900000000000006,199.6,311.7,2.4,197.8,117.39999999999999,11.7,16.15,16.01,25.22,50.58,10.4,751.0,60.77,3.0,Low-Volume / Low-Growth Prescribers
1000002689,OH,Internal Medicine,4752.200000000001,4153.0,1291302.79,15,7,0.0123,943.4000000000001,294.20000000000005,115.0,1141.7,0.0,678.2,1369.8000000000002,209.89999999999998,2.42,14.27,24.02,105.79,54.15,2229.1000000000004,46.91,3.0,Low-Volume / Low-Growth Prescribers
1000002696,CA,Family Practice,5817.100000000001,5089.0,2583227.66,18,7,0.0151,876.1,473.7,904.4,2300.0,0.0,484.1,598.8,180.0,15.55,8.32,39.54,253.17,15.83,4162.2,71.55,0.0,Diversified Prescribers
1000002717,GA,Cardiology,4957.5,4395.0,1988542.38,17,7,0.0129,1596.9,189.6,939.1,1437.3000000000002,30.299999999999997,313.1,451.20000000000005,0.0,18.94,6.32,28.99,244.61,852.61,2879.1000000000004,58.08,0.0,Diversified Prescribers
1000002733,IL,Physician Assistant,4742.099999999999,4129.0,2003528.17,18,8,0.0123,642.6,185.1,615.5,1921.3,32.4,633.3000000000001,605.3,106.6,12.98,13.35,40.52,-26.4,-28.1,3355.2,70.75,0.0,Diversified Prescribers
1000002734,FL,Physician Assistant,3328.2999999999997,2935.0,2322221.1,16,6,0.0086,0.0,280.2,1096.2,900.7,13.0,976.0,0.0,62.2,32.94,29.32,27.06,-15.93,277.97,3253.0999999999995,97.74,0.0,Diversified Prescribers
1000002749,AZ,Family Practice,883.0999999999999,759.0,463974.11,18,8,0.0023,107.0,69.6,264.4,172.70000000000002,5.5,94.9,137.3,31.7,29.94,10.75,19.56,2893.43,236.7,601.6,68.12,3.0,Low-Volume / Low-Growth Prescribers
1000002753,IN,Internal Medicine,932.0000000000001,806.0,405324.38999999996,13,8,0.0024,173.89999999999998,50.4,250.00000000000003,182.79999999999998,3.5,64.5,181.7,25.2,26.82,6.92,19.61,-83.9,-88.83,547.6999999999999,58.77,3.0,Low-Volume / Low-Growth Prescribers
1000002756,CA,Internal Medicine,16452.2,14235.0,7701196.159999998,17,8,0.0427,3357.1,1252.9,3180.4,2621.4,42.8,3913.2000000000003,1611.6999999999998,472.7,19.33,23.79,15.93,579.81,15.32,10967.9,66.67,0.0,Diversified Prescribers
1000002757,CA,Nurse Practitioner,17322.0,15020.0,7621032.970000001,17,8,0.045,4187.6,1187.6,2963.1,2260.3,156.9,3749.1,2258.5,558.9,17.11,21.64,13.05,951.11,271.76,10160.099999999999,58.65,0.0,Diversified Prescribers
1000002760,TX,Endocrinology,16219.299999999997,14220.0,10256084.32,22,8,0.0421,1454.1,836.1000000000001,5322.0,1995.0,43.699999999999996,5488.5,848.7,231.20000000000002,32.81,33.84,12.3,107.91,133.68,13641.6,84.11,0.0,Diversified Prescribers
1000002769,FL,Family Practice,1282.1,1108.0,585029.4,14,7,0.0033,303.1,25.2,170.8,247.1,1.2,442.8,91.9,0.0,13.32,34.54,19.27,91.77,88.46,885.9000000000001,69.1,3.0,Low-Volume / Low-Growth Prescribers
1000002771,VA,Internal Medicine,676.5,586.0,385216.77,11,5,0.0018,0.0,60.4,108.5,340.29999999999995,0.0,132.8,34.5,0.0,16.04,19.63,50.3,232.15,46.06,642.0,94.9,3.0,Low-Volume / Low-Growth Prescribers
1000002772,NC,Family Practice,623.4000000000001,546.0,323707.31999999995,15,7,0.0016,87.2,37.1,148.5,129.2,0.0,139.5,63.5,18.4,23.82,22.38,20.73,-42.34,-30.56,454.3,72.87,3.0,Low-Volume / Low-Growth Prescribers
1000002774,NY,Internal Medicine,30515.200000000004,26339.0,14775750.77,18,8,0.0793,3552.8,1304.9,6372.9,7307.9,282.0,6983.6,3370.8,1340.3000000000002,20.88,22.89,23.95,-38.7,-30.63,21969.3,71.99,1.0,High-Volume Core Prescribers
1000002796,TX,Endocrinology,2093.5,1831.0,1167631.7700000003,19,7,0.0054,338.9,129.5,620.8,281.1,0.0,502.6,202.3,18.3,29.65,24.01,13.43,-58.39,89.11,1534.0,73.27,0.0,Diversified Prescribers
1000002801,NY,Nurse Practitioner,638.6999999999999,556.0,326705.94,15,7,0.0017,0.0,31.6,126.7,177.09999999999997,1.2,147.7,142.4,12.0,19.84,23.13,27.73,-41.11,-8.16,483.09999999999997,75.64,3.0,Low-Volume / Low-Growth Prescribers
1000002802,FL,Physician Assistant,902.8,794.0,504486.95999999996,16,7,0.0023,0.0,70.6,221.39999999999998,329.5,2.1,140.0,120.3,18.9,24.52,15.51,36.5,-28.2,15.01,761.5,84.35,3.0,Low-Volume / Low-Growth Prescribers
1000002820,TX,Physician Assistant,16349.0,14420.0,7369124.249999999,18,8,0.0425,3623.3,209.4,4117.8,2424.2,148.7,2920.6000000000004,2395.4,509.6,25.19,17.86,14.83,-35.06,55.87,9672.0,59.16,0.0,Diversified Prescribers
1000002823,GA,Internal Medicine,17339.4,15081.0,7770962.779999998,17,8,0.045,4530.5,2225.7,2551.8,2210.8,103.80000000000001,4525.2,1022.6,169.0,14.72,26.1,12.75,-17.57,76.7,11513.5,66.4,0.0,Diversified Prescribers
1000002844,IL,Family Practice,18286.500000000004,15804.0,11156449.440000001,13,7,0.0475,0.0,1996.1000000000001,6918.099999999999,3831.3999999999996,62.0,1817.8,3119.7,541.4,37.83,9.94,20.95,-80.67,-53.39,14563.4,79.64,0.0,Diversified Prescribers
1000002850,FL,Family Practice,667.8,574.0,264066.58,14,7,0.0017,188.4,24.9,138.89999999999998,115.1,2.2,80.2,118.1,0.0,20.8,12.01,17.24,158.33,373.93,359.09999999999997,53.77,3.0,Low-Volume / Low-Growth Prescribers
1000002854,TX,Endocrinology,8665.500000000002,7713.0,6494323.299999999,20,8,0.0225,646.1,470.2,4685.6,1218.6,28.4,1245.0,215.1,156.5,54.07,14.37,14.06,-13.16,106.78,7619.4,87.93,0.0,Diversified Prescribers
1000002862,IL,Physician Assistant,13489.099999999999,11831.0,5304191.640000001,14,7,0.035,1314.5,211.4,2790.6000000000004,968.0999999999999,250.2,2825.8,5128.500000000001,0.0,20.69,20.95,7.18,1.16,98.27,6795.9,50.38,0.0,Diversified Prescribers
1000002863,TN,Family Practice,15597.2,13370.0,7743181.539999999,15,7,0.0405,5342.7,682.8,4570.1,2232.8,25.1,1754.3,989.4,0.0,29.3,11.25,14.32,117.2,5675.75,9240.0,59.24,0.0,Diversified Prescribers
1000002886,CA,Internal Medicine,655.0,567.0,392447.63,14,6,0.0017,0.0,91.7,195.5,120.5,0.0,126.0,82.1,39.2,29.85,19.24,18.4,78.84,908.96,533.7,81.48,3.0,Low-Volume / Low-Growth Prescribers
1000002890,NC,Internal Medicine,4020.6000000000004,3535.0,2242005.92,16,7,0.0104,574.2,305.8,902.1,1137.5,13.4,960.9000000000001,0.0,126.7,22.44,23.9,28.29,277.35,94.26,3306.3,82.23,0.0,Diversified Prescribers
1000002891,CA,Family Practice,856.1999999999999,734.0,390143.93999999994,13,7,0.0022,121.7,60.7,205.5,217.10000000000002,0.0,94.3,124.1,32.8,24.0,11.01,25.36,17.44,68.33,577.6,67.46,3.0,Low-Volume / Low-Growth Prescribers
1000002894,FL,Endocrinology,2536.0000000000005,2236.0,1373816.3899999997,18,7,0.0066,430.2,132.70000000000002,643.9,396.9,0.0,695.0,223.1,14.2,25.39,27.41,15.65,-23.9,8.81,1868.5,73.68,0.0,Diversified Prescribers
1000002897,MA,Internal Medicine,17452.7,15241.0,8052296.110000001,19,8,0.0453,1347.4,1502.4,2653.8,5461.9,27.8,3120.8,3155.4000000000005,183.2,15.21,17.88,31.3,-30.99,-2.8,12738.9,72.99,0.0,Diversified Prescribers
1000002908,TX,Internal Medicine,4196.900000000001,3684.0,2155198.94,17,8,0.0109,533.7,404.4,1143.0,890.9,40.2,562.1,554.9,67.7,27.23,13.39,21.23,-53.2,86.61,3000.4,71.49,0.0,Diversified Prescribers
1000002914,PA,Internal Medicine,13869.000000000002,12224.0,6426393.369999999,18,8,0.036,3660.5,1410.7,3502.2,2441.2999999999997,123.0,1428.1,1047.6,255.6,25.25,10.3,17.6,-2.77,-37.08,8782.3,63.32,0.0,Diversified Prescribers
1000002920,TX,Internal Medicine,17140.499999999996,14535.0,8052664.99,16,8,0.0445,4125.6,1250.2,4297.4,1004.9,120.3,3913.6000000000004,2000.0,428.5,25.07,22.83,5.86,73.4,76.53,10466.1,61.06,0.0,Diversified Prescribers
1000002928,NC,Family Practice,4975.2,4366.0,2496163.98,19,7,0.0129,678.7,609.8,1308.4,869.6,0.0,595.8,839.2,73.7,26.3,11.98,17.48,17.03,24.78,3383.6,68.01,0.0,Diversified Prescribers
1000002949,CA,Physician Assistant,4557.6,4014.0,2807888.0,18,7,0.0118,496.2,254.3,1509.6,1016.6999999999998,0.0,840.4000000000001,369.4,71.0,33.12,18.44,22.31,190.46,90.51,3621.0,79.45,0.0,Diversified Prescribers
1000002951,NY,Family Practice,919.5,788.0,458916.08999999997,12,6,0.0024,214.2,126.6,284.5,164.8,0.0,12.0,117.4,0.0,30.94,1.31,17.92,192.33,30.25,587.9000000000001,63.94,3.0,Low-Volume / Low-Growth Prescribers
1000002961,NY,Internal Medicine,13398.599999999999,11535.0,5786888.5200000005,13,5,0.0348,2414.4,777.7,0.0,5785.1,131.8,4289.6,0.0,0.0,0.0,32.02,43.18,398.62,598.02,10852.400000000001,81.0,0.0,Diversified Prescribers
1000002962,IN,Internal Medicine,844.9000000000001,737.0,397210.62000000005,16,7,0.0022,111.4,112.8,134.4,311.5,0.0,96.30000000000001,45.4,33.1,15.91,11.4,36.87,-8.96,-7.75,655.0,77.52,3.0,Low-Volume / Low-Growth Prescribers
1000002965,NY,Family Practice,4491.499999999999,3892.0,2065453.39,16,7,0.0117,647.7,256.2,652.7,667.4,25.2,1505.6,736.7,0.0,14.53,33.52,14.86,-5.79,-32.58,3081.9,68.62,0.0,Diversified Prescribers
1000002972,MA,Family Practice,940.4,809.0,290152.85,14,7,0.0024,344.0,50.3,74.9,237.0,0.0,118.60000000000001,100.10000000000001,15.5,7.96,12.61,25.2,1995.48,450.51,480.8,51.13,3.0,Low-Volume / Low-Growth Prescribers
1000002990,CA,Endocrinology,2203.7000000000003,1932.0,1308279.38,19,8,0.0057,135.7,108.7,598.7,418.9,2.4,697.0999999999999,224.2,18.0,27.17,31.63,19.01,0.34,103.3,1823.4,82.74,0.0,Diversified Prescribers
1000003003,CA,Family Practice,14201.6,12571.0,6049200.559999999,19,8,0.0369,1650.6,2204.7,2553.1,3119.7,34.7,1644.8,1852.4,1141.6000000000001,17.98,11.58,21.97,54.67,-7.48,9522.3,67.05,0.0,Diversified Prescribers
1000003008,OH,Family Practice,3779.2999999999997,3201.0,1662863.0100000002,16,7,0.0098,537.5,332.8,199.7,1085.5,0.0,1283.6999999999998,173.3,166.8,5.28,33.97,28.72,301.41,465.04,2901.7,76.78,0.0,Diversified Prescribers
1000003027,IL,Family Practice,6564.8,5662.0,2085357.5500000003,14,7,0.0171,2798.5,445.5,881.7,1320.3999999999999,13.6,459.4,645.7,0.0,13.43,7.0,20.11,-83.69,-78.36,3107.0,47.33,3.0,Low-Volume / Low-Growth Prescribers
1000003030,CA,Internal Medicine,4886.1,4325.0,2544546.05,20,7,0.0127,685.3,228.79999999999998,1086.3999999999999,1479.3000000000002,0.0,928.9,328.6,148.8,22.23,19.01,30.28,53.82,784.22,3723.4,76.2,0.0,Diversified Prescribers
1000003043,VA,Internal Medicine,4998.700000000001,4390.0,1371886.77,16,8,0.013,2223.2,219.3,281.2,930.3,14.0,777.0999999999999,380.3,173.3,5.63,15.55,18.61,166.33,-9.59,2207.8999999999996,44.17,3.0,Low-Volume / Low-Growth Prescribers
1000003049,GA,Internal Medicine,874.1999999999999,766.0,309225.36,13,6,0.0023,347.5,46.0,100.3,147.6,0.0,151.9,80.9,0.0,11.47,17.38,16.88,-28.77,-0.52,445.79999999999995,51.0,3.0,Low-Volume / Low-Growth Prescribers
1000003051,NY,Internal Medicine,818.3,706.0,453998.89,14,6,0.0021,112.4,89.39999999999999,204.8,260.4,0.0,85.3,66.0,0.0,25.03,10.42,31.82,63.38,137.8,639.9,78.2,3.0,Low-Volume / Low-Growth Prescribers
1000003062,CA,Family Practice,4664.699999999999,4101.0,1942479.05,21,8,0.0121,1131.2,295.2,669.8,718.2,38.0,1199.0000000000002,536.4,76.9,14.36,25.7,15.4,337.26,395.27,2882.2,61.79,0.0,Diversified Prescribers
1000003063,GA,Family Practice,4747.9,4136.0,1935788.33,17,8,0.0123,1337.8,396.90000000000003,545.4,789.7,19.2,1245.0,339.79999999999995,74.1,11.49,26.22,16.63,-22.06,90.24,2977.0,62.7,0.0,Diversified Prescribers
1000003064,PA,Family Practice,16111.099999999999,14188.0,6638802.0600000005,16,7,0.0419,3737.0,2732.8,2176.3,3939.3999999999996,0.0,1943.1000000000001,1274.9,307.6,13.51,12.06,24.45,1.04,-43.92,10791.6,66.98,0.0,Diversified Prescribers
1000003071,IL,Family Practice,5698.099999999999,5020.0,2975933.34,18,8,0.0148,922.3,463.20000000000005,1333.1,1419.3,15.7,984.9,501.30000000000007,58.3,23.4,17.28,24.91,-10.17,-15.03,4200.5,73.72,0.0,Diversified Prescribers
1000003075,TX,Nurse Practitioner,10984.400000000001,9535.0,5218878.0,15,8,0.0285,1455.5,868.9,1842.9,2817.0,87.9,2290.2,1234.9,387.1,16.78,20.85,25.65,-13.62,156.97,7819.0,71.18,0.0,Diversified Prescribers
1000003077,GA,Endocrinology,11162.5,9666.0,6304738.29,21,8,0.029,1021.4,610.3,3997.9,1747.1,14.9,1619.0,1945.8000000000002,206.1,35.82,14.5,15.65,2.22,154.75,7974.299999999999,71.44,0.0,Diversified Prescribers
1000003093,MA,Family Practice,15885.499999999998,13978.0,8363138.579999999,19,8,0.0413,1942.9,1114.9,2293.1,3902.2999999999997,103.8,5419.9,605.4,503.2,14.44,34.12,24.57,134.2,46.71,12730.199999999999,80.14,0.0,Diversified Prescribers
1000003098,VA,Endocrinology,11300.999999999998,9931.0,6812683.11,21,8,0.0294,1172.0,1125.0,3651.6000000000004,2282.2,47.0,2309.0,596.1,118.1,32.31,20.43,20.19,181.13,59.53,9367.8,82.89,0.0,Diversified Prescribers
1000003099,FL,Internal Medicine,3751.2000000000003,3264.0,1576475.57,19,8,0.0097,564.7,79.9,503.79999999999995,1050.5,35.7,843.3,586.6999999999999,86.6,13.43,22.48,28.0,153.79,16.88,2477.5,66.05,0.0,Diversified Prescribers
1000003114,TX,Internal Medicine,17331.8,14646.0,7419597.27,13,7,0.045,0.0,2770.5,1212.9,6484.0,143.4,2878.7,2803.5,1038.8,7.0,16.61,37.41,25.27,-44.25,13346.1,77.0,0.0,Diversified Prescribers
1000003151,TX,Internal Medicine,4789.5,4234.0,2102167.44,17,7,0.0124,476.9,432.8,653.2,1323.8,11.1,949.8999999999999,941.8,0.0,13.64,19.83,27.64,-76.39,-20.1,3359.7,70.15,0.0,Diversified Prescribers
1000003153,AZ,Internal Medicine,6295.500000000002,5392.0,2567921.5100000002,21,8,0.0164,1087.5,1017.6999999999999,807.8,836.3,26.299999999999997,1314.1,988.4000000000001,217.4,12.83,20.87,13.28,103.47,-31.25,3975.8999999999996,63.15,0.0,Diversified Prescribers
1000003181,IL,Internal Medicine,22716.699999999997,19626.0,9140562.89,21,8,0.059,3560.3,2164.0,2632.9,7805.299999999999,113.0,2710.1,3480.5,250.6,11.59,11.93,34.36,311.06,-23.7,15312.3,67.41,1.0,High-Volume Core Prescribers
1000003184,CA,Internal Medicine,676.7,574.0,345394.83,12,5,0.0018,0.0,146.89999999999998,44.7,254.9,0.0,179.1,51.1,0.0,6.61,26.47,37.67,246.38,10.76,625.6,92.45,3.0,Low-Volume / Low-Growth Prescribers
1000003185,MI,Internal Medicine,4123.4,3578.0,1593065.9200000002,13,8,0.0107,1201.6,248.89999999999998,276.8,995.4,27.6,1017.2,240.4,115.5,6.71,24.67,24.14,-29.26,-52.79,2538.3,61.56,3.0,Low-Volume / Low-Growth Prescribers
1000003188,FL,Family Practice,4987.8,4352.0,1867985.8900000004,15,7,0.013,959.1,150.2,614.2,1454.3,0.0,665.3,1059.6,85.1,12.31,13.34,29.16,-52.42,10.76,2884.0,57.82,3.0,Low-Volume / Low-Growth Prescribers
1000003191,MA,Nurse Practitioner,745.7,661.0,365637.82000000007,15,7,0.0019,213.1,45.0,227.6,74.39999999999999,0.0,102.30000000000001,67.6,15.7,30.52,13.72,9.98,115.75,52.5,449.29999999999995,60.25,3.0,Low-Volume / Low-Growth Prescribers
1000003193,OH,Internal Medicine,3101.5,2724.0,883443.29,13,7,0.0081,1402.8,190.8,492.0,305.6,0.0,233.7,374.1,102.5,15.86,7.54,9.85,802.72,247.54,1222.1,39.4,3.0,Low-Volume / Low-Growth Prescribers
1000003211,NY,Family Practice,3365.8,2871.0,1147820.2799999998,17,8,0.0087,691.2,309.5,347.40000000000003,1156.6,22.5,124.30000000000001,578.9,135.39999999999998,10.32,3.69,34.36,158.0,-20.14,1937.8,57.57,0.0,Diversified Prescribers
1000003212,TX,Endocrinology,103746.20000000004,89950.0,63417057.92,22,8,0.2695,11989.8,4949.200000000001,40925.6,17105.0,301.4,15527.7,11840.5,1107.0,39.45,14.97,16.49,-31.49,51.8,78507.5,75.67,1.0,High-Volume Core Prescribers
1000003234,CA,Internal Medicine,3884.7000000000003,3384.0,1776794.86,14,8,0.0101,695.4,203.5,476.7,813.8,27.599999999999998,1162.0,422.5,83.2,12.27,29.91,20.95,61.73,311.22,2656.0,68.37,3.0,Low-Volume / Low-Growth Prescribers
1000003239,CA,Internal Medicine,41228.8,36073.0,15119766.57,19,8,0.1071,8533.2,3261.9,7125.5,10319.5,322.5,962.7,10152.7,550.8,17.28,2.34,25.03,753.79,160.9,21669.6,52.56,1.0,High-Volume Core Prescribers
1000003240,OH,Internal Medicine,829.9,716.0,378221.26999999996,16,8,0.0022,179.6,88.7,114.2,208.59999999999997,1.1,172.0,45.6,20.1,13.76,20.73,25.14,674.42,457.32,583.5,70.31,3.0,Low-Volume / Low-Growth Prescribers
1000003245,OH,Endocrinology,1860.0,1627.0,1079528.1399999997,18,7,0.0048,103.4,112.30000000000001,579.1,416.3,0.0,402.3,210.29999999999998,36.3,31.13,21.63,22.38,262.85,-11.74,1510.0,81.18,0.0,Diversified Prescribers
1000003258,MA,Internal Medicine,3453.0,2982.0,1290382.4799999997,14,8,0.009,737.2,109.4,372.5,1563.7,6.9,186.6,421.79999999999995,54.9,10.79,5.4,45.29,28.82,846.32,2232.2,64.65,3.0,Low-Volume / Low-Growth Prescribers
1000003259,TX,Nurse Practitioner,19793.9,17181.0,7761322.6,16,7,0.0514,6423.700000000001,486.2,4808.9,2395.5,50.599999999999994,1280.2,4348.8,0.0,24.29,6.47,12.1,74.6,451.17,8970.8,45.32,0.0,Diversified Prescribers
1000003265,OH,Endocrinology,2196.2,1914.0,1074839.04,20,8,0.0057,343.1,118.69999999999999,564.1999999999999,451.1,1.1,424.8,278.90000000000003,14.3,25.69,19.34,20.54,2.59,-31.24,1558.8000000000002,70.98,0.0,Diversified Prescribers
1000003279,IL,Family Practice,791.8000000000001,683.0,351839.73,13,7,0.0021,205.2,38.8,155.4,125.4,0.0,166.4,86.9,13.7,19.63,21.02,15.84,29.0,-29.42,486.0,61.38,3.0,Low-Volume / Low-Growth Prescribers
1000003280,PA,Internal Medicine,4290.900000000001,3814.0,1320464.8,15,8,0.0111,1485.3,310.70000000000005,677.5,552.4,11.2,232.20000000000002,889.1000000000001,132.5,15.79,5.41,12.87,21.12,-35.05,1772.8000000000002,41.32,3.0,Low-Volume / Low-Growth Prescribers
1000003282,MA,Nurse Practitioner,776.5,679.0,428057.28,16,7,0.002,106.5,54.4,212.8,115.0,0.0,197.9,78.3,11.6,27.41,25.49,14.81,31.76,-16.27,580.1,74.71,3.0,Low-Volume / Low-Growth Prescribers
1000003284,IN,Internal Medicine,921.0,798.0,389340.29,17,7,0.0024,197.0,37.9,188.29999999999998,168.1,2.5,153.5,173.7,0.0,20.45,16.67,18.25,-31.47,11.61,547.8,59.48,3.0,Low-Volume / Low-Growth Prescribers
1000003297,TX,Endocrinology,11240.300000000005,9731.0,6818981.750000002,20,8,0.0292,406.6,823.9000000000001,3297.5999999999995,2422.3,35.3,3254.2,852.1,148.3,29.34,28.95,21.55,-49.47,-56.56,9798.0,87.17,0.0,Diversified Prescribers
1000003311,CA,Family Practice,4170.800000000001,3636.0,2163076.01,19,8,0.0108,399.8,633.4000000000001,807.9000000000001,952.9,25.4,873.2,314.3,163.9,19.37,20.94,22.85,134.09,-14.45,3267.4,78.34,0.0,Diversified Prescribers
1000003316,TX,Internal Medicine,5755.5,5111.0,2344898.88,20,8,0.015,1462.6,405.1,1061.7,1417.5000000000002,13.7,607.9000000000001,702.4000000000001,84.6,18.45,10.56,24.63,-53.99,-75.68,3492.2000000000007,60.68,0.0,Diversified Prescribers
1000003322,NY,Family Practice,836.2,730.0,444403.27,13,6,0.0022,137.0,59.8,201.39999999999998,193.3,0.0,207.10000000000002,0.0,37.599999999999994,24.09,24.77,23.12,-12.54,72.79,661.6,79.12,3.0,Low-Volume / Low-Growth Prescribers
1000003334,TX,Nurse Practitioner,795.9,682.0,444647.69,13,5,0.0021,0.0,27.3,147.1,247.6,0.0,224.60000000000002,149.3,0.0,18.48,28.22,31.11,49.59,75.04,646.6,81.24,3.0,Low-Volume / Low-Growth Prescribers
1000003335,PA,Family Practice,597.1,514.0,304210.60000000003,12,6,0.0016,0.0,76.0,141.7,235.9,0.0,33.8,79.30000000000001,30.4,23.73,5.66,39.51,86.74,59.43,487.4,81.63,3.0,Low-Volume / Low-Growth Prescribers
1000003336,OH,Nurse Practitioner,905.4000000000001,797.0,444762.95999999996,15,7,0.0024,0.0,131.3,104.99999999999999,204.5,2.4,276.4,164.6,21.2,11.6,30.53,22.59,35.99,29.04,717.2,79.21,3.0,Low-Volume / Low-Growth Prescribers
1000003344,TN,Internal Medicine,4804.299999999999,4225.0,2039296.6599999997,18,8,0.0125,1178.8000000000002,421.0,787.4000000000001,769.5999999999999,30.7,930.7,629.7,56.4,16.39,19.37,16.02,20.17,261.51,2908.7000000000003,60.54,0.0,Diversified Prescribers
1000003348,CA,Internal Medicine,1007.8,876.0,481309.12000000005,14,7,0.0026,374.4,40.8,297.59999999999997,130.5,0.0,112.5,35.6,16.4,29.53,11.16,12.95,-12.98,11.96,581.4,57.69,3.0,Low-Volume / Low-Growth Prescribers
1000003369,CA,Family Practice,13845.699999999997,12078.0,6885957.33,15,6,0.036,2335.5,1107.8000000000002,1644.8999999999999,4654.1,52.3,4051.1,0.0,0.0,11.88,29.26,33.61,-81.85,-69.57,11457.900000000001,82.75,0.0,Diversified Prescribers
1000003375,IL,Family Practice,14441.5,12618.0,6346344.71,13,6,0.0375,2239.5,2582.9000000000005,0.0,2882.8,95.2,5845.400000000001,795.7,0.0,0.0,40.48,19.96,194.08,28.55,11311.100000000002,78.32,0.0,Diversified Prescribers
1000003376,NC,Family Practice,1032.2999999999997,908.0,401671.58,15,6,0.0027,238.3,43.5,142.8,215.2,0.0,198.10000000000002,194.40000000000003,0.0,13.83,19.19,20.85,-57.43,-60.75,599.6,58.08,3.0,Low-Volume / Low-Growth Prescribers
1000003394,PA,Nurse Practitioner,16284.8,14069.0,10251797.309999999,18,7,0.0423,0.0,1340.1,5575.1,1971.4,94.69999999999999,4225.9,2776.2,301.4,34.23,25.95,12.11,284.31,209.34,13112.5,80.52,0.0,Diversified Prescribers
1000003398,TX,Internal Medicine,4459.299999999999,3892.0,1441188.49,17,8,0.0116,1604.5,313.5,521.8000000000001,1128.3999999999999,14.3,343.2,336.70000000000005,196.9,11.7,7.7,25.3,-23.15,-30.34,2306.8999999999996,51.73,0.0,Diversified Prescribers
1000003403,AZ,Internal Medicine,806.0000000000001,708.0,391970.49,17,7,0.0021,75.5,153.7,137.9,233.79999999999998,1.1,131.1,72.9,0.0,17.11,16.27,29.01,-35.54,-26.22,656.5,81.45,3.0,Low-Volume / Low-Growth Prescribers
1000003423,CA,Endocrinology,10013.400000000001,8764.0,5715945.66,22,8,0.026,1525.6,632.3,3005.9999999999995,1439.6,43.900000000000006,2677.2999999999997,647.9000000000001,40.8,30.02,26.74,14.38,70.35,183.73,7755.199999999999,77.45,0.0,Diversified Prescribers
1000003434,FL,Family Practice,810.4000000000001,713.0,212651.95,12,7,0.0021,213.60000000000002,22.2,92.2,217.70000000000002,0.0,12.2,222.0,30.5,11.38,1.51,26.86,188.35,-43.17,344.3,42.49,3.0,Low-Volume / Low-Growth Prescribers
1000003442,IN,Internal Medicine,14970.199999999999,13126.0,5997309.51,16,8,0.0389,1590.4,1409.1,2176.8999999999996,4213.7,177.2,1512.5,3634.6000000000004,255.8,14.54,10.1,28.15,4599.84,-24.55,9312.2,62.2,0.0,Diversified Prescribers
1000003443,TX,Nephrology,707.0,630.0,301450.99,15,8,0.0018,131.8,48.7,128.10000000000002,293.6,2.4,24.9,62.3,15.2,18.12,3.52,41.53,-58.96,63.26,495.30000000000007,70.06,3.0,Low-Volume / Low-Growth Prescribers
1000003460,MA,Internal Medicine,542.7,477.0,223205.33000000002,15,8,0.0014,81.4,25.1,97.6,213.39999999999998,3.5,32.8,76.0,12.9,17.98,6.04,39.32,155.5,4.91,368.9,67.97,3.0,Low-Volume / Low-Growth Prescribers
1000003472,TX,Family Practice,936.2999999999998,797.0,310199.02,15,7,0.0024,301.5,46.3,150.3,137.4,0.0,90.4,176.0,34.4,16.05,9.66,14.67,317.06,362.44,424.4,45.33,3.0,Low-Volume / Low-Growth Prescribers
1000003479,GA,Internal Medicine,667.4000000000001,590.0,296759.16000000003,13,6,0.0017,120.0,103.0,164.8,134.8,0.0,0.0,82.5,62.300000000000004,24.69,0.0,20.2,720.83,67.9,402.6,60.32,3.0,Low-Volume / Low-Growth Prescribers
1000003485,AZ,Family Practice,985.5999999999999,867.0,502796.41,14,8,0.0026,241.2,73.8,281.9,221.79999999999998,2.2,54.3,97.5,12.9,28.6,5.51,22.5,23.89,1401.36,631.8,64.1,3.0,Low-Volume / Low-Growth Prescribers
1000003498,IN,Internal Medicine,11447.8,10030.0,7255719.379999999,14,6,0.0297,0.0,2441.4,3589.6000000000004,1210.0,32.2,2988.3,1186.3,0.0,31.36,26.1,10.57,-1.0,-39.72,10229.300000000001,89.36,0.0,Diversified Prescribers
1000003521,TN,Internal Medicine,15342.4,13433.0,7935495.509999999,18,7,0.0399,1625.4,2015.0,3921.9,5343.3,251.1,718.9000000000001,1466.8000000000002,0.0,25.56,4.69,34.83,-77.34,-48.98,11999.1,78.21,0.0,Diversified Prescribers
1000003522,AZ,Internal Medicine,4590.9,4024.0,2218594.0799999996,16,7,0.0119,371.6,208.0,852.9999999999999,1035.8999999999999,53.199999999999996,1142.4,926.8000000000001,0.0,18.58,24.88,22.56,197.7,344.03,3239.3,70.56,0.0,Diversified Prescribers
1000003554,AZ,Endocrinology,9065.400000000001,7838.0,5090278.4399999995,19,7,0.0236,631.7,835.0999999999999,2874.8,2423.7,0.0,920.1999999999999,1245.9,134.0,31.71,10.15,26.74,14.61,55.27,7053.8,77.81,0.0,Diversified Prescribers
1000003560,NC,Internal Medicine,15051.599999999999,12767.0,4401531.87,17,8,0.0391,6721.200000000001,1716.4,1848.1,2982.9,274.6,298.4,722.3,487.70000000000005,12.28,1.98,19.82,-34.62,-68.2,6845.8,45.48,0.0,Diversified Prescribers
1000003564,VA,Internal Medicine,708.2,603.0,295206.9600000001,16,7,0.0018,97.2,90.7,119.2,151.2,0.0,103.10000000000001,132.0,14.8,16.83,14.56,21.35,80.37,889.86,464.2,65.55,3.0,Low-Volume / Low-Growth Prescribers
1000003570,NY,Internal Medicine,25709.399999999994,22505.0,14270402.389999997,19,7,0.0668,0.0,1300.5,6158.9,9723.300000000001,531.6,5414.8,2141.8,438.5,23.96,21.06,37.82,52.4,-62.59,22597.5,87.9,1.0,High-Volume Core Prescribers
1000003572,MI,Nurse Practitioner,922.0999999999999,805.0,406054.2600000001,16,6,0.0024,112.6,81.7,106.5,367.4,0.0,149.2,104.7,0.0,11.55,16.18,39.84,42.68,-4.86,704.8,76.43,3.0,Low-Volume / Low-Growth Prescribers
1000003588,CA,Endocrinology,36927.09999999999,32416.0,20760673.880000006,22,8,0.0959,4575.1,2492.1,9970.8,8363.2,171.20000000000002,7920.599999999999,2606.7,827.4,27.0,21.45,22.65,126.09,88.89,28746.699999999997,77.85,1.0,High-Volume Core Prescribers
1000003592,OH,Family Practice,861.3999999999999,746.0,277495.9,14,8,0.0022,319.8,44.8,95.2,75.4,2.1,180.7,128.20000000000002,15.2,11.05,20.98,8.75,-33.75,-17.18,396.1,45.98,3.0,Low-Volume / Low-Growth Prescribers
1000003607,PA,Internal Medicine,13498.400000000001,11835.0,7379772.26,17,8,0.0351,1559.6,121.1,4618.2,1572.7,54.6,3151.3,2209.5,211.4,34.21,23.35,11.65,156.96,186.05,9463.300000000001,70.11,0.0,Diversified Prescribers
1000003613,NC,Family Practice,968.3,833.0,487747.36000000004,16,7,0.0025,107.5,140.7,185.9,229.39999999999998,0.0,170.90000000000003,112.0,21.9,19.2,17.65,23.69,-60.37,-50.1,726.9000000000001,75.07,3.0,Low-Volume / Low-Growth Prescribers
1000003649,TX,Nephrology,13432.000000000002,11887.0,7967801.7299999995,17,7,0.0349,2359.7,1296.0,4269.6,2916.5,65.0,2341.2,0.0,184.0,31.79,17.43,21.71,-90.72,-67.86,10823.3,80.58,0.0,Diversified Prescribers
1000003653,IN,Endocrinology,9101.7,7949.0,5011308.84,21,8,0.0236,1013.3,725.9000000000001,2214.0,1927.9,25.1,2443.7,579.9,171.89999999999998,24.33,26.85,21.18,21.29,151.13,7311.5,80.33,0.0,Diversified Prescribers
1000003662,NY,Endocrinology,8040.8,6898.0,3843092.3,19,8,0.0209,979.0,790.5,1492.3999999999999,2054.6000000000004,21.2,1688.1,756.8000000000001,258.2,18.56,20.99,25.55,-5.34,93.23,6025.6,74.94,0.0,Diversified Prescribers
1000003666,CA,Family Practice,13794.9,12122.0,4863896.650000001,14,7,0.0358,3922.8,624.7,2210.4,4683.2,101.6,64.4,2187.8,0.0,16.02,0.47,33.95,-0.68,53.08,7582.7,54.97,0.0,Diversified Prescribers
1000003670,AZ,Internal Medicine,881.8000000000002,783.0,393869.62,18,8,0.0023,102.9,75.4,101.2,205.7,1.1,250.60000000000002,132.8,12.1,11.48,28.42,23.33,-43.46,-15.21,632.9000000000001,71.77,3.0,Low-Volume / Low-Growth Prescribers
1000003675,FL,Internal Medicine,16190.599999999999,13826.0,10835674.99,15,6,0.0421,0.0,2346.2,6124.1,2924.6000000000004,40.0,2961.7000000000003,1794.0,0.0,37.83,18.29,18.06,12.6,250.13,14356.6,88.67,0.0,Diversified Prescribers
1000003691,NY,Internal Medicine,3930.5999999999995,3481.0,1491232.8800000001,19,8,0.0102,531.1,562.3,508.2,696.4,17.8,593.6,915.1,106.1,12.93,15.1,17.72,166.71,28.85,2360.5,60.05,0.0,Diversified Prescribers
1000003712,CA,Family Practice,4997.899999999999,4294.0,2331293.5200000005,17,8,0.013,642.9,479.1,780.0999999999999,627.3,8.1,1588.1999999999998,774.5,97.7,15.61,31.78,12.55,-36.62,-6.76,3474.7,69.52,0.0,Diversified Prescribers
1000003715,PA,Internal Medicine,1184.8,1031.0,587410.8300000001,16,7,0.0031,329.29999999999995,5.3,297.7,236.79999999999998,0.0,223.9,79.0,12.8,25.13,18.9,19.99,127.8,334.59,763.6999999999999,64.46,3.0,Low-Volume / Low-Growth Prescribers
1000003722,CA,Physician Assistant,20391.6,17710.0,10712021.69,17,8,0.053,3650.8999999999996,755.5999999999999,5436.2,2411.8,101.10000000000001,5893.3,1903.9999999999998,238.7,26.66,28.9,11.83,-31.93,-11.69,14496.900000000001,71.09,0.0,Diversified Prescribers
1000003725,IL,Physician Assistant,13602.3,11771.0,6473652.17,17,8,0.0353,1919.8,1383.3999999999999,2060.3,4797.900000000001,122.8,2353.6000000000004,428.2,536.3,15.15,17.3,35.27,286.88,46.22,10595.2,77.89,0.0,Diversified Prescribers
1000003740,GA,Nurse Practitioner,4835.6,4240.0,2069663.56,17,8,0.0126,1017.9,432.5,460.0,1252.4,12.3,1272.4,323.1,65.0,9.51,26.31,25.9,-27.3,-47.91,3417.3,70.67,0.0,Diversified Prescribers
1000003749,AZ,Nurse Practitioner,736.9,641.0,389197.71,16,6,0.0019,0.0,96.4,145.5,232.7,0.0,141.8,107.9,12.6,19.74,19.24,31.58,-80.85,-61.63,616.4000000000001,83.65,3.0,Low-Volume / Low-Growth Prescribers
1000003751,VA,Nurse Practitioner,1170.8000000000002,1026.0,522591.07999999996,16,7,0.003,299.5,91.5,217.7,199.8,0.0,254.70000000000002,75.6,32.0,18.59,21.75,17.07,-45.14,-0.49,763.7,65.23,3.0,Low-Volume / Low-Growth Prescribers
1000003768,OH,Endocrinology,1960.4,1711.0,1248443.41,20,8,0.0051,131.2,97.10000000000001,756.4000000000001,345.7,3.5,397.4,177.60000000000002,51.49999999999999,38.58,20.27,17.63,-12.51,57.81,1596.6000000000001,81.44,0.0,Diversified Prescribers
1000003773,OH,Family Practice,1090.0,954.0,453373.7699999999,14,6,0.0028,222.6,96.69999999999999,100.89999999999999,314.59999999999997,0.0,238.29999999999998,116.89999999999999,0.0,9.26,21.86,28.86,98.85,276.46,750.5,68.85,3.0,Low-Volume / Low-Growth Prescribers
1000003776,PA,Family Practice,900.0,784.0,391249.3300000001,14,8,0.0023,196.7,39.3,128.89999999999998,261.7,2.3,200.0,23.4,47.699999999999996,14.32,22.22,29.08,-25.61,22.22,629.9,69.99,3.0,Low-Volume / Low-Growth Prescribers
1000003783,FL,Family Practice,864.6,745.0,516187.5099999999,11,4,0.0022,0.0,0.0,210.9,240.1,0.0,295.09999999999997,118.5,0.0,24.39,34.13,27.77,402.07,483.33,746.1,86.29,3.0,Low-Volume / Low-Growth Prescribers
1000003785,TN,Endocrinology,39604.5,34743.0,23284479.619999997,21,8,0.1029,1757.0,2849.7999999999997,11668.5,7534.200000000001,162.7,9693.4,5114.3,824.6000000000001,29.46,24.48,19.02,318.28,79.61,31745.9,80.16,1.0,High-Volume Core Prescribers
1000003788,CA,Endocrinology,11540.2,9963.0,7163776.42,20,8,0.03,2081.0,508.5999999999999,4288.4,1019.7,9.7,2747.8,668.6,216.4,37.16,23.81,8.84,7.17,84.45,8564.5,74.21,0.0,Diversified Prescribers
1000003791,GA,Endocrinology,2000.3000000000002,1714.0,1402212.34,17,7,0.0052,110.7,108.9,850.0000000000001,246.0,0.0,492.8,166.5,25.4,42.49,24.64,12.3,19.99,228.61,1697.7000000000003,84.87,0.0,Diversified Prescribers
1000003794,MI,Endocrinology,10862.400000000001,9444.0,5161264.91,22,8,0.0282,1763.8000000000002,723.7,1977.3999999999999,2411.2,63.60000000000001,2689.7,1056.2,176.8,18.2,24.76,22.2,-42.31,27.2,7801.999999999999,71.83,0.0,Diversified Prescribers
1000003809,PA,Endocrinology,8008.200000000002,6870.0,5523147.449999999,20,7,0.0208,427.1,544.0,3514.6000000000004,1573.1000000000001,31.0,1508.8999999999999,409.5,0.0,43.89,18.84,19.64,-14.33,12.31,7140.6,89.17,0.0,Diversified Prescribers
1000003811,FL,Internal Medicine,4173.3,3594.0,1976425.2100000002,18,8,0.0108,700.8,218.2,1142.6,919.2,32.9,366.6,596.9,196.10000000000002,27.38,8.78,22.03,2.53,166.4,2646.6,63.42,0.0,Diversified Prescribers
1000003813,OH,Family Practice,568.0999999999999,489.0,254654.28999999995,12,6,0.0015,0.0,41.1,93.1,106.0,0.0,142.89999999999998,150.8,34.2,16.39,25.15,18.66,679.81,104.8,383.09999999999997,67.44,3.0,Low-Volume / Low-Growth Prescribers
1000003817,MI,Family Practice,37924.7,33414.0,17362578.54,17,8,0.0985,4226.8,2617.6,7568.2,11784.1,166.9,6274.2,4292.200000000001,994.7,19.96,16.54,31.07,-80.55,-83.31,28244.1,74.47,1.0,High-Volume Core Prescribers
1000003822,TX,Family Practice,878.2,767.0,464548.62,15,7,0.0023,121.1,97.7,111.0,227.20000000000002,3.5,303.0,0.0,14.7,12.64,34.5,25.87,-64.16,-24.2,738.9,84.14,3.0,Low-Volume / Low-Growth Prescribers
1000003826,CA,Internal Medicine,16850.8,14401.0,6095446.21,18,8,0.0438,5646.999999999999,1618.1999999999998,1979.6,2378.5,87.8,2942.1,1951.6000000000001,246.0,11.75,17.46,14.12,17.67,5.38,8918.4,52.93,0.0,Diversified Prescribers
1000003848,PA,Family Practice,816.0999999999999,726.0,350769.47,16,7,0.0021,104.3,46.5,167.39999999999998,131.0,0.0,158.9,186.9,21.1,20.51,19.47,16.05,-70.26,-82.0,503.79999999999995,61.73,3.0,Low-Volume / Low-Growth Prescribers
1000003857,IL,Internal Medicine,5640.599999999999,4889.0,2170426.6500000004,18,7,0.0147,2054.0,443.3,834.6,1377.0,13.2,591.3,327.2,0.0,14.8,10.48,24.41,15.48,-6.33,3246.2,57.55,0.0,Diversified Prescribers
1000003858,CA,Internal Medicine,3748.5,3205.0,1422069.52,14,8,0.0097,590.1,497.7,212.39999999999998,1585.4,7.4,376.59999999999997,409.4,69.5,5.67,10.05,42.29,-55.6,-86.4,2672.1000000000004,71.28,3.0,Low-Volume / Low-Growth Prescribers
1000003863,PA,Internal Medicine,4164.0,3708.0,2113370.51,17,8,0.0108,464.4,428.1,776.5,1193.9,13.2,781.3,384.5,122.1,18.65,18.76,28.67,36.53,202.92,3179.8,76.36,0.0,Diversified Prescribers
1000003868,OH,Family Practice,3335.7,2827.0,1505190.52,13,7,0.0087,0.0,135.8,470.1,1256.3000000000002,17.6,666.3,611.3000000000001,178.3,14.09,19.97,37.66,4.95,-48.19,2528.5,75.8,3.0,Low-Volume / Low-Growth Prescribers
1000003881,TX,Family Practice,19604.399999999994,17045.0,10415416.86,18,7,0.0509,2829.7,295.70000000000005,5203.799999999999,5705.900000000001,154.9,2892.7999999999997,2521.6000000000004,0.0,26.54,14.76,29.11,19.72,27.82,14098.2,71.91,0.0,Diversified Prescribers
1000003883,TN,Internal Medicine,4352.0,3740.0,2281392.96,16,7,0.0113,0.0,181.6,1040.5,1158.8,7.4,770.4,940.3000000000001,253.0,23.91,17.7,26.63,199.89,226.1,3151.3,72.41,0.0,Diversified Prescribers
1000003884,TX,Nurse Practitioner,931.7999999999998,816.0,497755.76,17,7,0.0024,123.4,30.0,243.10000000000002,251.10000000000002,0.0,204.0,37.7,42.5,26.09,21.89,26.95,172.16,246.91,728.2,78.15,3.0,Low-Volume / Low-Growth Prescribers
1000003896,OH,Endocrinology,11894.6,10364.0,6369204.22,20,8,0.0309,1675.1,717.1999999999999,3454.9000000000005,1797.7000000000003,14.3,2640.3999999999996,1452.4,142.6,29.05,22.2,15.11,-29.1,-36.98,8610.2,72.39,0.0,Diversified Prescribers
1000003923,CA,Internal Medicine,17376.399999999998,15225.0,9373485.680000002,17,8,0.0451,3124.2,1096.1999999999998,4051.9000000000005,2098.6,167.20000000000002,5150.7,1256.0,431.6,23.32,29.64,12.08,-18.79,884.24,12397.4,71.35,0.0,Diversified Prescribers
1000003931,OH,Internal Medicine,10281.699999999999,9193.0,5314106.33,16,7,0.0267,0.0,1195.5,1841.5,2986.2999999999997,51.8,2375.2,1606.3000000000002,225.1,17.91,23.1,29.04,-6.82,115.74,8398.5,81.68,0.0,Diversified Prescribers
1000003945,GA,Endocrinology,2349.9000000000005,2020.0,1444248.56,20,8,0.0061,107.9,148.10000000000002,716.8000000000001,489.7,5.5,633.5,219.89999999999998,28.5,30.5,26.96,20.84,15.1,28.18,1988.1000000000001,84.6,0.0,Diversified Prescribers
1000003950,NC,Endocrinology,9350.199999999999,8171.0,5754773.850000001,21,8,0.0243,876.2,707.9,3351.3,1770.8000000000002,8.4,1961.8,601.4,72.4,35.84,20.98,18.94,19.65,-20.74,7791.8,83.33,0.0,Diversified Prescribers
1000003951,CA,Family Practice,15114.000000000002,13162.0,7681623.499999999,19,7,0.0393,0.0,1690.2,3106.8999999999996,3945.0,43.4,3233.7,2487.5,607.3,20.56,21.4,26.1,27.78,-51.11,11975.8,79.24,0.0,Diversified Prescribers
1000003953,PA,Endocrinology,2369.9000000000005,2066.0,1553373.4800000002,19,8,0.0062,87.0,46.1,863.9,539.6,1.1,627.5,161.2,43.5,36.45,26.48,22.77,-30.42,30.08,2077.1,87.65,0.0,Diversified Prescribers
1000003958,VA,Endocrinology,2606.3,2268.0,1586468.19,20,7,0.0068,412.6,97.1,975.9000000000001,247.5,0.0,567.5,246.3,59.39999999999999,37.44,21.77,9.5,59.47,332.26,1888.0,72.44,0.0,Diversified Prescribers
1000003960,VA,Family Practice,737.6999999999999,642.0,302747.86,11,6,0.0019,129.7,44.4,72.0,141.4,0.0,221.7,128.5,0.0,9.76,30.05,19.17,33.19,-62.14,479.5,65.0,3.0,Low-Volume / Low-Growth Prescribers
1000003971,FL,Internal Medicine,12155.400000000001,10549.0,7651232.510000001,16,6,0.0316,0.0,1558.4,3511.6,3417.0,0.0,2776.3,601.9,290.2,28.89,22.84,28.11,-66.11,1.04,11263.3,92.66,0.0,Diversified Prescribers
1000003972,PA,Internal Medicine,13821.600000000002,11983.0,5098726.01,15,6,0.0359,0.0,1504.8,772.4,7541.1,145.10000000000002,0.0,3431.6000000000004,426.6,5.59,0.0,54.56,44.91,66.31,9818.3,71.04,0.0,Diversified Prescribers
1000003973,TX,Family Practice,890.3999999999999,774.0,390822.45999999996,17,8,0.0023,96.0,137.6,105.6,236.60000000000002,3.6,161.1,124.00000000000001,25.9,11.86,18.09,26.57,94.93,-0.78,640.9,71.98,3.0,Low-Volume / Low-Growth Prescribers
1000003980,CA,Family Practice,723.3,646.0,233408.89,13,6,0.0019,210.60000000000002,69.6,15.5,269.4,0.0,85.9,72.3,0.0,2.14,11.88,37.25,-68.44,-77.94,440.4,60.89,3.0,Low-Volume / Low-Growth Prescribers
1000003984,GA,Family Practice,1186.9,1016.0,389093.07999999996,17,7,0.0031,339.1,64.30000000000001,85.9,199.3,0.0,265.0,186.60000000000002,46.699999999999996,7.24,22.33,16.79,-51.26,-69.87,614.5,51.77,3.0,Low-Volume / Low-Growth Prescribers
1000003989,TX,Nurse Practitioner,1116.0,972.0,621503.8200000001,16,8,0.0029,210.6,45.2,369.69999999999993,191.0,2.4,172.5,109.6,15.0,33.13,15.46,17.11,119.75,297.87,778.4,69.75,3.0,Low-Volume / Low-Growth Prescribers
1000003990,AZ,Endocrinology,43472.6,38550.0,24911802.899999995,22,8,0.1129,5036.400000000001,2393.3,12214.1,7883.700000000001,145.2,11532.400000000001,3552.1000000000004,715.4000000000001,28.1,26.53,18.13,-13.63,84.81,34023.5,78.26,1.0,High-Volume Core Prescribers
1000003999,FL,Endocrinology,1510.8000000000002,1318.0,802029.23,18,7,0.0039,0.0,170.8,263.4,361.2,1.2,477.6,203.2,33.400000000000006,17.43,31.61,23.91,-43.43,-22.82,1273.0,84.26,0.0,Diversified Prescribers
1000004004,TX,Endocrinology,2379.8,2090.0,1604932.3599999999,20,8,0.0062,283.4,59.5,1034.6999999999998,421.29999999999995,2.2,448.59999999999997,114.4,15.7,43.48,18.85,17.7,125.09,238.23,1964.0999999999997,82.53,0.0,Diversified Prescribers
1000004006,CA,Internal Medicine,37530.0,32825.0,18986147.32,15,7,0.0975,8748.2,2628.5,8676.6,8358.6,167.0,8194.5,0.0,756.6,23.12,21.83,22.27,-57.33,-37.69,27858.199999999997,74.23,1.0,High-Volume Core Prescribers
1000004051,CA,Family Practice,2865.9,2509.0,1607864.07,15,5,0.0074,0.0,527.6,457.3,643.7,0.0,924.4000000000001,312.9,0.0,15.96,32.26,22.46,-48.48,29.98,2553.0,89.08,0.0,Diversified Prescribers
1000004058,MI,Nurse Practitioner,18301.2,15945.0,7165650.76,15,8,0.0475,7037.5,983.8,3966.7000000000003,2320.7000000000003,114.60000000000001,1895.7999999999997,1763.8999999999999,218.2,21.67,10.36,12.68,850.65,265.03,9167.0,50.09,0.0,Diversified Prescribers
1000004087,MI,Family Practice,35733.0,30341.0,12288691.73,18,7,0.0928,7696.7,2990.6,2237.3,10416.400000000001,0.0,5428.400000000001,6217.8,745.8,6.26,15.19,29.15,2379.0,41.42,21072.700000000004,58.97,1.0,High-Volume Core Prescribers
1000004096,IL,Endocrinology,2301.2000000000003,1992.0,1358954.6899999997,18,7,0.006,214.0,64.6,771.8000000000001,272.70000000000005,0.0,697.6999999999999,226.90000000000003,53.5,33.54,30.32,11.85,7.33,9.47,1806.8,78.52,0.0,Diversified Prescribers
1000004097,FL,Endocrinology,1727.1,1494.0,924478.4400000002,19,8,0.0045,132.6,68.1,332.4,342.2,3.3000000000000003,619.1,213.10000000000002,16.3,19.25,35.85,19.81,1.11,172.36,1361.8,78.85,0.0,Diversified Prescribers
1000004109,MA,Family Practice,723.4000000000001,651.0,291948.86,13,7,0.0019,167.9,131.0,114.0,103.1,0.0,85.1,106.4,15.9,15.76,11.76,14.25,93.31,67.51,433.20000000000005,59.88,3.0,Low-Volume / Low-Growth Prescribers
1000004119,TX,Family Practice,1161.8000000000002,1016.0,676545.1900000001,16,7,0.003,166.8,93.80000000000001,329.1,151.3,0.0,314.0,92.5,14.3,28.33,27.03,13.02,94.16,114.79,888.2,76.45,3.0,Low-Volume / Low-Growth Prescribers
1000004124,CA,Family Practice,846.4,745.0,404212.95,10,6,0.0022,169.5,44.6,197.0,384.8,0.0,0.0,32.0,18.5,23.28,0.0,45.46,-41.72,-47.92,626.4,74.01,3.0,Low-Volume / Low-Growth Prescribers
1000004138,OH,Family Practice,15061.599999999999,13204.0,6801060.59,19,8,0.0391,3777.2000000000003,1430.5,3293.4,2270.9,75.9,2209.8,1775.6,228.3,21.87,14.67,15.08,13.15,186.97,9204.6,61.11,0.0,Diversified Prescribers
1000004139,OH,Internal Medicine,677.0999999999999,581.0,256791.86000000002,12,6,0.0018,144.2,40.5,104.4,239.10000000000002,0.0,31.8,117.10000000000001,0.0,15.42,4.7,35.31,114.49,66.91,415.80000000000007,61.41,3.0,Low-Volume / Low-Growth Prescribers
1000004144,IL,Nurse Practitioner,939.9,823.0,492331.98,14,7,0.0024,130.5,54.5,188.0,257.8,0.0,246.7,37.8,24.6,20.0,26.25,27.43,82.44,98.25,747.0,79.48,3.0,Low-Volume / Low-Growth Prescribers
1000004153,OH,Internal Medicine,645.9,560.0,186458.72999999998,9,6,0.0017,234.1,22.1,59.6,16.2,0.0,162.2,151.7,0.0,9.23,25.11,2.51,-21.87,109.09,260.09999999999997,40.27,3.0,Low-Volume / Low-Growth Prescribers
1000004170,IN,Endocrinology,9262.300000000001,8005.0,4445633.979999999,18,8,0.0241,1082.0,873.3,1509.0,1311.2,18.4,3172.1000000000004,1117.0,179.3,16.29,34.25,14.16,11.91,3.9,6865.6,74.12,0.0,Diversified Prescribers
1000004174,CA,Nurse Practitioner,1112.4,962.0,360972.1499999999,17,8,0.0029,345.0,23.4,151.39999999999998,276.3,1.1,99.5,168.6,47.1,13.61,8.94,24.84,-48.82,-48.64,550.5999999999999,49.5,3.0,Low-Volume / Low-Growth Prescribers
1000004176,TX,Family Practice,20522.300000000003,18140.0,7905045.529999999,18,7,0.0533,8963.0,1253.4,3515.9,4722.1,24.6,1835.0,0.0,208.3,17.13,8.94,23.01,38.02,277.45,11326.4,55.19,0.0,Diversified Prescribers
1000004180,CA,Internal Medicine,937.7000000000002,820.0,437048.49,18,7,0.0024,185.10000000000002,22.8,209.5,229.10000000000002,0.0,162.0,109.5,19.7,22.34,17.28,24.43,45.21,428.01,623.4000000000001,66.48,3.0,Low-Volume / Low-Growth Prescribers
1000004188,TX,Family Practice,24274.9,21209.0,9510482.9,15,7,0.0631,0.0,1374.9,3161.5000000000005,9773.6,246.10000000000002,2090.2,6458.799999999999,1169.8,13.02,8.61,40.26,42.28,-46.78,16400.2,67.56,0.0,Diversified Prescribers
1000004191,NC,Nurse Practitioner,618.8,545.0,348903.29,12,6,0.0016,0.0,135.89999999999998,105.60000000000001,132.4,0.0,178.8,34.2,31.9,17.07,28.89,21.4,45.41,-24.57,552.7,89.32,3.0,Low-Volume / Low-Growth Prescribers
1000004203,TX,Physician Assistant,18031.800000000003,15813.0,9274134.85,18,8,0.0468,3786.3999999999996,1002.7,5552.0,3444.2,67.0,1765.7,2197.8,216.0,30.79,9.79,19.1,231.69,386.75,11764.599999999999,65.24,0.0,Diversified Prescribers
1000004215,TN,Family Practice,5801.0999999999985,5104.0,2559915.5400000005,16,7,0.0151,1709.1999999999998,716.3,764.5,1014.3,12.0,1441.0,0.0,143.8,13.18,24.84,17.48,-15.7,-29.72,3936.1000000000004,67.85,0.0,Diversified Prescribers
1000004216,IL,Endocrinology,2654.2,2312.0,1211877.2699999998,20,8,0.0069,688.0,188.10000000000002,506.4,482.5999999999999,2.3,543.3000000000001,229.1,14.4,19.08,20.47,18.18,-15.59,97.18,1720.4,64.82,0.0,Diversified Prescribers
1000004235,VA,Internal Medicine,10766.0,9311.0,7442500.69,14,6,0.028,0.0,1579.7,3135.4,1645.4,19.6,3989.2000000000003,396.7,0.0,29.12,37.05,15.28,242.78,393.95,10349.7,96.13,0.0,Diversified Prescribers
1000004240,OH,Family Practice,855.2,751.0,398357.16000000003,15,7,0.0022,120.6,47.5,112.7,205.2,0.0,238.8,119.8,10.6,13.18,27.92,23.99,-52.27,21.61,604.2,70.65,3.0,Low-Volume / Low-Growth Prescribers
1000004244,IL,Internal Medicine,5108.0,4403.0,2678059.92,19,7,0.0133,660.8,759.6,1204.3999999999999,821.0,14.7,972.5999999999999,674.9,0.0,23.58,19.04,16.07,-1.48,52.9,3757.6,73.56,0.0,Diversified Prescribers
1000004247,CA,Endocrinology,1581.4,1365.0,778251.9099999999,16,7,0.0041,0.0,62.9,112.2,211.6,1.2,842.6,333.9,17.0,7.09,53.28,13.38,237.11,156.34,1229.3,77.73,3.0,Low-Volume / Low-Growth Prescribers
1000004249,CA,Physician Assistant,3757.899999999999,3254.0,1515238.38,17,8,0.0098,602.5,287.9,469.5,1115.5,7.4,622.4,588.9,63.8,12.49,16.56,29.68,-81.42,-28.17,2495.3,66.4,0.0,Diversified Prescribers
1000004255,TN,Family Practice,482.80000000000007,407.0,259191.06999999998,12,7,0.0013,0.0,56.400000000000006,105.7,103.5,2.3,108.8,70.6,35.5,21.89,22.54,21.44,-74.73,45.81,374.4,77.55,3.0,Low-Volume / Low-Growth Prescribers
1000004259,PA,Internal Medicine,585.8,508.0,274264.23000000004,10,5,0.0015,0.0,70.6,129.7,251.20000000000002,1.2,0.0,133.1,0.0,22.14,0.0,42.88,-37.62,-74.18,451.5,77.07,3.0,Low-Volume / Low-Growth Prescribers
1000004264,TX,Family Practice,4828.6,4190.0,2163477.32,18,7,0.0125,1204.7,722.6999999999999,932.7,823.8,0.0,737.6,346.1,61.0,19.32,15.28,17.06,-46.77,55.69,3216.8,66.62,0.0,Diversified Prescribers
1000004266,AZ,Family Practice,675.5000000000001,586.0,367117.64999999997,13,7,0.0018,142.0,53.7,245.7,67.9,0.0,78.1,46.8,41.3,36.37,11.56,10.05,-88.08,-71.71,445.4,65.94,3.0,Low-Volume / Low-Growth Prescribers
1000004276,VA,Internal Medicine,3704.8,3245.0,2242537.85,16,7,0.0096,371.5,459.1,1095.7,962.0,14.5,710.0,0.0,92.0,29.58,19.16,25.97,11.94,-48.01,3226.8,87.1,0.0,Diversified Prescribers
1000004279,FL,Internal Medicine,14119.199999999997,12045.0,6359390.49,18,7,0.0367,2263.0,882.7,1857.8000000000002,2944.1,133.70000000000002,3836.2,2201.7,0.0,13.16,27.17,20.85,104.81,88.46,9520.8,67.43,0.0,Diversified Prescribers
1000004295,NY,Internal Medicine,455.20000000000005,391.0,241003.02999999997,9,5,0.0012,0.0,82.9,140.0,69.0,0.0,31.2,132.1,0.0,30.76,6.85,15.16,-60.22,-19.32,323.1,70.98,3.0,Low-Volume / Low-Growth Prescribers
1000004302,PA,Family Practice,4947.400000000001,4396.0,1588377.0799999998,16,7,0.0129,1542.8000000000002,349.3,365.5,1364.6,0.0,650.3,522.3,152.6,7.39,13.14,27.58,-83.91,-77.4,2729.7,55.17,0.0,Diversified Prescribers
1000004303,VA,Family Practice,18198.1,15586.0,10025429.98,19,8,0.0473,2260.6,1232.5,4199.3,3170.4,102.4,5214.3,1762.6999999999998,255.9,23.08,28.65,17.42,33.35,179.98,13816.5,75.92,0.0,Diversified Prescribers
1000004307,MI,Family Practice,9588.8,8280.0,5367771.130000001,14,7,0.0249,0.0,2128.1,2881.2999999999997,1683.1999999999998,54.900000000000006,871.2,1129.5,840.6,30.05,9.09,17.55,-46.54,-52.56,7563.8,78.88,0.0,Diversified Prescribers
1000004308,CA,Family Practice,15698.999999999998,13545.0,8619115.209999999,17,7,0.0408,0.0,638.5,3552.3,3450.3,139.8,4849.7,1802.2,1266.2000000000003,22.63,30.89,21.98,40.01,79.41,12490.8,79.56,0.0,Diversified Prescribers
1000004315,GA,Endocrinology,2205.0999999999995,1918.0,1217606.8500000006,19,8,0.0057,200.9,71.80000000000001,532.1,469.7,1.2,660.7,222.5,46.2,24.13,29.96,21.3,-26.32,-8.28,1734.3000000000002,78.65,0.0,Diversified Prescribers
1000004316,OH,Family Practice,743.2,641.0,354806.24,14,7,0.0019,125.1,14.5,136.2,106.5,0.0,261.2,86.6,13.1,18.33,35.15,14.33,-78.55,-83.69,518.4,69.75,3.0,Low-Volume / Low-Growth Prescribers
1000004332,GA,Internal Medicine,5852.2,5038.0,1865209.8799999997,15,7,0.0152,2040.5000000000002,207.2,561.7,1273.1000000000001,0.0,817.5,876.1,76.1,9.6,13.97,21.75,-41.03,-11.38,2859.5,48.86,3.0,Low-Volume / Low-Growth Prescribers
1000004333,IL,Family Practice,15986.7,13897.0,6877691.06,19,8,0.0415,3573.9,1641.4,2294.9,1737.5,165.1,4302.5,2011.3000000000002,260.1,14.36,26.91,10.87,31.19,145.76,9976.3,62.4,0.0,Diversified Prescribers
1000004334,IN,Internal Medicine,3492.1,2962.0,2223135.57,16,7,0.0091,0.0,418.1,1232.4,772.7,37.5,646.0,226.3,159.1,35.29,18.5,22.13,18.44,-23.61,3069.2,87.89,0.0,Diversified Prescribers
1000004335,CA,Endocrinology,7918.300000000001,6938.0,4610092.140000001,21,8,0.0206,967.5,601.8000000000001,2452.2000000000003,1178.5,61.7,1958.5,400.9,297.2,30.97,24.73,14.88,-29.39,-12.98,6191.000000000001,78.19,0.0,Diversified Prescribers
1000004361,AZ,Family Practice,1013.0999999999999,885.0,493740.4,17,7,0.0026,93.0,75.9,228.1,176.79999999999998,0.0,194.0,229.39999999999998,15.9,22.52,19.15,17.45,129.62,276.4,674.8,66.61,3.0,Low-Volume / Low-Growth Prescribers
1000004365,GA,Family Practice,4522.099999999999,3894.0,2081852.29,18,7,0.0117,1016.3000000000001,676.8,855.3,1090.5,0.0,450.40000000000003,370.7,62.1,18.91,9.96,24.11,-70.72,-23.24,3073.0,67.96,0.0,Diversified Prescribers
1000004371,CA,Internal Medicine,840.8,721.0,559346.9400000001,14,6,0.0022,79.4,47.8,315.3,252.6,0.0,124.7,0.0,21.0,37.5,14.83,30.04,197.73,187.73,740.4,88.06,3.0,Low-Volume / Low-Growth Prescribers
1000004372,NC,Endocrinology,2530.8,2225.0,1498587.5699999998,18,6,0.0066,192.10000000000002,129.6,609.5,415.50000000000006,0.0,946.8,237.30000000000004,0.0,24.08,37.41,16.42,-35.09,8.3,2101.4,83.03,0.0,Diversified Prescribers
1000004384,AZ,Nurse Practitioner,5042.900000000001,4522.0,2322843.07,16,7,0.0131,1060.0,360.1,1155.5,1339.1000000000001,0.0,521.5,534.5,72.2,22.91,10.34,26.55,-23.91,37.21,3376.2,66.95,0.0,Diversified Prescribers
1000004388,FL,Endocrinology,8612.099999999999,7420.0,5076837.97,21,8,0.0224,436.9,694.0,2379.6000000000004,1349.6999999999998,22.8,2806.4,676.9000000000001,245.8,27.63,32.59,15.67,62.65,49.03,7229.7,83.95,0.0,Diversified Prescribers
1000004397,OH,Endocrinology,11157.4,9682.0,6142225.420000001,18,6,0.029,1417.1,610.0,2783.5,2377.7000000000003,0.0,3037.3999999999996,931.6999999999999,0.0,24.95,27.22,21.31,-59.19,-62.69,8808.6,78.95,0.0,Diversified Prescribers
1000004399,IN,Endocrinology,1801.9,1569.0,1085661.3399999999,18,7,0.0047,0.0,75.9,449.6,422.90000000000003,2.2,627.6999999999999,206.4,17.2,24.95,34.84,23.47,-80.05,-42.61,1576.1000000000001,87.47,0.0,Diversified Prescribers
1000004405,OH,Family Practice,1029.9,911.0,542048.01,15,8,0.0027,138.7,130.3,232.0,247.6,1.2,181.9,84.0,14.2,22.53,17.66,24.04,121.38,277.16,791.8000000000001,76.88,3.0,Low-Volume / Low-Growth Prescribers
1000001464,PA,Nephrology,624.7999999999998,552.0,302364.80000000005,13,6,0.0016,0.0,134.39999999999998,74.6,183.3,0.0,118.3,88.4,25.8,11.94,18.93,29.34,,,510.59999999999997,81.72,,
1000001691,NC,Internal Medicine,834.1999999999999,711.0,255430.79999999996,14,7,0.0022,194.0,24.3,72.30000000000001,224.5,0.0,105.49999999999999,180.7,32.9,8.67,12.65,26.91,,,426.6,51.14,,
1000002072,CA,Internal Medicine,499.8,432.0,147507.75,11,7,0.0013,184.5,35.6,30.0,97.10000000000001,1.1,73.4,78.1,0.0,6.0,14.69,19.43,,,236.10000000000002,47.24,,
1000002351,IN,Nurse Practitioner,763.3000000000002,665.0,398540.02,14,6,0.002,110.1,0.0,214.10000000000002,196.5,0.0,149.5,79.6,13.5,28.05,19.59,25.74,,,560.1,73.38,,
1000002550,MA,Internal Medicine,521.0999999999999,445.0,349317.7100000001,10,5,0.0014,0.0,17.9,192.3,200.8,0.0,94.3,0.0,15.8,36.9,18.1,38.53,,,505.3,96.97,,
1000004410,MI,Endocrinology,2559.1999999999994,2210.0,1596998.5099999998,20,8,0.0066,318.0,143.5,942.4000000000001,563.0,1.2,468.7,110.3,12.1,36.82,18.31,22.0,57.21,-10.74,2117.6000000000004,82.74,0.0,Diversified Prescribers
1000004424,TX,Internal Medicine,18707.7,16667.0,9219797.55,15,7,0.0486,3454.1000000000004,3205.8999999999996,3248.2,3460.6,45.7,3728.3999999999996,1564.8,0.0,17.36,19.93,18.5,64.23,379.4,13643.1,72.93,0.0,Diversified Prescribers
1000004427,TX,Endocrinology,37877.3,33267.0,23746586.640000004,21,8,0.0984,2023.5,2979.4,12575.300000000001,6224.4,191.6,8570.800000000001,4735.299999999999,577.0,33.2,22.63,16.43,25.17,419.56,30349.9,80.13,1.0,High-Volume Core Prescribers
1000004434,OH,Endocrinology,1692.6000000000001,1477.0,913469.86,17,6,0.0044,225.8,150.3,526.3000000000001,482.29999999999995,0.0,180.39999999999998,127.5,0.0,31.09,10.66,28.49,38.16,-61.34,1339.3,79.13,0.0,Diversified Prescribers
1000004437,MA,Family Practice,18255.8,15733.0,9688376.959999999,16,7,0.0474,4398.1,1379.1,5503.499999999999,3672.3,114.3,1748.9,1439.6,0.0,30.15,9.58,20.12,53.01,255.62,12303.8,67.4,0.0,Diversified Prescribers
1000004438,NY,Nephrology,12203.500000000002,10600.0,5054223.62,20,8,0.0317,1572.4,786.6,2590.6,2516.6,162.2,1279.0,3088.9,207.2,21.23,10.48,20.62,-60.65,20.61,7172.799999999999,58.78,0.0,Diversified Prescribers
1000004464,IL,Family Practice,4374.200000000001,3814.0,1486169.51,15,7,0.0114,959.9000000000001,375.8,692.1999999999999,805.3,29.4,341.79999999999995,1169.8000000000002,0.0,15.82,7.81,18.41,14.83,-6.04,2215.1,50.64,3.0,Low-Volume / Low-Growth Prescribers
1000004466,OH,Endocrinology,10755.5,9397.0,5273227.55,21,8,0.0279,2084.6,835.1,2218.0,1547.0,47.3,2983.5,626.0,414.0,20.62,27.74,14.38,1.55,-11.36,7583.6,70.51,0.0,Diversified Prescribers
1000004474,NY,Family Practice,6437.1,5614.0,2811402.0700000003,19,8,0.0167,1659.1000000000001,404.1,674.3000000000001,1593.6,13.8,1823.5000000000002,204.6,64.1,10.48,28.33,24.76,-20.41,-28.37,4495.5,69.84,0.0,Diversified Prescribers
1000004482,NC,Internal Medicine,4856.799999999999,4225.0,2872682.47,17,7,0.0126,442.9,0.0,1583.1999999999998,1075.9,13.0,1018.5,653.4,69.9,32.6,20.97,22.15,-31.71,180.63,3677.6,75.72,0.0,Diversified Prescribers
1000004488,AZ,Family Practice,987.9999999999999,863.0,604054.64,15,7,0.0026,0.0,165.5,265.6,182.5,5.9,237.2,117.69999999999999,13.6,26.88,24.01,18.47,-8.98,13.41,850.8,86.11,3.0,Low-Volume / Low-Growth Prescribers
1000000002,FL,Family Practice,5031.5,4337.0,2156307.4400000004,16,8,0.0131,1321.8,161.8,818.6999999999999,1410.6,22.0,695.0999999999999,385.9,215.6,16.27,13.81,28.04,35.98,1489.78,3086.2,61.34,0.0,Diversified Prescribers
1000000004,PA,Endocrinology,10935.8,9274.0,6861257.569999998,20,8,0.0284,1100.4,164.7,4111.099999999999,1805.5,25.700000000000003,2461.0,1006.5,260.9,37.59,22.5,16.51,459.0,134.14,8542.3,78.11,0.0,Diversified Prescribers
1000000006,MI,Endocrinology,2152.3000000000006,1885.0,1189042.1099999999,19,7,0.0056,160.8,188.60000000000002,536.3,283.3,0.0,668.6999999999999,300.1,14.5,24.92,31.07,13.16,-32.76,1.06,1676.8999999999999,77.91,0.0,Diversified Prescribers
1000000019,CA,Internal Medicine,4452.599999999999,3907.0,2019580.73,16,7,0.0116,1149.7,334.6,742.0,984.2,12.9,1020.1000000000001,209.1,0.0,16.66,22.91,22.1,-44.44,-19.13,3080.9000000000005,69.19,0.0,Diversified Prescribers
1000000024,AZ,Internal Medicine,5262.799999999999,4628.0,2737166.42,17,8,0.0137,1162.1,493.9,1778.6,563.9,12.7,482.5,654.1,115.0,33.8,9.17,10.71,85.05,433.81,3318.9,63.06,0.0,Diversified Prescribers
1000000025,NY,Family Practice,1076.3,932.0,541664.1,17,7,0.0028,209.89999999999998,140.3,228.6,228.3,0.0,162.1,70.1,37.0,21.24,15.06,21.21,-34.08,402.3,759.3,70.55,3.0,Low-Volume / Low-Growth Prescribers
1000000031,TX,Endocrinology,12900.2,11252.0,7816885.9700000025,21,8,0.0335,409.6,536.8,3036.5,2545.3999999999996,26.299999999999997,5193.3,1010.5,141.8,23.54,40.26,19.73,15.06,47.43,11311.999999999998,87.69,0.0,Diversified Prescribers
1000000039,CA,Internal Medicine,668.4000000000001,581.0,352887.25,12,7,0.0017,117.3,57.599999999999994,192.2,79.5,2.3,122.1,97.4,0.0,28.76,18.27,11.89,-76.61,24.12,451.4,67.53,3.0,Low-Volume / Low-Growth Prescribers
1000000057,NC,Internal Medicine,695.9,606.0,282671.89,13,7,0.0018,111.8,43.900000000000006,61.6,76.5,0.0,235.79999999999998,125.39999999999999,40.9,8.85,33.88,10.99,116.85,145.15,417.79999999999995,60.04,3.0,Low-Volume / Low-Growth Prescribers
1000000059,VA,Internal Medicine,1019.4000000000001,897.0,371240.66000000003,16,7,0.0026,326.5,86.9,139.7,126.1,2.3,178.8,159.1,0.0,13.7,17.54,12.37,-52.81,-32.57,531.5,52.14,3.0,Low-Volume / Low-Growth Prescribers
1000000065,MA,Internal Medicine,3657.2999999999993,3062.0,1533401.6099999999,18,8,0.0095,444.5,311.7,342.7,766.7,15.399999999999999,1055.8000000000002,536.6,183.9,9.37,28.87,20.96,-33.01,136.75,2476.9000000000005,67.72,0.0,Diversified Prescribers
1000000068,CA,Endocrinology,2341.2,2054.0,1517856.69,19,8,0.0061,299.4,55.300000000000004,852.7,265.40000000000003,2.3,687.6,165.89999999999998,12.6,36.42,29.37,11.34,6.77,120.4,1861.0000000000002,79.49,0.0,Diversified Prescribers
1000000078,VA,Internal Medicine,4783.9,4084.0,2175622.87,15,8,0.0124,696.2,70.5,1021.7,501.59999999999997,9.9,1351.0,1070.5,62.5,21.36,28.24,10.49,-11.81,-3.93,2944.7999999999997,61.56,3.0,Low-Volume / Low-Growth Prescribers
1000000081,FL,Family Practice,4489.4,3947.0,2096868.46,18,8,0.0117,464.5,512.0,915.0,1541.0,20.7,144.5,812.7,79.0,20.38,3.22,34.33,190.1,161.93,3112.5,69.33,0.0,Diversified Prescribers
1000000090,OH,Endocrinology,9395.599999999999,7996.0,3736713.6800000006,19,7,0.0244,2470.6,868.4000000000001,999.6999999999999,1957.0,0.0,2171.4,622.4,306.1,10.64,23.11,20.83,-33.19,79.78,5996.5,63.82,0.0,Diversified Prescribers
1000000092,PA,Family Practice,3952.9000000000005,3432.0,2322911.77,16,8,0.0103,460.3,300.2,1188.7,869.0,11.9,730.4000000000001,297.5,94.9,30.07,18.48,21.98,924.08,157.9,3088.3,78.13,0.0,Diversified Prescribers
1000000097,TX,Internal Medicine,609.0,533.0,353816.17000000004,14,7,0.0016,0.0,79.5,169.4,158.8,1.1,94.19999999999999,87.5,18.5,27.82,15.47,26.08,99.33,124.06,501.90000000000003,82.41,3.0,Low-Volume / Low-Growth Prescribers
1000000102,IN,Internal Medicine,835.3,728.0,451569.03,13,6,0.0022,110.2,77.6,205.5,341.0,0.0,61.6,39.4,0.0,24.6,7.37,40.82,21.45,111.7,685.7,82.09,3.0,Low-Volume / Low-Growth Prescribers
1000000103,NY,Internal Medicine,3684.6000000000004,3335.0,1909988.98,16,8,0.0096,611.6,219.89999999999998,797.1999999999999,1122.4,13.5,511.59999999999997,349.20000000000005,59.2,21.64,13.88,30.46,94.34,722.13,2651.1,71.95,0.0,Diversified Prescribers
1000000115,FL,Nurse Practitioner,4882.800000000001,4359.0,2179897.59,20,8,0.0127,600.2,409.29999999999995,350.4,1483.1999999999998,26.4,1517.1999999999998,356.9,139.2,7.18,31.07,30.38,-72.18,-41.84,3760.0999999999995,77.01,0.0,Diversified Prescribers
1000000127,PA,Nurse Practitioner,3796.7000000000003,3250.0,1864836.44,15,8,0.0099,497.4,181.60000000000002,643.3,1314.8999999999999,25.200000000000003,875.0,164.7,94.6,16.94,23.05,34.63,-51.64,-69.62,3014.8,79.41,0.0,Diversified Prescribers
1000000143,CA,Internal Medicine,6114.5,5328.0,2033157.05,18,7,0.0159,2439.3,347.1,633.2,1228.2,30.299999999999997,977.3999999999999,459.0,0.0,10.36,15.98,20.09,-37.74,-48.88,3185.8999999999996,52.1,0.0,Diversified Prescribers
1000000149,TX,Internal Medicine,4261.8,3704.0,2148284.24,17,7,0.0111,796.2,21.7,1172.5,1271.4,26.7,443.20000000000005,530.1,0.0,27.51,10.4,29.83,23.49,163.5,2908.8,68.25,0.0,Diversified Prescribers
1000000150,CA,Nurse Practitioner,4517.5,4010.0,1777932.8099999996,16,8,0.0117,1028.4,571.5999999999999,646.1,1341.9,40.9,372.1,436.4,80.1,14.3,8.24,29.7,-70.95,-51.76,2931.7,64.9,0.0,Diversified Prescribers
1000000168,NC,Endocrinology,2458.2,2168.0,1433695.49,20,8,0.0064,230.0,89.89999999999999,785.5,335.6,1.2,720.8,264.2,31.0,31.95,29.32,13.65,-37.58,14.04,1931.8000000000002,78.59,0.0,Diversified Prescribers
1000000196,PA,Family Practice,4051.1,3477.0,2154772.76,18,8,0.0105,445.8,266.7,1116.5,1281.0,10.8,361.8,404.9,163.6,27.56,8.93,31.62,-82.5,-78.72,3026.0,74.7,0.0,Diversified Prescribers
1000000199,VA,Family Practice,5369.799999999999,4651.0,2632143.37,17,7,0.0139,1280.4,678.9,1474.4999999999998,1150.1,20.8,356.2,408.9,0.0,27.46,6.63,21.42,157.52,-2.63,3659.7,68.15,0.0,Diversified Prescribers
1000000201,CA,Endocrinology,9677.8,8317.0,5339603.869999999,20,8,0.0251,430.2,1147.8,1521.8999999999999,2349.9,30.7,3300.7,708.3,188.29999999999998,15.73,34.11,24.28,136.61,81.01,8320.3,85.97,0.0,Diversified Prescribers
1000000203,OH,Nurse Practitioner,5628.500000000001,4942.0,2525650.13,17,8,0.0146,1237.3000000000002,171.8,1170.2,1355.9,15.1,834.4,613.0999999999999,230.7,20.79,14.82,24.09,-59.57,73.75,3532.3,62.76,0.0,Diversified Prescribers
1000000210,NY,Internal Medicine,13311.8,11385.0,6104435.52,16,8,0.0346,2308.4,1710.0,2378.2,5469.3,21.8,426.2,674.8,323.1,17.87,3.2,41.09,64.34,-27.43,9983.7,75.0,0.0,Diversified Prescribers
1000000213,MI,Internal Medicine,3848.4,3343.0,2280483.61,17,6,0.01,0.0,532.8000000000001,822.1999999999998,878.5999999999999,0.0,1144.4,385.70000000000005,84.7,21.36,29.74,22.83,-0.42,55.69,3378.0,87.78,0.0,Diversified Prescribers
1000000219,IN,Nurse Practitioner,1200.6,1068.0,557127.8500000001,13,8,0.0031,303.9,21.1,294.70000000000005,98.5,1.2,281.4,167.4,32.400000000000006,24.55,23.44,8.2,30.51,4.78,695.7,57.95,3.0,Low-Volume / Low-Growth Prescribers
1000000222,TX,Endocrinology,12273.599999999999,10581.0,7572041.35,20,7,0.0319,637.4,941.5,3323.7,2252.3999999999996,44.1,4101.5,973.0,0.0,27.08,33.42,18.35,57.52,65.68,10619.1,86.52,0.0,Diversified Prescribers
1000000236,IL,Internal Medicine,949.0000000000001,821.0,634954.3600000001,16,7,0.0025,0.0,87.0,367.6,134.8,2.2,205.8,108.0,43.6,38.74,21.69,14.2,-25.67,52.22,795.2,83.79,3.0,Low-Volume / Low-Growth Prescribers
1000000253,PA,Internal Medicine,678.2000000000002,587.0,248361.1,15,7,0.0018,198.2,25.6,88.0,227.60000000000002,0.0,63.400000000000006,61.1,14.3,12.98,9.35,33.56,1.6,-27.85,404.6,59.66,3.0,Low-Volume / Low-Growth Prescribers
1000000255,MA,Internal Medicine,741.7,645.0,271524.8400000001,12,7,0.0019,214.5,93.7,97.69999999999999,179.5,0.0,59.4,32.0,64.9,13.17,8.01,24.2,25.49,-1.88,430.3,58.02,3.0,Low-Volume / Low-Growth Prescribers
1000000268,GA,Internal Medicine,978.8,833.0,541864.91,12,7,0.0025,227.7,86.6,288.8,111.6,0.0,197.7,53.0,13.4,29.51,20.2,11.4,398.05,115.17,684.7,69.95,3.0,Low-Volume / Low-Growth Prescribers
1000000270,CA,Family Practice,873.3,765.0,336133.77,13,6,0.0023,284.3,107.9,117.7,311.1,0.0,16.1,36.2,0.0,13.48,1.84,35.62,1.57,712.99,552.8000000000001,63.3,3.0,Low-Volume / Low-Growth Prescribers
1000000274,FL,Internal Medicine,2328.3,2036.0,900176.47,16,6,0.006,0.0,121.5,296.7,858.6,0.0,280.0,433.6,337.90000000000003,12.74,12.03,36.88,-9.96,-66.87,1556.8000000000002,66.86,3.0,Low-Volume / Low-Growth Prescribers
1000000282,IL,Internal Medicine,4129.3,3659.0,1840838.34,17,8,0.0107,1001.5999999999999,236.39999999999998,720.0,842.9,20.4,866.6,374.8,66.6,17.44,20.99,20.41,245.51,35.98,2665.9,64.56,0.0,Diversified Prescribers
1000000290,CA,Endocrinology,9865.899999999998,8610.0,5083532.27,19,8,0.0256,1070.2,865.3,1746.7,2826.2000000000003,47.400000000000006,2379.4,745.6,185.10000000000002,17.7,24.12,28.65,326.85,115.94,7817.6,79.24,0.0,Diversified Prescribers
1000000299,NC,Endocrinology,1604.3999999999996,1403.0,799200.22,17,7,0.0042,191.0,58.1,339.1,483.4,0.0,288.5,198.9,45.4,21.14,17.98,30.13,535.4,261.46,1169.1,72.87,3.0,Low-Volume / Low-Growth Prescribers
1000000301,CA,Internal Medicine,4050.1,3499.0,2167932.18,17,7,0.0105,463.9,113.6,974.9000000000001,695.8000000000001,30.200000000000003,1307.4,464.3,0.0,24.07,32.28,17.18,519.25,220.59,3091.7000000000003,76.34,0.0,Diversified Prescribers
1000000317,AZ,Endocrinology,2093.6,1842.0,1336362.3399999999,18,7,0.0054,184.4,131.9,659.0,273.9,0.0,645.3000000000001,183.10000000000002,16.0,31.48,30.82,13.08,108.4,549.31,1710.1000000000004,81.68,0.0,Diversified Prescribers
1000000324,IL,Physician Assistant,854.9,750.0,401578.12,16,6,0.0022,0.0,93.5,82.5,224.20000000000002,0.0,264.3,161.5,28.9,9.65,30.92,26.23,26.63,-21.7,664.5,77.73,3.0,Low-Volume / Low-Growth Prescribers
1000000337,NY,Family Practice,38760.69999999999,33595.0,17067172.95,18,7,0.1007,8122.6,2816.1,4015.2999999999997,10697.5,286.7,9501.6,3320.8999999999996,0.0,10.36,24.51,27.6,-4.4,-0.78,27030.5,69.74,1.0,High-Volume Core Prescribers
1000000349,CA,Family Practice,14689.2,12691.0,8202589.29,17,6,0.0382,0.0,603.1,3975.6,3417.9,0.0,3342.7000000000003,2780.5,569.4,27.06,22.76,23.27,-29.22,406.36,11339.300000000001,77.19,0.0,Diversified Prescribers
1000000359,MA,Family Practice,2866.2000000000003,2461.0,1226212.6,14,7,0.0074,501.8,444.70000000000005,204.0,1392.6999999999998,12.8,159.0,0.0,151.2,7.12,5.55,48.59,-54.45,23.94,2200.3999999999996,76.77,3.0,Low-Volume / Low-Growth Prescribers
1000000379,TN,Internal Medicine,866.1999999999999,729.0,461343.18000000005,13,7,0.0023,106.0,0.0,266.5,127.49999999999999,2.4,200.50000000000003,128.4,34.9,30.77,23.15,14.72,77.63,51.82,594.5,68.63,3.0,Low-Volume / Low-Growth Prescribers
1000000402,CA,Internal Medicine,3852.1999999999994,3362.0,2156426.41,16,8,0.01,509.2,166.29999999999998,1228.9,854.9000000000001,40.8,611.4000000000001,283.3,157.4,31.9,15.87,22.19,-45.42,-61.32,2861.5,74.28,0.0,Diversified Prescribers
1000000428,MI,Internal Medicine,6055.099999999999,5315.0,2450660.01,17,7,0.0157,1516.5,704.0,539.5,1410.0,0.0,1328.1000000000001,420.9,136.1,8.91,21.93,23.29,254.68,33.04,3981.6000000000004,65.76,0.0,Diversified Prescribers
1000000433,PA,Endocrinology,2666.0,2316.0,1634092.8,17,7,0.0069,175.5,108.39999999999999,846.0,298.3,0.0,916.4999999999999,272.9,48.4,31.73,34.38,11.19,-7.95,114.49,2169.2000000000003,81.37,0.0,Diversified Prescribers
1000000440,FL,Endocrinology,2317.3999999999996,2040.0,1557483.5599999998,19,6,0.006,0.0,218.1,725.5,386.40000000000003,0.0,792.8,114.10000000000001,80.5,31.31,34.21,16.67,1.11,50.19,2122.7999999999997,91.6,0.0,Diversified Prescribers
1000000444,AZ,Family Practice,4349.099999999999,3697.0,2100787.3099999996,17,7,0.0113,0.0,776.8,679.2,1130.0,12.1,807.3,818.2,125.5,15.62,18.56,25.98,-24.23,61.46,3393.3,78.02,0.0,Diversified Prescribers
1000000449,TN,Endocrinology,2529.5000000000005,2192.0,1445989.21,20,7,0.0066,446.0,187.09999999999997,741.6999999999999,318.59999999999997,0.0,685.5,111.7,38.9,29.32,27.1,12.6,35.22,7.11,1932.8999999999996,76.41,0.0,Diversified Prescribers
1000000452,NY,Internal Medicine,657.0000000000001,577.0,316394.31,11,5,0.0017,0.0,103.19999999999999,92.9,170.5,0.0,156.0,134.4,0.0,14.14,23.74,25.95,-91.43,-91.9,522.6,79.54,3.0,Low-Volume / Low-Growth Prescribers
1000000453,NC,Nurse Practitioner,735.6999999999999,653.0,383492.43999999994,14,7,0.0019,95.3,85.0,157.3,244.29999999999998,2.1,121.6,30.1,0.0,21.38,16.53,33.21,-78.41,-70.52,608.1999999999999,82.67,3.0,Low-Volume / Low-Growth Prescribers
1000000454,PA,Endocrinology,38833.5,33967.0,19984498.23,22,8,0.1009,3639.2,4080.7000000000003,7279.1,6303.9,201.4,12207.5,4561.1,560.5999999999999,18.74,31.44,16.23,-58.63,-40.27,29871.199999999997,76.92,1.0,High-Volume Core Prescribers
1000000455,MI,Internal Medicine,858.4,746.0,426193.12,17,8,0.0022,123.0,86.4,234.8,132.7,1.1,122.0,144.9,13.5,27.35,14.21,15.46,87.03,155.62,575.9000000000001,67.09,3.0,Low-Volume / Low-Growth Prescribers
1000000462,FL,Family Practice,2888.7999999999997,2516.0,1103291.8800000001,15,8,0.0075,560.5,346.4,231.7,722.4,13.9,626.4,344.8,42.7,8.02,21.68,25.01,54.05,53.2,1926.9,66.7,3.0,Low-Volume / Low-Growth Prescribers
1000000471,MA,Physician Assistant,7011.9,6057.0,2365952.9099999997,20,8,0.0182,2428.1,746.1999999999999,753.0,1563.8000000000002,16.2,699.8,637.1,167.7,10.74,9.98,22.3,48.32,-12.95,3762.8,53.66,0.0,Diversified Prescribers
1000000477,TX,Internal Medicine,11581.599999999999,10171.0,6737856.570000001,15,6,0.0301,0.0,495.5,1750.4,3073.6,80.2,5421.1,0.0,760.8,15.11,46.81,26.54,-88.01,-77.78,10740.6,92.74,0.0,Diversified Prescribers
1000000478,CA,Physician Assistant,715.4000000000001,617.0,446500.76,13,6,0.0019,0.0,18.7,222.39999999999998,208.7,0.0,162.0,87.4,16.2,31.09,22.64,29.17,-18.91,250.73,611.8,85.52,3.0,Low-Volume / Low-Growth Prescribers
1000000485,TX,Nurse Practitioner,3463.0999999999995,3008.0,2182501.38,13,8,0.009,368.6,316.1,1251.5,194.6,12.3,1048.3000000000002,194.7,77.0,36.14,30.27,5.62,-41.48,88.79,2810.5,81.16,3.0,Low-Volume / Low-Growth Prescribers
1000000501,PA,Internal Medicine,4264.5,3705.0,3080772.34,14,5,0.0111,0.0,138.5,1386.8,1366.9,0.0,1296.3000000000002,0.0,76.0,32.52,30.4,32.05,-17.46,203.52,4188.5,98.22,0.0,Diversified Prescribers
1000000504,MA,Family Practice,675.1,581.0,303939.76999999996,14,7,0.0018,114.0,16.8,92.8,179.5,0.0,217.5,22.3,32.2,13.75,32.22,26.59,-61.49,-80.34,506.6,75.04,3.0,Low-Volume / Low-Growth Prescribers
1000000511,GA,Internal Medicine,6613.4,5663.0,3296558.3099999996,18,8,0.0172,1115.5,600.4,1023.0999999999999,1714.6,17.9,1567.1,498.5,76.3,15.47,23.7,25.93,40.73,62.4,4905.2,74.17,0.0,Diversified Prescribers
1000000521,NY,Internal Medicine,4205.700000000001,3650.0,1884529.5099999998,14,6,0.0109,0.0,346.6,507.5,1155.8,0.0,991.5,1123.4,80.9,12.07,23.58,27.48,-33.58,175.57,3001.3999999999996,71.37,3.0,Low-Volume / Low-Growth Prescribers
1000000524,IN,Family Practice,896.4000000000001,782.0,334355.36,15,6,0.0023,198.1,40.2,153.10000000000002,252.89999999999998,0.0,65.69999999999999,186.39999999999998,0.0,17.08,7.33,28.21,1.33,128.2,511.9,57.11,3.0,Low-Volume / Low-Growth Prescribers
1000000542,TX,Internal Medicine,813.0999999999999,695.0,455241.98,13,7,0.0021,130.8,16.0,276.3,299.1,2.3,14.8,73.80000000000001,0.0,33.98,1.82,36.79,-12.2,1189.19,606.2,74.55,3.0,Low-Volume / Low-Growth Prescribers
1000000563,FL,Endocrinology,10161.7,8805.0,6528585.67,17,6,0.0264,608.6,1271.0,2925.4,1789.6,0.0,3287.0,0.0,280.1,28.79,32.35,17.61,455.55,166.08,9273.0,91.25,0.0,Diversified Prescribers
1000000564,MI,Internal Medicine,974.7000000000002,846.0,455132.52999999997,16,7,0.0025,97.0,31.9,193.2,247.39999999999998,0.0,206.2,185.39999999999998,13.6,19.82,21.16,25.38,-47.96,4.17,678.6999999999999,69.63,3.0,Low-Volume / Low-Growth Prescribers
1000000569,CA,Internal Medicine,18143.4,15427.0,9731508.299999999,18,7,0.0471,2074.2,1716.8000000000002,4161.6,5732.9,204.60000000000002,2568.5,1684.8,0.0,22.94,14.16,31.6,207.68,100.47,14179.800000000001,78.15,0.0,Diversified Prescribers
1000000594,CA,Nurse Practitioner,881.1999999999999,778.0,403913.99999999994,16,7,0.0023,186.1,107.8,156.5,221.5,0.0,122.7,72.1,14.5,17.76,13.92,25.14,128.68,312.52,608.5,69.05,3.0,Low-Volume / Low-Growth Prescribers
1000000612,OH,Family Practice,14784.7,12623.0,5650663.050000001,17,7,0.0384,0.0,1602.3,571.4,6286.4,95.3,2094.9,3586.9999999999995,547.4,3.86,14.17,42.52,295.93,76.32,10555.0,71.39,0.0,Diversified Prescribers
1000000613,GA,Endocrinology,2193.2,1910.0,1271824.3399999999,19,8,0.0057,313.0,142.4,604.9,380.4,1.1,600.8,119.3,31.3,27.58,27.39,17.34,310.51,18.17,1728.5,78.81,0.0,Diversified Prescribers
1000000630,IL,Family Practice,968.4,842.0,408637.61000000004,15,6,0.0025,210.0,79.1,140.6,293.0,0.0,121.10000000000001,124.6,0.0,14.52,12.51,30.26,-75.55,-62.15,633.8,65.45,3.0,Low-Volume / Low-Growth Prescribers
1000000631,IL,Nurse Practitioner,2945.0,2563.0,1636438.8599999999,16,6,0.0077,0.0,116.9,792.1,903.5,21.8,496.2,614.5,0.0,26.9,16.85,30.68,-14.08,0.58,2308.7,78.39,0.0,Diversified Prescribers
1000000643,MI,Internal Medicine,1099.7,957.0,402403.05,15,6,0.0029,425.0,69.3,183.6,212.2,0.0,102.8,106.80000000000001,0.0,16.7,9.35,19.3,55.6,-3.64,567.9,51.64,3.0,Low-Volume / Low-Growth Prescribers
1000000644,NY,Endocrinology,2117.5,1824.0,1050340.88,19,7,0.0055,333.6,105.30000000000001,379.30000000000007,349.3,0.0,712.5,217.60000000000002,19.9,17.91,33.65,16.5,91.35,38.41,1546.4,73.03,0.0,Diversified Prescribers
1000000646,NC,Family Practice,12687.8,11073.0,6321152.450000001,18,8,0.033,1949.3,1431.9,3435.0,2634.5,39.4,1089.2,1789.4,319.1,27.07,8.58,20.76,-70.06,-56.2,8590.6,67.71,0.0,Diversified Prescribers
1000000647,MA,Family Practice,4727.2,4139.0,1977702.1400000001,18,7,0.0123,1413.8,637.1,638.0,1064.0,29.2,780.7,0.0,164.4,13.5,16.52,22.51,-68.38,-71.48,3119.8,66.0,0.0,Diversified Prescribers
1000000649,CA,Internal Medicine,661.9000000000001,574.0,348861.33,15,7,0.0017,0.0,69.1,134.2,249.60000000000002,4.699999999999999,89.4,93.0,21.9,20.27,13.51,37.71,-12.29,-41.78,542.3,81.93,3.0,Low-Volume / Low-Growth Prescribers
1000000650,FL,Endocrinology,1839.2000000000003,1592.0,883095.8499999999,20,8,0.0048,344.1,78.9,451.6,495.70000000000005,4.8,247.0,176.89999999999998,40.2,24.55,13.43,26.95,86.94,-7.48,1273.2,69.23,0.0,Diversified Prescribers
1000000651,TX,Internal Medicine,806.5,706.0,428782.35,16,8,0.0021,102.9,93.9,281.6,114.69999999999999,3.3,65.10000000000001,132.0,13.0,34.92,8.07,14.22,20.5,819.49,555.3,68.85,3.0,Low-Volume / Low-Growth Prescribers
1000000655,FL,Endocrinology,12949.900000000005,11395.0,7396135.140000001,22,8,0.0336,1480.6999999999998,816.0,3484.2000000000003,2515.6000000000004,17.4,3640.7,911.6000000000001,83.7,26.91,28.11,19.43,116.07,47.44,10456.5,80.75,0.0,Diversified Prescribers
1000000656,TX,Internal Medicine,20877.800000000003,17766.0,11338481.850000001,17,7,0.0542,4368.6,1291.0,6894.700000000001,5460.3,100.1,1657.8999999999996,1105.2,0.0,33.02,7.94,26.15,16.59,60.89,15303.900000000001,73.3,0.0,Diversified Prescribers
1000000657,MI,Internal Medicine,1002.5,875.0,407933.49,14,7,0.0026,223.60000000000002,62.8,112.8,254.3,0.0,221.00000000000003,108.2,19.8,11.25,22.04,25.37,186.09,251.23,650.9000000000001,64.93,3.0,Low-Volume / Low-Growth Prescribers
1000000667,CA,Endocrinology,2313.5999999999995,2037.0,1236051.87,19,8,0.006,427.4,25.0,652.9000000000001,370.0,3.4,600.8,184.60000000000002,49.5,28.22,25.97,15.99,-32.41,8.96,1648.7,71.26,0.0,Diversified Prescribers
1000000691,GA,Internal Medicine,2407.3,2049.0,1219073.44,13,6,0.0063,0.0,299.29999999999995,359.2,573.3,0.0,705.9,392.7,76.9,14.92,29.32,23.82,-48.45,101.56,1937.6999999999998,80.49,3.0,Low-Volume / Low-Growth Prescribers
1000000692,MI,Internal Medicine,682.2,594.0,367246.6,17,7,0.0018,0.0,93.2,127.0,99.5,1.1,223.5,124.30000000000001,13.6,18.62,32.76,14.59,454.11,134.27,543.2,79.62,3.0,Low-Volume / Low-Growth Prescribers
1000000700,FL,Internal Medicine,13465.100000000002,11660.0,3394826.3700000006,14,8,0.035,7073.7,1021.6,1413.7,1649.5,30.4,947.7,685.1,643.4,10.5,7.04,12.25,-91.31,-93.11,5032.5,37.37,3.0,Low-Volume / Low-Growth Prescribers
1000000713,MI,Internal Medicine,858.7,765.0,393863.36,13,6,0.0022,96.4,15.2,131.2,379.90000000000003,0.0,141.0,95.0,0.0,15.28,16.42,44.24,196.83,-14.02,667.3,77.71,3.0,Low-Volume / Low-Growth Prescribers
1000000715,OH,Physician Assistant,5642.900000000001,4956.0,2172832.9699999997,20,8,0.0147,1304.6,341.8,609.5,1292.3,38.4,1207.9,804.9000000000001,43.5,10.8,21.41,22.9,296.87,-28.57,3451.5,61.17,0.0,Diversified Prescribers
1000000717,MI,Physician Assistant,674.4,588.0,328318.06,11,6,0.0018,108.7,83.9,121.9,130.1,0.0,143.9,85.9,0.0,18.08,21.34,19.29,-53.09,93.76,479.80000000000007,71.14,3.0,Low-Volume / Low-Growth Prescribers
1000000729,OH,Endocrinology,1393.4,1201.0,725650.1900000002,16,7,0.0036,0.0,139.1,325.5,354.3,3.5,281.9,228.5,60.599999999999994,23.36,20.23,25.43,-39.84,-55.27,1100.8,79.0,3.0,Low-Volume / Low-Growth Prescribers
1000000732,GA,Family Practice,3097.0999999999995,2686.0,1576061.0,15,6,0.008,0.0,498.3,364.8,844.6000000000001,15.7,958.5999999999999,415.1,0.0,11.78,30.95,27.27,299.94,-1.76,2666.3,86.09,0.0,Diversified Prescribers
1000000736,GA,Internal Medicine,4842.4,4205.0,2894285.9,15,5,0.0126,0.0,123.9,1264.4,1608.0,0.0,986.5,859.5999999999999,0.0,26.11,20.37,33.21,-36.2,463.46,3982.8,82.25,0.0,Diversified Prescribers
1000000743,IN,Internal Medicine,5029.700000000001,4300.0,2172066.04,17,7,0.0131,684.5,432.0,526.3000000000001,1110.1999999999998,0.0,1383.8,832.2,60.7,10.46,27.51,22.07,-59.03,48.64,3452.2999999999997,68.64,0.0,Diversified Prescribers
1000000758,NY,Nurse Practitioner,1133.5,974.0,596619.0900000001,17,7,0.0029,213.7,97.5,245.1,225.0,0.0,244.60000000000002,95.3,12.3,21.62,21.58,19.85,28.79,129.54,812.2,71.65,3.0,Low-Volume / Low-Growth Prescribers
1000000772,FL,Endocrinology,1997.6999999999996,1775.0,1070432.7999999998,18,6,0.0052,369.0,123.0,585.0999999999999,360.40000000000003,0.0,399.6,160.59999999999997,0.0,29.29,20.0,18.04,4.67,115.78,1468.1,73.49,0.0,Diversified Prescribers
1000000788,CA,Internal Medicine,4494.6,3947.0,2065480.96,16,8,0.0117,500.7,103.3,1009.8,1042.5,14.4,724.2,964.6999999999999,135.0,22.47,16.11,23.19,-93.27,-94.87,2879.8,64.07,0.0,Diversified Prescribers
1000000801,CA,Endocrinology,2572.7,2256.0,1363305.71,20,8,0.0067,425.7,141.5,529.7,421.6,6.9,918.0999999999999,115.9,13.3,20.59,35.69,16.39,4.86,37.59,2010.9,78.16,0.0,Diversified Prescribers
1000000810,FL,Cardiology,879.7,758.0,520747.02,13,7,0.0023,87.1,60.099999999999994,267.1,259.6,2.4,149.2,54.2,0.0,30.36,16.96,29.51,117.05,293.92,736.0,83.66,3.0,Low-Volume / Low-Growth Prescribers
1000000818,TX,Endocrinology,1776.4,1539.0,1053278.5699999998,20,8,0.0046,208.8,128.2,537.2,373.5,2.4,440.29999999999995,72.8,13.2,30.24,24.79,21.03,-63.3,-44.6,1479.2,83.27,0.0,Diversified Prescribers
1000000821,FL,Endocrinology,41209.2,35683.0,27605984.229999997,20,7,0.1071,0.0,1897.3000000000002,16523.2,9891.9,128.8,8354.2,3700.8,713.0,40.1,20.27,24.0,441.29,98.86,36666.6,88.98,1.0,High-Volume Core Prescribers
1000000826,CA,Internal Medicine,5207.800000000002,4448.0,2872307.9000000004,15,6,0.0135,638.9,715.0,749.1,1452.6000000000001,9.9,1642.3,0.0,0.0,14.38,31.54,27.89,419.34,218.81,4559.0,87.54,0.0,Diversified Prescribers
1000000852,FL,Internal Medicine,963.7,842.0,532285.96,14,6,0.0025,122.2,79.2,229.8,273.0,0.0,183.1,76.4,0.0,23.85,19.0,28.33,18.65,22.55,765.0999999999999,79.39,3.0,Low-Volume / Low-Growth Prescribers
1000000870,NY,Internal Medicine,774.1999999999999,681.0,422907.8,15,6,0.002,0.0,62.9,210.0,202.60000000000002,0.0,132.9,149.7,16.1,27.12,17.17,26.17,-69.55,-41.44,608.4,78.58,3.0,Low-Volume / Low-Growth Prescribers
1000000872,NY,Family Practice,597.0,522.0,380399.24,16,7,0.0016,0.0,72.1,169.2,217.4,1.2,82.60000000000001,23.5,31.0,28.34,13.84,36.42,136.31,671.68,541.3,90.67,3.0,Low-Volume / Low-Growth Prescribers
1000000878,AZ,Endocrinology,11407.4,9873.0,6409027.09,20,8,0.0296,1292.5,577.3000000000001,3895.5,2065.7,38.0,1999.8999999999999,1456.6000000000001,81.9,34.15,17.53,18.11,-65.99,-41.44,8538.4,74.85,0.0,Diversified Prescribers
1000000880,TX,Internal Medicine,5607.300000000001,4879.0,2918577.7,19,8,0.0146,1116.3,511.90000000000003,1423.9999999999998,1090.5,14.7,1062.2,158.9,228.8,25.4,18.94,19.45,99.36,82.95,4088.6,72.92,0.0,Diversified Prescribers
1000000883,CA,Endocrinology,51218.899999999994,44268.0,33414772.2,21,8,0.1331,1902.1,2184.3,18553.8,7979.799999999999,192.79999999999998,14581.600000000002,5257.2,567.3,36.22,28.47,15.58,5.23,82.21,43299.5,84.54,1.0,High-Volume Core Prescribers
1000000895,NY,Internal Medicine,927.4,795.0,303541.81000000006,12,8,0.0024,321.90000000000003,38.2,46.4,270.29999999999995,2.2,159.8,66.3,22.3,5.0,17.23,29.15,-97.27,-88.63,514.7,55.5,3.0,Low-Volume / Low-Growth Prescribers
1000000907,PA,Internal Medicine,871.2000000000002,754.0,461585.91000000003,15,8,0.0023,79.9,26.1,230.7,112.30000000000001,2.1,257.4,145.8,16.9,26.48,29.55,12.89,-5.89,-3.1,626.5,71.91,3.0,Low-Volume / Low-Growth Prescribers
1000000919,FL,Endocrinology,10001.699999999999,8766.0,5121577.300000001,19,8,0.026,1303.4,455.5,2462.9,1852.4,12.9,2505.2,1045.3,364.1,24.62,25.05,18.52,-46.2,18.95,7276.0,72.75,0.0,Diversified Prescribers
1000000923,NY,Family Practice,3844.3999999999996,3336.0,1479925.6800000002,15,7,0.01,554.5,445.0,364.4,1594.8000000000002,0.0,149.3,561.6,174.8,9.48,3.88,41.48,49.84,95.04,2553.5,66.42,3.0,Low-Volume / Low-Growth Prescribers
1000000928,GA,Family Practice,14248.7,12195.0,4869512.04,17,8,0.037,4094.9,537.1,1512.3,2800.7,119.89999999999999,2622.3999999999996,2140.7,420.7,10.61,18.4,19.66,-54.88,-71.15,7472.5,52.44,0.0,Diversified Prescribers
1000000943,VA,Family Practice,4581.0,4006.0,2080425.4599999997,15,7,0.0119,536.9,777.0,745.5,1294.6999999999998,0.0,558.4000000000001,405.5,263.0,16.27,12.19,28.26,-33.9,-15.03,3375.6,73.69,0.0,Diversified Prescribers
1000000950,FL,Family Practice,5547.100000000001,4855.0,2963434.43,18,8,0.0144,627.5,303.59999999999997,1077.1999999999998,1785.0,25.7,1375.6999999999998,230.7,121.69999999999999,19.42,24.8,32.18,-18.65,22.59,4541.5,81.87,0.0,Diversified Prescribers
1000000954,GA,Internal Medicine,894.1000000000001,778.0,392115.23,13,6,0.0023,99.8,36.900000000000006,220.00000000000003,227.20000000000002,0.0,45.800000000000004,264.4,0.0,24.61,5.12,25.41,64.67,-7.9,529.9000000000001,59.27,3.0,Low-Volume / Low-Growth Prescribers
1000000975,NY,Internal Medicine,707.4000000000001,608.0,254832.88000000003,12,8,0.0018,196.8,19.6,45.1,258.09999999999997,2.1,127.39999999999999,43.8,14.5,6.38,18.01,36.49,52.17,3.82,450.19999999999993,63.64,3.0,Low-Volume / Low-Growth Prescribers
1000000976,FL,Family Practice,4090.9999999999995,3527.0,1939197.27,16,8,0.0106,573.3,323.8,1078.5,408.79999999999995,12.7,678.7,937.3000000000001,77.9,26.36,16.59,9.99,124.07,49.61,2489.8,60.86,0.0,Diversified Prescribers
1000000995,FL,Endocrinology,46845.0,41047.0,27792062.159999996,20,8,0.1217,1429.9,1721.1000000000001,11273.699999999999,11037.400000000001,73.5,17174.0,3244.5,890.9,24.07,36.66,23.56,7.83,63.76,41206.2,87.96,1.0,High-Volume Core Prescribers
1000000999,NC,Internal Medicine,849.0,739.0,489571.30999999994,13,5,0.0022,0.0,77.1,136.0,164.3,0.0,394.0,77.6,0.0,16.02,46.41,19.35,-30.62,-39.72,771.4000000000001,90.86,3.0,Low-Volume / Low-Growth Prescribers
1000001008,TX,Internal Medicine,16158.4,14315.0,5986345.919999999,16,7,0.042,4035.7999999999997,0.0,3230.3,3321.3,145.4,1500.2,3145.2,780.2,19.99,9.28,20.55,225.08,95.05,8051.8,49.83,0.0,Diversified Prescribers
1000001016,AZ,Internal Medicine,718.5999999999999,624.0,324747.75,14,6,0.0019,109.8,83.19999999999999,151.3,243.9,0.0,28.9,101.5,0.0,21.05,4.02,33.94,-92.36,-88.02,507.29999999999995,70.6,3.0,Low-Volume / Low-Growth Prescribers
1000001025,CA,Internal Medicine,1218.0,1052.0,668197.42,19,8,0.0032,127.5,112.6,220.7,231.2,1.2,434.90000000000003,74.1,15.8,18.12,35.71,18.98,-32.16,191.94,999.4000000000001,82.05,0.0,Diversified Prescribers
1000001027,CA,Nurse Practitioner,14783.100000000002,12900.0,9598325.31,16,7,0.0384,0.0,627.3,5843.5,1993.3,142.3,3130.2999999999997,2803.7999999999997,242.6,39.53,21.17,13.48,-20.39,209.03,11594.399999999998,78.43,0.0,Diversified Prescribers
1000001046,CA,Internal Medicine,878.3000000000002,777.0,385190.45999999996,14,6,0.0023,108.9,41.1,132.2,140.0,0.0,255.5,200.6,0.0,15.05,29.09,15.94,14.74,178.39,568.8,64.76,3.0,Low-Volume / Low-Growth Prescribers
1000001056,CA,Family Practice,6117.000000000002,5238.0,3002101.14,18,6,0.0159,1164.6,254.8,1530.2,1048.9,0.0,1275.3000000000002,843.2,0.0,25.02,20.85,17.15,-0.79,193.75,4109.200000000001,67.18,0.0,Diversified Prescribers
1000001067,GA,Endocrinology,35871.899999999994,31066.0,19321449.99,18,7,0.0932,2898.9,2448.7000000000003,8223.0,3775.5000000000005,296.9,13412.9,4816.0,0.0,22.92,37.39,10.52,86.19,-17.28,27860.100000000002,77.67,1.0,High-Volume Core Prescribers
1000001070,VA,Internal Medicine,16718.500000000004,14669.0,8846220.010000002,19,7,0.0434,2251.1,2504.7000000000003,2970.8999999999996,3004.3,138.9,4729.200000000001,1119.4,0.0,17.77,28.29,17.97,-43.87,11.67,13209.100000000002,79.01,0.0,Diversified Prescribers
1000001072,TN,Endocrinology,9234.200000000003,8109.0,4678845.0,18,7,0.024,739.8,444.79999999999995,1912.3999999999999,1688.9,0.0,2955.7,1331.0,161.60000000000002,20.71,32.01,18.29,25.81,-40.24,7001.799999999999,75.82,0.0,Diversified Prescribers
1000001097,GA,Internal Medicine,5257.799999999999,4582.0,2348296.56,18,8,0.0137,912.7,450.1,704.6,1282.8999999999999,26.4,1143.3,645.0,92.8,13.4,21.74,24.4,49.02,26.23,3580.8999999999996,68.11,0.0,Diversified Prescribers
1000001102,CA,Nurse Practitioner,48054.6,41905.0,20027712.340000004,20,8,0.1248,8339.400000000001,4512.2,6918.299999999999,11052.5,186.5,7941.599999999999,8269.3,834.8,14.4,16.53,23.0,-40.9,26.52,30424.6,63.31,1.0,High-Volume Core Prescribers
1000001133,TX,Internal Medicine,3183.5,2764.0,1357520.7400000002,12,8,0.0083,419.4,271.70000000000005,281.9,1187.6,8.5,574.8,382.7,56.9,8.86,18.06,37.3,539.45,183.18,2316.0,72.75,3.0,Low-Volume / Low-Growth Prescribers
1000001134,TX,Family Practice,717.5,622.0,366559.55000000005,11,6,0.0019,0.0,69.4,119.8,140.3,0.0,237.60000000000002,138.3,12.1,16.7,33.11,19.55,-4.72,41.43,567.1000000000001,79.04,3.0,Low-Volume / Low-Growth Prescribers
1000001146,CA,Family Practice,14181.000000000002,12299.0,7689688.1899999995,20,7,0.0368,1501.4,1720.3000000000002,3512.7,4069.2,190.2,2311.4000000000005,875.8,0.0,24.77,16.3,28.69,3.88,13.09,11613.6,81.9,0.0,Diversified Prescribers
1000001161,CA,Endocrinology,11852.200000000004,10191.0,7512988.5,19,8,0.0308,447.5,715.2,4066.7,2728.5,15.6,2646.3999999999996,1160.1,72.2,34.31,22.33,23.02,257.71,52.8,10156.8,85.7,0.0,Diversified Prescribers
1000001174,VA,Family Practice,833.4,721.0,355485.16,14,7,0.0022,0.0,20.6,86.7,281.20000000000005,1.2,188.2,232.09999999999997,23.4,10.4,22.58,33.74,-94.09,-89.01,576.7,69.2,3.0,Low-Volume / Low-Growth Prescribers
1000001185,MI,Physician Assistant,5510.5,4794.0,2182952.6099999994,17,8,0.0143,591.3,383.1,795.3000000000001,1543.5,13.1,739.0,1358.1,87.1,14.43,13.41,28.01,-79.73,-81.36,3460.9,62.81,0.0,Diversified Prescribers
1000001189,NC,Family Practice,765.9999999999999,643.0,364892.36,13,7,0.002,110.6,43.6,139.1,174.39999999999998,0.0,174.9,102.2,21.2,18.16,22.83,22.77,-32.82,-52.78,532.0,69.45,3.0,Low-Volume / Low-Growth Prescribers
1000001207,CA,Internal Medicine,698.4,613.0,326897.41000000003,17,8,0.0018,117.3,23.0,128.5,301.7,4.5,68.7,39.8,14.9,18.4,9.84,43.2,201.47,204.58,521.9,74.73,3.0,Low-Volume / Low-Growth Prescribers
1000001208,NC,Internal Medicine,1140.8,989.0,528370.94,17,7,0.003,217.5,14.6,152.6,255.19999999999996,0.0,364.5,108.0,28.4,13.38,31.95,22.37,56.57,782.96,786.9,68.98,3.0,Low-Volume / Low-Growth Prescribers
1000001210,TX,Internal Medicine,23576.699999999993,20747.0,11153622.040000001,17,8,0.0612,4279.5,3468.4,5972.7,3255.3999999999996,246.9,2932.2,2408.2,1013.4,25.33,12.44,13.81,150.73,3.72,15628.699999999999,66.29,0.0,Diversified Prescribers
1000001218,CA,Family Practice,4566.899999999999,3920.0,2494694.56,19,8,0.0119,371.2,752.9000000000001,1216.2,1450.3,23.9,297.3,334.79999999999995,120.3,26.63,6.51,31.76,-50.99,-67.8,3716.7,81.38,0.0,Diversified Prescribers
1000001220,CA,Physician Assistant,3562.8999999999996,3038.0,1307464.4900000002,15,8,0.0093,534.2,261.3,518.9,1071.9,30.3,228.2,826.0,92.1,14.56,6.4,30.09,456.24,246.97,2080.3,58.39,3.0,Low-Volume / Low-Growth Prescribers
1000001223,TX,Physician Assistant,671.9,581.0,371315.88,10,7,0.0017,99.9,71.4,168.0,111.60000000000001,0.0,147.7,59.599999999999994,13.7,25.0,21.98,16.61,104.6,676.32,498.70000000000005,74.22,3.0,Low-Volume / Low-Growth Prescribers
1000001232,NC,Internal Medicine,18877.2,16417.0,8267675.54,19,8,0.049,3052.0,1016.7,1507.5,5766.1,138.8,5200.9,1969.0,226.2,7.99,27.55,30.55,97.16,97.1,13491.2,71.47,0.0,Diversified Prescribers
1000001238,CA,Physician Assistant,15228.2,13057.0,9062836.870000001,17,7,0.0396,0.0,980.2,2401.2,4099.7,30.8,6188.400000000001,1127.3,400.6,15.77,40.64,26.92,35.22,1010.6,13669.5,89.76,0.0,Diversified Prescribers
1000001240,MA,Nurse Practitioner,3739.3,3212.0,1653127.2099999997,14,8,0.0097,396.5,128.6,361.0,1709.0,21.9,758.7,207.3,156.3,9.65,20.29,45.7,-35.54,-66.24,2957.3,79.09,3.0,Low-Volume / Low-Growth Prescribers
1000001250,TX,Family Practice,5654.6,4846.0,2356349.7299999995,17,7,0.0147,1081.5,309.40000000000003,468.7,1219.6,21.900000000000002,1791.4,762.1,0.0,8.29,31.68,21.57,141.55,122.15,3789.1,67.01,0.0,Diversified Prescribers
1000001255,NY,Internal Medicine,893.2,784.0,462224.53,16,7,0.0023,194.5,93.9,274.5,139.6,0.0,83.1,96.0,11.6,30.73,9.3,15.63,108.49,406.08,591.1,66.18,3.0,Low-Volume / Low-Growth Prescribers
1000001257,NY,Internal Medicine,5569.800000000001,4750.0,1730188.7000000004,19,8,0.0145,1637.8000000000002,565.1,485.9,1539.0,41.900000000000006,390.2,698.8,211.10000000000002,8.72,7.01,27.63,-63.99,-71.81,2980.2,53.51,0.0,Diversified Prescribers
1000001263,TX,Internal Medicine,11905.1,10499.0,7180210.0,17,8,0.0309,1379.1,700.2,3762.1000000000004,3254.4,119.1,1885.7,492.1,312.4,31.6,15.84,27.34,49.0,253.1,9602.4,80.66,0.0,Diversified Prescribers
1000001264,MA,Endocrinology,35601.0,30956.0,19752031.840000004,21,8,0.0925,5888.2,2316.3,9471.2,5676.299999999999,298.3,9913.300000000001,1232.4,805.0,26.6,27.85,15.94,52.47,86.24,27377.1,76.9,1.0,High-Volume Core Prescribers
1000001267,CA,Internal Medicine,989.2,871.0,471328.79999999993,17,7,0.0026,224.8,41.5,253.1,237.6,0.0,113.6,84.8,33.8,25.59,11.48,24.02,18.4,37.33,645.8,65.29,3.0,Low-Volume / Low-Growth Prescribers
1000001290,FL,Internal Medicine,5175.599999999999,4597.0,1867078.6100000003,19,8,0.0134,657.5,387.59999999999997,182.5,1492.1000000000001,29.0,1243.6000000000001,1135.9,47.4,3.53,24.03,28.83,241.27,297.21,3305.8,63.87,0.0,Diversified Prescribers
1000001294,PA,Family Practice,4002.3999999999996,3498.0,1934790.39,16,8,0.0104,641.6,468.29999999999995,635.4,490.09999999999997,14.7,1348.6,263.2,140.5,15.88,33.69,12.25,-41.28,96.63,2942.4,73.52,0.0,Diversified Prescribers
1000001298,VA,Family Practice,996.0999999999999,885.0,355164.36,14,7,0.0026,298.5,84.5,136.8,312.9,0.0,40.2,72.5,50.7,13.73,4.04,31.41,-30.67,-14.26,574.4,57.66,3.0,Low-Volume / Low-Growth Prescribers
1000001307,VA,Family Practice,716.7000000000002,629.0,372255.74,14,7,0.0019,85.8,137.7,129.8,152.1,0.0,142.2,53.1,16.0,18.11,19.84,21.22,-37.51,68.87,561.8,78.39,3.0,Low-Volume / Low-Growth Prescribers
1000001308,OH,Internal Medicine,12353.3,10677.0,8570352.0,16,7,0.0321,0.0,1368.0,5221.7,2511.2,83.6,2180.7,768.3,219.8,42.27,17.65,20.33,-73.39,-3.86,11281.599999999999,91.32,0.0,Diversified Prescribers
1000001309,NY,Family Practice,641.5,563.0,284227.3,13,6,0.0017,0.0,66.6,78.7,175.0,0.0,138.6,124.7,57.9,12.27,21.61,27.28,18.5,154.63,458.9,71.54,3.0,Low-Volume / Low-Growth Prescribers
1000001319,PA,Endocrinology,2477.8,2192.0,1441984.4900000002,19,7,0.0064,267.7,181.9,709.0999999999999,440.40000000000003,0.0,675.6,158.5,44.6,28.62,27.27,17.77,119.03,105.11,2007.0,81.0,0.0,Diversified Prescribers
1000001320,TN,Internal Medicine,4572.5,3906.0,3073618.12,16,6,0.0119,0.0,611.0,1395.9,1137.0,37.7,1188.8,202.1,0.0,30.53,26.0,24.87,342.33,298.09,4332.7,94.76,0.0,Diversified Prescribers
1000001321,PA,Endocrinology,1857.3999999999999,1620.0,1102642.92,17,7,0.0048,234.5,85.19999999999999,605.0,442.29999999999995,0.0,369.69999999999993,107.69999999999999,13.0,32.57,19.9,23.81,222.17,129.85,1502.1999999999998,80.88,0.0,Diversified Prescribers
1000001323,MI,Internal Medicine,1208.3,1039.0,451157.5,17,8,0.0031,247.89999999999998,77.3,140.7,316.2,1.1,188.4,209.2,27.5,11.64,15.59,26.17,-72.91,-72.6,722.6,59.8,3.0,Low-Volume / Low-Growth Prescribers
1000001337,NY,Family Practice,3809.6,3305.0,2143362.5300000003,16,7,0.0099,377.9,481.7,764.1999999999999,808.6999999999999,36.7,1183.3999999999999,0.0,157.0,20.06,31.06,21.23,-24.87,321.93,3237.9999999999995,85.0,0.0,Diversified Prescribers
1000001342,CA,Nurse Practitioner,1094.6000000000001,960.0,643968.5800000001,16,8,0.0028,87.1,57.5,313.0,100.5,2.4,362.5,156.2,15.4,28.59,33.12,9.18,81.93,102.99,833.5,76.15,3.0,Low-Volume / Low-Growth Prescribers
1000001371,TX,Internal Medicine,14741.300000000001,12809.0,7414171.9799999995,13,7,0.0383,0.0,81.4,4719.9,2409.0,34.7,2436.5,4825.099999999999,234.7,32.02,16.53,16.34,-10.69,136.78,9646.8,65.44,0.0,Diversified Prescribers
1000001375,TX,Nurse Practitioner,4956.200000000001,4242.0,1648860.89,17,8,0.0129,1076.5,323.8,453.6,1204.3,14.4,693.1000000000001,1130.7,59.8,9.15,13.98,24.3,-64.03,-3.63,2674.8,53.97,0.0,Diversified Prescribers
1000001377,NC,Internal Medicine,5139.400000000001,4470.0,1897762.49,15,7,0.0134,1860.3000000000002,205.89999999999998,958.3,902.1,13.8,481.6,717.4,0.0,18.65,9.37,17.55,119.72,65.12,2547.9,49.58,3.0,Low-Volume / Low-Growth Prescribers
1000001398,VA,Family Practice,5433.800000000001,4814.0,2425222.14,17,7,0.0141,452.5,348.49999999999994,650.8,1254.4,0.0,1616.8,931.3000000000001,179.5,11.98,29.75,23.09,-15.6,78.06,3870.5,71.23,0.0,Diversified Prescribers
1000001405,OH,Internal Medicine,967.2,828.0,371820.11,15,7,0.0025,309.1,42.0,177.1,200.4,0.0,78.4,145.2,15.0,18.31,8.11,20.72,557.67,279.66,497.9,51.48,3.0,Low-Volume / Low-Growth Prescribers
1000001450,TX,Internal Medicine,3302.8,2849.0,2104095.2100000004,15,6,0.0086,0.0,405.9,1212.3,552.5,0.0,595.9,472.0,64.2,36.71,18.04,16.73,10.99,6.03,2766.6,83.77,0.0,Diversified Prescribers
1000001477,TX,Family Practice,1026.8000000000002,871.0,396665.74000000005,16,8,0.0027,226.1,122.89999999999999,55.00000000000001,175.0,2.4,305.9,108.80000000000001,30.7,5.36,29.79,17.04,82.99,27.78,658.8,64.16,3.0,Low-Volume / Low-Growth Prescribers
1000001483,CA,Endocrinology,2648.7,2343.0,1974064.82,17,7,0.0069,0.0,152.5,1167.3,387.20000000000005,2.1,835.5,86.0,18.1,44.07,31.54,14.62,-15.48,144.3,2542.5,95.99,0.0,Diversified Prescribers
1000001487,IN,Family Practice,18055.999999999996,15727.0,5750356.2299999995,18,8,0.0469,4401.8,1738.4,1197.8000000000002,4236.099999999999,63.900000000000006,2791.3,3416.4,210.3,6.63,15.46,23.46,532.63,-2.39,9963.599999999999,55.18,0.0,Diversified Prescribers
1000001492,PA,Internal Medicine,1079.0,917.0,458713.82999999996,14,7,0.0028,297.2,175.5,231.2,194.10000000000002,0.0,37.6,118.2,25.2,21.43,3.48,17.99,237.24,-26.47,638.4000000000001,59.17,3.0,Low-Volume / Low-Growth Prescribers
1000001497,MI,Internal Medicine,4597.9,3970.0,2346278.5900000003,19,7,0.0119,0.0,610.0,808.8,1367.7999999999997,28.6,903.5,793.2,86.0,17.59,19.65,29.75,-49.19,99.8,3690.1,80.26,0.0,Diversified Prescribers
1000001507,CA,Internal Medicine,3881.7000000000003,3460.0,1937122.0999999996,18,7,0.0101,509.7,338.7,785.5999999999999,1120.1,16.1,664.4,447.1,0.0,20.24,17.12,28.86,177.93,-17.88,2908.8,74.94,0.0,Diversified Prescribers
1000001511,AZ,Family Practice,3436.2000000000003,2997.0,1418696.41,16,6,0.0089,0.0,735.5,0.0,872.7,5.6,968.1,767.9,86.4,0.0,28.17,25.4,214.25,95.12,2576.3,74.98,0.0,Diversified Prescribers
1000001513,PA,Endocrinology,10730.800000000001,9359.0,6054025.300000001,19,8,0.0279,1613.6999999999998,866.0,3068.1,1367.0,20.4,3277.3,313.1,205.20000000000002,28.59,30.54,12.74,-1.7,-9.88,8578.4,79.94,0.0,Diversified Prescribers
1000001517,IL,Nurse Practitioner,3735.9,3285.0,1627088.6000000003,18,8,0.0097,522.0,450.3,527.6,865.5999999999999,12.1,698.6,604.0,55.7,14.12,18.7,23.17,-11.04,-55.25,2542.1,68.05,0.0,Diversified Prescribers
1000001538,CA,Internal Medicine,4325.9,3731.0,1638135.89,15,7,0.0112,1115.8,322.8,604.5,362.0,0.0,1075.6000000000001,695.5,149.7,13.97,24.86,8.37,-54.54,66.09,2364.9,54.67,3.0,Low-Volume / Low-Growth Prescribers
1000001540,OH,Family Practice,718.5000000000001,636.0,270513.31000000006,13,6,0.0019,213.5,103.1,19.2,145.0,0.0,204.0,33.7,0.0,2.67,28.39,20.18,-93.35,-73.06,471.29999999999995,65.59,3.0,Low-Volume / Low-Growth Prescribers
1000001556,PA,Family Practice,909.3999999999999,774.0,290937.92,13,7,0.0024,231.5,59.4,41.0,181.8,3.7,195.50000000000003,196.5,0.0,4.51,21.5,19.99,18.58,19.7,477.70000000000005,52.53,3.0,Low-Volume / Low-Growth Prescribers
1000001560,NY,Internal Medicine,912.0,798.0,482401.0300000001,15,7,0.0024,0.0,157.5,213.9,154.5,1.1,178.39999999999998,178.49999999999997,28.1,23.45,19.56,16.94,-19.84,-28.89,704.3,77.23,3.0,Low-Volume / Low-Growth Prescribers
1000001564,TX,Family Practice,732.1999999999999,643.0,464668.83999999997,18,7,0.0019,0.0,93.9,252.8,133.89999999999998,2.5,160.4,69.6,19.1,34.53,21.91,18.29,-51.79,31.65,641.0,87.54,0.0,Diversified Prescribers
1000001566,PA,Family Practice,25084.000000000007,21737.0,8061486.06,19,8,0.0652,9927.7,1421.2,3454.6000000000004,4007.6999999999994,178.8,2603.4,2981.9999999999995,508.6,13.77,10.38,15.98,28.37,37.1,11486.9,45.79,1.0,High-Volume Core Prescribers
1000001567,FL,Endocrinology,14659.200000000004,12723.0,10366912.720000003,19,8,0.0381,669.0,279.7,6271.1,1506.8000000000002,23.0,4693.6,1124.5,91.5,42.78,32.02,10.28,41.86,311.16,12751.2,86.98,0.0,Diversified Prescribers
1000001579,FL,Internal Medicine,13550.699999999999,11906.0,5759435.19,17,8,0.0352,1757.7,1156.8,1625.0,3650.0,170.9,2771.0,2140.3,279.0,11.99,20.45,26.94,106.49,86.67,9202.8,67.91,0.0,Diversified Prescribers
1000001580,PA,Internal Medicine,4200.0,3648.0,2326040.33,16,7,0.0109,0.0,419.6,814.6,1296.6999999999998,13.3,1087.1,493.9,74.8,19.4,25.88,30.87,83.04,141.19,3617.9999999999995,86.14,0.0,Diversified Prescribers
1000001595,MI,Family Practice,3535.599999999999,3092.0,2067007.75,14,6,0.0092,0.0,430.4,892.6000000000001,1053.1,0.0,854.2,222.8,82.5,25.25,24.16,29.79,-76.5,-19.75,3230.3,91.36,3.0,Low-Volume / Low-Growth Prescribers
1000001597,TN,Endocrinology,8523.900000000001,7320.0,4652903.949999999,19,7,0.0221,493.9,445.6,1174.7,1962.8000000000002,0.0,3794.7999999999997,516.0,136.1,13.78,44.52,23.03,25.34,123.17,7377.900000000001,86.56,0.0,Diversified Prescribers
1000001598,TX,Endocrinology,2422.6000000000004,2048.0,1689867.02,19,7,0.0063,220.1,124.5,1010.5,286.6,2.2,658.2,120.5,0.0,41.71,27.17,11.83,62.45,620.78,2079.8,85.85,0.0,Diversified Prescribers
1000001605,TX,Internal Medicine,845.1,732.0,439212.00000000006,11,8,0.0022,245.20000000000002,46.6,334.1,67.4,2.4,47.699999999999996,87.9,13.8,39.53,5.64,7.98,162.52,49.15,495.80000000000007,58.67,3.0,Low-Volume / Low-Growth Prescribers
1000001612,IN,Internal Medicine,627.4000000000001,539.0,214410.68000000002,13,7,0.0016,93.1,97.1,83.3,102.0,0.0,38.9,197.4,15.6,13.28,6.2,16.26,-57.97,-84.01,321.29999999999995,51.21,3.0,Low-Volume / Low-Growth Prescribers
1000001634,CA,Physician Assistant,1160.8,1006.0,600458.13,16,7,0.003,84.1,15.5,219.1,439.70000000000005,0.0,284.7,100.5,17.2,18.87,24.53,37.88,-46.21,-12.02,959.0,82.62,3.0,Low-Volume / Low-Growth Prescribers
1000001645,TX,Family Practice,914.6,774.0,510861.0900000001,13,7,0.0024,0.0,51.0,142.5,128.7,2.3,453.79999999999995,123.4,12.9,15.58,49.62,14.07,68.41,197.82,776.0,84.85,3.0,Low-Volume / Low-Growth Prescribers
1000001663,NY,Internal Medicine,4462.299999999999,3839.0,1692911.6500000001,16,8,0.0116,1120.5,42.0,353.8,1043.1,39.6,1234.5,412.2,216.6,7.93,27.67,23.38,-44.64,91.58,2673.3999999999996,59.91,0.0,Diversified Prescribers
1000001670,CA,Internal Medicine,13743.4,11877.0,6486286.97,18,8,0.0357,3701.4,1171.1999999999998,3596.4000000000005,3236.1,133.7,958.3,696.0,250.3,26.17,6.97,23.55,266.66,245.81,8962.0,65.21,0.0,Diversified Prescribers
1000001685,AZ,Nurse Practitioner,870.8,750.0,441159.10000000003,14,6,0.0023,116.2,49.099999999999994,246.59999999999997,239.4,0.0,95.4,124.1,0.0,28.32,10.96,27.49,43.07,380.47,630.5,72.4,3.0,Low-Volume / Low-Growth Prescribers
1000001686,AZ,Physician Assistant,4478.300000000001,3962.0,1801625.5099999998,18,8,0.0116,915.2,157.5,916.7,1442.0,13.9,132.1,796.4,104.5,20.47,2.95,32.2,-7.1,-27.5,2648.3,59.14,0.0,Diversified Prescribers
1000001689,TX,Family Practice,558.2,497.0,330021.67,12,6,0.0015,0.0,21.1,221.9,183.6,0.0,18.3,101.1,12.2,39.75,3.28,32.89,321.3,-67.5,444.9,79.7,3.0,Low-Volume / Low-Growth Prescribers
1000001697,TN,Endocrinology,11102.1,9509.0,6220148.459999999,21,8,0.0288,1151.6,927.9000000000001,2858.8,2051.3,24.6,2800.9,1199.2,87.8,25.75,25.23,18.48,-11.17,156.96,8638.900000000001,77.81,0.0,Diversified Prescribers
1000001703,NC,Internal Medicine,27963.0,24252.0,10192016.91,15,7,0.0726,9332.7,1312.3,2125.6,6350.299999999999,118.4,7245.0,1478.7,0.0,7.6,25.91,22.71,-9.88,102.98,17033.199999999997,60.91,1.0,High-Volume Core Prescribers
1000001715,AZ,Nephrology,560.8,487.0,250781.24000000002,15,8,0.0015,72.7,22.2,113.3,114.9,2.2,116.19999999999999,100.6,18.7,20.2,20.72,20.49,32.15,52.15,366.6,65.37,3.0,Low-Volume / Low-Growth Prescribers
1000001721,GA,Endocrinology,2223.2,1909.0,1228014.4500000002,19,8,0.0058,394.29999999999995,141.9,537.9,295.4,1.1,711.3,125.89999999999999,15.4,24.19,31.99,13.29,-20.7,74.64,1686.5,75.86,0.0,Diversified Prescribers
1000001722,TX,Internal Medicine,4749.1,4175.0,1821396.5200000003,16,7,0.0123,511.9,539.0,218.89999999999998,1723.2,0.0,719.3000000000001,848.4000000000001,188.39999999999998,4.61,15.15,36.28,-11.73,202.11,3200.4,67.39,0.0,Diversified Prescribers
1000001731,IN,Family Practice,19505.6,16822.0,9978786.74,19,8,0.0507,4130.9,561.5,6487.2,5348.0,131.5,357.40000000000003,2089.4,399.70000000000005,33.26,1.83,27.42,69.45,267.37,12754.099999999999,65.39,0.0,Diversified Prescribers
1000001759,TX,Internal Medicine,4274.900000000001,3736.0,2614753.8099999996,16,7,0.0111,0.0,224.79999999999998,1351.8,1786.0,47.3,328.6,451.5,84.9,31.62,7.69,41.78,-22.3,45.27,3691.2,86.35,0.0,Diversified Prescribers
1000001765,PA,Internal Medicine,4431.900000000001,3907.0,1766916.4,19,7,0.0115,525.9,290.0,374.8,1854.8,56.5,557.0,772.9,0.0,8.46,12.57,41.85,120.43,75.27,3076.6,69.42,0.0,Diversified Prescribers
1000001770,FL,Internal Medicine,4597.1,3937.0,2162266.36,15,7,0.0119,1267.6,844.1,919.6,959.5999999999999,28.6,454.5,123.1,0.0,20.0,9.89,20.87,-39.59,78.75,3177.7999999999997,69.13,3.0,Low-Volume / Low-Growth Prescribers
1000001773,IL,Physician Assistant,901.9,790.0,326178.41000000003,13,8,0.0023,245.2,51.400000000000006,78.8,279.70000000000005,2.3,137.2,92.2,15.1,8.74,15.21,31.01,-55.49,152.1,547.1,60.66,3.0,Low-Volume / Low-Growth Prescribers
1000001805,PA,Family Practice,716.8000000000001,624.0,308430.46,13,5,0.0019,0.0,47.3,85.1,322.4,0.0,105.5,156.5,0.0,11.87,14.72,44.98,-21.48,-60.92,560.3,78.17,3.0,Low-Volume / Low-Growth Prescribers
1000001815,IN,Physician Assistant,4583.400000000001,3988.0,1593812.21,18,8,0.0119,1249.7,310.9,465.6,1863.7000000000003,13.8,139.0,458.0,82.7,10.16,3.03,40.66,115.76,92.47,2779.2000000000003,60.64,0.0,Diversified Prescribers
1000001818,NC,Family Practice,794.6999999999999,701.0,352640.67,13,7,0.0021,127.0,29.4,209.5,64.8,0.0,154.1,201.9,8.0,26.36,19.39,8.15,-21.8,-33.16,457.8,57.61,3.0,Low-Volume / Low-Growth Prescribers
1000001824,CA,Family Practice,2914.1000000000004,2522.0,1701767.81,14,6,0.0076,0.0,64.1,845.1,628.7,0.0,728.6,557.4,90.2,29.0,25.0,21.57,50.02,163.84,2266.5,77.78,3.0,Low-Volume / Low-Growth Prescribers
1000001837,TX,Internal Medicine,17526.000000000004,15292.0,6717978.970000001,17,8,0.0455,5312.4,1430.8000000000002,3245.2999999999997,2121.0,172.7,2294.0,2449.9,499.9,18.52,13.09,12.1,-17.2,-53.81,9091.099999999999,51.87,0.0,Diversified Prescribers
1000001844,NY,Physician Assistant,746.0999999999998,652.0,316959.2,14,7,0.0019,162.6,26.7,94.1,173.39999999999998,0.0,196.50000000000003,73.8,19.0,12.61,26.34,23.24,-75.9,-73.79,490.7,65.77,3.0,Low-Volume / Low-Growth Prescribers
1000001854,IN,Nurse Practitioner,1019.8,897.0,408155.66,17,8,0.0026,280.8,90.8,93.1,230.60000000000002,2.3,240.40000000000003,68.5,13.3,9.13,23.57,22.61,782.27,706.76,654.9000000000001,64.22,3.0,Low-Volume / Low-Growth Prescribers
1000001856,IL,Family Practice,6010.800000000001,5182.0,2970175.1,19,8,0.0156,639.6,110.30000000000001,1037.2,1575.1,13.8,1719.1000000000001,852.7,63.0,17.26,28.6,26.2,-19.65,39.94,4441.700000000001,73.9,0.0,Diversified Prescribers
1000001865,OH,Physician Assistant,33137.40000000001,28408.0,12212518.31,15,8,0.0861,4878.6,2978.1000000000004,1097.9,13370.599999999999,115.0,4936.6,4455.6,1305.0,3.31,14.9,40.35,-61.23,-46.68,22383.199999999997,67.55,1.0,High-Volume Core Prescribers
1000001874,TX,Family Practice,13132.300000000001,11519.0,5002115.21,17,7,0.0341,0.0,870.3,715.9,6312.4,103.2,1670.1,2761.0,699.4,5.45,12.72,48.07,-88.2,-86.65,9568.7,72.86,0.0,Diversified Prescribers
1000001881,IL,Nurse Practitioner,633.4999999999999,555.0,325443.75000000006,15,6,0.0016,0.0,73.1,117.1,150.2,0.0,163.6,112.69999999999999,16.8,18.48,25.82,23.71,-30.17,-80.42,503.99999999999994,79.56,3.0,Low-Volume / Low-Growth Prescribers
1000001901,MA,Endocrinology,10885.7,9430.0,5640884.8100000005,19,8,0.0283,2175.6,413.0,2408.3,1592.8,17.7,3474.7,675.9,127.69999999999999,22.12,31.92,14.63,55.21,124.14,7888.8,72.47,0.0,Diversified Prescribers
1000001902,TX,Family Practice,13847.1,12206.0,7262131.4799999995,18,7,0.036,0.0,1241.7,2997.1000000000004,3879.6000000000004,95.10000000000001,2577.9,2203.1000000000004,852.6,21.64,18.62,28.02,20.48,153.42,10696.3,77.25,0.0,Diversified Prescribers
1000001906,FL,Physician Assistant,5386.0,4665.0,2965327.75,17,7,0.014,605.5,336.20000000000005,1522.2000000000003,977.4,0.0,1017.1999999999999,856.4,71.1,28.26,18.89,18.15,87.39,29.12,3853.0000000000005,71.54,0.0,Diversified Prescribers
1000001912,TN,Nephrology,1165.3000000000002,1006.0,548568.66,16,8,0.003,241.1,86.3,241.0,380.5,2.3,152.2,30.4,31.5,20.68,13.06,32.65,-10.9,-1.49,860.0,73.8,3.0,Low-Volume / Low-Growth Prescribers
1000001916,NY,Nurse Practitioner,583.8,523.0,213135.37000000002,15,8,0.0015,81.8,50.7,115.5,142.3,1.1,4.3,172.5,15.6,19.78,0.74,24.37,-29.41,-51.48,312.8,53.58,3.0,Low-Volume / Low-Growth Prescribers
1000001931,IN,Family Practice,972.0,845.0,510527.68999999994,15,7,0.0025,197.9,69.6,272.5,218.8,1.1,140.1,72.0,0.0,28.03,14.41,22.51,-31.97,-46.88,701.0,72.12,3.0,Low-Volume / Low-Growth Prescribers
1000001957,NY,Internal Medicine,3722.0999999999995,3187.0,1758461.4400000002,18,7,0.0097,0.0,567.5,668.5,906.5000000000001,21.0,600.6,896.1,61.9,17.96,16.14,24.35,1382.64,2.72,2743.1,73.7,0.0,Diversified Prescribers
1000001961,GA,Internal Medicine,5507.599999999999,4757.0,3233679.29,21,8,0.0143,594.3,308.4,1852.8999999999999,730.8000000000001,23.8,1217.6,598.5,181.3,33.64,22.11,13.27,764.1,34.56,4109.7,74.62,0.0,Diversified Prescribers
1000001964,AZ,Family Practice,18110.0,16064.0,7176204.06,18,7,0.047,7488.900000000001,1883.0,3951.3,3075.0,105.6,1159.8000000000002,0.0,446.4,21.82,6.4,16.98,-45.2,27.39,10069.1,55.6,0.0,Diversified Prescribers
1000001968,IN,Internal Medicine,3847.3000000000006,3357.0,1373921.71,16,8,0.01,472.6,309.4,339.09999999999997,902.1,26.3,705.1,1024.7,68.0,8.81,18.33,23.45,-86.63,-71.94,2255.7,58.63,3.0,Low-Volume / Low-Growth Prescribers
1000001983,CA,Internal Medicine,726.9,623.0,334280.5300000001,12,7,0.0019,213.7,76.7,147.5,73.7,0.0,170.1,29.7,15.5,20.29,23.4,10.14,-12.75,75.34,468.0,64.38,3.0,Low-Volume / Low-Growth Prescribers
1000002030,IL,Internal Medicine,683.3999999999999,599.0,441573.3,14,6,0.0018,0.0,28.5,299.79999999999995,162.6,0.0,47.9,114.30000000000001,30.3,43.87,7.01,23.79,350.41,480.17,538.8,78.84,3.0,Low-Volume / Low-Growth Prescribers
1000002033,CA,Cardiology,4925.0999999999985,4266.0,2406018.2400000007,18,7,0.0128,960.1,309.59999999999997,930.9000000000001,837.4,35.4,1381.1000000000001,470.6,0.0,18.9,28.04,17.0,-89.75,-76.36,3459.0,70.23,0.0,Diversified Prescribers
1000002039,OH,Internal Medicine,8251.800000000001,7370.0,3380338.3999999994,15,6,0.0214,0.0,1255.0,1339.8000000000002,2359.0,133.9,727.1000000000001,2437.0,0.0,16.24,8.81,28.59,9.98,-94.88,5680.900000000001,68.84,0.0,Diversified Prescribers
1000002043,FL,Endocrinology,12089.699999999999,10526.0,5810722.159999999,22,8,0.0314,2447.6,607.5,2407.8,2848.6,40.5,2693.3,772.4,272.0,19.92,22.28,23.56,-22.78,53.94,8557.2,70.78,0.0,Diversified Prescribers
1000002047,PA,Family Practice,787.9000000000001,691.0,344918.5,13,7,0.002,120.4,116.5,190.8,131.0,0.0,78.5,138.0,12.7,24.22,9.96,16.63,-27.9,-71.11,516.8,65.59,3.0,Low-Volume / Low-Growth Prescribers
1000002052,OH,Endocrinology,12250.199999999999,10733.0,6525779.800000002,22,8,0.0318,977.9,676.4999999999999,2094.8,3058.9,29.5,4279.1,799.7,333.79999999999995,17.1,34.93,24.97,-32.57,20.61,10109.300000000001,82.52,0.0,Diversified Prescribers
1000002057,CA,Internal Medicine,10088.6,8817.0,6400592.909999998,15,6,0.0262,0.0,705.4,2338.6,2944.7,141.29999999999998,3735.1,0.0,223.5,23.18,37.02,29.19,-93.34,-55.57,9723.8,96.38,0.0,Diversified Prescribers
1000002077,FL,Internal Medicine,875.0,778.0,392778.11,15,7,0.0023,121.6,49.4,138.6,272.4,0.0,166.6,109.5,16.9,15.84,19.04,31.13,-41.21,-35.46,627.0,71.66,3.0,Low-Volume / Low-Growth Prescribers
1000002084,NC,Internal Medicine,4966.8,4299.0,1532422.68,17,8,0.0129,1417.4,483.09999999999997,726.7,886.6999999999999,14.2,253.6,948.8,236.29999999999998,14.63,5.11,17.85,54.6,-28.49,2350.1,47.32,0.0,Diversified Prescribers
1000002086,PA,Endocrinology,28014.4,24355.0,14306125.989999998,21,8,0.0728,3469.7,1588.3000000000002,4531.799999999999,6350.4,260.7,9731.3,1849.2,233.0,16.18,34.74,22.67,11.53,32.93,22201.799999999996,79.25,1.0,High-Volume Core Prescribers
1000002097,TX,Family Practice,16316.8,13940.0,8830769.95,17,7,0.0424,0.0,1385.6999999999998,2687.4,6698.4,113.9,3485.6,1733.2,212.6,16.47,21.36,41.05,650.3,356.54,14257.099999999999,87.38,0.0,Diversified Prescribers
1000002109,FL,Cardiology,5191.8,4487.0,1952723.79,16,7,0.0135,1805.8999999999999,130.5,895.1,1433.1000000000001,26.3,518.5,382.4,0.0,17.24,9.99,27.6,23.46,19.15,2977.2,57.34,0.0,Diversified Prescribers
1000002110,MA,Endocrinology,10921.7,9567.0,7026299.469999999,19,8,0.0284,489.5,572.2,4123.5,2068.8,14.1,2197.4,1226.7,229.5,37.76,20.12,18.94,6.22,98.9,8961.9,82.06,0.0,Diversified Prescribers
1000002116,TX,Internal Medicine,22297.300000000003,19364.0,7513443.65,18,8,0.0579,8656.1,748.8,1637.9,4171.4,58.400000000000006,5048.599999999999,1493.9,482.2,7.35,22.64,18.71,-19.91,564.09,11606.7,52.05,0.0,Diversified Prescribers
1000002120,CA,Family Practice,2752.2999999999997,2385.0,1470515.4800000002,14,7,0.0072,0.0,34.8,357.8,720.6,27.1,1251.8999999999999,289.2,70.9,13.0,45.49,26.18,-10.41,1.07,2365.1,85.93,3.0,Low-Volume / Low-Growth Prescribers
1000002139,PA,Nurse Practitioner,35252.399999999994,30009.0,14603249.419999998,17,8,0.0916,8091.099999999999,3801.6000000000004,7191.5,8439.3,211.8,2260.3,4110.400000000001,1146.4,20.4,6.41,23.94,44.57,21.62,21692.699999999997,61.54,1.0,High-Volume Core Prescribers
1000002147,MA,Internal Medicine,992.2,859.0,376695.41,14,7,0.0026,325.6,81.0,143.0,155.20000000000002,0.0,168.3,105.9,13.2,14.41,16.96,15.64,-71.63,-65.3,547.5,55.18,3.0,Low-Volume / Low-Growth Prescribers
1000002150,CA,Internal Medicine,1027.3,892.0,464988.93,15,7,0.0027,89.8,53.4,101.3,378.8,3.3,239.0,161.7,0.0,9.86,23.26,36.87,0.37,175.11,772.5,75.2,3.0,Low-Volume / Low-Growth Prescribers
1000002161,PA,Family Practice,887.5999999999999,766.0,446472.4,15,6,0.0023,134.2,98.39999999999999,152.4,275.4,0.0,152.7,74.5,0.0,17.17,17.2,31.03,-45.04,178.88,678.9,76.49,3.0,Low-Volume / Low-Growth Prescribers
1000002177,TX,Family Practice,35711.899999999994,31183.0,15087104.650000002,17,7,0.0928,7211.799999999999,3901.9,2950.9,11208.3,477.3,7003.2,2958.5,0.0,8.26,19.61,31.39,33.9,225.1,25064.3,70.18,1.0,High-Volume Core Prescribers
1000002178,IL,Family Practice,4263.999999999999,3673.0,1658567.66,17,7,0.0111,697.7,950.7,410.2,998.4000000000001,0.0,567.6,551.7,87.7,9.62,13.31,23.41,-80.45,-84.29,2926.9,68.64,0.0,Diversified Prescribers
1000002180,NC,Internal Medicine,3340.9000000000005,2883.0,1779188.23,11,6,0.0087,0.0,209.90000000000003,1130.6999999999998,741.7,0.0,135.5,990.8000000000001,132.3,33.84,4.06,22.2,40.0,129.49,2217.8,66.38,3.0,Low-Volume / Low-Growth Prescribers
1000002186,NY,Nurse Practitioner,790.1999999999999,690.0,277391.74000000005,14,6,0.0021,185.1,31.700000000000003,78.19999999999999,211.3,0.0,137.6,146.3,0.0,9.9,17.41,26.74,-88.16,-49.84,458.8,58.06,3.0,Low-Volume / Low-Growth Prescribers
1000002188,IL,Family Practice,607.8000000000001,521.0,370181.66000000003,13,7,0.0016,0.0,9.1,158.2,190.39999999999998,1.1,186.8,46.3,15.9,26.03,30.73,31.33,8.02,-0.07,544.5,89.59,3.0,Low-Volume / Low-Growth Prescribers
1000002192,NC,Family Practice,885.5000000000001,757.0,454838.79,16,7,0.0023,103.0,60.599999999999994,162.39999999999998,347.20000000000005,0.0,163.8,34.7,13.8,18.34,18.5,39.21,-60.66,-41.89,734.0,82.89,3.0,Low-Volume / Low-Growth Prescribers
1000002203,FL,Endocrinology,33226.59999999999,29216.0,20317281.69,22,8,0.0863,2305.0,2726.7000000000003,11124.1,6006.2,327.9,6618.5,3538.5,579.7,33.48,19.92,18.08,162.32,186.59,26475.5,79.68,1.0,High-Volume Core Prescribers
1000002221,CA,Internal Medicine,5161.1,4463.0,2918767.44,18,7,0.0134,0.0,511.8,1329.2,814.9000000000001,23.9,1382.7,951.3,147.3,25.75,26.79,15.79,170.33,162.0,4038.6000000000004,78.25,0.0,Diversified Prescribers
1000002227,CA,Family Practice,18359.600000000006,15689.0,8054157.630000001,20,7,0.0477,0.0,1502.8000000000002,3106.5,6703.2,79.3,1610.9,4837.400000000001,519.5,16.92,8.77,36.51,12.6,-39.5,12923.4,70.39,0.0,Diversified Prescribers
1000002246,NC,Endocrinology,9461.900000000001,8324.0,5440972.659999999,18,8,0.0246,1312.1,361.09999999999997,3401.5,1295.5,25.0,1877.2,983.1999999999999,206.3,35.95,19.84,13.69,-18.05,127.05,6935.3,73.3,0.0,Diversified Prescribers
1000002249,NY,Endocrinology,47256.59999999999,41077.0,24768109.179999992,22,8,0.1228,8801.3,2963.9,11128.4,7534.099999999999,181.89999999999998,12828.300000000001,3050.8,767.9,23.55,27.15,15.94,-39.89,-36.96,34454.700000000004,72.91,1.0,High-Volume Core Prescribers
1000002256,TN,Internal Medicine,529.4,460.0,158249.37,12,7,0.0014,84.1,22.3,76.30000000000001,94.30000000000001,0.0,43.4,192.8,16.2,14.41,8.2,17.81,-61.57,-71.66,236.30000000000004,44.64,3.0,Low-Volume / Low-Growth Prescribers
1000002258,VA,Internal Medicine,7938.699999999999,6988.0,3409865.8400000003,14,7,0.0206,0.0,1323.3000000000002,1063.2,979.9000000000001,149.7,2047.6,1855.6000000000001,519.4,13.39,25.79,12.34,-85.23,-93.26,5414.0,68.2,0.0,Diversified Prescribers
1000002260,FL,Family Practice,1142.4,996.0,675942.6099999999,19,7,0.003,101.8,68.2,354.8,247.0,4.6,255.0,111.00000000000001,0.0,31.06,22.32,21.62,264.36,176.13,925.0,80.97,0.0,Diversified Prescribers
1000002275,FL,Family Practice,1150.0,1008.0,501435.42000000004,18,8,0.003,175.3,9.5,164.8,335.40000000000003,2.2,280.7,144.7,37.400000000000006,14.33,24.41,29.17,56.0,8.2,790.4000000000001,68.73,3.0,Low-Volume / Low-Growth Prescribers
1000002278,VA,Family Practice,14138.8,12411.0,7377522.3,19,8,0.0367,2139.9,1699.7,3454.8999999999996,3458.7999999999997,120.3,2033.2000000000003,1005.4,226.6,24.44,14.38,24.46,-78.82,-69.95,10646.6,75.3,0.0,Diversified Prescribers
1000002284,GA,Endocrinology,43057.1,37438.0,26084266.21,20,8,0.1119,6299.800000000001,1399.8999999999999,14447.199999999999,4363.299999999999,81.5,14139.5,1835.5,490.4,33.55,32.84,10.13,64.88,146.39,34349.899999999994,79.78,1.0,High-Volume Core Prescribers
1000002298,CA,Endocrinology,12382.6,10717.0,6292918.550000001,19,7,0.0322,2002.3000000000002,549.7,2516.8,1503.4,0.0,4412.1,1182.7,215.6,20.33,35.63,12.14,-46.93,29.65,8982.0,72.54,0.0,Diversified Prescribers
1000002305,AZ,Internal Medicine,615.0000000000001,524.0,255568.34999999998,12,7,0.0016,116.0,110.9,63.5,182.10000000000002,0.0,104.5,21.4,16.6,10.33,16.99,29.61,-8.55,-72.18,461.0,74.96,3.0,Low-Volume / Low-Growth Prescribers
1000002310,MI,Internal Medicine,1078.8,939.0,281134.51000000007,14,8,0.0028,491.70000000000005,53.0,70.4,206.0,3.5,123.19999999999999,102.3,28.700000000000003,6.53,11.42,19.1,-85.81,-77.96,452.6,41.95,3.0,Low-Volume / Low-Growth Prescribers
1000002326,TX,Family Practice,3276.9999999999995,2802.0,1711643.81,16,8,0.0085,430.3,119.1,720.6,622.1,13.4,942.0999999999999,250.6,178.8,21.99,28.75,18.98,175.87,11.7,2403.8999999999996,73.36,0.0,Diversified Prescribers
1000002330,IN,Internal Medicine,11268.4,9957.0,5032137.52,19,7,0.0293,1694.2,1817.8999999999999,1463.8,4928.700000000001,68.4,745.1,550.3,0.0,12.99,6.61,43.74,-14.38,-22.79,8955.5,79.47,0.0,Diversified Prescribers
1000002333,IN,Family Practice,4628.499999999999,3992.0,2179824.28,17,6,0.012,0.0,706.6999999999999,319.4,1526.1,0.0,1366.4,625.4,84.5,6.9,29.52,32.97,-69.78,-49.87,3918.6,84.66,0.0,Diversified Prescribers
1000002350,TX,Family Practice,712.6999999999999,626.0,364423.68999999994,14,7,0.0019,98.4,74.69999999999999,185.1,144.4,0.0,119.30000000000001,79.2,11.6,25.97,16.74,20.26,-92.18,-74.41,523.5,73.45,3.0,Low-Volume / Low-Growth Prescribers
1000002359,NC,Endocrinology,10945.800000000001,9566.0,6588574.64,22,8,0.0284,841.1,960.8,2933.3,1810.8999999999999,45.0,3397.5,849.0,108.19999999999999,26.8,31.04,16.54,-52.04,83.47,9102.5,83.16,0.0,Diversified Prescribers
1000002362,VA,Internal Medicine,14240.900000000005,12178.0,5783470.989999999,17,8,0.037,1658.6,1202.6,1220.6,6835.999999999999,138.2,1123.3,1714.7,346.9,8.57,7.89,48.0,-57.19,92.0,10382.499999999998,72.91,0.0,Diversified Prescribers
1000002368,OH,Internal Medicine,721.4000000000001,636.0,333042.29,12,7,0.0019,94.1,78.0,161.5,250.29999999999998,1.1,0.0,86.0,50.400000000000006,22.39,0.0,34.7,-43.41,-67.62,489.79999999999995,67.9,3.0,Low-Volume / Low-Growth Prescribers
1000002374,TN,Family Practice,21957.500000000007,19601.0,9763761.530000001,19,8,0.057,4994.0,2491.3,4484.900000000001,4161.7,109.6,3131.0,2265.6,319.4,20.43,14.26,18.95,-61.94,-51.2,14268.900000000001,64.98,0.0,Diversified Prescribers
1000002380,MI,Family Practice,2506.7,2235.0,1266094.22,13,7,0.0065,0.0,277.2,201.0,1122.8,6.6,643.3,191.2,64.6,8.02,25.66,44.79,41.75,202.86,2244.3,89.53,3.0,Low-Volume / Low-Growth Prescribers
1000002394,PA,Nurse Practitioner,16741.6,14184.0,5631857.370000001,15,8,0.0435,4142.9,390.3,857.5,2759.9,68.1,4963.4,3347.5,212.0,5.12,29.65,16.49,206.21,75.91,8971.1,53.59,0.0,Diversified Prescribers
1000002395,MA,Internal Medicine,688.9000000000001,617.0,425200.16000000003,13,6,0.0018,0.0,14.9,250.7,198.2,3.5999999999999996,110.7,110.8,0.0,36.39,16.07,28.77,34.81,-2.93,574.5,83.39,3.0,Low-Volume / Low-Growth Prescribers
1000002396,AZ,Endocrinology,30935.499999999993,27061.0,15517897.32,22,8,0.0804,2304.2,2179.3999999999996,5311.5,5884.2,169.7,9826.9,4510.6,749.0,17.17,31.77,19.02,186.38,81.62,23202.0,75.0,1.0,High-Volume Core Prescribers
1000002404,FL,Family Practice,8996.900000000001,7785.0,2834113.8,12,7,0.0234,2152.1,774.9000000000001,1022.8,2332.2,0.0,611.8,743.8,1359.3000000000002,11.37,6.8,25.92,-32.77,4.94,4741.7,52.7,3.0,Low-Volume / Low-Growth Prescribers
1000002419,NY,Internal Medicine,3545.5,3033.0,1392847.2100000002,17,7,0.0092,501.8,217.5,193.60000000000002,884.6999999999999,28.8,1044.2,674.9,0.0,5.46,29.45,24.95,79.35,-42.37,2340.0,66.0,0.0,Diversified Prescribers
1000002425,CA,Nurse Practitioner,816.3,724.0,280388.14,13,6,0.0021,160.7,54.300000000000004,30.9,274.3,0.0,145.4,150.7,0.0,3.79,17.81,33.6,174.68,180.96,504.90000000000003,61.85,3.0,Low-Volume / Low-Growth Prescribers
1000002437,MI,Internal Medicine,11249.5,9701.0,4205673.88,15,8,0.0292,2352.6,1417.5,1082.3,1748.6999999999998,41.3,2380.2,2010.5,216.4,9.62,21.16,15.54,-50.4,-45.02,6628.7,58.92,0.0,Diversified Prescribers
1000002442,NC,Family Practice,810.7,704.0,471850.7,11,5,0.0021,0.0,77.80000000000001,115.9,233.49999999999997,0.0,348.7,34.8,0.0,14.3,43.01,28.8,152.11,11.79,775.9000000000001,95.71,3.0,Low-Volume / Low-Growth Prescribers
1000002452,PA,Internal Medicine,726.7000000000003,637.0,311620.2099999999,14,6,0.0019,0.0,104.30000000000001,16.2,307.0,0.0,160.6,102.2,36.4,2.23,22.1,42.25,-82.63,-31.69,588.1,80.93,3.0,Low-Volume / Low-Growth Prescribers
1000002457,NC,Family Practice,784.3,663.0,278458.89,13,7,0.002,233.1,50.7,128.8,176.50000000000003,0.0,56.0,127.1,12.1,16.42,7.14,22.5,77.19,-17.5,412.0,52.53,3.0,Low-Volume / Low-Growth Prescribers
1000002458,GA,Internal Medicine,13942.400000000001,11892.0,4486251.760000001,18,8,0.0362,3446.6,638.5,1024.8,3514.1000000000004,234.0,2226.1,2502.1000000000004,356.20000000000005,7.35,15.97,25.2,34.39,-34.52,7403.5,53.1,0.0,Diversified Prescribers
1000002487,PA,Nurse Practitioner,6155.9,5223.0,2661737.1999999997,17,8,0.016,1261.6,703.4000000000001,1032.9,1531.6000000000001,56.2,681.6,810.4000000000001,78.2,16.78,11.07,24.88,-62.53,-59.04,3949.5,64.16,0.0,Diversified Prescribers
1000002488,TX,Family Practice,15849.699999999997,13588.0,6737986.5600000005,18,8,0.0412,2002.4,1241.7,833.4,2942.8,240.10000000000002,6114.0,2230.3999999999996,244.9,5.26,38.57,18.57,47.06,106.09,11131.9,70.23,0.0,Diversified Prescribers
1000002499,OH,Internal Medicine,44858.600000000006,39262.0,18025797.92,15,8,0.1165,15986.7,7842.400000000001,7177.499999999999,6755.900000000001,141.8,4643.099999999999,1156.0,1155.2,16.0,10.35,15.06,-26.47,86.97,26418.9,58.89,1.0,High-Volume Core Prescribers
1000002503,MI,Physician Assistant,722.6,620.0,432547.79000000004,13,5,0.0019,137.9,46.4,245.3,180.0,0.0,113.0,0.0,0.0,33.95,15.64,24.91,-81.12,-49.77,584.7,80.92,3.0,Low-Volume / Low-Growth Prescribers
1000002509,TX,Nurse Practitioner,1029.6000000000004,897.0,408039.51,14,6,0.0027,197.5,41.9,76.4,358.90000000000003,0.0,221.10000000000002,133.8,0.0,7.42,21.47,34.86,-35.43,-68.44,698.3,67.82,3.0,Low-Volume / Low-Growth Prescribers
1000002516,TX,Endocrinology,2395.0,2094.0,1285664.2500000005,19,8,0.0062,330.4,169.2,509.79999999999995,414.5,1.2,821.0,102.6,46.3,21.29,34.28,17.31,4.88,41.41,1914.5,79.94,0.0,Diversified Prescribers
1000002517,CA,Internal Medicine,857.5999999999999,758.0,353073.64,10,5,0.0022,331.2,0.0,187.99999999999997,153.40000000000003,0.0,105.8,79.19999999999999,0.0,21.92,12.34,17.89,8.26,174.61,447.2,52.15,3.0,Low-Volume / Low-Growth Prescribers
1000002521,AZ,Endocrinology,2492.8999999999996,2160.0,1475313.7299999997,18,8,0.0065,167.3,139.4,565.9000000000001,221.0,5.300000000000001,1135.5,219.7,38.8,22.7,45.55,8.87,69.14,116.72,2061.8,82.71,0.0,Diversified Prescribers
1000002524,OH,Family Practice,4448.599999999999,3857.0,1903021.1700000002,15,6,0.0116,534.6,518.9,621.3,510.3,0.0,1253.4,1010.1,0.0,13.97,28.18,11.47,62.63,-43.01,2903.9,65.28,3.0,Low-Volume / Low-Growth Prescribers
1000002526,CA,Internal Medicine,1007.6000000000001,881.0,493344.62999999995,14,5,0.0026,222.0,101.10000000000001,194.5,339.0,0.0,151.0,0.0,0.0,19.3,14.99,33.64,15.01,51.17,785.6,77.97,3.0,Low-Volume / Low-Growth Prescribers
1000002536,FL,Family Practice,11794.400000000001,10276.0,5564852.56,17,7,0.0306,0.0,1880.8,968.6000000000001,5012.8,104.4,2269.4,746.6,811.8,8.21,19.24,42.5,0.37,-16.56,10131.6,85.9,0.0,Diversified Prescribers
1000002540,AZ,Family Practice,15760.7,13568.0,9677675.88,19,8,0.0409,1763.1,1675.9,5792.5,3576.8,90.19999999999999,1771.0,785.0,306.2,36.75,11.24,22.69,-23.43,197.05,12816.2,81.32,0.0,Diversified Prescribers
1000002556,AZ,Internal Medicine,13887.8,12267.0,7168072.959999999,18,8,0.0361,2239.7,724.2,4849.200000000001,2453.6,142.1,1220.8,1887.5,370.7,34.92,8.79,17.67,-33.98,10.64,9247.800000000001,66.59,0.0,Diversified Prescribers
1000002570,NY,Internal Medicine,986.7,849.0,425495.13,17,7,0.0026,99.3,102.0,102.7,303.0,0.0,199.3,168.29999999999998,12.1,10.41,20.2,30.71,-20.93,-18.37,707.0,71.65,3.0,Low-Volume / Low-Growth Prescribers
1000002578,IL,Internal Medicine,5075.900000000001,4446.0,2292522.3600000003,19,8,0.0132,941.5,918.0,635.1,765.2,19.5,1350.5,299.1,147.0,12.51,26.61,15.08,-15.9,-34.9,3668.8,72.28,0.0,Diversified Prescribers
1000002585,CA,Family Practice,3028.5999999999995,2728.0,1224206.55,17,8,0.0079,382.5,299.5,406.8,915.8000000000001,20.5,312.4,534.5,156.6,13.43,10.31,30.24,11.89,-26.32,1934.5,63.87,0.0,Diversified Prescribers
1000002590,CA,Family Practice,3869.2999999999997,3319.0,1912091.4399999997,16,6,0.0101,0.0,545.8,717.3,1086.6,0.0,603.4,661.4,254.79999999999998,18.54,15.59,28.08,-68.13,24.0,2953.0999999999995,76.32,0.0,Diversified Prescribers
1000002609,NY,Endocrinology,1808.4999999999998,1559.0,1029604.1699999999,19,8,0.0047,166.9,114.6,480.8,497.4,2.2,402.5,106.69999999999999,37.4,26.59,22.26,27.5,-22.52,55.22,1495.3,82.68,0.0,Diversified Prescribers
1000002628,FL,Internal Medicine,1115.4,980.0,561802.1699999999,16,7,0.0029,221.89999999999998,134.8,235.3,207.39999999999998,0.0,219.70000000000002,80.2,16.1,21.1,19.7,18.59,79.61,573.01,797.1999999999999,71.47,3.0,Low-Volume / Low-Growth Prescribers
1000002634,PA,Family Practice,756.5000000000001,654.0,351788.61,14,7,0.002,76.4,137.0,133.60000000000002,145.1,0.0,123.0,113.0,28.4,17.66,16.26,19.18,-19.99,-44.19,538.7,71.21,3.0,Low-Volume / Low-Growth Prescribers
1000002646,MI,Physician Assistant,733.5000000000001,641.0,361935.0,13,7,0.0019,192.39999999999998,43.0,236.99999999999997,190.29999999999998,0.0,12.1,29.1,29.6,32.31,1.65,25.94,-70.03,-28.76,482.4,65.77,3.0,Low-Volume / Low-Growth Prescribers
1000002647,TX,Internal Medicine,3315.8999999999996,2848.0,1394243.71,14,6,0.0086,0.0,280.1,236.5,662.5000000000001,0.0,1186.8000000000002,824.4000000000001,125.6,7.13,35.79,19.98,204.63,-8.0,2365.9,71.35,3.0,Low-Volume / Low-Growth Prescribers
1000002649,OH,Internal Medicine,18338.3,15989.0,7095192.96,17,6,0.0476,6035.8,757.2,2870.5,4074.2,0.0,2714.2999999999997,1886.3,0.0,15.65,14.8,22.22,354.27,634.5,10416.199999999999,56.8,0.0,Diversified Prescribers
1000002658,FL,Internal Medicine,643.4000000000001,550.0,251993.67999999993,11,7,0.0017,92.6,49.7,70.0,226.20000000000002,0.0,86.30000000000001,74.2,44.400000000000006,10.88,13.41,35.16,-26.77,-33.42,432.20000000000005,67.17,3.0,Low-Volume / Low-Growth Prescribers
1000002661,NY,Nurse Practitioner,43176.600000000006,36986.0,22318113.199999996,18,8,0.1122,8733.1,434.8,12071.3,12089.3,348.2,5706.9,2624.2,1168.8,27.96,13.22,28.0,167.24,443.44,30302.299999999996,70.18,1.0,High-Volume Core Prescribers
1000002666,TN,Endocrinology,11549.2,9982.0,7722825.84,21,8,0.03,1128.8,809.8,4576.8,1911.6,24.799999999999997,2382.7999999999997,586.5999999999999,128.0,39.63,20.63,16.55,18.54,413.16,9681.0,83.82,0.0,Diversified Prescribers
1000002667,PA,Family Practice,16197.199999999997,14349.0,8026154.510000001,16,6,0.0421,1477.5,1347.9,3777.1,3622.7,0.0,2893.3,3078.7000000000003,0.0,23.32,17.86,22.37,-22.45,-4.48,11641.0,71.87,0.0,Diversified Prescribers
1000002684,TX,Internal Medicine,17248.3,14860.0,8688062.33,19,7,0.0448,2122.0,472.2,3317.0,3760.7000000000003,44.8,5070.200000000001,2461.4,0.0,19.23,29.4,21.8,-34.9,-33.38,12620.100000000002,73.17,0.0,Diversified Prescribers
1000002690,IL,Internal Medicine,582.5,521.0,321728.29000000004,9,4,0.0015,0.0,115.4,25.6,245.50000000000003,0.0,196.0,0.0,0.0,4.39,33.65,42.15,6.16,111.47,582.5,100.0,3.0,Low-Volume / Low-Growth Prescribers
1000002700,NY,Internal Medicine,871.2,768.0,526239.7000000001,14,5,0.0023,0.0,92.1,154.8,344.9,0.0,260.1,0.0,19.3,17.77,29.86,39.59,-43.79,66.3,851.9,97.78,3.0,Low-Volume / Low-Growth Prescribers
1000002701,CA,Cardiology,3705.4000000000005,3226.0,2000060.16,17,7,0.0096,0.0,320.6,439.1,1584.3,43.400000000000006,1019.0999999999999,257.7,41.2,11.85,27.5,42.76,8.81,-9.6,3363.0999999999995,90.76,0.0,Diversified Prescribers
1000002715,OH,Internal Medicine,5235.5,4602.0,2037570.59,16,7,0.0136,1163.2,87.5,311.9,1664.2,10.8,1359.4,638.5,0.0,5.96,25.97,31.79,-14.98,-24.57,3423.0,65.38,0.0,Diversified Prescribers
1000002722,CA,Family Practice,3809.0,3358.0,1822815.68,12,6,0.0099,790.8,159.8,755.2,434.40000000000003,0.0,1262.7,406.1,0.0,19.83,33.15,11.4,2.77,55.15,2612.1000000000004,68.58,3.0,Low-Volume / Low-Growth Prescribers
1000002723,FL,Internal Medicine,4457.200000000001,3903.0,1957822.4,16,8,0.0116,478.9,471.8,469.9,1068.3,21.9,1054.1000000000001,838.9,53.4,10.54,23.65,23.97,166.32,49.08,3064.1,68.74,0.0,Diversified Prescribers
1000002732,CA,Endocrinology,2013.2999999999997,1716.0,1183227.0,17,7,0.0052,342.1,79.4,761.2,286.40000000000003,0.0,336.3,185.10000000000002,22.8,37.81,16.7,14.23,7.46,143.23,1463.3000000000002,72.68,0.0,Diversified Prescribers
1000002738,NC,Physician Assistant,3967.7000000000007,3445.0,1964659.7299999997,16,7,0.0103,0.0,464.2,824.8,1154.4,26.9,678.0999999999999,685.0,134.3,20.79,17.09,29.09,-43.18,-31.68,3121.5,78.67,0.0,Diversified Prescribers
1000002740,AZ,Internal Medicine,528.6,464.0,230054.91,7,4,0.0014,0.0,37.3,0.0,363.1,0.0,77.6,0.0,50.599999999999994,0.0,14.68,68.69,-37.31,-68.13,478.0,90.43,3.0,Low-Volume / Low-Growth Prescribers
1000002744,FL,Family Practice,14690.099999999999,12754.0,6662634.619999999,17,8,0.0382,1791.3,746.4,3477.1,2638.5,33.6,2360.7,3081.6000000000004,560.9,23.67,16.07,17.96,142.34,482.31,9222.699999999999,62.78,0.0,Diversified Prescribers
1000002747,MA,Endocrinology,2506.7999999999997,2182.0,1419762.5199999998,19,7,0.0065,453.79999999999995,137.79999999999998,790.8,454.4,0.0,526.4,110.7,32.900000000000006,31.55,21.0,18.13,398.45,196.71,1909.3999999999996,76.17,0.0,Diversified Prescribers
1000002748,TX,Family Practice,728.9000000000001,631.0,413474.56,14,6,0.0019,117.9,70.5,168.29999999999998,187.99999999999997,1.2,183.0,0.0,0.0,23.09,25.11,25.79,199.06,139.43,609.8,83.66,3.0,Low-Volume / Low-Growth Prescribers
1000002763,CA,Internal Medicine,1059.6999999999998,898.0,603842.49,16,7,0.0028,99.8,50.1,310.79999999999995,210.2,0.0,249.2,108.3,31.3,29.33,23.52,19.84,28.4,52.17,820.3,77.41,3.0,Low-Volume / Low-Growth Prescribers
1000002780,OH,Endocrinology,2109.6,1856.0,1025245.12,19,7,0.0055,433.4,80.7,339.6,350.9,0.0,780.4000000000001,113.80000000000001,10.8,16.1,36.99,16.63,-36.53,172.33,1551.6,73.55,0.0,Diversified Prescribers
1000002789,TN,Nephrology,5425.9,4684.0,1972720.2,19,8,0.0141,1139.8000000000002,356.19999999999993,517.6,1134.8,23.5,1269.1999999999998,868.2,116.6,9.54,23.39,20.91,181.55,-16.47,3277.7999999999993,60.41,0.0,Diversified Prescribers
1000002792,CA,Family Practice,47307.49999999999,40643.0,13536741.299999999,15,7,0.1229,17733.1,2817.2,0.0,8316.4,208.4,12115.7,5379.5,737.2,0.0,25.61,17.58,25.61,104.13,23249.300000000003,49.15,1.0,High-Volume Core Prescribers
1000002804,CA,Internal Medicine,32732.199999999997,28772.0,13822895.079999996,19,7,0.085,0.0,4624.5,6153.099999999999,7751.200000000001,230.60000000000002,2813.4,10613.1,546.3,18.8,8.6,23.68,170.0,-52.69,21342.2,65.2,1.0,High-Volume Core Prescribers
1000002805,IN,Cardiology,1015.8000000000002,879.0,523034.76,13,6,0.0026,79.4,66.1,211.20000000000002,376.3,0.0,128.2,154.6,0.0,20.79,12.62,37.04,-19.19,36.35,781.8,76.96,3.0,Low-Volume / Low-Growth Prescribers
1000002814,CA,Family Practice,977.9000000000001,848.0,375414.95,14,6,0.0025,121.8,48.599999999999994,12.5,303.9,0.0,313.5,177.6,0.0,1.28,32.06,31.08,-26.18,-41.4,678.5,69.38,3.0,Low-Volume / Low-Growth Prescribers
1000002817,NC,Endocrinology,1596.0999999999997,1372.0,1010153.9500000002,17,6,0.0041,0.0,151.3,443.1,243.89999999999998,0.0,607.8,134.20000000000002,15.8,27.76,38.08,15.28,21.44,129.53,1446.1,90.6,0.0,Diversified Prescribers
1000002821,IL,Internal Medicine,5348.5,4577.0,2965349.11,19,7,0.0139,823.3,290.7,1594.4,1164.0,0.0,787.5,614.0,74.6,29.81,14.72,21.76,24.23,108.69,3836.6,71.73,0.0,Diversified Prescribers
1000002858,TX,Endocrinology,40610.7,34932.0,22718323.1,22,8,0.1055,5586.0,2227.6000000000004,14031.800000000001,5490.0,219.1,7155.3,5382.5,518.4,34.55,17.62,13.52,110.12,44.61,28904.700000000004,71.18,1.0,High-Volume Core Prescribers
1000002861,PA,Internal Medicine,763.8999999999999,681.0,387978.04000000004,17,7,0.002,0.0,103.4,177.70000000000002,205.2,1.2,77.1,162.90000000000003,36.4,23.26,10.09,26.86,64.67,46.55,563.4000000000001,73.75,3.0,Low-Volume / Low-Growth Prescribers
1000002866,PA,Internal Medicine,970.8,849.0,614839.87,15,7,0.0025,89.0,40.1,376.5,79.7,0.0,227.89999999999998,143.70000000000002,13.9,38.78,23.48,8.21,72.16,1153.29,724.2,74.6,3.0,Low-Volume / Low-Growth Prescribers
1000002875,CA,Internal Medicine,21098.7,18295.0,10815779.120000003,18,8,0.0548,3861.0,1948.9,4783.1,4323.9,31.8,4859.3,1039.4,251.3,22.67,23.03,20.49,62.65,11.71,15915.2,75.43,0.0,Diversified Prescribers
1000002876,IL,Internal Medicine,14087.0,11898.0,5759515.900000001,16,7,0.0366,2277.9,846.9,1614.0,3546.5,30.0,3191.7999999999997,2579.9000000000005,0.0,11.46,22.66,25.18,-54.18,139.99,9199.199999999999,65.3,0.0,Diversified Prescribers
1000002880,NY,Internal Medicine,6038.8,5149.0,2822857.6,17,8,0.0157,1334.8,691.5,1469.3,1849.3000000000002,9.0,73.4,427.20000000000005,184.3,24.33,1.22,30.62,-21.01,47.38,4083.5,67.62,0.0,Diversified Prescribers
1000002885,FL,Physician Assistant,1082.5,926.0,374236.14,15,7,0.0028,260.6,46.5,128.8,223.8,0.0,164.7,245.7,12.4,11.9,15.21,20.67,41.24,76.23,563.8,52.08,3.0,Low-Volume / Low-Growth Prescribers
1000002896,TX,Internal Medicine,925.3999999999999,784.0,301196.59,12,7,0.0024,313.6,19.1,113.70000000000002,206.5,0.0,123.89999999999999,135.0,13.6,12.29,13.39,22.31,-84.79,-87.29,463.20000000000005,50.05,3.0,Low-Volume / Low-Growth Prescribers
1000002904,NY,Internal Medicine,5872.699999999999,5038.0,2369950.07,19,8,0.0153,1669.8000000000002,152.89999999999998,791.5,1551.7,45.2,1124.8000000000002,405.8,131.0,13.48,19.15,26.42,34.47,540.78,3620.9000000000005,61.66,0.0,Diversified Prescribers
1000002905,TX,Endocrinology,39903.5,34964.0,24193583.67,19,7,0.1037,3411.2,1479.2,10067.8,7570.3,162.5,15298.1,1914.4,0.0,25.23,38.34,18.97,23.56,79.15,34415.4,86.25,1.0,High-Volume Core Prescribers
1000002910,NY,Internal Medicine,14018.3,12224.0,6685405.36,18,7,0.0364,1295.7,1802.9,1768.8,5423.200000000001,96.5,2320.1000000000004,1311.1,0.0,12.62,16.55,38.69,246.29,41.93,11315.000000000002,80.72,0.0,Diversified Prescribers
1000002912,TX,Family Practice,1258.9,1095.0,505169.15,13,7,0.0033,473.0,42.5,307.5,141.0,0.0,96.7,184.5,13.7,24.43,7.68,11.2,0.57,6453.7,587.7,46.68,3.0,Low-Volume / Low-Growth Prescribers
1000002915,IL,Family Practice,33138.7,28880.0,20335876.18,19,6,0.0861,0.0,5917.200000000001,9792.9,9328.800000000001,142.8,4286.5,3670.5,0.0,29.55,12.94,28.15,7.18,241.76,29325.4,88.49,1.0,High-Volume Core Prescribers
1000002918,CA,Internal Medicine,688.0,584.0,197512.55,12,7,0.0018,298.2,34.4,112.5,87.6,0.0,31.4,77.2,46.699999999999996,16.35,4.56,12.73,-74.97,-16.35,265.9,38.65,3.0,Low-Volume / Low-Growth Prescribers
1000002976,NC,Family Practice,2389.6,2137.0,929999.3999999999,12,7,0.0062,801.5,417.79999999999995,488.2,305.2,16.4,86.0,274.5,0.0,20.43,3.6,12.77,-70.78,-12.51,1297.2,54.29,3.0,Low-Volume / Low-Growth Prescribers
1000002989,AZ,Nurse Practitioner,19735.2,17048.0,9824948.59,17,8,0.0513,4110.6,1000.3,4225.7,4572.6,28.1,3992.3,1639.1999999999998,166.4,21.41,20.23,23.17,623.01,181.78,13790.9,69.88,0.0,Diversified Prescribers
1000002996,CA,Endocrinology,40682.9,36158.0,24946101.42,20,7,0.1057,5395.9,2398.1000000000004,13748.6,4676.299999999999,272.1,11785.599999999999,2406.3,0.0,33.79,28.97,11.49,-80.66,-50.19,32608.599999999995,80.15,1.0,High-Volume Core Prescribers
1000003001,TN,Family Practice,673.1,587.0,415979.7099999999,15,7,0.0017,0.0,110.80000000000001,234.7,155.9,2.4,58.0,95.30000000000001,16.0,34.87,8.62,23.16,-57.61,-22.44,559.4,83.11,3.0,Low-Volume / Low-Growth Prescribers
1000003013,CA,Internal Medicine,14778.800000000001,12764.0,6768562.7299999995,19,8,0.0384,3916.6000000000004,843.5999999999999,2605.3,3323.7000000000003,78.8,3342.2999999999997,436.3,232.2,17.63,22.62,22.49,-17.94,32.57,10114.900000000001,68.44,0.0,Diversified Prescribers
1000003014,OH,Family Practice,615.8000000000001,531.0,320146.38999999996,11,6,0.0016,0.0,32.4,93.8,140.7,0.0,238.8,76.8,33.3,15.23,38.78,22.85,-60.08,17.51,505.7,82.12,3.0,Low-Volume / Low-Growth Prescribers
1000003034,TN,Internal Medicine,18570.4,16301.0,9141916.73,18,7,0.0482,1921.2,2733.7,3091.3999999999996,6299.3,132.79999999999998,1965.1999999999998,2426.8,0.0,16.65,10.58,33.92,12.0,38.07,14089.599999999999,75.87,0.0,Diversified Prescribers
1000003037,FL,Cardiology,18051.699999999997,15629.0,8618938.78,19,8,0.0469,3457.6000000000004,548.4,3449.0,5123.7,63.8,3961.2000000000003,1253.8,194.2,19.11,21.94,28.38,-67.41,83.94,13082.3,72.47,0.0,Diversified Prescribers
1000003042,OH,Endocrinology,27184.7,23581.0,11082774.680000003,20,8,0.0706,5978.1,2726.8,4550.6,9087.3,133.5,1337.0,3165.2,206.2,16.74,4.92,33.43,-10.57,41.42,17701.7,65.12,1.0,High-Volume Core Prescribers
1000003045,CA,Family Practice,1084.3,939.0,432423.8899999999,16,7,0.0028,248.5,81.3,144.7,294.8,2.4,162.8,149.79999999999998,0.0,13.35,15.01,27.19,-60.35,-30.05,683.6,63.05,3.0,Low-Volume / Low-Growth Prescribers
1000003046,MI,Internal Medicine,754.6,672.0,336308.82,14,7,0.002,171.39999999999998,78.0,170.70000000000002,132.5,2.5,76.1,123.4,0.0,22.62,10.08,17.56,-61.42,-55.6,457.3,60.6,3.0,Low-Volume / Low-Growth Prescribers
1000003050,IN,Internal Medicine,803.3,702.0,431557.29999999993,17,7,0.0021,97.1,49.7,261.6,174.8,0.0,90.70000000000002,100.69999999999999,28.700000000000003,32.57,11.29,21.76,-51.14,-43.68,576.8000000000001,71.8,3.0,Low-Volume / Low-Growth Prescribers
1000003054,NC,Family Practice,3493.8999999999996,2997.0,1196361.5399999998,13,7,0.0091,1269.1999999999998,301.2,288.2,785.6,0.0,604.0999999999999,187.9,57.7,8.25,17.29,22.48,32.83,-25.56,1979.1,56.64,3.0,Low-Volume / Low-Growth Prescribers
1000003076,OH,Physician Assistant,896.0,764.0,346893.75,15,7,0.0023,133.3,49.5,55.9,400.1,0.0,135.1,109.0,13.1,6.24,15.08,44.65,-19.61,-60.13,640.6,71.5,3.0,Low-Volume / Low-Growth Prescribers
1000003080,NC,Family Practice,2505.3,2211.0,1494628.9200000002,14,4,0.0065,0.0,437.79999999999995,362.9,1157.2,0.0,547.4,0.0,0.0,14.49,21.85,46.19,-16.65,2836.76,2505.3,100.0,3.0,Low-Volume / Low-Growth Prescribers
1000003088,IL,Family Practice,3023.2,2672.0,1768583.3200000003,11,7,0.0079,509.2,124.6,1101.2,776.1999999999999,19.5,267.9,224.60000000000002,0.0,36.42,8.86,25.67,-62.83,1241.04,2269.8999999999996,75.08,3.0,Low-Volume / Low-Growth Prescribers
1000003094,CA,Internal Medicine,6770.699999999999,5808.0,2997824.26,21,8,0.0176,554.4,383.0,1148.3,2346.7999999999997,10.6,927.3000000000001,1265.5,134.8,16.96,13.7,34.66,28.06,16.9,4805.4,70.97,0.0,Diversified Prescribers
1000003126,MA,Family Practice,1364.4,1182.0,533068.63,15,6,0.0035,444.99999999999994,101.1,229.5,179.5,0.0,245.5,163.8,0.0,16.82,17.99,13.16,25.35,-42.64,755.6,55.38,3.0,Low-Volume / Low-Growth Prescribers
1000003128,IN,Physician Assistant,5653.799999999999,4940.0,3194311.87,17,8,0.0147,1051.5,326.8,1583.2000000000003,1459.6,16.9,907.3999999999999,230.8,77.6,28.0,16.05,25.82,1.48,165.59,4277.0,75.65,0.0,Diversified Prescribers
1000003131,OH,Family Practice,1212.7999999999995,1028.0,511029.45,15,6,0.0032,228.79999999999998,98.5,150.10000000000002,285.70000000000005,0.0,282.9,166.8,0.0,12.38,23.33,23.56,-60.43,-54.37,817.2,67.38,3.0,Low-Volume / Low-Growth Prescribers
1000003136,FL,Family Practice,13736.100000000002,11773.0,7968103.7299999995,17,8,0.0357,1884.0,607.9,4250.4,3418.0,85.4,2671.7,650.7,168.0,30.94,19.45,24.88,-90.6,-85.93,10948.0,79.7,0.0,Diversified Prescribers
1000003146,IL,Nurse Practitioner,1230.6,1055.0,526507.69,16,7,0.0032,266.29999999999995,82.19999999999999,286.6,102.1,0.0,210.40000000000003,268.4,14.6,23.29,17.1,8.3,852.77,65.57,681.3000000000001,55.36,3.0,Low-Volume / Low-Growth Prescribers
1000003159,NC,Internal Medicine,1155.3999999999999,1007.0,647084.54,12,6,0.003,212.5,69.0,299.29999999999995,347.6,0.0,172.9,54.1,0.0,25.9,14.96,30.08,34.48,711.28,888.8,76.93,3.0,Low-Volume / Low-Growth Prescribers
1000003170,MI,Family Practice,766.3999999999999,678.0,292748.62,17,8,0.002,88.8,109.2,77.69999999999999,319.7,1.2,22.6,131.70000000000002,15.5,10.14,2.95,41.71,-23.0,-24.58,529.2,69.05,3.0,Low-Volume / Low-Growth Prescribers
1000003174,IL,Endocrinology,9292.7,8027.0,4899847.850000001,20,8,0.0241,566.6,215.89999999999998,2160.4,2218.7999999999997,72.0,2827.0,1090.0,142.0,23.25,30.42,23.88,-2.37,-43.31,7422.0999999999985,79.87,0.0,Diversified Prescribers
1000003177,VA,Nurse Practitioner,3295.1999999999994,2815.0,1548613.2099999995,18,7,0.0086,0.0,487.79999999999995,418.2,926.1,28.1,743.4,597.0,94.6,12.69,22.56,28.1,-28.99,-5.17,2575.5,78.16,0.0,Diversified Prescribers
1000003199,FL,Internal Medicine,5178.300000000001,4476.0,2514437.7199999997,17,7,0.0135,0.0,442.29999999999995,964.9000000000001,2429.7999999999997,10.3,369.1,759.1,202.8,18.63,7.13,46.92,-0.9,25.0,4206.099999999999,81.23,0.0,Diversified Prescribers
1000003207,MI,Family Practice,3643.9000000000005,3172.0,2018152.5699999996,15,7,0.0095,363.8,852.8000000000001,745.7,1189.7999999999997,37.0,387.7,0.0,67.1,20.46,10.64,32.65,-4.56,-54.81,3176.0,87.16,0.0,Diversified Prescribers
1000003214,CA,Internal Medicine,5569.4,4766.0,2765415.41,16,7,0.0145,1089.2,467.09999999999997,1172.8000000000002,1206.8,32.599999999999994,1055.4,545.5,0.0,21.06,18.95,21.67,37.54,65.96,3902.1000000000004,70.06,0.0,Diversified Prescribers
1000003217,IN,Endocrinology,11848.099999999999,10364.0,7392954.6,21,7,0.0308,0.0,506.1,3678.8999999999996,2306.2999999999997,42.7,3870.6,1372.3000000000002,71.2,31.05,32.67,19.47,-81.29,-64.91,10361.9,87.46,0.0,Diversified Prescribers
1000003226,CA,Internal Medicine,647.9,557.0,273162.37,14,7,0.0017,117.8,57.8,88.6,84.2,0.0,162.4,111.4,25.700000000000003,13.67,25.07,13.0,-15.85,1446.55,393.0,60.66,3.0,Low-Volume / Low-Growth Prescribers
1000003231,TX,Family Practice,39461.2,34228.0,14154579.66,15,7,0.1025,8465.0,3530.9,2741.1,10754.500000000002,119.1,6317.9,7532.700000000001,0.0,6.95,16.01,27.25,105.27,39.74,23344.4,59.16,1.0,High-Volume Core Prescribers
1000003235,NC,Internal Medicine,40755.200000000004,35959.0,15557387.15,17,7,0.1059,8016.9,6786.9,5906.4,9767.8,203.9,2871.0,7202.300000000001,0.0,14.49,7.04,23.97,-61.88,-65.44,25332.1,62.16,1.0,High-Volume Core Prescribers
1000003236,IN,Internal Medicine,11284.9,9855.0,5984342.7,17,7,0.0293,1879.1,1212.8999999999999,3246.8,2954.3,164.2,1162.9,664.7,0.0,28.77,10.3,26.18,-59.44,-80.64,8576.900000000001,76.0,0.0,Diversified Prescribers
1000003250,TX,Internal Medicine,2730.7000000000003,2344.0,1079325.3499999999,13,6,0.0071,575.8,314.09999999999997,265.5,1374.3,0.0,140.4,0.0,60.6,9.72,5.14,50.33,-71.54,-77.73,2094.3,76.69,3.0,Low-Volume / Low-Growth Prescribers
1000003253,NY,Endocrinology,8451.6,7389.0,6269363.85,18,6,0.022,0.0,1067.6,4578.7,756.4000000000001,27.4,1427.1000000000001,594.4,0.0,54.18,16.89,8.95,-89.53,-82.19,7829.799999999999,92.64,0.0,Diversified Prescribers
1000003254,TX,Internal Medicine,16129.900000000001,14162.0,8946891.66,14,8,0.0419,1822.2,1026.0,6053.5,2423.6000000000004,72.5,1284.9,2931.6,515.6,37.53,7.97,15.03,22.56,162.17,10788.0,66.88,0.0,Diversified Prescribers
1000003272,TX,Family Practice,11112.800000000003,9647.0,3682425.72,16,8,0.0289,1548.7,652.2,1434.7,3773.7000000000003,107.5,423.40000000000003,2606.7,565.9,12.91,3.81,33.96,204.62,65.79,6284.0,56.55,0.0,Diversified Prescribers
1000003276,FL,Nurse Practitioner,3387.2,2927.0,1648537.81,19,7,0.0088,576.8,268.20000000000005,240.0,866.4,42.7,1322.1,0.0,71.0,7.09,39.03,25.58,-6.16,216.97,2696.7,79.61,0.0,Diversified Prescribers
1000003281,CA,Internal Medicine,45824.899999999994,39319.0,21227473.5,20,8,0.119,3006.2,4046.2,7765.800000000001,9074.2,43.0,10799.1,10560.5,529.9,16.95,23.57,19.8,81.77,2.11,31685.300000000003,69.14,1.0,High-Volume Core Prescribers
1000003283,CA,Nurse Practitioner,1911.5,1653.0,691843.82,11,7,0.005,0.0,83.9,91.2,529.6,17.7,471.2,644.7,73.2,4.77,24.65,27.71,69.39,340.59,1175.9,61.52,3.0,Low-Volume / Low-Growth Prescribers
1000003290,IL,Endocrinology,9242.199999999997,8084.0,4277339.33,20,8,0.024,945.9,875.4,946.5999999999999,1933.1,31.1,3213.0,1222.6,74.5,10.24,34.76,20.92,-8.1,85.07,6968.1,75.39,0.0,Diversified Prescribers
1000003292,NY,Internal Medicine,37691.700000000004,32628.0,25279600.01,16,6,0.0979,0.0,6961.8,11955.7,7606.099999999999,281.8,9387.499999999998,1498.8,0.0,31.72,24.91,20.18,105.65,132.37,35911.1,95.28,1.0,High-Volume Core Prescribers
1000003293,NC,Internal Medicine,5630.200000000001,4926.0,2769773.78,19,8,0.0146,421.0,809.3,1171.3999999999999,1124.7,10.3,877.8000000000001,1156.0,59.7,20.81,15.59,19.98,386.63,125.04,3983.2,70.75,0.0,Diversified Prescribers
1000003309,CA,Internal Medicine,3223.7000000000007,2782.0,1622441.24,15,6,0.0084,0.0,466.4,539.8,1128.8999999999999,0.0,655.0,372.2,61.4,16.74,20.32,35.02,-73.67,-77.6,2790.0999999999995,86.55,0.0,Diversified Prescribers
1000003310,TX,Family Practice,5141.0,4388.0,2645571.27,17,7,0.0134,522.3,255.60000000000002,972.2,1299.7,33.3,1533.3000000000002,524.6,0.0,18.91,29.82,25.28,221.62,48.38,4060.8,78.99,0.0,Diversified Prescribers
1000003312,CA,Family Practice,713.3000000000001,614.0,297633.49,15,8,0.0019,81.9,32.400000000000006,127.60000000000001,136.3,2.3,118.80000000000001,191.89999999999998,22.1,17.89,16.65,19.11,459.41,-3.68,415.1000000000001,58.19,3.0,Low-Volume / Low-Growth Prescribers
1000003313,NY,Endocrinology,1931.7000000000003,1677.0,833317.7600000001,17,7,0.005,504.09999999999997,94.2,406.7,315.3,0.0,359.5,225.79999999999998,26.1,21.05,18.61,16.32,5.84,100.54,1175.7,60.86,3.0,Low-Volume / Low-Growth Prescribers
1000003317,IN,Endocrinology,2253.6000000000004,1994.0,1417662.4500000002,19,8,0.0059,237.2,124.1,698.0999999999999,313.8,2.4,784.0,68.7,25.299999999999997,30.98,34.79,13.92,-24.31,83.84,1919.9999999999998,85.2,0.0,Diversified Prescribers
1000003337,GA,Family Practice,5108.299999999999,4414.0,2220558.4,19,8,0.0133,1120.9,218.79999999999998,652.8,1168.6000000000001,19.2,1311.8999999999999,526.5999999999999,89.5,12.78,25.68,22.88,227.95,3606.59,3352.1000000000004,65.62,0.0,Diversified Prescribers
1000003340,IL,Nurse Practitioner,4836.6,4156.0,3331313.6799999997,15,5,0.0126,0.0,38.6,1691.0,1342.7,0.0,1510.6,253.7,0.0,34.96,31.23,27.76,-88.19,-48.56,4582.9,94.75,0.0,Diversified Prescribers
1000003341,NY,Family Practice,875.4000000000001,767.0,348835.37,16,7,0.0023,123.1,79.4,149.29999999999998,75.7,2.4,189.20000000000002,256.3,0.0,17.06,21.61,8.65,0.0,6.52,493.59999999999997,56.39,3.0,Low-Volume / Low-Growth Prescribers
1000003346,TN,Internal Medicine,998.2,879.0,354241.98000000004,14,8,0.0026,385.9,44.7,185.59999999999997,208.89999999999998,3.7,66.4,82.0,21.0,18.59,6.65,20.93,-20.52,-39.69,505.59999999999997,50.65,3.0,Low-Volume / Low-Growth Prescribers
1000003347,PA,Internal Medicine,17035.1,14638.0,9734341.45,19,8,0.0443,2169.4,1566.3999999999999,5012.2,3611.3,124.6,3187.2000000000003,818.4,545.6,29.42,18.71,21.2,36.77,153.71,13377.099999999999,78.53,0.0,Diversified Prescribers
1000003350,FL,Internal Medicine,2539.0,2176.0,982725.4099999999,16,8,0.0066,427.2,202.5,376.6,537.1,22.7,460.3,156.6,356.0,14.83,18.13,21.15,-61.02,-79.2,1576.5,62.09,3.0,Low-Volume / Low-Growth Prescribers
1000003373,MA,Family Practice,1150.1000000000001,999.0,591673.97,17,6,0.003,160.3,53.8,297.9,261.1,0.0,192.6,184.4,0.0,25.9,16.75,22.7,39.22,226.22,805.4,70.03,3.0,Low-Volume / Low-Growth Prescribers
1000003379,CA,Family Practice,12412.9,10771.0,4574830.74,16,7,0.0322,0.0,1864.0,1149.1,1067.3,154.70000000000002,2948.1,4588.4,641.3,9.26,23.75,8.6,251.98,-43.44,7028.5,56.62,0.0,Diversified Prescribers
1000003380,CA,Internal Medicine,1040.0,908.0,387705.7400000001,15,7,0.0027,218.9,119.79999999999998,195.0,52.099999999999994,0.0,174.79999999999998,265.4,14.0,18.75,16.81,5.01,-57.8,-62.72,541.6999999999999,52.09,3.0,Low-Volume / Low-Growth Prescribers
1000003391,PA,Nurse Practitioner,19063.6,16974.0,10129445.379999999,18,7,0.0495,1534.0,1215.3000000000002,3769.2999999999997,6087.5,41.9,3976.0000000000005,2439.6,0.0,19.77,20.86,31.93,-27.39,51.57,15048.1,78.94,0.0,Diversified Prescribers
1000003400,OH,Endocrinology,14269.0,12316.0,7916144.170000002,21,8,0.0371,1983.7,1163.1,3576.0,1086.6,59.199999999999996,4898.700000000001,1347.4,154.3,25.06,34.33,7.62,150.83,231.59,10724.400000000001,75.16,0.0,Diversified Prescribers
1000003406,CA,Nurse Practitioner,588.9000000000001,513.0,229827.58000000002,10,5,0.0015,136.4,30.0,110.6,211.0,0.0,0.0,100.9,0.0,18.78,0.0,35.83,106.67,162.71,351.6,59.7,3.0,Low-Volume / Low-Growth Prescribers
1000003411,NY,Endocrinology,31056.1,27258.0,15314406.649999999,20,8,0.0807,6802.6,1390.1000000000001,11494.9,4971.6,165.20000000000002,2278.1,3654.0,299.6,37.01,7.34,16.01,205.76,-64.64,20134.7,64.83,1.0,High-Volume Core Prescribers
1000003417,CA,Family Practice,4299.299999999999,3743.0,2191540.3000000003,19,8,0.0112,371.8,117.10000000000001,679.8999999999999,1182.4,18.0,1453.0,429.4,47.7,15.81,33.8,27.5,89.3,-25.25,3432.3999999999996,79.84,0.0,Diversified Prescribers
1000003425,FL,Family Practice,13918.200000000003,11961.0,7099303.99,18,7,0.0362,0.0,2165.2,3142.0,3967.4000000000005,146.7,1512.6000000000001,2767.7999999999997,216.5,22.57,10.87,28.51,-0.28,-49.04,10787.2,77.5,0.0,Diversified Prescribers
1000003435,CA,Internal Medicine,46170.5,39881.0,20379389.0,17,8,0.1199,15476.1,3802.5,9741.1,2631.6000000000004,213.1,9915.4,3458.7,932.0,21.1,21.48,5.7,65.69,140.04,26090.6,56.51,1.0,High-Volume Core Prescribers
1000003449,FL,Endocrinology,2488.7999999999997,2190.0,1367148.1900000004,19,7,0.0065,219.8,71.0,521.3000000000001,364.5,0.0,959.6000000000001,302.0,50.599999999999994,20.95,38.56,14.65,104.91,82.72,1916.4,77.0,0.0,Diversified Prescribers
1000003453,CA,Internal Medicine,21516.199999999997,18674.0,11090915.909999998,18,8,0.0559,5451.0,1258.6,6708.700000000001,4625.700000000001,133.9,1281.7999999999997,1570.5,486.0,31.18,5.96,21.5,-46.39,-17.41,13874.800000000001,64.49,0.0,Diversified Prescribers
1000003469,MA,Endocrinology,11720.400000000001,10290.0,6437351.84,19,8,0.0304,1591.7,1345.1,3489.2000000000003,1313.8999999999999,47.8,2311.9999999999995,1401.6999999999998,219.0,29.77,19.73,11.21,17.21,158.63,8460.199999999999,72.18,0.0,Diversified Prescribers
1000003489,TN,Internal Medicine,9124.7,7851.0,4416441.18,13,6,0.0237,0.0,861.0,179.1,3676.3,129.9,3512.1,766.3,0.0,1.96,38.49,40.29,46.9,-2.38,8228.5,90.18,0.0,Diversified Prescribers
1000003506,MI,Cardiology,5196.900000000001,4552.0,1827265.3199999996,17,8,0.0135,876.3,388.90000000000003,779.3000000000001,700.7,38.2,771.8,1411.9999999999998,229.7,15.0,14.85,13.48,-58.93,-6.49,2640.7,50.81,0.0,Diversified Prescribers
1000003507,TX,Internal Medicine,43923.5,37396.0,23103566.4,18,8,0.1141,3956.1,2270.4,7249.8,9489.3,256.0,15456.5,4798.6,446.8,16.51,35.19,21.6,-28.14,19.96,34466.0,78.47,1.0,High-Volume Core Prescribers
1000003508,GA,Nurse Practitioner,721.9,619.0,469044.9199999999,15,6,0.0019,0.0,61.5,198.0,310.8,1.1,136.7,0.0,13.8,27.43,18.94,43.05,97.31,327.57,707.0,97.94,3.0,Low-Volume / Low-Growth Prescribers
1000003513,TX,Family Practice,4268.099999999999,3721.0,1542707.41,18,7,0.0111,1139.4,456.6,385.0,1416.1999999999998,14.7,437.0,419.2,0.0,9.02,10.24,33.18,-68.28,-21.34,2694.7999999999997,63.14,0.0,Diversified Prescribers
1000003516,PA,Endocrinology,10085.499999999996,8759.0,5472975.76,19,7,0.0262,1004.0,646.3,2302.8999999999996,2067.8,0.0,2968.7999999999997,704.5,391.2,22.83,29.44,20.5,-1.31,65.72,7985.799999999999,79.18,0.0,Diversified Prescribers
1000003519,MA,Internal Medicine,3097.8999999999996,2726.0,1469662.6499999994,14,6,0.008,0.0,197.2,334.7,1366.3,14.5,713.4,471.79999999999995,0.0,10.8,23.03,44.1,-7.46,-5.41,2611.6,84.3,3.0,Low-Volume / Low-Growth Prescribers
1000003523,NY,Endocrinology,9954.1,8582.0,5821757.96,19,8,0.0259,1287.1,211.70000000000002,2974.2,1411.3999999999999,9.8,3211.8,644.8,203.3,29.88,32.27,14.18,76.61,266.99,7809.099999999999,78.45,0.0,Diversified Prescribers
1000003529,AZ,Internal Medicine,568.4000000000001,501.0,186433.85000000003,14,7,0.0015,121.3,36.2,69.6,189.1,0.0,18.0,105.1,29.1,12.24,3.17,33.27,195.52,-61.42,312.9,55.05,3.0,Low-Volume / Low-Growth Prescribers
1000003532,TX,Internal Medicine,1036.6,904.0,558932.5499999999,14,7,0.0027,156.7,107.3,214.20000000000002,280.6,0.0,214.29999999999998,45.5,18.0,20.66,20.67,27.07,5.13,304.74,816.4,78.76,3.0,Low-Volume / Low-Growth Prescribers
1000003536,FL,Internal Medicine,2194.2,1941.0,1117627.96,12,6,0.0057,0.0,520.6,525.9,625.0,11.4,97.1,414.2,0.0,23.97,4.43,28.48,-89.27,-80.74,1768.6,80.6,3.0,Low-Volume / Low-Growth Prescribers
1000003549,CA,Family Practice,17604.2,15391.0,6836540.01,16,7,0.0457,3851.9,2810.0,1636.2,3282.7,0.0,3602.2999999999997,2237.5,183.6,9.29,20.46,18.65,-71.01,-34.79,11331.2,64.37,0.0,Diversified Prescribers
1000003561,TX,Family Practice,1030.0,881.0,491022.94999999995,15,6,0.0027,361.6,116.1,309.59999999999997,179.79999999999998,0.0,50.300000000000004,0.0,12.6,30.06,4.88,17.46,26.06,20.2,655.8,63.67,3.0,Low-Volume / Low-Growth Prescribers
1000003567,FL,Family Practice,761.3000000000001,657.0,331861.17000000004,16,7,0.002,0.0,65.5,62.599999999999994,195.0,2.4,238.8,146.2,50.8,8.22,31.37,25.61,42.2,-19.21,561.9,73.81,3.0,Low-Volume / Low-Growth Prescribers
1000003568,PA,Family Practice,4615.1,4030.0,1965903.1099999999,17,8,0.012,1110.0,530.8,483.7,1039.7,42.0,1116.0,201.6,91.3,10.48,24.18,22.53,-30.81,72.63,3170.2,68.69,0.0,Diversified Prescribers
1000003580,FL,Internal Medicine,12727.8,10751.0,5888009.83,15,8,0.0331,2221.1,1235.0,3273.7000000000003,2095.2,66.0,966.6,2207.5,662.6999999999999,25.72,7.59,16.46,58.25,-21.02,7570.5,59.48,0.0,Diversified Prescribers
1000003585,NC,Internal Medicine,792.7,679.0,330338.32,18,8,0.0021,115.8,113.2,140.9,208.10000000000002,7.000000000000001,42.099999999999994,132.9,32.7,17.77,5.31,26.25,215.32,87.93,504.3,63.62,3.0,Low-Volume / Low-Growth Prescribers
1000003608,MI,Physician Assistant,13029.599999999999,11377.0,5974837.58,14,7,0.0338,1853.8,477.6,3367.9,4067.5,43.3,669.4,2550.1,0.0,25.85,5.14,31.22,-13.19,9.23,8582.400000000001,65.87,0.0,Diversified Prescribers
1000003614,NY,Internal Medicine,15822.599999999999,13730.0,7469795.25,19,8,0.0411,3882.3999999999996,1097.2,3755.8,3354.4,125.4,2526.6,565.7,515.1,23.74,15.97,21.2,222.96,-49.02,10734.0,67.84,0.0,Diversified Prescribers
1000003641,GA,Nurse Practitioner,4042.9999999999995,3561.0,2393739.1900000004,14,6,0.0105,0.0,383.0,1585.4,855.2,26.6,258.5,934.3,0.0,39.21,6.39,21.15,24.74,368.68,3082.1000000000004,76.23,3.0,Low-Volume / Low-Growth Prescribers
1000003646,FL,Internal Medicine,936.9,822.0,573102.3400000001,16,7,0.0024,85.7,41.5,299.0,226.3,0.0,184.1,84.30000000000001,16.0,31.91,19.65,24.15,502.06,2117.24,750.9000000000001,80.15,3.0,Low-Volume / Low-Growth Prescribers
1000003647,IN,Internal Medicine,1004.1000000000001,872.0,490784.58999999997,16,6,0.0026,92.5,52.7,304.2,246.3,0.0,33.3,275.1,0.0,30.3,3.32,24.53,84.4,148.53,636.5,63.39,3.0,Low-Volume / Low-Growth Prescribers
1000003652,CA,Family Practice,858.5,757.0,331841.43,17,7,0.0022,227.2,46.8,98.1,276.9,0.0,130.6,62.5,16.4,11.43,15.21,32.25,-28.15,22.97,552.4,64.34,3.0,Low-Volume / Low-Growth Prescribers
1000003654,AZ,Endocrinology,2286.3999999999996,2008.0,1342603.93,19,8,0.0059,262.4,95.7,837.5000000000001,451.80000000000007,1.1,396.8,212.6,28.5,36.63,17.35,19.76,97.02,98.71,1781.8000000000002,77.93,0.0,Diversified Prescribers
1000003663,PA,Endocrinology,13501.1,11783.0,8072313.75,21,8,0.0351,1056.7,795.4,3860.9,2387.5,41.3,4209.7,990.4,159.2,28.6,31.18,17.68,201.22,74.48,11253.5,83.35,0.0,Diversified Prescribers
1000003697,FL,Family Practice,15612.099999999999,13739.0,7092250.329999999,18,8,0.0406,3592.5,1827.7,2178.4,3453.7000000000003,74.0,3402.0,737.8,346.0,13.95,21.79,22.12,37.31,165.59,10861.8,69.57,0.0,Diversified Prescribers
1000003723,MA,Internal Medicine,16978.800000000003,15109.0,8212001.44,18,8,0.0441,1593.7,2267.2999999999997,2670.2,4712.099999999999,64.2,3497.5999999999995,1832.1,341.6,15.73,20.6,27.75,6.51,-43.52,13147.199999999997,77.43,0.0,Diversified Prescribers
1000003737,AZ,Family Practice,5567.4,4783.0,2006388.2599999998,17,7,0.0145,1509.4,1008.6999999999999,416.4,1947.5000000000002,0.0,209.49999999999997,329.7,146.2,7.48,3.76,34.98,25.94,28.66,3582.1000000000004,64.34,0.0,Diversified Prescribers
1000003739,TX,Family Practice,4663.5999999999985,4115.0,2321517.26,16,7,0.0121,1068.2,498.4,796.3,1012.0,51.900000000000006,1126.3,0.0,110.5,17.07,24.15,21.7,146.5,12.97,3433.0,73.61,0.0,Diversified Prescribers
1000003746,TX,Family Practice,724.3000000000001,627.0,399644.3499999999,14,7,0.0019,0.0,135.8,136.4,164.9,4.4,176.4,85.1,21.3,18.83,24.35,22.77,-79.06,-64.07,613.5,84.7,3.0,Low-Volume / Low-Growth Prescribers
1000003748,IN,Internal Medicine,773.1,670.0,408206.82,13,6,0.002,85.8,30.6,42.7,263.79999999999995,0.0,337.9,0.0,12.3,5.52,43.71,34.12,58.78,1432.18,675.0,87.31,3.0,Low-Volume / Low-Growth Prescribers
1000003752,CA,Internal Medicine,893.3999999999999,784.0,545833.1699999999,17,7,0.0023,0.0,23.0,201.3,238.2,3.4,332.69999999999993,82.2,12.6,22.53,37.24,26.66,139.54,429.83,795.2,89.01,3.0,Low-Volume / Low-Growth Prescribers
1000003761,TX,Family Practice,5322.8,4593.0,3173714.62,18,7,0.0138,456.1,631.8,1070.5,1268.3,26.9,1619.6,249.6,0.0,20.11,30.43,23.83,31.36,317.5,4590.2,86.24,0.0,Diversified Prescribers
1000003771,CA,Nurse Practitioner,4657.8,4021.0,2061766.53,16,7,0.0121,857.2,559.5,459.6,1100.0,0.0,1159.6999999999998,383.7,138.10000000000002,9.87,24.9,23.62,4.05,13.47,3278.7999999999997,70.39,0.0,Diversified Prescribers
1000003772,CA,Internal Medicine,1432.1999999999998,1227.0,767380.5199999999,17,7,0.0037,138.5,112.1,378.3,535.7,0.0,97.6,150.3,19.7,26.41,6.81,37.4,223.19,220.16,1123.7,78.46,3.0,Low-Volume / Low-Growth Prescribers
1000003789,IL,Cardiology,861.3000000000001,762.0,409429.70999999996,12,6,0.0022,197.4,12.6,246.3,246.29999999999998,0.0,14.1,144.6,0.0,28.6,1.64,28.6,77.23,166.16,519.3000000000001,60.29,3.0,Low-Volume / Low-Growth Prescribers
1000003802,GA,Family Practice,5437.6,4799.0,2522286.85,21,8,0.0141,999.8000000000001,447.3,982.7,914.9000000000001,34.4,1328.5,550.3000000000001,179.7,18.07,24.43,16.83,-12.94,0.69,3673.4,67.56,0.0,Diversified Prescribers
1000003805,TX,Physician Assistant,18156.4,15720.0,10104199.620000001,16,7,0.0472,3652.1,1036.0000000000002,6275.6,1547.7,195.2,3495.3999999999996,1954.4,0.0,34.56,19.25,8.52,-59.57,96.19,12354.7,68.05,0.0,Diversified Prescribers
1000003815,FL,Family Practice,622.3000000000001,544.0,181065.41999999998,14,7,0.0016,100.7,65.9,54.0,149.6,0.0,43.4,158.0,50.7,8.68,6.97,24.04,149.77,-6.55,312.9,50.28,3.0,Low-Volume / Low-Growth Prescribers
1000003820,CA,Internal Medicine,702.4000000000001,606.0,398630.24,11,6,0.0018,0.0,196.60000000000002,135.79999999999998,118.5,0.0,169.6,66.5,15.4,19.33,24.15,16.87,20.75,85.33,620.5,88.34,3.0,Low-Volume / Low-Growth Prescribers
1000003823,PA,Internal Medicine,2390.4,2050.0,1229687.1,13,6,0.0062,0.0,452.7,420.7,983.6000000000001,0.0,193.5,274.3,65.6,17.6,8.09,41.15,-22.1,-29.07,2050.5,85.78,3.0,Low-Volume / Low-Growth Prescribers
1000003827,IN,Internal Medicine,752.6,653.0,327804.9199999999,15,7,0.002,119.3,118.1,148.9,187.0,0.0,17.0,141.29999999999998,21.0,19.78,2.26,24.85,-89.15,-77.93,471.0,62.58,3.0,Low-Volume / Low-Growth Prescribers
1000003830,MI,Internal Medicine,750.2,650.0,427300.95999999996,14,7,0.0019,89.1,5.3,209.6,185.3,0.0,185.9,53.9,21.1,27.94,24.78,24.7,-26.23,42.46,586.1,78.13,3.0,Low-Volume / Low-Growth Prescribers
1000003842,TX,Internal Medicine,4656.2,4098.0,2448471.97,14,8,0.0121,1041.6,489.4,1542.3000000000002,363.4,38.8,563.5999999999999,389.0,228.1,33.12,12.1,7.8,-48.92,25.67,2958.7000000000003,63.54,3.0,Low-Volume / Low-Growth Prescribers
1000003846,AZ,Cardiology,18474.5,15982.0,8434967.760000002,18,7,0.048,5167.9,1758.0,3202.3,5300.599999999999,150.0,2709.2,0.0,186.5,17.33,14.66,28.69,24.35,196.19,12970.099999999999,70.21,0.0,Diversified Prescribers
1000003849,NC,Endocrinology,10286.3,8882.0,5523559.550000001,21,8,0.0267,989.4,303.8,2690.3,2437.5,34.8,2389.0,1310.3,131.2,26.15,23.23,23.7,5.47,70.26,7820.6,76.03,0.0,Diversified Prescribers
1000003852,TN,Family Practice,22237.6,19189.0,7367330.360000002,18,8,0.0578,4472.0,817.6,2859.2,5917.599999999999,83.5,1904.7,5648.9,534.1,12.86,8.57,26.61,61.15,-49.79,11499.099999999999,51.71,0.0,Diversified Prescribers
1000003861,CA,Family Practice,47805.799999999996,42073.0,16684663.379999997,18,8,0.1242,10835.5,3653.8,1950.4,9401.7,112.4,13318.8,7463.7,1069.5,4.08,27.86,19.67,-15.95,-31.78,28324.7,59.25,1.0,High-Volume Core Prescribers
1000003880,IL,Internal Medicine,13725.900000000001,12009.0,6918367.649999999,15,8,0.0357,1891.0,470.4,3439.1,2961.9999999999995,117.6,2507.6,2040.3000000000002,297.9,25.06,18.27,21.58,-54.14,4.09,9379.099999999999,68.33,0.0,Diversified Prescribers
1000003907,TX,Internal Medicine,13576.400000000001,11737.0,7485508.71,16,7,0.0353,1362.9,656.9,1314.8000000000002,1925.0,126.4,7526.5,663.9,0.0,9.68,55.44,14.18,212.15,952.29,11423.199999999999,84.14,0.0,Diversified Prescribers
1000003910,PA,Endocrinology,10327.3,9083.0,5378023.75,20,8,0.0268,1630.0,311.2,2551.7000000000003,2093.7,11.7,2685.3,851.6,192.10000000000002,24.71,26.0,20.27,-18.34,107.43,7641.9,74.0,0.0,Diversified Prescribers
1000003916,MI,Family Practice,1311.9,1113.0,516252.32999999996,14,7,0.0034,343.20000000000005,92.19999999999999,126.1,300.8,0.0,313.5,123.9,12.2,9.61,23.9,22.93,-7.93,87.35,832.5999999999999,63.47,3.0,Low-Volume / Low-Growth Prescribers
1000003929,CA,Endocrinology,39200.2,33803.0,23295919.110000003,20,8,0.1018,5634.099999999999,2779.6,11321.1,5116.5,135.3,12727.3,678.2,808.1,28.88,32.47,13.05,12.1,-1.52,31944.5,81.49,1.0,High-Volume Core Prescribers
1000003959,FL,Endocrinology,109942.0,94740.0,61887529.24,21,8,0.2856,15943.6,7828.700000000001,37329.5,14688.400000000001,156.4,20822.2,12365.500000000002,807.7,33.95,18.94,13.36,0.95,18.05,80668.79999999999,73.37,1.0,High-Volume Core Prescribers
1000003961,IN,Internal Medicine,862.2,749.0,340930.12,15,8,0.0022,228.2,46.3,188.79999999999998,171.2,2.4,40.2,169.3,15.8,21.9,4.66,19.86,322.43,64.8,446.5,51.79,3.0,Low-Volume / Low-Growth Prescribers
1000003962,FL,Endocrinology,31197.1,26849.0,20110054.96,21,8,0.081,1696.6,1397.3,12049.599999999999,5083.400000000001,252.5,7001.1,3128.3,588.3,38.62,22.44,16.29,1.75,60.69,25531.399999999998,81.84,1.0,High-Volume Core Prescribers
1000003974,MA,Internal Medicine,39050.200000000004,34608.0,19374036.16,18,7,0.1014,0.0,1492.4,10888.6,9650.6,246.7,5077.5,10471.900000000001,1222.5,27.88,13.0,24.71,-28.65,-45.82,27109.1,69.42,1.0,High-Volume Core Prescribers
1000003994,TX,Internal Medicine,884.5999999999999,767.0,513310.64,14,5,0.0023,0.0,141.20000000000002,225.60000000000002,296.1,0.0,124.6,97.1,0.0,25.5,14.09,33.47,-31.37,10.36,787.5000000000001,89.02,3.0,Low-Volume / Low-Growth Prescribers
1000003997,IL,Internal Medicine,16350.1,14191.0,6031602.139999999,17,8,0.0425,2140.0,1660.5,1229.8,4149.3,147.0,3155.7,3496.3,371.5,7.52,19.3,25.38,89.37,-9.19,10195.3,62.36,0.0,Diversified Prescribers
1000004008,IN,Family Practice,662.7,564.0,319923.4700000001,16,7,0.0017,97.2,56.599999999999994,158.20000000000002,191.6,2.3,80.1,76.7,0.0,23.87,12.09,28.91,234.49,116.44,486.5,73.41,3.0,Low-Volume / Low-Growth Prescribers
1000004013,GA,Internal Medicine,631.5999999999999,553.0,359671.28,14,7,0.0016,0.0,61.99999999999999,179.4,114.89999999999999,2.2,138.4,121.7,13.0,28.4,21.91,18.19,95.54,5.92,494.7,78.32,3.0,Low-Volume / Low-Growth Prescribers
1000004020,PA,Internal Medicine,5376.000000000001,4687.0,2508327.9200000004,18,8,0.014,1096.5,411.6,993.4000000000001,980.6,13.0,1314.5,385.1,181.3,18.48,24.45,18.24,-30.89,-50.7,3700.1,68.83,0.0,Diversified Prescribers
1000004037,MA,Family Practice,4043.0000000000005,3490.0,1324374.8800000004,15,6,0.0105,1361.5,159.0,339.5,1249.8999999999999,0.0,544.3,388.8,0.0,8.4,13.46,30.92,-72.22,-85.81,2292.7,56.71,3.0,Low-Volume / Low-Growth Prescribers
1000004039,MA,Family Practice,20319.799999999996,17767.0,10742228.88,17,8,0.0528,1739.8,1618.8000000000002,6151.0,2598.6,265.5,3138.9,4570.9,236.3,30.27,15.45,12.79,100.57,189.64,13507.300000000001,66.47,0.0,Diversified Prescribers
1000004044,NY,Internal Medicine,4593.799999999999,3983.0,2553286.75,17,8,0.0119,499.8,353.29999999999995,912.8,1004.9,20.8,1505.1999999999998,223.7,73.3,19.87,32.77,21.88,170.81,113.0,3776.2000000000003,82.2,0.0,Diversified Prescribers
1000004052,NC,Family Practice,34312.6,29658.0,18059106.119999997,18,8,0.0891,2801.1,5011.4,8569.4,4038.8,141.8,8009.199999999999,5340.5,400.4,24.97,23.34,11.77,-48.51,-45.36,25628.8,74.69,1.0,High-Volume Core Prescribers
1000004075,CA,Family Practice,3147.6000000000004,2716.0,1361409.0500000003,18,8,0.0082,467.1,337.7,296.1,1102.2,20.0,578.8,180.8,164.9,9.41,18.39,35.02,92.23,226.11,2314.8,73.54,0.0,Diversified Prescribers
1000004082,MA,Family Practice,3584.1,3059.0,1494252.6300000001,17,8,0.0093,493.2,536.3,212.8,390.9,44.800000000000004,1214.0,557.7,134.4,5.94,33.87,10.91,260.68,238.7,2354.0,65.68,0.0,Diversified Prescribers
1000004083,TX,Family Practice,5327.8,4666.0,2861856.5300000003,17,8,0.0138,620.2,226.4,1515.0,755.0,11.1,1163.0,889.2,147.9,28.44,21.83,14.17,199.08,212.68,3659.4,68.69,0.0,Diversified Prescribers
1000004090,TN,Family Practice,971.5,856.0,279210.57,16,8,0.0025,333.2,66.0,86.1,177.0,1.1,110.2,160.4,37.5,8.86,11.34,18.22,301.42,-24.74,439.3,45.22,3.0,Low-Volume / Low-Growth Prescribers
1000004092,NY,Internal Medicine,831.0,721.0,318145.1,13,6,0.0022,183.6,48.0,133.8,203.0,0.0,83.9,178.7,0.0,16.1,10.1,24.43,194.69,113.1,468.70000000000005,56.4,3.0,Low-Volume / Low-Growth Prescribers
1000004111,IN,Internal Medicine,4681.3,4076.0,1981175.2100000007,19,8,0.0122,1182.8000000000002,486.3,761.1,1267.0,34.3,679.1999999999999,197.6,73.0,16.26,14.51,27.07,1550.25,-49.65,3193.6,68.22,0.0,Diversified Prescribers
1000004112,VA,Endocrinology,2454.0000000000005,2148.0,1499574.7,20,8,0.0064,119.8,124.39999999999999,570.1,504.90000000000003,2.1,931.4,189.20000000000002,12.1,23.23,37.95,20.57,-27.91,208.03,2130.8,86.83,0.0,Diversified Prescribers
1000004113,CA,Endocrinology,9714.499999999998,8411.0,4370013.300000001,20,8,0.0252,1579.0,901.7,1171.6,2028.9,32.0,2912.5,952.7,136.1,12.06,29.98,20.89,290.09,20.34,7014.700000000001,72.21,0.0,Diversified Prescribers
1000004129,GA,Endocrinology,1884.8999999999996,1631.0,1082465.42,17,6,0.0049,0.0,116.69999999999999,433.5,451.6,0.0,603.9,234.8,44.4,23.0,32.04,23.96,41.11,108.51,1605.7000000000003,85.19,0.0,Diversified Prescribers
1000004135,AZ,Endocrinology,100961.69999999998,86888.0,53775048.81999999,20,8,0.2623,21078.4,2963.5,30795.600000000002,14164.1,478.5,21306.1,8541.4,1634.1,30.5,21.1,14.03,-13.68,38.39,69229.3,68.57,1.0,High-Volume Core Prescribers
1000004137,PA,Internal Medicine,983.3000000000002,850.0,457225.42999999993,14,7,0.0026,245.5,52.3,254.29999999999998,274.7,0.0,44.1,100.3,12.1,25.86,4.48,27.94,466.46,180.66,625.4,63.6,3.0,Low-Volume / Low-Growth Prescribers
1000004141,NY,Endocrinology,2517.100000000001,2217.0,1459273.3000000003,18,7,0.0065,185.7,163.79999999999998,615.7,612.2,0.0,767.3,144.6,27.8,24.46,30.48,24.32,-2.66,4.01,2159.0,85.77,0.0,Diversified Prescribers
1000004142,FL,Endocrinology,2740.0,2358.0,1895338.6,19,7,0.0071,219.10000000000002,221.89999999999998,1186.7,286.0,0.0,653.9,157.7,14.7,43.31,23.86,10.44,139.58,173.78,2348.5,85.71,0.0,Diversified Prescribers
1000004143,FL,Family Practice,721.8999999999999,632.0,322015.34,11,6,0.0019,203.60000000000002,59.800000000000004,163.3,249.6,0.0,0.0,29.0,16.6,22.62,0.0,34.58,-47.59,493.24,472.70000000000005,65.48,3.0,Low-Volume / Low-Growth Prescribers
1000004158,TX,Physician Assistant,14233.2,12353.0,5420766.929999999,18,8,0.037,3316.2,984.8000000000001,1407.9,4263.4,160.10000000000002,2244.7,1600.3,255.8,9.89,15.77,29.95,-56.56,-45.97,8900.8,62.54,0.0,Diversified Prescribers
1000004168,TX,Internal Medicine,4347.999999999999,3828.0,1752937.61,19,8,0.0113,941.3,187.09999999999997,669.2,1240.0,25.3,618.5,484.3,182.3,15.39,14.22,28.52,-3.02,-1.86,2714.8,62.44,0.0,Diversified Prescribers
1000004184,FL,Endocrinology,12825.3,11084.0,8105905.970000001,20,8,0.0333,691.9,746.0,4978.200000000001,2043.9,26.9,2593.0,1460.5,284.90000000000003,38.82,20.22,15.94,-22.42,56.74,10361.1,80.79,0.0,Diversified Prescribers
1000004187,CA,Family Practice,13996.9,12398.0,7220794.609999999,17,7,0.0364,2110.5,1027.6999999999998,2782.5,2458.1,94.0,4511.2,1012.9,0.0,19.88,32.23,17.56,217.7,-21.38,10779.5,77.01,0.0,Diversified Prescribers
1000004190,NY,Family Practice,8206.199999999999,7206.0,2453705.04,12,6,0.0213,0.0,1621.3,0.0,2441.6000000000004,28.0,762.5999999999999,2870.8,481.9,0.0,9.29,29.75,15.24,-64.99,4825.5,58.8,3.0,Low-Volume / Low-Growth Prescribers
1000004208,CA,Endocrinology,2276.7,1965.0,1451918.58,19,8,0.0059,94.1,72.9,783.1,238.29999999999998,3.5,832.0000000000001,183.79999999999998,69.0,34.4,36.54,10.47,-25.52,-30.31,1926.3000000000002,84.61,0.0,Diversified Prescribers
1000004210,AZ,Endocrinology,14350.300000000003,12717.0,6857442.279999999,22,8,0.0373,2962.0,855.6,2379.8999999999996,1825.0,22.1,4767.9,1285.2,252.60000000000002,16.58,33.23,12.72,44.13,35.86,9828.4,68.49,0.0,Diversified Prescribers
1000004212,NC,Internal Medicine,686.5999999999999,580.0,298537.85,12,6,0.0018,180.2,16.0,44.7,178.0,0.0,247.2,0.0,20.5,6.51,36.0,25.92,-41.17,239.14,485.9,70.77,3.0,Low-Volume / Low-Growth Prescribers
1000004224,MA,Family Practice,4451.900000000001,3904.0,1632523.93,20,8,0.0116,929.8,513.5,500.0,1092.8999999999999,25.8,487.0,778.5,124.4,11.23,10.94,24.55,16.79,46.22,2593.3999999999996,58.25,0.0,Diversified Prescribers
1000004229,FL,Internal Medicine,831.1999999999999,728.0,331409.86,15,7,0.0022,102.8,66.2,40.4,406.7,0.0,108.5,93.19999999999999,13.4,4.86,13.05,48.93,3.12,144.55,621.8,74.81,3.0,Low-Volume / Low-Growth Prescribers
1000004230,TX,Family Practice,702.0,612.0,276299.29000000004,12,6,0.0018,0.0,75.4,51.7,335.2,0.0,44.7,154.8,40.2,7.36,6.37,47.75,20.0,10.16,507.0,72.22,3.0,Low-Volume / Low-Growth Prescribers
1000004258,TX,Internal Medicine,1051.8,916.0,488816.27,18,8,0.0027,272.29999999999995,72.69999999999999,236.79999999999998,183.5,1.2,157.10000000000002,101.6,26.6,22.51,14.94,17.45,-13.4,672.98,650.0999999999999,61.81,3.0,Low-Volume / Low-Growth Prescribers
1000004261,NC,Nurse Practitioner,956.7,836.0,577127.6399999999,16,6,0.0025,0.0,47.4,291.8,408.79999999999995,0.0,104.3,75.7,28.700000000000003,30.5,10.9,42.73,-17.75,-12.21,852.3,89.09,3.0,Low-Volume / Low-Growth Prescribers
1000004265,AZ,Internal Medicine,36729.5,31276.0,17461687.310000002,18,7,0.0954,0.0,2448.1,7179.200000000001,12252.800000000001,279.2,4820.4,8708.7,1041.1,19.55,13.12,33.36,186.69,58.4,26700.5,72.69,1.0,High-Volume Core Prescribers
1000004267,CA,Endocrinology,11358.5,9948.0,5739522.57,19,8,0.0295,2073.7,950.8,2294.7999999999997,2602.7999999999997,27.4,2642.8,618.2,148.0,20.2,23.27,22.91,281.67,225.93,8491.2,74.76,0.0,Diversified Prescribers
1000004270,TX,Family Practice,1049.8,918.0,495698.44999999995,14,6,0.0027,283.0,141.4,198.39999999999998,195.8,0.0,195.10000000000002,36.1,0.0,18.9,18.58,18.65,56.54,-8.77,730.7,69.6,3.0,Low-Volume / Low-Growth Prescribers
1000004271,FL,Physician Assistant,882.9,757.0,379986.07999999996,13,6,0.0023,114.2,41.3,155.10000000000002,137.6,0.0,194.5,240.2,0.0,17.57,22.03,15.59,131.55,121.75,528.5,59.86,3.0,Low-Volume / Low-Growth Prescribers
1000004277,TX,Internal Medicine,5736.2,4955.0,2048892.3599999999,11,6,0.0149,2285.7,514.1,633.3,1767.3999999999999,0.0,312.7,223.0,0.0,11.04,5.45,30.81,,63.63,3227.5,56.27,,
1000004278,MI,Endocrinology,11097.199999999997,9628.0,6212313.539999999,21,8,0.0288,1289.5,850.9000000000001,3170.7,2724.2,13.3,2450.1,405.8,192.70000000000002,28.57,22.08,24.55,9.9,-33.61,9195.899999999998,82.87,0.0,Diversified Prescribers
1000004294,NY,Internal Medicine,776.1999999999999,672.0,283258.58999999997,9,4,0.002,219.2,0.0,103.1,378.5,0.0,0.0,75.4,0.0,13.28,0.0,48.76,-84.57,-61.3,481.6,62.05,3.0,Low-Volume / Low-Growth Prescribers
1000004324,MA,Family Practice,4549.900000000001,3956.0,2020058.6500000001,16,8,0.0118,387.6,339.5,944.0,932.4,22.4,686.0,1078.0,160.0,20.75,15.08,20.49,51.74,12.9,2901.9,63.78,0.0,Diversified Prescribers
1000004329,FL,Family Practice,36757.0,32714.0,22232078.64,19,7,0.0955,3890.6,2758.6,12374.0,7171.1,262.4,7432.4,2867.9,0.0,33.66,20.22,19.51,102.7,283.96,29736.1,80.9,1.0,High-Volume Core Prescribers
1000004348,NY,Family Practice,5255.400000000001,4493.0,2699620.39,18,8,0.0137,1180.3,376.70000000000005,1631.8,593.8,44.7,660.0999999999999,680.2,87.8,31.05,12.56,11.3,213.38,-8.21,3262.3999999999996,62.08,0.0,Diversified Prescribers
1000004351,PA,Family Practice,680.4,590.0,330466.89999999997,15,6,0.0018,0.0,63.1,151.7,204.8,2.2,62.6,196.0,0.0,22.3,9.2,30.1,-55.16,13.87,482.2,70.87,3.0,Low-Volume / Low-Growth Prescribers
1000004354,PA,Internal Medicine,1065.2999999999997,925.0,404300.02999999997,13,6,0.0028,439.5,49.7,164.4,250.90000000000003,0.0,124.9,0.0,35.900000000000006,15.43,11.72,23.55,709.9,-2.84,589.9000000000001,55.37,3.0,Low-Volume / Low-Growth Prescribers
1000004355,CA,Family Practice,4255.1,3712.0,2350289.92,18,7,0.0111,0.0,471.5,999.9,1392.4,27.5,683.7,476.70000000000005,203.4,23.5,16.07,32.72,-64.21,-72.99,3547.5,83.37,0.0,Diversified Prescribers
1000004357,CA,Family Practice,32640.1,28598.0,11075540.26,17,8,0.0848,7619.2,3174.0,3243.4,6392.900000000001,63.8,5633.4,5432.0,1081.4,9.94,17.26,19.59,213.61,-4.37,18443.7,56.51,1.0,High-Volume Core Prescribers
1000004363,OH,Internal Medicine,1247.9,1075.0,533112.29,18,8,0.0032,210.60000000000002,60.1,56.300000000000004,414.49999999999994,1.1,397.19999999999993,94.1,14.0,4.51,31.83,33.22,-27.38,67.06,928.0999999999999,74.37,0.0,Diversified Prescribers
1000004367,IL,Internal Medicine,10207.900000000001,9290.0,5084054.0,12,6,0.0265,0.0,1928.6,517.8,5043.2,28.3,2295.8,0.0,394.2,5.07,22.49,49.4,97.52,-32.55,9785.400000000001,95.86,0.0,Diversified Prescribers
1000004373,CA,Internal Medicine,4219.4,3714.0,1807869.7000000002,19,8,0.011,502.3,983.6999999999999,594.3999999999999,690.7,18.6,605.6,751.9,72.2,14.09,14.35,16.37,-18.22,79.84,2874.3999999999996,68.12,0.0,Diversified Prescribers
1000004382,CA,Family Practice,3638.500000000001,3165.0,1310536.5899999996,16,8,0.0095,943.3,147.8,477.20000000000005,675.3,14.9,712.9000000000001,605.0,62.1,13.12,19.59,18.56,-64.25,-66.56,2013.2,55.33,3.0,Low-Volume / Low-Growth Prescribers
1000004387,GA,Endocrinology,1822.9,1588.0,1049921.5099999998,20,8,0.0047,132.5,198.3,472.79999999999995,357.90000000000003,2.2,448.79999999999995,194.7,15.7,25.94,24.62,19.63,42.91,55.55,1477.8,81.07,0.0,Diversified Prescribers
1000004407,OH,Endocrinology,38600.8,33508.0,24350551.3,22,8,0.1003,1398.4,3755.1000000000004,13548.4,7842.8,217.6,8433.9,2626.7,777.9,35.1,21.85,20.32,-49.59,77.28,33580.200000000004,86.99,1.0,High-Volume Core Prescribers
1000001430,CA,Internal Medicine,991.9999999999998,859.0,365206.43000000005,15,7,0.0026,170.1,34.0,64.1,334.4,0.0,209.70000000000002,168.1,11.6,6.46,21.14,33.71,,,642.2,64.74,,
1000001674,IL,Family Practice,712.6999999999998,636.0,305382.96,15,7,0.0019,206.2,0.0,193.2,174.3,10.099999999999998,36.9,50.1,41.9,27.11,5.18,24.46,,,404.4,56.74,,
1000001935,IL,Family Practice,512.4,439.0,245296.77000000002,13,5,0.0013,84.3,0.0,136.5,96.30000000000001,0.0,104.7,90.6,0.0,26.64,20.43,18.79,,,337.5,65.87,,
1000002645,GA,Internal Medicine,775.5,687.0,300419.26,12,8,0.002,205.39999999999998,52.8,76.3,216.5,1.1,157.5,47.0,18.9,9.84,20.31,27.92,,,503.1,64.87,,
1000002746,NC,Family Practice,628.3,561.0,289512.45999999996,16,7,0.0016,75.0,45.0,153.7,110.80000000000001,0.0,97.4,118.89999999999999,27.5,24.46,15.5,17.63,,,406.90000000000003,64.76,,
1000004125,OH,Family Practice,672.1999999999999,595.0,245689.82999999996,10,6,0.0017,112.7,0.0,71.0,126.0,0.0,194.6,153.1,14.8,10.56,28.95,18.74,,,391.6,58.26,,
1000004414,CA,Internal Medicine,12332.0,10745.0,4860672.95,14,7,0.032,0.0,2524.7000000000003,1231.4,4838.900000000001,67.5,268.2,2370.9,1030.4,9.99,2.17,39.24,111.52,-27.67,8863.2,71.87,0.0,Diversified Prescribers
1000004417,TN,Endocrinology,107326.9,92870.0,64726230.470000006,22,8,0.2788,18362.0,5117.8,37147.399999999994,17145.100000000002,297.6,23088.100000000006,5131.2,1037.7,34.61,21.51,15.97,59.24,251.11,82498.40000000001,76.87,1.0,High-Volume Core Prescribers
1000004428,CA,Endocrinology,1875.6999999999998,1640.0,1078912.62,19,8,0.0049,202.8,89.69999999999999,643.5,391.4,4.5,290.79999999999995,222.5,30.5,34.31,15.5,20.87,-25.82,112.15,1415.4,75.46,0.0,Diversified Prescribers
1000004439,FL,Internal Medicine,5487.799999999999,4888.0,2947200.27,18,6,0.0143,0.0,323.0,1109.1,1733.2,0.0,1278.4,973.0,71.1,20.21,23.3,31.58,-42.02,-4.96,4443.7,80.97,0.0,Diversified Prescribers
1000004441,NY,Family Practice,5933.4,5229.0,2546945.75,18,7,0.0154,1637.8,385.0,1073.8,1202.6,0.0,1099.0,407.3,127.9,18.1,18.52,20.27,135.78,65.94,3760.4,63.38,0.0,Diversified Prescribers
1000004450,FL,Internal Medicine,20314.199999999997,17850.0,8948620.83,16,8,0.0528,5830.400000000001,626.3,3548.2,4349.1,184.10000000000002,4240.599999999999,1301.2,234.3,17.47,20.88,21.41,-22.35,41.23,12764.199999999999,62.83,0.0,Diversified Prescribers
1000004453,IL,Family Practice,922.9999999999999,815.0,383313.9199999999,15,7,0.0024,315.0,39.4,199.5,179.6,0.0,121.1,52.5,15.9,21.61,13.12,19.46,-68.06,-68.97,539.6,58.46,3.0,Low-Volume / Low-Growth Prescribers
1000004454,FL,Nurse Practitioner,5423.900000000001,4700.0,1787886.91,16,8,0.0141,2250.0,71.3,658.2,1288.0,22.3,808.1,205.3,120.7,12.14,14.9,23.75,223.13,-30.62,2825.6000000000004,52.1,0.0,Diversified Prescribers
1000004472,FL,Internal Medicine,1133.0,998.0,546975.2,16,7,0.0029,214.8,99.2,248.5,226.7,0.0,210.7,114.0,19.1,21.93,18.6,20.01,-38.51,-43.01,785.0999999999999,69.29,3.0,Low-Volume / Low-Growth Prescribers
1000004493,PA,Family Practice,4560.2,3981.0,2376999.64,15,7,0.0118,556.6,357.5,818.4,1556.3999999999999,6.9,951.4,313.0,0.0,17.95,20.86,34.13,-13.78,-30.68,3683.7,80.78,0.0,Diversified Prescribers
1000000000,OH,Internal Medicine,11265.6,9737.0,5732071.83,15,6,0.0293,0.0,1358.5,2664.3,2165.3,120.1,2141.9,2815.5,0.0,23.65,19.01,19.22,-75.07,-20.68,8330.0,73.94,0.0,Diversified Prescribers
1000000001,IL,Physician Assistant,5775.8,4947.0,2659507.5600000005,16,7,0.015,1218.2,46.7,1497.1000000000001,1442.7000000000003,25.1,520.1,1025.9,0.0,25.92,9.0,24.98,4495.74,58.96,3506.6000000000004,60.71,0.0,Diversified Prescribers
1000000016,IL,Internal Medicine,675.2,574.0,304497.67000000004,11,6,0.0018,87.2,49.9,50.6,215.39999999999998,0.0,195.0,77.1,0.0,7.49,28.88,31.9,-13.69,14.7,510.9,75.67,3.0,Low-Volume / Low-Growth Prescribers
1000000018,TX,Internal Medicine,829.6000000000003,725.0,392948.35,13,8,0.0022,265.7,25.7,211.0,63.3,2.3,212.0,34.8,14.8,25.43,25.55,7.63,-50.81,-4.19,512.0,61.72,3.0,Low-Volume / Low-Growth Prescribers
1000000034,IL,Physician Assistant,2465.1000000000004,2125.0,1335411.98,10,5,0.0064,0.0,394.79999999999995,704.3,670.0,0.0,31.1,664.9,0.0,28.57,1.26,27.18,245.08,300.79,1800.1999999999998,73.03,3.0,Low-Volume / Low-Growth Prescribers
1000000037,OH,Endocrinology,43074.4,37389.0,26018492.419999998,20,8,0.1119,7051.200000000001,2057.9,14597.9,7822.6,149.7,8850.0,2289.1000000000004,256.0,33.89,20.55,18.16,34.44,380.71,33328.4,77.37,1.0,High-Volume Core Prescribers
1000000042,TX,Endocrinology,75037.9,65998.0,41774155.41999999,20,8,0.1949,8367.3,3961.0,17441.0,15974.400000000001,286.90000000000003,23098.899999999998,3697.7,2210.7,23.24,30.78,21.29,-52.06,-24.12,60475.299999999996,80.59,1.0,High-Volume Core Prescribers
1000000044,NY,Internal Medicine,2846.6,2470.0,1250017.3499999999,15,8,0.0074,344.8,227.59999999999997,306.79999999999995,639.0,16.2,825.9000000000001,371.8,114.5,10.78,29.01,22.45,264.43,-38.55,1999.3,70.23,3.0,Low-Volume / Low-Growth Prescribers
1000000079,NC,Endocrinology,2884.8,2536.0,1862066.1,19,7,0.0075,224.5,124.99999999999999,878.3000000000001,440.8,0.0,1016.0,192.6,7.6,30.45,35.22,15.28,55.91,396.25,2460.1000000000004,85.28,0.0,Diversified Prescribers
1000000093,FL,Family Practice,3482.8,2979.0,1707686.4699999997,15,7,0.009,0.0,592.8,536.2,848.4000000000001,12.9,786.5,557.5,148.5,15.4,22.58,24.36,-26.33,-43.15,2763.9,79.36,3.0,Low-Volume / Low-Growth Prescribers
1000000107,TX,Family Practice,21485.1,18500.0,13009626.84,17,7,0.0558,3531.0,685.1,7667.500000000001,4421.599999999999,108.9,3700.4,1370.6,0.0,35.69,17.22,20.58,34.85,948.37,16474.600000000002,76.68,0.0,Diversified Prescribers
1000000144,GA,Internal Medicine,3249.2,2818.0,1649048.4700000002,14,7,0.0084,0.0,351.8,440.59999999999997,859.9,13.5,927.4,598.7,57.3,13.56,28.54,26.46,43.12,68.42,2579.7,79.39,3.0,Low-Volume / Low-Growth Prescribers
1000000155,TX,Internal Medicine,1154.8000000000002,1008.0,375910.66,12,6,0.003,304.3,48.2,0.0,267.3,2.1,330.9,202.0,0.0,0.0,28.65,23.15,82.89,292.49,646.4,55.98,3.0,Low-Volume / Low-Growth Prescribers
1000000162,PA,Family Practice,14737.499999999998,12878.0,7279046.779999999,15,7,0.0383,3496.1,1325.1,2817.2000000000003,3871.6,33.4,2913.9,0.0,280.2,19.12,19.77,26.27,-90.08,-90.56,10927.800000000001,74.15,0.0,Diversified Prescribers
1000000164,TN,Endocrinology,83202.70000000001,72073.0,51515472.15,20,8,0.2161,4554.0,4686.4,27272.3,17511.399999999998,160.7,19896.3,8141.9,979.7,32.78,23.91,21.05,41.24,172.4,69366.4,83.37,1.0,High-Volume Core Prescribers
1000000184,MI,Internal Medicine,3863.8999999999996,3422.0,1523417.4700000002,18,8,0.01,455.1,434.9,232.3,1352.2,21.9,665.9,568.5,133.1,6.01,17.23,35.0,148.23,16.9,2685.3,69.5,0.0,Diversified Prescribers
1000000188,IL,Internal Medicine,42428.99999999999,36388.0,16882387.69,17,8,0.1102,15921.2,1758.8,8850.7,10318.1,254.3,2159.6,1616.5,1549.8000000000002,20.86,5.09,24.32,66.15,619.01,23087.2,54.41,1.0,High-Volume Core Prescribers
1000000193,IL,Family Practice,14790.899999999998,12811.0,6758637.850000001,15,8,0.0384,2127.8,824.4000000000001,1608.9,5970.6,162.5,3192.7,699.4,204.6,10.88,21.59,40.37,-10.84,-61.39,11596.6,78.4,0.0,Diversified Prescribers
1000000212,TX,Family Practice,756.4,657.0,254258.58000000002,13,7,0.002,248.0,9.4,102.8,125.5,0.0,134.0,117.30000000000001,19.4,13.59,17.72,16.59,4.49,-44.99,371.70000000000005,49.14,3.0,Low-Volume / Low-Growth Prescribers
1000000216,OH,Internal Medicine,3413.7999999999997,2934.0,1838167.7000000002,15,7,0.0089,524.1,310.20000000000005,827.4,272.9,16.4,1103.7,359.1,0.0,24.24,32.33,7.99,-40.62,61.69,2514.2000000000003,73.65,3.0,Low-Volume / Low-Growth Prescribers
1000000233,IN,Internal Medicine,5710.1,4938.0,2987984.46,16,7,0.0148,963.7,372.20000000000005,1479.9,1177.3,0.0,1064.9,422.9,229.2,25.92,18.65,20.62,52.89,2.94,4094.3,71.7,0.0,Diversified Prescribers
1000000234,NY,Internal Medicine,3349.4,2953.0,1697783.43,14,8,0.0087,969.3,23.8,1144.1,609.8,32.4,210.4,221.0,138.6,34.16,6.28,18.21,-55.33,317.31,1988.1,59.36,3.0,Low-Volume / Low-Growth Prescribers
1000000243,VA,Internal Medicine,5356.799999999999,4640.0,2663491.13,16,7,0.0139,1178.7,301.9,1023.8000000000001,936.5,0.0,1599.3,194.9,121.7,19.11,29.86,17.48,-56.74,125.9,3861.5,72.09,0.0,Diversified Prescribers
1000000245,CA,Physician Assistant,10620.2,9258.0,4065562.96,14,6,0.0276,0.0,984.8,1012.5,3314.3,0.0,1618.1,3517.9,172.6,9.53,15.24,31.21,180.04,181.52,6929.7,65.25,0.0,Diversified Prescribers
1000000265,VA,Family Practice,715.3,621.0,480222.58999999997,14,6,0.0019,93.8,33.7,330.9,154.4,0.0,68.0,34.5,0.0,46.26,9.51,21.59,239.5,150.39,587.0,82.06,3.0,Low-Volume / Low-Growth Prescribers
1000000266,TN,Family Practice,687.4,610.0,370573.27,13,6,0.0018,0.0,121.9,119.0,230.6,3.2,134.3,78.4,0.0,17.31,19.54,33.55,72.77,103.39,605.8000000000001,88.13,3.0,Low-Volume / Low-Growth Prescribers
1000000272,TX,Nurse Practitioner,5652.599999999999,4904.0,2146217.45,18,8,0.0147,1524.9,494.9,800.4000000000001,1524.1,15.2,532.6,683.1,77.4,14.16,9.42,26.96,-43.27,-6.28,3352.0,59.3,0.0,Diversified Prescribers
1000000285,NY,Endocrinology,13846.4,12091.0,7690031.890000001,21,8,0.036,2577.4,577.8,4295.5,1564.4,14.0,3536.5,1159.0,121.8,31.02,25.54,11.3,576.34,87.02,9974.199999999999,72.03,0.0,Diversified Prescribers
1000000289,FL,Family Practice,951.9,835.0,468388.82,15,7,0.0025,245.2,141.7,223.8,208.0,0.0,88.89999999999999,29.7,14.6,23.51,9.34,21.85,51.06,-21.17,662.4,69.59,3.0,Low-Volume / Low-Growth Prescribers
1000000297,AZ,Internal Medicine,16481.1,14311.0,7055758.779999999,17,8,0.0428,1979.1,2219.5,2400.4,1537.6999999999998,110.3,4103.2,3225.0,905.9,14.56,24.9,9.33,-31.52,-20.2,10260.8,62.26,0.0,Diversified Prescribers
1000000306,CA,Internal Medicine,728.3999999999999,636.0,280557.19999999995,13,8,0.0019,103.1,37.5,104.5,298.4,5.4,31.6,129.9,18.0,14.35,4.34,40.97,674.89,0.72,472.0,64.8,3.0,Low-Volume / Low-Growth Prescribers
1000000307,VA,Internal Medicine,4365.3,3732.0,2012042.2,17,8,0.0113,486.5,471.79999999999995,250.4,1313.0,15.7,1362.0,393.4,72.5,5.74,31.2,30.08,-43.14,-11.55,3397.2,77.82,0.0,Diversified Prescribers
1000000319,TX,Internal Medicine,4579.4,3986.0,2168715.94,18,7,0.0119,619.8,431.20000000000005,1125.4,598.9000000000001,0.0,791.7,883.0,129.4,24.58,17.29,13.08,-16.96,234.56,2947.2000000000003,64.36,0.0,Diversified Prescribers
1000000323,NY,Internal Medicine,5909.099999999999,5237.0,3276557.3900000006,18,7,0.0154,0.0,167.2,1520.5,1716.4,26.1,1255.6000000000001,1018.5,204.8,25.73,21.25,29.05,10.88,81.16,4659.700000000001,78.86,0.0,Diversified Prescribers
1000000325,TX,Family Practice,10218.599999999999,8810.0,5794972.22,13,7,0.0265,0.0,1653.8000000000002,1201.2,779.4,78.1,5430.799999999999,507.1,568.1999999999999,11.76,53.15,7.63,89.85,62.85,9065.199999999999,88.71,0.0,Diversified Prescribers
1000000329,PA,Internal Medicine,14315.899999999998,12380.0,5738423.299999999,19,8,0.0372,2074.6,2020.8,1986.3999999999999,4223.5,173.6,1257.9,2285.0,294.1,13.88,8.79,29.5,36.87,26.31,9488.6,66.28,0.0,Diversified Prescribers
1000000354,OH,Endocrinology,2021.1,1752.0,1094805.0499999998,19,7,0.0053,120.2,120.7,312.8,448.6,0.0,815.5,183.20000000000002,20.1,15.48,40.35,22.2,137.63,119.54,1697.6,83.99,0.0,Diversified Prescribers
1000000361,AZ,Family Practice,15912.1,13736.0,5964009.0600000005,15,8,0.0413,5234.7,1504.6,3727.1,2291.7,71.80000000000001,444.8,2045.4,592.0,23.42,2.8,14.4,-44.24,-65.77,7968.2,50.08,0.0,Diversified Prescribers
1000000362,CA,Internal Medicine,5811.299999999999,5134.0,3278587.67,18,8,0.0151,494.5,439.9,1321.6,2206.8,13.0,1092.8,177.5,65.2,22.74,18.8,37.97,684.91,223.77,5061.1,87.09,0.0,Diversified Prescribers
1000000368,OH,Internal Medicine,13554.000000000004,11714.0,5919552.91,15,8,0.0352,2404.6,360.0,1917.1,3262.8,26.5,3623.9,1492.1,467.0,14.14,26.74,24.07,171.71,29.11,9163.8,67.61,0.0,Diversified Prescribers
1000000383,TX,Nurse Practitioner,743.7000000000002,647.0,235122.72999999998,16,7,0.0019,253.8,66.2,90.89999999999999,192.5,0.0,41.2,85.4,13.7,12.22,5.54,25.88,2.69,213.38,390.8,52.55,3.0,Low-Volume / Low-Growth Prescribers
1000000395,CA,Physician Assistant,747.5999999999999,648.0,284922.76999999996,15,7,0.0019,217.6,17.9,105.4,131.7,0.0,164.0,97.4,13.6,14.1,21.94,17.62,33.95,51.71,418.99999999999994,56.05,3.0,Low-Volume / Low-Growth Prescribers
1000000396,TX,Nurse Practitioner,950.0999999999998,836.0,493946.56999999995,14,6,0.0025,0.0,46.3,208.10000000000002,334.20000000000005,0.0,174.8,175.8,10.9,21.9,18.4,35.18,-57.76,-66.39,763.4000000000001,80.35,3.0,Low-Volume / Low-Growth Prescribers
1000000405,TX,Nurse Practitioner,4376.4,3724.0,1709345.5599999998,14,7,0.0114,1210.2,721.3,466.79999999999995,399.7,27.0,916.9,634.5,0.0,10.67,20.95,9.13,6.91,135.03,2504.7,57.23,3.0,Low-Volume / Low-Growth Prescribers
1000000406,VA,Internal Medicine,826.1,704.0,279553.64,15,8,0.0021,242.7,76.5,129.0,162.29999999999998,2.2,38.1,140.8,34.5,15.62,4.61,19.65,45.99,493.22,405.9,49.13,3.0,Low-Volume / Low-Growth Prescribers
1000000407,TX,Endocrinology,10480.7,9091.0,7002325.8100000005,21,7,0.0272,0.0,796.6,3924.5,1949.3000000000002,28.0,2728.7,851.0999999999999,202.5,37.45,26.04,18.6,167.58,103.07,9399.1,89.68,0.0,Diversified Prescribers
1000000423,MA,Internal Medicine,5372.0,4640.0,1973628.74,19,8,0.014,1040.8,467.40000000000003,102.3,1920.0,19.8,1100.9,642.8,78.0,1.9,20.49,35.74,-45.86,-25.9,3590.6000000000004,66.84,0.0,Diversified Prescribers
1000000438,MI,Family Practice,856.0,752.0,401375.37999999995,17,8,0.0022,97.6,80.0,137.39999999999998,197.3,1.1,212.10000000000002,104.3,26.200000000000003,16.05,24.78,23.05,-49.91,377.51,626.8,73.22,3.0,Low-Volume / Low-Growth Prescribers
1000000459,MI,Endocrinology,2387.7,2069.0,1433965.5100000002,20,8,0.0062,214.89999999999998,166.3,576.4,339.70000000000005,1.1,915.3,145.7,28.3,24.14,38.33,14.23,93.94,220.59,1997.6999999999998,83.67,0.0,Diversified Prescribers
1000000467,GA,Nurse Practitioner,15210.399999999998,13561.0,7270316.13,17,8,0.0395,2228.3,383.29999999999995,1280.3,4199.299999999999,257.29999999999995,5844.200000000001,659.8,357.9,8.42,38.42,27.61,-44.9,-34.5,11707.1,76.97,0.0,Diversified Prescribers
1000000470,PA,Endocrinology,13488.100000000002,11670.0,7802130.39,22,8,0.035,1299.3,478.5,3959.4999999999995,1571.1000000000001,51.2,4458.6,1470.3999999999999,199.5,29.36,33.06,11.65,-34.02,2.33,10467.7,77.61,0.0,Diversified Prescribers
1000000472,IL,Endocrinology,30539.699999999997,26795.0,16161459.489999998,18,8,0.0793,5816.2,769.5999999999999,8979.9,6403.700000000001,150.2,5540.6,1707.7,1171.8000000000002,29.4,18.14,20.97,-5.2,128.37,21693.800000000003,71.03,1.0,High-Volume Core Prescribers
1000000474,TX,Internal Medicine,18939.300000000003,16491.0,7430465.519999999,18,8,0.0492,2237.3,961.8,720.9000000000001,6889.1,68.8,4829.5,3017.2,214.7,3.81,25.5,36.37,25.99,56.46,13401.3,70.76,0.0,Diversified Prescribers
1000000482,NC,Internal Medicine,3533.2000000000003,3117.0,1451997.75,13,5,0.0092,978.6,511.6,437.8,1590.9,14.3,0.0,0.0,0.0,12.39,0.0,45.03,61.12,-51.59,2540.3,71.9,3.0,Low-Volume / Low-Growth Prescribers
1000000492,FL,Internal Medicine,1124.6,965.0,676461.23,15,6,0.0029,144.2,66.5,356.7,316.20000000000005,0.0,182.3,58.7,0.0,31.72,16.21,28.12,69.47,858.13,921.7,81.96,3.0,Low-Volume / Low-Growth Prescribers
1000000494,CA,Internal Medicine,5631.599999999999,4845.0,2584380.29,17,8,0.0146,1530.6,757.8,983.9000000000001,1028.5,32.5,1048.9,171.1,78.3,17.47,18.63,18.26,-59.57,-48.53,3819.1000000000004,67.82,0.0,Diversified Prescribers
1000000512,IL,Physician Assistant,959.7999999999998,826.0,643610.23,13,6,0.0025,87.1,20.1,406.9,130.29999999999998,0.0,205.0,110.39999999999999,0.0,42.39,21.36,13.58,-40.02,-8.96,762.3,79.42,3.0,Low-Volume / Low-Growth Prescribers
1000000529,CA,Nurse Practitioner,12447.299999999997,10756.0,6735949.67,16,6,0.0323,0.0,2531.2,1425.8999999999999,4386.9,204.3,3051.0,848.0,0.0,11.46,24.51,35.24,-40.5,-42.61,11395.0,91.55,0.0,Diversified Prescribers
1000000539,IN,Endocrinology,10807.099999999999,9454.0,6603515.299999999,21,8,0.0281,431.3,717.1,3269.5999999999995,1641.0,20.0,3613.8,977.0,137.3,30.25,33.44,15.18,-24.73,-30.01,9241.5,85.51,0.0,Diversified Prescribers
1000000550,TX,Internal Medicine,1306.7,1155.0,640959.6100000001,17,7,0.0034,194.3,172.4,272.9,424.5,0.0,124.30000000000001,100.30000000000001,18.0,20.88,9.51,32.49,-16.24,0.72,994.1,76.08,3.0,Low-Volume / Low-Growth Prescribers
1000000559,FL,Family Practice,3295.9,2847.0,1667696.7500000002,16,6,0.0086,0.0,112.5,641.8,1480.0,0.0,521.6,472.1,67.9,19.47,15.83,44.9,41.51,-74.25,2755.9,83.62,0.0,Diversified Prescribers
1000000562,PA,Endocrinology,10193.900000000001,8843.0,5797941.090000001,19,8,0.0265,1012.2,938.1000000000001,2596.2,1683.2000000000003,23.1,2990.5,889.8,60.8,25.47,29.34,16.51,161.37,19.15,8208.0,80.52,0.0,Diversified Prescribers
1000000571,MI,Family Practice,818.8000000000001,696.0,281262.16000000003,15,7,0.0021,238.3,20.5,91.29999999999998,175.3,0.0,157.8,123.3,12.3,11.15,19.27,21.41,-73.38,-24.01,444.90000000000003,54.34,3.0,Low-Volume / Low-Growth Prescribers
1000000595,NY,Internal Medicine,1051.3000000000002,915.0,414055.35000000003,14,7,0.0027,319.29999999999995,106.4,133.8,248.5,0.0,176.8,45.2,21.3,12.73,16.82,23.64,191.5,134.98,665.5,63.3,3.0,Low-Volume / Low-Growth Prescribers
1000000608,MI,Internal Medicine,453.5,402.0,190979.86000000002,9,5,0.0012,77.7,25.8,113.8,128.2,0.0,0.0,108.0,0.0,25.09,0.0,28.27,373.74,27.0,267.79999999999995,59.05,3.0,Low-Volume / Low-Growth Prescribers
1000000609,VA,Family Practice,3467.5,3004.0,1185585.7600000002,16,7,0.009,486.7,449.6,205.0,900.0999999999999,0.0,515.1,856.3000000000001,54.7,5.91,14.86,25.96,82.76,64.32,2069.8,59.69,3.0,Low-Volume / Low-Growth Prescribers
1000000618,MI,Family Practice,4581.0,4019.0,1977018.21,17,7,0.0119,516.3,36.2,421.00000000000006,1364.5,0.0,1419.0,639.4,184.60000000000002,9.19,30.98,29.79,195.41,111.96,3240.7,70.74,0.0,Diversified Prescribers
1000000622,CA,Internal Medicine,541.0000000000001,454.0,277043.47,12,6,0.0014,0.0,38.2,109.6,163.7,0.0,135.5,43.4,50.599999999999994,20.26,25.05,30.26,-6.28,-58.85,447.0,82.62,3.0,Low-Volume / Low-Growth Prescribers
1000000626,IL,Internal Medicine,4721.8,4177.0,2223312.11,16,7,0.0123,639.5,488.7,1307.1,567.3,20.6,470.4,1228.2,0.0,27.68,9.96,12.01,340.54,41.71,2833.5,60.01,0.0,Diversified Prescribers
1000000640,OH,Endocrinology,11481.5,9806.0,6928074.020000001,19,7,0.0298,1668.7,725.8000000000001,3590.3,1049.7,14.1,3606.9,826.0,0.0,31.27,31.41,9.14,131.8,296.47,8972.7,78.15,0.0,Diversified Prescribers
1000000648,OH,Family Practice,5214.8,4565.0,2705089.2400000007,20,8,0.0135,908.0,747.9000000000001,1258.0,632.4,45.199999999999996,1118.6999999999998,362.4,142.2,24.12,21.45,12.13,-38.55,-15.05,3757.0,72.04,0.0,Diversified Prescribers
1000000660,OH,Internal Medicine,5225.900000000001,4652.0,2640271.8099999996,15,6,0.0136,610.8,523.5,587.7,973.9000000000001,0.0,2103.2,426.79999999999995,0.0,11.25,40.25,18.64,-18.95,-23.72,4188.299999999999,80.15,0.0,Diversified Prescribers
1000000681,TN,Internal Medicine,860.3000000000001,740.0,366840.21,15,7,0.0022,174.8,66.9,152.1,258.7,1.2,60.2,146.4,0.0,17.68,7.0,30.07,-43.76,-32.24,537.9000000000001,62.52,3.0,Low-Volume / Low-Growth Prescribers
1000000684,MI,Physician Assistant,6561.4000000000015,5692.0,2196391.92,18,8,0.017,1989.6,494.5,692.0,1794.9,10.3,552.2,770.2,257.7,10.55,8.42,27.36,93.41,-6.91,3533.6000000000004,53.85,0.0,Diversified Prescribers
1000000688,IN,Family Practice,980.8,855.0,413521.73,15,6,0.0025,231.5,140.5,127.5,311.1,0.0,100.9,69.3,0.0,13.0,10.29,31.72,83.83,149.15,680.0,69.33,3.0,Low-Volume / Low-Growth Prescribers
1000000696,MI,Internal Medicine,636.7,555.0,379458.63,13,7,0.0017,0.0,61.3,146.9,235.8,1.2,129.6,36.2,25.700000000000003,23.07,20.35,37.03,-62.82,-30.18,573.6,90.09,3.0,Low-Volume / Low-Growth Prescribers
1000000704,VA,Endocrinology,1996.9,1717.0,1056086.77,19,7,0.0052,323.9,54.2,671.0,268.7,0.0,394.4,268.2,16.5,33.6,19.75,13.46,-38.46,-59.8,1388.3000000000002,69.52,0.0,Diversified Prescribers
1000000705,NY,Cardiology,1115.5,970.0,413953.97,13,6,0.0029,473.1,0.0,225.29999999999998,221.29999999999998,0.0,107.1,74.9,13.8,20.2,9.6,19.84,145.57,20.45,553.6999999999999,49.64,3.0,Low-Volume / Low-Growth Prescribers
1000000712,FL,Internal Medicine,980.6000000000001,866.0,334785.8899999999,13,7,0.0025,222.7,0.0,104.1,211.6,1.2,229.0,176.1,35.9,10.62,23.35,21.58,-29.99,-57.91,544.7,55.55,3.0,Low-Volume / Low-Growth Prescribers
1000000725,CA,Nurse Practitioner,26697.499999999996,22526.0,10631109.33,13,8,0.0694,5515.7,3941.7000000000003,1684.4,4278.9,238.90000000000003,7537.4,3137.3,363.2,6.31,28.23,16.03,711.46,-22.58,17442.4,65.33,0.0,Diversified Prescribers
1000000730,NC,Endocrinology,1700.7,1492.0,937806.5,19,7,0.0044,247.2,119.3,535.8000000000001,347.6,0.0,247.1,192.39999999999998,11.3,31.5,14.53,20.44,-32.2,25.47,1249.8000000000002,73.49,0.0,Diversified Prescribers
1000000747,MA,Internal Medicine,866.6,748.0,273928.79,15,7,0.0023,122.8,126.10000000000001,107.2,162.3,0.0,26.5,302.29999999999995,19.4,12.37,3.06,18.73,82.4,-37.2,422.1,48.71,3.0,Low-Volume / Low-Growth Prescribers
1000000748,PA,Nurse Practitioner,848.6000000000001,738.0,382023.38,18,8,0.0022,113.4,63.400000000000006,88.29999999999998,193.60000000000002,1.2,256.1,117.4,15.2,10.41,30.18,22.81,178.21,590.45,601.4,70.87,3.0,Low-Volume / Low-Growth Prescribers
1000000753,CA,Internal Medicine,15019.999999999998,13022.0,6429707.2,19,7,0.039,4064.2,1291.8,2176.1,3171.0,54.900000000000006,2948.2,1313.8000000000002,0.0,14.49,19.63,21.11,-52.65,44.94,9587.099999999999,63.83,0.0,Diversified Prescribers
1000000762,IL,Internal Medicine,37373.8,32926.0,17360850.44,19,8,0.0971,3358.1,5379.299999999999,2322.8,10722.9,318.9,11599.4,3252.0,420.4,6.22,31.04,28.69,0.46,4.63,30024.4,80.34,1.0,High-Volume Core Prescribers
1000000764,VA,Endocrinology,41306.799999999996,36161.0,21913494.939999998,21,8,0.1073,5968.299999999999,2728.7000000000003,9533.5,4699.799999999999,299.09999999999997,13605.9,3524.1000000000004,947.4000000000001,23.08,32.94,11.38,45.83,38.78,30567.9,74.0,1.0,High-Volume Core Prescribers
1000000766,FL,Family Practice,2219.0000000000005,1932.0,1470109.87,11,7,0.0058,0.0,274.9,842.8000000000001,445.5,18.0,253.29999999999998,233.8,150.7,37.98,11.42,20.08,296.47,44.51,1816.5,81.86,3.0,Low-Volume / Low-Growth Prescribers
1000000775,TX,Endocrinology,10761.100000000002,9349.0,5793862.15,21,8,0.028,1017.5999999999999,665.5,2178.8,2198.6000000000004,23.7,3430.5,1087.8999999999999,158.5,20.25,31.88,20.43,52.68,-2.5,8473.400000000001,78.74,0.0,Diversified Prescribers
1000000781,PA,Internal Medicine,718.4,631.0,380501.99,13,6,0.0019,0.0,33.8,100.0,166.8,0.0,287.0,114.6,16.2,13.92,39.95,23.22,9.3,1111.8,587.6,81.79,3.0,Low-Volume / Low-Growth Prescribers
1000000795,CA,Nurse Practitioner,3610.2999999999997,3113.0,1668313.9299999997,16,6,0.0094,0.0,209.70000000000002,767.7,1212.6,0.0,349.9,975.4,95.0,21.26,9.69,33.59,-53.59,316.54,2539.8999999999996,70.35,0.0,Diversified Prescribers
1000000797,OH,Family Practice,4092.5000000000005,3624.0,1860743.27,17,8,0.0106,1051.6,136.5,564.2,807.0,13.1,1246.0,149.7,124.4,13.79,30.45,19.72,123.37,232.15,2753.7,67.29,0.0,Diversified Prescribers
1000000804,NY,Internal Medicine,3717.0999999999995,3212.0,1480858.6500000001,13,8,0.0097,993.7,351.0,847.7,347.8,31.7,346.4,623.0,175.8,22.81,9.32,9.36,-21.65,-17.27,1892.8999999999999,50.92,3.0,Low-Volume / Low-Growth Prescribers
1000000817,VA,Internal Medicine,5073.800000000001,4479.0,1964402.7,20,8,0.0132,1085.0,747.5999999999999,453.3,1096.3999999999999,38.400000000000006,939.3,565.4,148.4,8.93,18.51,21.61,-15.12,-1.69,3236.5999999999995,63.79,0.0,Diversified Prescribers
1000000824,CA,Internal Medicine,3917.5,3464.0,1793958.1,17,8,0.0102,391.4,495.4,478.6,1207.5,8.5,796.3,486.9,52.9,12.22,20.33,30.82,-20.8,22.74,2977.8,76.01,0.0,Diversified Prescribers
1000000837,OH,Internal Medicine,601.6000000000001,515.0,415335.14,11,5,0.0016,0.0,21.2,231.5,213.7,0.0,93.7,41.5,0.0,38.48,15.58,35.52,452.47,89.66,560.0999999999999,93.1,3.0,Low-Volume / Low-Growth Prescribers
1000000840,AZ,Endocrinology,38155.700000000004,33161.0,22494036.43,22,8,0.0991,3492.7000000000003,1502.7,11970.3,5551.3,134.0,10679.5,3811.7000000000003,1013.5,31.37,27.99,14.55,-60.82,16.48,29703.8,77.85,1.0,High-Volume Core Prescribers
1000000844,VA,Endocrinology,2425.5,2157.0,1396368.23,20,8,0.0063,201.4,161.3,551.8,337.20000000000005,2.2,951.1000000000001,184.5,36.0,22.75,39.21,13.9,-36.31,176.99,2001.4,82.51,0.0,Diversified Prescribers
1000000854,IL,Internal Medicine,9817.4,8419.0,4049620.35,14,8,0.0255,1368.9,500.7,2335.2,2269.9,133.89999999999998,106.3,2556.7,545.8,23.79,1.08,23.12,-97.47,-97.34,5212.1,53.09,3.0,Low-Volume / Low-Growth Prescribers
1000000858,TN,Family Practice,814.6,715.0,423383.30000000005,16,7,0.0021,0.0,26.1,157.1,312.1,2.3,186.4,112.19999999999999,18.4,19.29,22.88,38.31,-71.94,-70.98,681.7,83.69,3.0,Low-Volume / Low-Growth Prescribers
1000000860,OH,Family Practice,11803.8,10061.0,4638346.109999999,17,7,0.0307,3366.7,1304.6999999999998,1468.8000000000002,1178.2,76.5,2826.7,1582.2,0.0,12.44,23.95,9.98,-1.85,37.56,6778.4,57.43,0.0,Diversified Prescribers
1000000862,IL,Internal Medicine,14295.899999999998,12602.0,7251924.499999998,18,7,0.0371,2165.0,1518.1,1883.6,4138.1,33.4,4320.1,0.0,237.6,13.18,30.22,28.95,-80.84,-5.04,11859.900000000001,82.96,0.0,Diversified Prescribers
1000000867,NY,Internal Medicine,884.7,776.0,339395.37000000005,15,7,0.0023,103.7,153.7,74.9,255.9,0.0,95.4,172.70000000000002,28.4,8.47,10.78,28.93,-16.64,-43.9,579.9,65.55,3.0,Low-Volume / Low-Growth Prescribers
1000000871,FL,Internal Medicine,4221.6,3645.0,1697327.6800000002,17,6,0.011,0.0,170.0,524.4,1654.6999999999998,18.2,464.6,1389.7,0.0,12.42,11.01,39.2,-19.13,54.06,2813.7,66.65,0.0,Diversified Prescribers
1000000881,PA,Family Practice,5727.200000000001,4981.0,3099362.83,19,7,0.0149,962.4,478.2,1354.3,1392.9,39.5,1151.9,348.0,0.0,23.65,20.11,24.32,-43.02,-17.92,4377.299999999999,76.43,0.0,Diversified Prescribers
1000000889,MA,Internal Medicine,829.8,727.0,357263.11,17,7,0.0022,0.0,62.10000000000001,99.60000000000001,247.60000000000002,1.2,167.2,234.6,17.5,12.0,20.15,29.84,-48.48,10.79,576.5,69.47,3.0,Low-Volume / Low-Growth Prescribers
1000000903,TX,Family Practice,3441.3999999999996,2947.0,1509677.52,14,6,0.0089,630.5,296.90000000000003,346.0,731.7,0.0,1035.6999999999998,400.6,0.0,10.05,30.1,21.26,43.43,371.8,2410.3,70.04,3.0,Low-Volume / Low-Growth Prescribers
1000000904,FL,Internal Medicine,15924.700000000004,13754.0,4959338.32,16,8,0.0414,7213.1,668.4,2355.2999999999997,3242.2,160.2,1300.3,817.1,168.1,14.79,8.17,20.36,-90.1,-94.56,7566.199999999999,47.51,0.0,Diversified Prescribers
1000000911,FL,Internal Medicine,14220.900000000001,12196.0,7432289.54,17,7,0.0369,2268.3,210.7,3416.6000000000004,4623.099999999999,57.2,2083.2999999999997,1561.6999999999998,0.0,24.03,14.65,32.51,87.95,73.6,10333.699999999999,72.67,0.0,Diversified Prescribers
1000000924,PA,Internal Medicine,2691.3,2381.0,1153444.1400000001,15,7,0.007,460.3,596.7,248.2,900.5,23.5,241.10000000000002,0.0,221.00000000000003,9.22,8.96,33.46,839.53,-39.14,1986.5,73.81,3.0,Low-Volume / Low-Growth Prescribers
1000000930,OH,Endocrinology,41413.8,36217.0,20639454.980000004,21,8,0.1076,8343.0,1893.6,6245.799999999999,5595.4,145.4,16711.6,1769.1999999999998,709.8,15.08,40.35,13.51,-41.09,-32.48,30446.399999999994,73.52,1.0,High-Volume Core Prescribers
1000000935,MI,Internal Medicine,1000.5999999999999,869.0,582872.4900000001,15,7,0.0026,113.2,60.300000000000004,282.7,99.0,4.5,303.7,137.2,0.0,28.25,30.35,9.89,219.03,333.24,745.6999999999999,74.53,3.0,Low-Volume / Low-Growth Prescribers
1000000948,IL,Nurse Practitioner,4183.2,3671.0,1403485.9,18,8,0.0109,1122.8000000000002,333.30000000000007,471.9,1463.3,12.6,177.9,505.6,95.8,11.28,4.25,34.98,242.27,-2.39,2446.4,58.48,0.0,Diversified Prescribers
1000000953,NY,Nurse Practitioner,1237.3999999999999,1071.0,533769.8,16,6,0.0032,292.4,148.70000000000002,146.5,288.0,0.0,274.6,87.2,0.0,11.84,22.19,23.27,43.39,78.93,857.8000000000001,69.32,3.0,Low-Volume / Low-Growth Prescribers
1000000964,FL,Internal Medicine,4991.900000000001,4388.0,1736805.7399999998,14,7,0.013,1344.1,94.8,395.1,1026.8000000000002,0.0,1344.7999999999997,640.0,146.3,7.91,26.94,20.57,106.31,-12.02,2861.5,57.32,3.0,Low-Volume / Low-Growth Prescribers
1000000971,FL,Physician Assistant,38989.8,34563.0,25002614.34,17,8,0.1013,4389.0,4649.8,14570.0,4270.7,272.1,7210.1,1719.0,1909.1,37.37,18.49,10.95,219.34,98.85,30700.6,78.74,1.0,High-Volume Core Prescribers
1000000972,CA,Family Practice,56396.9,48877.0,21162793.5,18,7,0.1465,15981.4,1337.3,10701.8,10703.2,0.0,7134.700000000001,10175.6,362.9,18.98,12.65,18.98,285.94,69.75,29877.0,52.98,1.0,High-Volume Core Prescribers
1000000981,FL,Family Practice,4369.599999999999,3747.0,1701436.91,18,8,0.0114,942.1,625.3,594.3,720.3,9.3,706.9000000000001,633.9,137.5,13.6,16.18,16.48,-87.27,-69.79,2646.8,60.57,0.0,Diversified Prescribers
1000000982,PA,Endocrinology,1562.6999999999998,1383.0,987019.99,19,8,0.0041,91.5,40.900000000000006,481.30000000000007,366.2,2.4,517.1999999999999,49.4,13.8,30.8,33.1,23.43,-55.94,-25.0,1405.6000000000001,89.95,0.0,Diversified Prescribers
1000000990,TX,Family Practice,4628.499999999999,4027.0,2382714.9,17,7,0.012,0.0,270.1,1038.7,1492.0,12.6,865.6,852.4000000000001,97.1,22.44,18.7,32.24,-85.92,-91.19,3666.4,79.21,0.0,Diversified Prescribers
1000000992,IL,Internal Medicine,3578.1000000000004,3117.0,1482068.35,16,7,0.0093,462.6,23.7,240.89999999999998,866.0999999999999,14.4,1375.2,595.2,0.0,6.73,38.43,24.21,-17.72,-59.09,2505.8999999999996,70.03,0.0,Diversified Prescribers
1000000994,PA,Internal Medicine,860.9000000000001,762.0,498524.14,12,6,0.0022,110.9,114.30000000000001,237.6,242.60000000000002,0.0,136.9,0.0,18.6,27.6,15.9,28.18,121.34,27.34,731.4000000000001,84.96,3.0,Low-Volume / Low-Growth Prescribers
1000001002,TX,Nurse Practitioner,1001.8000000000001,879.0,324762.11999999994,16,8,0.0026,252.10000000000002,112.6,89.10000000000001,174.10000000000002,1.1,142.7,201.10000000000002,29.0,8.89,14.24,17.38,-87.45,-96.89,518.5,51.76,3.0,Low-Volume / Low-Growth Prescribers
1000001010,CA,Internal Medicine,16322.1,14242.0,7788430.770000001,18,8,0.0424,3295.5,1287.7000000000003,3877.0,2943.4,24.2,2428.2,2309.3,156.8,23.75,14.88,18.03,319.62,45.97,10536.3,64.55,0.0,Diversified Prescribers
1000001014,CA,Family Practice,5508.599999999999,4762.0,2327544.25,17,8,0.0143,1567.0,512.7,1037.1999999999998,814.9,38.0,960.0,395.6,183.2,18.83,17.43,14.79,-46.83,7.2,3324.7999999999997,60.36,0.0,Diversified Prescribers
1000001024,IL,Physician Assistant,5363.099999999999,4623.0,1697556.3199999998,15,7,0.0139,1574.1999999999998,324.8,272.79999999999995,1570.4,0.0,733.3000000000001,848.0,39.6,5.09,13.67,29.28,82.91,157.34,2901.3,54.1,3.0,Low-Volume / Low-Growth Prescribers
1000001036,TX,Internal Medicine,20544.400000000005,17816.0,10826697.65,19,8,0.0534,2018.1,2768.2000000000003,4087.8,3896.5,30.0,4701.0,2515.6000000000004,527.2,19.9,22.88,18.97,-3.14,291.83,15453.5,75.22,0.0,Diversified Prescribers
1000001041,NC,Family Practice,971.3,846.0,394899.25999999995,15,8,0.0025,197.9,32.4,201.4,219.89999999999998,4.5,77.0,205.5,32.7,20.74,7.93,22.64,-39.25,59.24,530.6999999999999,54.64,3.0,Low-Volume / Low-Growth Prescribers
1000001044,OH,Nurse Practitioner,13529.899999999998,11605.0,6710223.74,17,7,0.0351,0.0,1681.5,477.5,4934.5,216.39999999999998,4673.6,1332.9,213.5,3.53,34.54,36.47,3200.24,313.73,11767.1,86.97,0.0,Diversified Prescribers
1000001058,FL,Internal Medicine,3754.099999999999,3255.0,1766108.49,14,7,0.0098,721.9,349.79999999999995,598.8000000000001,446.7,11.8,1274.5,350.6,0.0,15.95,33.95,11.9,373.93,86.64,2669.8,71.12,3.0,Low-Volume / Low-Growth Prescribers
1000001059,NC,Family Practice,480.3,416.0,227417.82000000004,12,7,0.0012,84.8,88.3,114.1,114.60000000000001,0.0,32.4,31.3,14.8,23.76,6.75,23.86,113.79,114.58,349.40000000000003,72.75,3.0,Low-Volume / Low-Growth Prescribers
1000001061,VA,Cardiology,662.7000000000002,570.0,272448.68000000005,13,5,0.0017,0.0,0.0,168.2,132.8,0.0,66.4,282.6,12.7,25.38,10.02,20.04,-81.8,-71.43,367.4,55.44,3.0,Low-Volume / Low-Growth Prescribers
1000001065,CA,Family Practice,5453.2,4731.0,2788385.55,19,7,0.0142,498.9,403.79999999999995,952.5999999999999,1357.5,0.0,1536.9,483.79999999999995,219.7,17.47,28.18,24.89,174.17,185.16,4250.8,77.95,0.0,Diversified Prescribers
1000001068,TN,Internal Medicine,4747.4,4168.0,1781464.1899999997,13,6,0.0123,1948.1,610.6,606.5,839.6999999999999,0.0,673.4000000000001,0.0,69.1,12.78,14.18,17.69,2.85,38.4,2730.2,57.51,3.0,Low-Volume / Low-Growth Prescribers
1000001078,IN,Internal Medicine,986.3,857.0,447853.93999999994,15,8,0.0026,187.60000000000002,45.8,236.2,254.70000000000002,2.3,85.1,146.9,27.7,23.95,8.63,25.82,-20.85,-23.83,621.8,63.04,3.0,Low-Volume / Low-Growth Prescribers
1000001080,CA,Family Practice,4459.999999999999,3919.0,2466622.119999999,20,8,0.0116,499.1,492.30000000000007,1011.0999999999999,1191.2,42.699999999999996,856.3000000000001,227.6,139.7,22.67,19.2,26.71,-29.84,252.51,3550.9000000000005,79.62,0.0,Diversified Prescribers
1000001123,MI,Family Practice,4339.799999999998,3758.0,1529455.5899999996,20,8,0.0113,949.2,279.2,340.4,947.6,27.0,958.4000000000001,640.0,198.0,7.84,22.08,21.84,-50.61,-83.64,2525.6000000000004,58.2,0.0,Diversified Prescribers
1000001179,TX,Internal Medicine,5152.499999999999,4481.0,2720666.14,18,8,0.0134,485.4,347.3,1188.6,803.5,13.7,1390.0,676.0,248.0,23.07,26.98,15.59,44.96,171.33,3729.4,72.38,0.0,Diversified Prescribers
1000001180,TX,Physician Assistant,2970.7000000000003,2539.0,1228282.4899999998,15,8,0.0077,592.4,208.4,573.3,461.50000000000006,35.5,503.59999999999997,514.7,81.3,19.3,16.95,15.54,-63.72,-85.56,1746.8,58.8,3.0,Low-Volume / Low-Growth Prescribers
1000001184,TX,Endocrinology,11790.899999999998,10215.0,6426763.65,21,8,0.0306,1914.3999999999999,734.5,2304.2,1314.3,40.5,4892.1,442.3,148.6,19.54,41.49,11.15,83.47,38.37,9245.1,78.41,0.0,Diversified Prescribers
1000001186,PA,Family Practice,11792.399999999998,10309.0,7132130.62,16,7,0.0306,1708.4,1220.3,3938.8,1667.0,95.0,2642.1,520.8,0.0,33.4,22.41,14.14,59.59,-4.5,9468.2,80.29,0.0,Diversified Prescribers
1000001190,TX,Endocrinology,10019.199999999999,8672.0,6344886.289999999,20,8,0.026,486.3,1016.1999999999999,4291.7,1023.5999999999999,36.4,1506.0,1498.1999999999998,160.8,42.83,15.03,10.22,78.68,242.06,7837.5,78.22,0.0,Diversified Prescribers
1000001202,IL,Endocrinology,2421.999999999999,2100.0,1481908.2999999998,19,7,0.0063,256.0,115.1,763.9999999999999,391.2,0.0,653.1,217.6,25.0,31.54,26.97,16.15,179.25,176.85,1923.3999999999999,79.41,0.0,Diversified Prescribers
1000001211,VA,Internal Medicine,476.40000000000003,420.0,212261.28999999998,14,7,0.0012,0.0,57.400000000000006,69.3,173.1,3.5,62.2,96.1,14.8,14.55,13.06,36.34,-21.15,9.27,362.0,75.99,3.0,Low-Volume / Low-Growth Prescribers
1000001212,PA,Endocrinology,1838.5,1603.0,1043711.1400000001,18,7,0.0048,105.8,103.19999999999999,451.49999999999994,261.6,0.0,646.8,227.60000000000002,42.0,24.56,35.18,14.23,85.18,64.51,1463.1,79.58,0.0,Diversified Prescribers
1000001236,OH,Nurse Practitioner,24241.6,20800.0,10460243.81,18,8,0.063,5839.8,1825.7999999999997,4019.7,5743.799999999999,151.7,3613.8,2594.9,452.1,16.58,14.91,23.69,102.36,267.87,15203.099999999999,62.71,1.0,High-Volume Core Prescribers
1000001247,VA,Endocrinology,36798.6,32477.0,19208375.359999996,21,8,0.0956,5816.1,1114.3,10189.0,4794.1,155.9,9892.7,4142.9,693.6,27.69,26.88,13.03,82.76,-5.83,25990.1,70.63,1.0,High-Volume Core Prescribers
1000001248,VA,Physician Assistant,35431.49999999999,30392.0,11124309.21,15,8,0.092,10070.099999999999,2365.8,6011.7,5918.7,223.79999999999998,1077.8,7604.0,2159.6,16.97,3.04,16.7,-85.64,-87.1,15374.0,43.39,1.0,High-Volume Core Prescribers
1000001249,GA,Family Practice,414.7,367.0,196624.44,11,6,0.0011,0.0,46.900000000000006,67.9,87.1,0.0,89.7,97.6,25.5,16.37,21.63,21.0,378.04,125.68,291.6,70.32,3.0,Low-Volume / Low-Growth Prescribers
1000001254,IN,Family Practice,13320.9,11295.0,6985409.75,17,6,0.0346,0.0,2340.5,2644.3,3431.3,111.8,2452.1,2340.9,0.0,19.85,18.41,25.76,-18.39,63.55,10868.2,81.59,0.0,Diversified Prescribers
1000001258,NY,Endocrinology,36839.59999999999,31580.0,24066196.60000001,20,8,0.0957,5153.6,3428.5,16961.6,6839.4,144.6,2315.9,1217.2,778.8,46.04,6.29,18.57,642.0,49.01,29545.4,80.2,1.0,High-Volume Core Prescribers
1000001259,FL,Family Practice,890.0,776.0,401125.52,16,8,0.0023,172.3,101.0,190.8,158.6,2.2,95.6,138.2,31.3,21.44,10.74,17.82,54.62,205.84,546.0,61.35,3.0,Low-Volume / Low-Growth Prescribers
1000001271,GA,Nurse Practitioner,2946.7,2542.0,1297210.2999999998,15,7,0.0077,694.5,426.7,434.29999999999995,1009.1999999999999,25.6,304.6,0.0,51.8,14.74,10.34,34.25,-56.39,-92.99,2174.7999999999997,73.8,3.0,Low-Volume / Low-Growth Prescribers
1000001281,NY,Family Practice,1038.2,892.0,506433.11,16,7,0.0027,174.7,57.400000000000006,174.9,311.6,0.0,224.9,79.0,15.7,16.85,21.66,30.01,-10.5,20.05,768.8000000000001,74.05,3.0,Low-Volume / Low-Growth Prescribers
1000001282,OH,Internal Medicine,17337.8,15267.0,9955416.069999998,17,7,0.045,3939.4,1851.6999999999998,6079.0,2588.2,25.1,1945.9999999999998,908.4,0.0,35.06,11.22,14.93,306.1,748.42,12464.900000000001,71.89,0.0,Diversified Prescribers
1000001293,IN,Family Practice,5901.900000000001,5168.0,3454726.59,16,8,0.0153,1073.9,557.0,1954.3,696.7,24.4,1081.5,416.0,98.1,33.11,18.32,11.8,79.44,193.16,4289.5,72.68,0.0,Diversified Prescribers
1000001327,CA,Family Practice,1181.5,1004.0,661436.4800000001,15,8,0.0031,198.3,123.19999999999999,467.20000000000005,91.0,2.3,95.80000000000001,140.10000000000002,63.60000000000001,39.54,8.11,7.7,-14.86,70.35,777.2,65.78,3.0,Low-Volume / Low-Growth Prescribers
1000001328,NY,Family Practice,4134.400000000001,3555.0,1797977.4100000001,17,7,0.0107,682.2,335.6,435.9,1146.8,0.0,1095.0,216.0,222.9,10.54,26.49,27.74,-64.98,-85.51,3013.3,72.88,0.0,Diversified Prescribers
1000001333,NY,Nephrology,5042.6,4313.0,2690990.35,15,7,0.0131,902.1,417.9,1731.5,889.2,12.4,310.6,778.9,0.0,34.34,6.16,17.63,-25.2,-29.4,3349.2,66.42,0.0,Diversified Prescribers
1000001339,NC,Endocrinology,40750.2,35706.0,29676993.89,20,7,0.1059,0.0,1498.0,16724.4,6066.299999999999,23.2,13369.6,2806.7,262.0,41.04,32.81,14.89,-21.36,230.55,37658.3,92.41,1.0,High-Volume Core Prescribers
1000001344,MA,Family Practice,16310.800000000001,14158.0,5572217.93,17,7,0.0424,3965.6000000000004,1274.0,529.5,4835.0,0.0,3502.1000000000004,1985.4,219.2,3.25,21.47,29.64,177.64,2.16,10140.6,62.17,0.0,Diversified Prescribers
1000001352,TN,Internal Medicine,666.2999999999998,576.0,365720.95999999996,12,5,0.0017,93.1,182.2,141.7,123.8,0.0,125.5,0.0,0.0,21.27,18.84,18.58,-84.94,-52.82,573.1999999999999,86.03,3.0,Low-Volume / Low-Growth Prescribers
1000001358,CA,Internal Medicine,948.3000000000001,810.0,457269.99999999994,16,7,0.0025,141.2,159.6,137.5,201.1,2.2,220.79999999999998,85.9,0.0,14.5,23.28,21.21,-40.35,19.83,719.0,75.82,3.0,Low-Volume / Low-Growth Prescribers
1000001359,OH,Family Practice,3806.7,3284.0,1525027.7999999998,16,7,0.0099,628.8,349.7,282.8,1332.5,0.0,757.0999999999999,344.6,111.2,7.43,19.89,35.0,12.7,-47.96,2722.1,71.51,0.0,Diversified Prescribers
1000001383,VA,Internal Medicine,16949.9,14683.0,8201051.37,17,7,0.044,0.0,2216.4,3906.1000000000004,2979.3,27.8,2934.8,4434.0,451.5,23.04,17.31,17.58,-31.49,-31.87,12036.600000000002,71.01,0.0,Diversified Prescribers
1000001386,IL,Family Practice,1116.7,955.0,351549.80000000005,17,7,0.0029,365.3,71.19999999999999,136.0,302.0,0.0,52.9,180.7,8.6,12.18,4.74,27.04,-23.16,46.26,562.1,50.34,3.0,Low-Volume / Low-Growth Prescribers
1000001391,OH,Endocrinology,10613.999999999998,9217.0,6072644.259999999,21,8,0.0276,726.0,787.7,2744.9,1203.8000000000002,52.400000000000006,3783.3,1202.6,113.3,25.86,35.64,11.34,106.1,62.16,8519.7,80.27,0.0,Diversified Prescribers
1000001395,TX,Family Practice,3082.4,2718.0,1530575.77,14,8,0.008,474.5,197.3,873.5999999999999,655.9,14.9,325.9,383.79999999999995,156.5,28.34,10.57,21.28,-18.36,154.59,2052.7,66.59,3.0,Low-Volume / Low-Growth Prescribers
1000001396,IN,Internal Medicine,4249.1,3726.0,1988585.31,16,6,0.011,0.0,343.20000000000005,194.8,1219.2,51.3,1625.7,814.9,0.0,4.58,38.26,28.69,-25.16,239.04,3382.8999999999996,79.61,0.0,Diversified Prescribers
1000001404,CA,Family Practice,41940.200000000004,36091.0,20197747.540000003,17,8,0.109,8991.5,2379.5,10129.599999999999,9741.0,351.7,6676.900000000001,3167.6,502.4,24.15,15.92,23.23,51.02,34.58,28927.0,68.97,1.0,High-Volume Core Prescribers
1000001408,TX,Family Practice,6266.2,5446.0,2697114.5699999994,17,8,0.0163,1675.7000000000003,202.29999999999998,1340.8000000000002,1473.3999999999996,19.7,749.8000000000001,627.4,177.1,21.4,11.97,23.51,-28.55,2.54,3766.3,60.11,0.0,Diversified Prescribers
1000001412,GA,Internal Medicine,911.1999999999998,805.0,508664.58999999997,15,5,0.0024,0.0,63.0,182.60000000000002,430.1,0.0,142.9,92.6,0.0,20.04,15.68,47.2,2.64,-8.32,818.6,89.84,3.0,Low-Volume / Low-Growth Prescribers
1000001419,OH,Physician Assistant,5259.3,4609.0,2030823.0700000003,18,8,0.0137,1058.4,667.5,881.2,1350.3,14.9,313.5,834.6,138.9,16.76,5.96,25.67,-83.93,-86.59,3212.5,61.08,0.0,Diversified Prescribers
1000001440,NY,Physician Assistant,3176.7000000000007,2790.0,1333591.13,14,6,0.0083,0.0,185.4,286.4,1349.0,15.7,604.1,736.1,0.0,9.02,19.02,42.47,-37.49,-63.87,2424.9,76.33,3.0,Low-Volume / Low-Growth Prescribers
1000001443,MA,Internal Medicine,37512.200000000004,32680.0,23510780.24,20,7,0.0975,0.0,3760.5,11414.4,9738.9,155.4,7740.9,3366.0,1336.1,30.43,20.64,25.96,421.15,302.89,32654.699999999997,87.05,1.0,High-Volume Core Prescribers
1000001448,GA,Physician Assistant,3938.7,3403.0,2249122.9000000004,15,7,0.0102,0.0,243.9,904.4000000000001,1232.8999999999999,13.2,924.5,438.09999999999997,181.7,22.96,23.47,31.3,122.74,282.92,3305.7,83.93,0.0,Diversified Prescribers
1000001451,TX,Family Practice,30031.2,26885.0,14765144.03,17,8,0.078,3927.3,4319.5,7653.2,4330.9,250.5,4851.1,3729.0,969.7,25.48,16.15,14.42,107.94,-48.67,21154.699999999997,70.44,1.0,High-Volume Core Prescribers
1000001458,MI,Internal Medicine,789.6,675.0,398902.1399999999,14,6,0.0021,127.4,128.7,219.8,123.7,0.0,95.5,94.5,0.0,27.84,12.09,15.67,-63.55,-76.27,567.7,71.9,3.0,Low-Volume / Low-Growth Prescribers
1000001480,NC,Family Practice,1031.4,896.0,451780.30000000005,12,6,0.0027,248.8,24.4,182.5,264.90000000000003,0.0,190.0,120.8,0.0,17.69,18.42,25.68,82.22,491.97,661.8,64.17,3.0,Low-Volume / Low-Growth Prescribers
1000001496,PA,Family Practice,4697.1,4112.0,2486142.13,17,7,0.0122,522.0,173.1,923.6999999999999,1732.2,0.0,948.3000000000001,263.0,134.8,19.67,20.19,36.88,-21.15,94.6,3777.3,80.42,0.0,Diversified Prescribers
1000001499,TX,Nurse Practitioner,696.4,597.0,351875.31999999995,13,7,0.0018,0.0,22.9,140.9,240.7,2.1,170.1,91.2,28.5,20.23,24.43,34.56,76.52,-78.62,574.5999999999999,82.51,3.0,Low-Volume / Low-Growth Prescribers
1000001501,TX,Internal Medicine,821.8,731.0,277071.12,12,6,0.0021,172.6,22.3,83.8,334.29999999999995,0.0,41.9,166.9,0.0,10.2,5.1,40.68,4.25,-63.94,482.29999999999995,58.69,3.0,Low-Volume / Low-Growth Prescribers
1000001504,TX,Internal Medicine,16193.5,14114.0,6988958.35,20,8,0.0421,2154.9,1380.0,1816.2999999999997,6755.2,92.5,2239.3,1523.4,231.9,11.22,13.83,41.72,-68.05,-10.09,12190.8,75.28,0.0,Diversified Prescribers
1000001519,CA,Physician Assistant,4082.1,3552.0,2220086.96,13,7,0.0106,0.0,69.9,995.6,1266.3000000000002,7.5,878.0,794.3,70.5,24.39,21.51,31.02,12.49,77.12,3209.8,78.63,3.0,Low-Volume / Low-Growth Prescribers
1000001523,CA,Endocrinology,9187.1,7912.0,5349784.2700000005,20,8,0.0239,1027.7,473.4,3066.1,2026.0,35.1,1673.7,800.5999999999999,84.5,33.37,18.22,22.05,-42.98,-12.07,7239.2,78.8,0.0,Diversified Prescribers
1000001524,CA,Internal Medicine,5089.1,4463.0,1784694.8299999996,17,8,0.0132,1691.8,239.5,908.1,1142.3000000000002,8.5,234.59999999999997,555.2,309.09999999999997,17.84,4.61,22.45,-44.98,26.9,2524.5,49.61,0.0,Diversified Prescribers
1000001528,GA,Family Practice,15421.6,13446.0,8814268.68,16,7,0.0401,0.0,1437.0,3268.3999999999996,4965.0,55.1,3758.8,1739.7,197.6,21.19,24.37,32.2,-60.42,11.93,13429.2,87.08,0.0,Diversified Prescribers
1000001550,IL,Physician Assistant,4783.7,4134.0,2526427.42,17,7,0.0124,0.0,458.5,418.0,1047.7,20.200000000000003,2275.5,411.5,152.3,8.74,47.57,21.9,175.65,230.34,4199.7,87.79,0.0,Diversified Prescribers
1000001551,VA,Family Practice,6135.3,5311.0,2289035.9000000004,19,8,0.0159,1927.1999999999998,477.90000000000003,527.8,2228.4,37.900000000000006,712.7,166.5,56.9,8.6,11.62,36.32,51.08,53.02,3946.8,64.33,0.0,Diversified Prescribers
1000001552,IL,Family Practice,3744.7999999999997,3206.0,1888183.9999999998,15,7,0.0097,649.1,237.5,903.5,930.7,0.0,681.6999999999999,263.8,78.5,24.13,18.2,24.85,-0.42,71.45,2753.3999999999996,73.53,3.0,Low-Volume / Low-Growth Prescribers
1000001583,TX,Internal Medicine,5795.900000000001,4944.0,2443497.17,17,8,0.0151,1787.0,533.4000000000001,984.1999999999999,943.3999999999999,18.1,1150.4,197.7,181.7,16.98,19.85,16.28,-65.47,-65.93,3611.3999999999996,62.31,0.0,Diversified Prescribers
1000001588,GA,Internal Medicine,19941.199999999997,16984.0,9266885.32,19,8,0.0518,3596.9,599.1,2973.7000000000003,6164.5,98.8,4887.8,1327.6,292.8,14.91,24.51,30.91,154.07,127.0,14625.1,73.34,0.0,Diversified Prescribers
1000001596,CA,Internal Medicine,2147.3,1883.0,1219000.44,13,6,0.0056,0.0,268.0,610.9,338.8,22.2,501.2,406.2,0.0,28.45,23.34,15.78,343.27,276.4,1718.8999999999999,80.05,3.0,Low-Volume / Low-Growth Prescribers
1000001615,GA,Family Practice,4809.700000000001,4213.0,2821684.37,15,7,0.0125,635.1,489.4,1454.5,822.1,21.1,957.1999999999999,430.3,0.0,30.24,19.9,17.09,30.44,17.1,3723.2,77.41,0.0,Diversified Prescribers
1000001617,VA,Family Practice,13558.3,11632.0,5764402.769999999,19,8,0.0352,1634.1,1050.5,2013.3000000000002,4765.3,59.9,2080.2000000000003,1264.9,690.1,14.85,15.34,35.15,-71.21,-77.22,9909.3,73.09,0.0,Diversified Prescribers
1000001626,PA,Internal Medicine,17522.799999999996,15564.0,9369514.119999997,19,8,0.0455,2962.5,2352.3,4426.3,4331.5,128.0,1780.2,1289.1999999999998,252.8,25.26,10.16,24.72,737.77,69.42,12890.3,73.56,0.0,Diversified Prescribers
1000001637,IN,Endocrinology,27896.59999999999,23930.0,15664298.640000004,19,8,0.0725,1802.5,1031.6,6982.1,4186.7,108.7,10252.9,2750.1000000000004,782.0,25.03,36.75,15.01,-57.29,-54.61,22453.3,80.49,1.0,High-Volume Core Prescribers
1000001638,NC,Nephrology,22514.5,19652.0,12508947.059999999,21,8,0.0585,1839.6,1578.2,6234.0,7191.9,79.4,2732.8999999999996,2546.8,311.7,27.69,12.14,31.94,-27.92,14.26,17737.0,78.78,1.0,High-Volume Core Prescribers
1000001641,NY,Nurse Practitioner,13291.9,11648.0,4976400.4,17,7,0.0345,3616.5,0.0,1801.1999999999998,3854.2,110.0,2108.8,1548.4,252.8,13.55,15.87,29.0,1.73,-41.47,7764.2,58.41,0.0,Diversified Prescribers
1000001650,OH,Endocrinology,37365.799999999996,32579.0,21397436.619999997,19,7,0.0971,4461.6,2128.7999999999997,10995.4,5215.6,127.1,10698.2,3739.1,0.0,29.43,28.63,13.96,102.49,86.96,29038.0,77.71,1.0,High-Volume Core Prescribers
1000001692,AZ,Internal Medicine,27617.9,24347.0,13267314.89,18,7,0.0717,0.0,3513.8,3155.6000000000004,7871.900000000001,489.7,6638.700000000001,5490.700000000001,457.5,11.43,24.04,28.5,-33.46,224.18,21180.000000000004,76.69,1.0,High-Volume Core Prescribers
1000001693,IN,Endocrinology,2639.8999999999996,2311.0,1718004.21,19,8,0.0069,232.6,107.5,970.6999999999999,557.6,1.2,627.4,127.0,15.9,36.77,23.77,21.12,-5.64,125.95,2263.2,85.73,0.0,Diversified Prescribers
1000001695,TX,Endocrinology,28877.900000000005,25063.0,15363395.980000002,21,8,0.075,5346.8,3601.5000000000005,8565.3,3456.1000000000004,83.3,4958.900000000001,2571.6,294.4,29.66,17.17,11.97,-78.39,-19.58,20581.800000000003,71.27,1.0,High-Volume Core Prescribers
1000001698,TX,Physician Assistant,4430.799999999999,3833.0,2271035.42,15,8,0.0115,932.2,216.5,943.7,1212.0,13.3,792.5,255.3,65.3,21.3,17.89,27.35,160.66,35.53,3164.7,71.43,0.0,Diversified Prescribers
1000001699,CA,Internal Medicine,971.5,837.0,451451.25,14,6,0.0025,244.1,32.8,170.5,289.5,0.0,199.70000000000002,34.9,0.0,17.55,20.56,29.8,-76.58,-75.22,692.5,71.28,3.0,Low-Volume / Low-Growth Prescribers
1000001706,TX,Family Practice,3557.7,3127.0,1918493.5499999998,18,7,0.0092,0.0,589.9,992.8,966.6,14.0,283.5,555.3,155.60000000000002,27.91,7.97,27.17,-40.96,-4.37,2832.7999999999997,79.62,0.0,Diversified Prescribers
1000001707,FL,Internal Medicine,3349.5,2934.0,1888364.7699999998,16,8,0.0087,473.9,324.6,1029.2,595.8,27.8,348.1,445.3,104.8,30.73,10.39,17.79,378.25,197.52,2297.7,68.6,0.0,Diversified Prescribers
1000001708,NY,Family Practice,3321.5,2892.0,1168478.59,15,8,0.0086,395.5,590.7,396.2,770.7,14.4,109.5,927.8,116.7,11.93,3.3,23.2,97.56,10.54,1867.1000000000001,56.21,3.0,Low-Volume / Low-Growth Prescribers
1000001709,CA,Family Practice,971.0999999999999,835.0,365145.96,18,8,0.0025,178.2,65.0,105.9,180.89999999999998,6.8,198.3,180.20000000000002,55.800000000000004,10.91,20.42,18.63,23.96,-16.81,550.1,56.65,3.0,Low-Volume / Low-Growth Prescribers
1000001713,FL,Internal Medicine,17536.100000000002,15436.0,9478208.969999999,18,7,0.0456,3423.6,1184.3,4296.6,5242.2,75.30000000000001,2749.2,0.0,564.9,24.5,15.68,29.89,-1.26,22.75,13472.3,76.83,0.0,Diversified Prescribers
1000001720,AZ,Endocrinology,12539.2,10816.0,7664244.960000001,19,8,0.0326,1042.1,918.2,2876.4,2000.1999999999998,11.7,5098.200000000001,474.1,118.3,22.94,40.66,15.95,37.71,150.06,10893.0,86.87,0.0,Diversified Prescribers
1000001725,OH,Endocrinology,2751.4000000000005,2389.0,1582152.99,19,8,0.0071,437.4,158.4,960.8,324.3,4.6,521.4000000000001,280.7,63.8,34.92,18.95,11.79,-17.61,7.05,1964.9,71.41,0.0,Diversified Prescribers
1000001732,IL,Internal Medicine,14957.2,12786.0,4529763.140000001,15,8,0.0389,4150.2,1214.9,590.0,2488.4,25.2,3153.9,2291.1000000000004,1043.5,3.94,21.09,16.64,289.49,1047.68,7447.200000000001,49.79,0.0,Diversified Prescribers
1000001735,TN,Nurse Practitioner,862.9000000000001,741.0,540328.8999999999,16,7,0.0022,0.0,46.3,278.2,370.40000000000003,1.1,79.9,61.7,25.3,32.24,9.26,42.93,213.05,862.98,774.8000000000001,89.79,3.0,Low-Volume / Low-Growth Prescribers
1000001737,NC,Internal Medicine,3020.5,2594.0,1504675.99,13,7,0.0078,0.0,285.79999999999995,400.4,929.5,17.2,791.4000000000001,445.3,150.9,13.26,26.2,30.77,-50.07,-16.18,2407.1000000000004,79.69,3.0,Low-Volume / Low-Growth Prescribers
1000001749,CA,Endocrinology,2158.5,1869.0,1437385.6799999997,19,8,0.0056,109.0,88.5,815.6000000000001,379.29999999999995,1.2,643.9,91.8,29.200000000000003,37.79,29.83,17.57,-10.19,-12.78,1927.3,89.29,0.0,Diversified Prescribers
1000001753,CA,Internal Medicine,4625.099999999999,4004.0,1962007.7400000002,17,8,0.012,482.2,331.0,452.90000000000003,1613.3000000000002,26.0,881.0,698.4,140.3,9.79,19.05,34.88,310.0,106.1,3278.2000000000003,70.88,0.0,Diversified Prescribers
1000001761,TN,Nurse Practitioner,3087.0000000000005,2722.0,1212305.6,13,7,0.008,495.4,347.6,313.5,834.8000000000001,0.0,514.1999999999999,519.7,61.8,10.16,16.66,27.04,-36.39,-51.24,2010.1,65.11,3.0,Low-Volume / Low-Growth Prescribers
1000001762,TX,Endocrinology,10668.500000000002,9282.0,4419826.98,21,8,0.0277,2275.0,767.1999999999999,1459.5,2058.8999999999996,14.6,2696.1000000000004,1111.1999999999998,286.0,13.68,25.27,19.3,-43.19,-33.62,6981.7,65.44,0.0,Diversified Prescribers
1000001775,NC,Internal Medicine,1047.6,905.0,399194.25999999995,17,7,0.0027,86.7,144.0,100.8,226.39999999999998,2.3,182.39999999999998,305.0,0.0,9.62,17.41,21.61,11.26,42.06,653.5999999999999,62.39,3.0,Low-Volume / Low-Growth Prescribers
1000001782,MI,Internal Medicine,15273.000000000002,13132.0,5835089.260000001,17,8,0.0397,3394.3,811.6,2865.8999999999996,4491.3,64.7,732.2,2639.9,273.1,18.76,4.79,29.41,-30.45,-58.08,8901.0,58.28,0.0,Diversified Prescribers
1000001806,NY,Family Practice,1037.2,906.0,410918.86000000004,15,8,0.0027,227.3,92.1,147.4,181.0,3.7,201.90000000000003,150.79999999999998,33.0,14.21,19.47,17.45,62.65,-55.57,622.4000000000001,60.01,3.0,Low-Volume / Low-Growth Prescribers
1000001809,AZ,Endocrinology,14529.999999999998,12672.0,8805028.969999999,20,7,0.0377,1799.8000000000002,759.8,4868.2,2149.4,0.0,3971.6,841.2,140.0,33.5,27.33,14.79,11.04,30.43,11748.999999999998,80.86,0.0,Diversified Prescribers
1000001814,FL,Endocrinology,13675.2,11834.0,8058204.84,21,8,0.0355,1406.0,750.8,3822.4,2413.2,83.30000000000001,4184.799999999999,794.9,219.79999999999998,27.95,30.6,17.65,-36.9,29.18,11171.199999999997,81.69,0.0,Diversified Prescribers
1000001817,OH,Family Practice,3442.4000000000005,3043.0,1101172.0,13,6,0.0089,1207.3,112.7,445.29999999999995,584.3,0.0,523.9000000000001,568.9000000000001,0.0,12.94,15.22,16.97,445.6,77.97,1666.2,48.4,3.0,Low-Volume / Low-Growth Prescribers
1000001822,IL,Family Practice,27137.100000000002,23772.0,10676036.44,17,8,0.0705,2947.3,355.79999999999995,4523.0,6443.1,284.5,4877.5,7155.6,550.3,16.67,17.97,23.74,-67.04,-85.1,16199.4,59.69,1.0,High-Volume Core Prescribers
1000001838,PA,Physician Assistant,5309.700000000002,4631.0,2077220.5199999998,17,8,0.0138,892.5999999999999,210.0,1050.4,1415.0,27.3,333.2,1240.5000000000002,140.7,19.78,6.28,26.65,-10.11,156.1,3008.6000000000004,56.66,0.0,Diversified Prescribers
1000001870,NC,Family Practice,421.1,370.0,243428.81,11,4,0.0011,0.0,82.9,75.5,198.0,0.0,64.7,0.0,0.0,17.93,15.36,47.02,29.47,-1.17,421.1,100.0,3.0,Low-Volume / Low-Growth Prescribers
1000001872,IN,Internal Medicine,4575.0,4023.0,2098063.01,21,8,0.0119,586.6,423.5,779.9000000000001,1568.0,24.700000000000003,588.6,548.6,55.1,17.05,12.87,34.27,-36.33,358.11,3360.0,73.44,0.0,Diversified Prescribers
1000001877,TN,Internal Medicine,5813.5,4990.0,2322324.08,17,8,0.0151,1147.7,391.1,524.1,2129.0,30.299999999999997,990.0,250.9,350.4,9.02,17.03,36.62,13.5,77.87,4034.2,69.39,0.0,Diversified Prescribers
1000001887,MI,Internal Medicine,764.3,652.0,479717.93999999994,11,5,0.002,0.0,30.8,303.1,186.3,0.0,85.5,158.60000000000002,0.0,39.66,11.19,24.38,156.51,130.55,605.7,79.25,3.0,Low-Volume / Low-Growth Prescribers
1000001888,FL,Family Practice,8022.299999999998,7030.0,4646177.220000001,14,7,0.0208,0.0,1031.0,1661.9,1083.4,70.4,3161.3,834.7,179.6,20.72,39.41,13.5,-59.66,-37.32,6937.6,86.48,0.0,Diversified Prescribers
1000001897,FL,Internal Medicine,851.4999999999999,734.0,417466.35000000003,16,7,0.0022,125.4,30.1,133.4,349.99999999999994,2.5,179.60000000000002,30.5,0.0,15.67,21.09,41.1,107.67,128.35,693.0999999999999,81.4,3.0,Low-Volume / Low-Growth Prescribers
1000001899,TN,Family Practice,809.0999999999999,710.0,387229.65,15,6,0.0021,128.3,69.2,104.6,251.3,0.0,207.29999999999998,48.4,0.0,12.93,25.62,31.06,42.57,162.43,632.4,78.16,3.0,Low-Volume / Low-Growth Prescribers
1000001905,MA,Internal Medicine,4807.200000000001,4113.0,1962487.89,17,8,0.0125,1014.7,443.20000000000005,749.2,1412.3,18.2,498.0,539.5,132.1,15.58,10.36,29.38,518.45,58.33,3102.7,64.54,0.0,Diversified Prescribers
1000001914,TX,Internal Medicine,17460.5,15111.0,8681403.76,20,8,0.0454,2484.8,1898.6,3482.7000000000003,4443.4,131.6,3544.1,1333.3,142.0,19.95,20.3,25.45,-69.05,-64.15,13368.8,76.57,0.0,Diversified Prescribers
1000001923,FL,Internal Medicine,531.1999999999999,460.0,326041.31999999995,12,6,0.0014,0.0,45.5,170.4,203.0,0.0,70.2,29.4,12.7,32.08,13.22,38.22,14.17,336.75,489.1,92.07,3.0,Low-Volume / Low-Growth Prescribers
1000001930,GA,Family Practice,12774.400000000001,11081.0,5783003.379999999,16,7,0.0332,1921.2,743.6,1933.7,3590.5999999999995,143.5,3095.0,1346.8,0.0,15.14,24.23,28.11,53.75,-77.38,9362.9,73.29,0.0,Diversified Prescribers
1000001936,IL,Internal Medicine,19904.0,17208.0,9353278.71,18,8,0.0517,3555.8,352.1,2647.2,4565.1,65.8,6706.800000000001,1735.4,275.8,13.3,33.7,22.94,102.6,270.44,14271.2,71.7,0.0,Diversified Prescribers
1000001947,PA,Endocrinology,41346.5,35866.0,25561427.41,22,8,0.1074,5441.1,2831.4000000000005,14607.699999999999,5551.299999999999,132.10000000000002,10404.999999999998,1849.8000000000002,528.0999999999999,35.33,25.17,13.43,-10.39,102.98,33395.399999999994,80.77,1.0,High-Volume Core Prescribers
1000001949,IL,Internal Medicine,41951.60000000001,37081.0,20160517.42,17,8,0.109,5047.0,3745.0,10297.0,9261.3,61.8,5861.3,7248.9,429.3,24.54,13.97,22.08,-88.23,-70.75,29164.6,69.52,1.0,High-Volume Core Prescribers
1000001969,MI,Endocrinology,2009.3999999999999,1736.0,1038689.2100000001,20,8,0.0052,324.9,216.89999999999998,348.4,318.0,4.8,692.0999999999999,90.1,14.2,17.34,34.44,15.83,-85.7,-55.48,1575.4,78.4,0.0,Diversified Prescribers
1000001970,NC,Endocrinology,2131.8,1881.0,1158629.1400000001,17,8,0.0055,423.5,103.3,592.7,316.6,2.2,561.3,74.5,57.7,27.8,26.33,14.85,172.89,115.23,1573.9,73.83,0.0,Diversified Prescribers
1000001972,NC,Internal Medicine,1123.8000000000002,954.0,526345.36,16,7,0.0029,109.3,122.0,183.8,282.9,2.5,219.0,204.3,0.0,16.36,19.49,25.17,-56.27,-36.79,807.6999999999999,71.87,3.0,Low-Volume / Low-Growth Prescribers
1000001987,NY,Internal Medicine,841.6,742.0,509280.05000000005,13,7,0.0022,112.8,58.2,272.3,246.2,3.4,102.7,46.0,0.0,32.36,12.2,29.25,44.78,349.49,679.4,80.73,3.0,Low-Volume / Low-Growth Prescribers
1000001988,NY,Internal Medicine,13828.600000000002,11971.0,4975343.06,16,8,0.0359,3301.8999999999996,781.1,2324.9,2021.9,83.0,1659.0,3413.0,243.8,16.81,12.0,14.62,235.14,932.54,6786.9,49.08,0.0,Diversified Prescribers
1000001989,GA,Family Practice,3148.9,2715.0,1354254.83,16,8,0.0082,412.0,549.7,470.1,884.3,26.099999999999998,321.8,350.7,134.2,14.93,10.22,28.08,-89.52,-93.77,2225.9,70.69,0.0,Diversified Prescribers
1000001993,TX,Endocrinology,11674.399999999998,10102.0,6993444.979999999,22,8,0.0303,1137.8000000000002,797.9,3626.5,1166.1,31.1,3465.3999999999996,1395.9,53.7,31.06,29.68,9.99,106.29,140.53,9055.9,77.57,0.0,Diversified Prescribers
1000002003,CA,Internal Medicine,806.8,703.0,349111.32,18,8,0.0021,104.8,95.5,84.2,263.70000000000005,5.7,159.4,78.69999999999999,14.8,10.44,19.76,32.68,585.65,-5.97,602.8000000000001,74.71,3.0,Low-Volume / Low-Growth Prescribers
1000002011,AZ,Endocrinology,11900.8,10361.0,6515135.76,20,7,0.0309,1040.6,813.0999999999999,2719.8,1918.1999999999998,0.0,3876.7000000000003,1237.7,294.7,22.85,32.58,16.12,-72.59,-54.29,9327.8,78.38,0.0,Diversified Prescribers
1000002019,TX,Family Practice,35319.6,30658.0,16066420.979999997,20,8,0.0918,3173.1,3302.3,5144.1,10263.2,119.1,7393.900000000001,5258.9,665.0,14.56,20.93,29.06,3.22,-18.67,26103.5,73.91,1.0,High-Volume Core Prescribers
1000002065,FL,Family Practice,872.6000000000001,765.0,308054.64999999997,15,7,0.0023,319.9,85.9,81.6,234.89999999999998,2.3,123.39999999999999,0.0,24.6,9.35,14.14,26.92,-93.18,-84.91,525.8,60.26,3.0,Low-Volume / Low-Growth Prescribers
1000002078,NY,Cardiology,886.2,782.0,433844.29000000004,14,7,0.0023,81.7,27.3,186.3,290.59999999999997,0.0,169.10000000000002,115.99999999999999,15.2,21.02,19.08,32.79,0.87,43.32,673.3,75.98,3.0,Low-Volume / Low-Growth Prescribers
1000002079,IL,Family Practice,13893.7,11900.0,7598906.769999998,17,7,0.0361,0.0,1558.7,1829.4,6124.6,144.2,3285.6000000000004,615.2,336.0,13.17,23.65,44.08,308.95,62.42,12798.3,92.12,0.0,Diversified Prescribers
1000002081,IN,Endocrinology,2329.5,2065.0,1347779.74,19,8,0.0061,294.9,160.6,802.5,390.1,1.2,436.4,228.6,15.2,34.45,18.73,16.75,-72.43,-55.7,1789.6,76.82,0.0,Diversified Prescribers
1000002083,CA,Nurse Practitioner,3554.7999999999993,3040.0,2463054.79,16,7,0.0092,0.0,508.7,1515.8000000000002,597.6,17.8,679.9,186.0,49.0,42.64,19.13,16.81,-57.83,99.3,3302.0,92.89,0.0,Diversified Prescribers
1000002092,NY,Internal Medicine,739.0999999999999,626.0,338437.32,16,6,0.0019,87.8,55.3,101.99999999999999,262.0,0.0,132.4,99.6,0.0,13.8,17.91,35.45,-64.67,-51.27,551.7,74.64,3.0,Low-Volume / Low-Growth Prescribers
1000002093,TN,Internal Medicine,751.2,660.0,332186.74,14,6,0.002,96.4,62.300000000000004,88.0,242.2,0.0,149.5,112.8,0.0,11.71,19.9,32.24,31.84,130.95,542.0,72.15,3.0,Low-Volume / Low-Growth Prescribers
1000002100,IL,Nurse Practitioner,1025.8,893.0,509632.16,17,7,0.0027,119.1,35.8,209.3,263.7,0.0,226.0,157.5,14.4,20.4,22.03,25.71,62.15,-1.29,734.8,71.63,3.0,Low-Volume / Low-Growth Prescribers
1000002105,CA,Internal Medicine,768.5,671.0,370258.76,14,6,0.002,105.7,149.6,124.60000000000001,269.90000000000003,0.0,75.4,43.3,0.0,16.21,9.81,35.12,-21.78,-38.77,619.5,80.61,3.0,Low-Volume / Low-Growth Prescribers
1000002118,PA,Endocrinology,46470.399999999994,39741.0,27821129.98,21,8,0.1207,5144.7,2696.3999999999996,14029.5,8241.6,273.2,11475.599999999999,3846.2999999999997,763.0999999999999,30.19,24.69,17.74,43.73,28.5,36443.1,78.42,1.0,High-Volume Core Prescribers
1000002119,GA,Nurse Practitioner,5633.5,4993.0,2963625.44,17,6,0.0146,549.7,531.3,1346.1999999999998,1119.6999999999998,0.0,1258.5,828.1,0.0,23.9,22.34,19.88,-6.0,122.75,4255.7,75.54,0.0,Diversified Prescribers
1000002123,IL,Internal Medicine,4613.8,3970.0,2002384.7200000002,17,8,0.012,840.9,429.1,1154.3999999999999,655.3,12.2,350.4,1083.0,88.5,25.02,7.59,14.2,13.41,1669.08,2589.2,56.12,0.0,Diversified Prescribers
1000002138,CA,Internal Medicine,5633.8,4915.0,2651355.4200000004,18,8,0.0146,1176.9,323.70000000000005,1531.5,951.0000000000001,15.5,632.9000000000001,941.9,60.4,27.18,11.23,16.88,-11.98,2.86,3439.1000000000004,61.04,0.0,Diversified Prescribers
1000002149,TN,Family Practice,14033.2,12118.0,5709199.149999999,17,8,0.0365,2093.2,820.0999999999999,3187.8,3183.9,138.2,1000.6999999999999,3154.4,454.9,22.72,7.13,22.69,-80.38,-83.84,8192.5,58.38,0.0,Diversified Prescribers
1000002169,CA,Internal Medicine,648.5000000000001,562.0,270450.97000000003,14,7,0.0017,90.4,62.3,80.10000000000001,222.10000000000002,0.0,93.1,72.4,28.1,12.35,14.36,34.25,-58.65,-16.74,457.6,70.56,3.0,Low-Volume / Low-Growth Prescribers
1000002175,TN,Family Practice,3690.4,3216.0,1385313.8499999999,14,7,0.0096,614.9,494.8,252.0,890.0,47.9,697.6,693.2,0.0,6.83,18.9,24.12,30.77,36.89,2334.4,63.26,3.0,Low-Volume / Low-Growth Prescribers
1000002183,FL,Internal Medicine,4317.5,3684.0,2451200.4400000004,17,7,0.0112,0.0,326.70000000000005,1205.1,789.9,15.1,1020.6999999999999,912.6,47.4,27.91,23.64,18.3,97.28,73.39,3342.4,77.42,0.0,Diversified Prescribers
1000002204,PA,Family Practice,17547.300000000003,15496.0,9654286.57,20,8,0.0456,1575.0,999.6,5021.2,4585.5,43.6,2679.1,2144.0,499.3,28.62,15.27,26.13,55.62,37.88,13285.4,75.71,0.0,Diversified Prescribers
1000002210,CA,Family Practice,1070.1,929.0,387395.07,14,7,0.0028,220.0,50.8,103.3,213.7,0.0,240.8,228.1,13.4,9.65,22.5,19.97,-42.24,-26.35,608.6,56.87,3.0,Low-Volume / Low-Growth Prescribers
1000002211,TX,Family Practice,3692.9999999999995,3178.0,1727461.3599999999,16,8,0.0096,490.4,99.6,885.5,1144.9,14.1,482.40000000000003,448.3,127.8,23.98,13.06,31.0,920.88,-63.81,2612.4,70.74,0.0,Diversified Prescribers
1000002217,NY,Internal Medicine,2789.6,2480.0,1557382.53,13,7,0.0072,543.0,519.0,810.0999999999999,614.0,36.8,186.3,0.0,80.4,29.04,6.68,22.01,7.27,3.69,2129.3999999999996,76.33,3.0,Low-Volume / Low-Growth Prescribers
1000002222,TN,Endocrinology,47093.6,41634.0,31181512.840000004,20,8,0.1223,4030.6,2245.7,16326.4,5622.599999999999,224.70000000000002,15629.399999999998,2764.3,249.9,34.67,33.19,11.94,-0.8,120.26,39824.09999999999,84.56,1.0,High-Volume Core Prescribers
1000002224,OH,Endocrinology,15605.0,13695.0,9855713.96,21,8,0.0405,1631.8000000000002,454.30000000000007,5179.1,2097.2,33.0,5198.2,863.3,148.1,33.19,33.31,13.44,-11.87,15.56,12928.8,82.85,0.0,Diversified Prescribers
1000002226,FL,Internal Medicine,5462.3,4647.0,2622566.8900000006,18,8,0.0142,439.1,273.29999999999995,505.2,2141.6,13.7,1636.9,397.7,54.8,9.25,29.97,39.21,389.35,-24.76,4557.0,83.43,0.0,Diversified Prescribers
1000002230,PA,Family Practice,13292.0,11512.0,5831194.609999999,15,8,0.0345,3357.5,432.8,4075.4,1629.2,166.79999999999998,892.6999999999999,2431.4,306.2,30.66,6.72,12.26,-47.83,56.14,7030.1,52.89,0.0,Diversified Prescribers
1000002231,TX,Endocrinology,8514.3,7413.0,3898110.51,21,8,0.0221,1007.0,576.5,1012.6,1533.6,38.800000000000004,2894.3999999999996,1277.6,173.8,11.89,33.99,18.01,-33.72,205.98,6017.1,70.67,0.0,Diversified Prescribers
1000002233,FL,Nurse Practitioner,4630.1,4059.0,2327772.34,18,7,0.012,596.5,246.6,1081.3000000000002,1529.5000000000002,31.2,560.4000000000001,584.6,0.0,23.35,12.1,33.03,277.33,172.08,3417.8,73.82,0.0,Diversified Prescribers
1000002234,TX,Family Practice,902.4,786.0,434655.31,19,8,0.0023,114.5,73.6,227.00000000000003,219.3,1.1,101.5,152.9,12.5,25.16,11.25,24.3,-55.81,-24.95,621.4000000000001,68.86,0.0,Diversified Prescribers
1000002237,CA,Internal Medicine,19149.100000000002,16707.0,6936950.56,19,8,0.0497,3933.2,1288.4,1155.5,5800.1,232.2,3753.2,2727.9,258.6,6.03,19.6,30.29,7.76,10.16,11997.2,62.65,0.0,Diversified Prescribers
1000002263,FL,Internal Medicine,4972.8,4328.0,2610807.41,17,6,0.0129,411.0,348.5,1431.3000000000002,1138.6,0.0,624.0,1019.4,0.0,28.78,12.55,22.9,-29.13,-2.88,3542.4,71.24,0.0,Diversified Prescribers
1000002268,MA,Internal Medicine,10336.499999999998,9092.0,6392837.6,17,6,0.0269,0.0,617.3,3527.2999999999997,2279.3,144.4,2329.6,1438.6,0.0,34.12,22.54,22.05,-42.94,7.74,8753.5,84.69,0.0,Diversified Prescribers
1000002270,CA,Endocrinology,2428.7,2113.0,1413543.82,17,7,0.0063,272.9,154.6,556.1,443.40000000000003,0.0,878.7,107.1,15.9,22.9,36.18,18.26,225.33,212.03,2032.8000000000002,83.7,0.0,Diversified Prescribers
1000002271,MA,Internal Medicine,713.4,610.0,303371.42,11,5,0.0019,116.7,12.6,18.9,384.3,0.0,180.9,0.0,0.0,2.65,25.36,53.87,38.07,-28.3,596.7,83.64,3.0,Low-Volume / Low-Growth Prescribers
1000002286,IN,Cardiology,19512.7,16948.0,8992118.489999998,18,8,0.0507,4215.4,1748.2,3773.0,3123.6,206.49999999999997,3787.0,2147.7999999999997,511.2,19.34,19.41,16.01,-12.76,147.86,12431.800000000001,63.71,0.0,Diversified Prescribers
1000002296,VA,Internal Medicine,5311.2,4595.0,2811024.35,16,6,0.0138,1308.9,235.9,1421.6,1156.6,0.0,1127.5,0.0,60.7,26.77,21.23,21.78,-59.89,-30.31,3941.6,74.21,0.0,Diversified Prescribers
1000002302,TX,Internal Medicine,3496.4999999999995,3085.0,2104843.65,18,7,0.0091,0.0,522.9,949.7,755.1999999999999,13.6,873.3,150.1,231.7,27.16,24.98,21.6,-84.4,-78.7,3101.1,88.69,0.0,Diversified Prescribers
1000002317,IN,Internal Medicine,4565.0,3909.0,2752587.0,15,6,0.0119,415.6,400.5,1315.9,1351.3000000000002,0.0,703.6,378.1,0.0,28.83,15.41,29.6,154.48,325.3,3771.3,82.61,0.0,Diversified Prescribers
1000002319,GA,Internal Medicine,13686.8,11873.0,5699358.45,16,7,0.0356,3292.1,1770.2999999999997,628.7,3198.2,63.0,4095.5,639.0,0.0,4.59,29.92,23.37,583.21,49.29,9692.7,70.82,0.0,Diversified Prescribers
1000002329,NY,Endocrinology,2161.9000000000005,1904.0,1183186.73,18,7,0.0056,260.0,49.2,406.4,546.1999999999999,0.0,760.3,111.2,28.6,18.8,35.17,25.26,-4.12,68.18,1762.1,81.51,0.0,Diversified Prescribers
1000002332,IL,Family Practice,15902.1,13792.0,8476488.88,19,6,0.0413,0.0,923.9000000000001,3704.7,6358.1,138.5,2241.0,2535.8999999999996,0.0,23.3,14.09,39.98,-9.84,-19.15,13227.7,83.18,0.0,Diversified Prescribers
1000002344,IN,Physician Assistant,891.1999999999999,796.0,432538.05,16,7,0.0023,97.0,57.300000000000004,194.7,175.60000000000002,0.0,191.6,162.2,12.8,21.85,21.5,19.7,-54.19,-10.36,619.2,69.48,3.0,Low-Volume / Low-Growth Prescribers
1000002346,NY,Family Practice,13250.900000000001,11388.0,6471067.600000001,16,7,0.0344,2272.7,1276.9,1550.4,3520.2,71.7,4309.0,0.0,250.0,11.7,32.52,26.57,-83.17,-62.0,10656.5,80.42,0.0,Diversified Prescribers
1000002348,OH,Family Practice,700.6999999999999,606.0,315087.74,14,6,0.0018,0.0,174.9,71.1,199.9,0.0,105.39999999999999,127.0,22.4,10.15,15.04,28.53,-34.28,-79.39,551.3,78.68,3.0,Low-Volume / Low-Growth Prescribers
1000002349,CA,Endocrinology,21495.1,18683.0,9034136.93,21,8,0.0558,1485.3,3144.8,2787.5,6787.4,140.0,2827.0,3372.1,951.0,12.97,13.15,31.58,34.69,-38.56,15546.699999999999,72.33,1.0,High-Volume Core Prescribers
1000002355,FL,Endocrinology,1937.5999999999997,1649.0,1336109.5,17,8,0.005,248.60000000000002,162.2,937.2,121.9,2.4,298.0,151.7,15.6,48.37,15.38,6.29,26.07,196.79,1519.3000000000002,78.41,0.0,Diversified Prescribers
1000002356,OH,Nurse Practitioner,951.0999999999999,816.0,406142.97000000003,14,7,0.0025,308.9,60.5,140.5,195.1,2.4,231.8,0.0,11.9,14.77,24.37,20.51,-21.0,-69.08,627.9,66.02,3.0,Low-Volume / Low-Growth Prescribers
1000002358,IN,Internal Medicine,14336.899999999998,12262.0,6108209.179999999,17,8,0.0372,1431.9,1219.3,2776.6000000000004,4845.599999999999,105.6,878.2,2441.2,638.5,19.37,6.13,33.8,528.79,-37.16,9719.7,67.79,0.0,Diversified Prescribers
1000002365,FL,Endocrinology,11968.3,10441.0,6137255.499999999,21,8,0.0311,1202.2,1099.4,2150.9,2631.6000000000004,17.9,3498.7,1170.4,197.2,17.97,29.23,21.99,-7.19,26.74,9380.6,78.38,0.0,Diversified Prescribers
1000002387,FL,Family Practice,13932.499999999996,11833.0,8073615.980000001,15,5,0.0362,0.0,1360.0,3106.8,4436.2,0.0,3565.0,1464.5,0.0,22.3,25.59,31.84,-82.97,-47.09,12468.0,89.49,0.0,Diversified Prescribers
1000002389,PA,Family Practice,4872.3,4252.0,2429121.5700000003,16,7,0.0127,520.9,145.3,1245.0,1243.3,10.0,583.7,1124.1000000000001,0.0,25.55,11.98,25.52,-17.19,31.07,3217.3,66.03,0.0,Diversified Prescribers
1000002407,AZ,Internal Medicine,3892.3,3371.0,1656642.1199999999,17,8,0.0101,647.8,319.5,445.2,1130.1,12.9,817.9000000000001,456.0,62.9,11.44,21.01,29.03,592.44,70.46,2712.7,69.69,0.0,Diversified Prescribers
1000002417,IN,Endocrinology,2200.8,1904.0,1370074.9200000002,17,8,0.0057,106.7,146.7,758.3,243.9,1.2,585.5999999999999,346.4,12.0,34.46,26.61,11.08,38.29,113.65,1734.5,78.81,0.0,Diversified Prescribers
1000002422,TX,Family Practice,15495.899999999998,13549.0,6263055.389999999,18,8,0.0403,4885.8,1528.5,2794.9,2400.2999999999997,24.4,1791.8999999999999,1614.6,455.5,18.04,11.56,15.49,1.79,9.96,8515.6,54.95,0.0,Diversified Prescribers
1000002427,NC,Physician Assistant,5164.599999999999,4507.0,1659148.92,17,7,0.0134,1438.1999999999998,279.20000000000005,340.1,1166.3,14.100000000000001,975.0,951.7,0.0,6.59,18.88,22.58,28.74,46.72,2760.6,53.45,0.0,Diversified Prescribers
1000002429,NC,Nurse Practitioner,2806.2,2453.0,1125394.4,13,6,0.0073,0.0,0.0,188.79999999999998,1357.1,12.6,478.0,610.1,159.60000000000002,6.73,17.03,48.36,55.27,217.33,2023.8999999999999,72.12,3.0,Low-Volume / Low-Growth Prescribers
1000002436,FL,Internal Medicine,3545.4999999999995,3039.0,1291173.67,14,8,0.0092,630.9,301.0,61.1,806.6000000000001,13.7,1047.7,547.0,137.5,1.72,29.55,22.75,227.12,23.96,2216.4,62.51,3.0,Low-Volume / Low-Growth Prescribers
1000002446,CA,Internal Medicine,12450.400000000003,10955.0,4180859.0700000003,16,8,0.0323,4260.1,1664.0,2392.4,1314.1,37.7,667.5999999999999,1901.5,213.0,19.22,5.36,10.55,61.14,291.54,6038.1,48.5,0.0,Diversified Prescribers
1000002459,VA,Internal Medicine,22570.9,19659.0,6557850.75,17,8,0.0586,9150.400000000001,1630.4,2828.1000000000004,4189.5,171.3,1214.9,2805.7999999999997,580.5,12.53,5.38,18.56,-52.19,-66.39,9862.900000000001,43.7,0.0,Diversified Prescribers
1000002466,TN,Internal Medicine,909.2,799.0,472773.16,14,8,0.0024,183.6,31.9,184.3,222.70000000000002,3.4,222.7,32.8,27.799999999999997,20.27,24.49,24.49,12.55,15.29,661.6,72.77,3.0,Low-Volume / Low-Growth Prescribers
1000002475,NY,Nurse Practitioner,1017.3000000000001,868.0,442851.79000000004,15,7,0.0026,168.1,100.3,103.8,303.0,0.0,238.3,85.6,18.2,10.2,23.42,29.78,155.4,-11.22,745.4000000000001,73.27,3.0,Low-Volume / Low-Growth Prescribers
1000002481,IL,Nurse Practitioner,1062.5000000000002,913.0,405369.0500000001,15,7,0.0028,251.8,111.9,80.9,356.29999999999995,2.1,145.1,114.4,0.0,7.61,13.66,33.53,12.45,38.25,694.1999999999999,65.34,3.0,Low-Volume / Low-Growth Prescribers
1000002494,IN,Internal Medicine,5518.200000000001,4837.0,2454393.32,17,7,0.0143,1147.5,413.4,1041.8,668.5,0.0,1333.8,684.9000000000001,228.3,18.88,24.17,12.11,-48.32,16.85,3457.5,62.66,0.0,Diversified Prescribers
1000002511,AZ,Nurse Practitioner,2875.6000000000004,2454.0,1160043.43,15,7,0.0075,439.7,374.4,594.0,127.8,16.2,475.90000000000003,847.6,0.0,20.66,16.55,4.44,-52.6,-66.66,1572.1000000000001,54.67,3.0,Low-Volume / Low-Growth Prescribers
1000002523,AZ,Internal Medicine,1176.0,1050.0,655487.75,19,7,0.0031,120.9,0.0,304.7,287.69999999999993,3.2,308.9,135.6,15.0,25.91,26.27,24.46,1.71,370.54,901.2999999999998,76.64,0.0,Diversified Prescribers
1000002531,FL,Family Practice,730.4000000000001,636.0,322376.02,14,7,0.0019,119.3,66.9,110.7,228.0,4.9,119.7,80.9,0.0,15.16,16.39,31.22,-83.27,-80.74,525.3,71.92,3.0,Low-Volume / Low-Growth Prescribers
1000002561,IL,Family Practice,801.8,683.0,366324.29999999993,15,7,0.0021,102.3,96.1,146.10000000000002,256.6,0.0,107.4,57.9,35.4,18.22,13.39,32.0,-86.07,-89.28,606.2,75.6,3.0,Low-Volume / Low-Growth Prescribers
1000002564,CA,Internal Medicine,11665.199999999999,10277.0,6499888.21,17,7,0.0303,0.0,1724.1,3098.2,3254.4,236.0,1717.8000000000002,1469.6999999999998,165.0,26.56,14.73,27.9,-16.71,19.58,9794.5,83.96,0.0,Diversified Prescribers
1000002593,CA,Internal Medicine,923.7,801.0,462362.61,13,6,0.0024,257.3,94.8,222.40000000000003,131.5,0.0,168.1,49.6,0.0,24.08,18.2,14.24,676.09,36.35,616.8,66.77,3.0,Low-Volume / Low-Growth Prescribers
1000002594,FL,Endocrinology,40442.799999999996,34947.0,21278846.39,21,8,0.1051,5413.6,1343.1,10092.800000000001,8453.7,111.3,9412.300000000001,4586.2,1029.8,24.96,23.27,20.9,113.99,72.34,29301.9,72.45,1.0,High-Volume Core Prescribers
1000002604,FL,Endocrinology,2222.7,1913.0,1297031.2,19,8,0.0058,292.1,75.9,668.3,311.8,1.2,642.0,202.4,29.0,30.07,28.88,14.03,-19.34,232.54,1698.0,76.39,0.0,Diversified Prescribers
1000002607,TX,Internal Medicine,769.6000000000001,675.0,270106.92,13,8,0.002,207.5,39.6,29.9,67.9,2.3,283.6,119.3,19.5,3.89,36.85,8.82,-42.47,295.4,421.0,54.7,3.0,Low-Volume / Low-Growth Prescribers
1000002616,AZ,Internal Medicine,820.5,733.0,310404.78,17,8,0.0021,238.1,114.20000000000002,112.39999999999999,180.8,2.2,78.7,81.8,12.3,13.7,9.59,22.04,2.95,-28.93,486.1,59.24,3.0,Low-Volume / Low-Growth Prescribers
1000002617,CA,Internal Medicine,880.8,782.0,563434.49,16,7,0.0023,80.2,69.9,299.7,190.6,0.0,183.0,48.8,8.6,34.03,20.78,21.64,93.53,104.85,743.2,84.38,3.0,Low-Volume / Low-Growth Prescribers
1000002630,FL,Family Practice,15289.199999999997,13184.0,6163076.050000001,16,8,0.0397,4625.8,1375.0,2220.1,4424.299999999999,32.2,1643.8,794.5,173.5,14.52,10.75,28.94,-69.78,-65.28,9663.199999999999,63.2,0.0,Diversified Prescribers
1000002636,MA,Physician Assistant,3750.7000000000003,3279.0,1736266.6700000002,19,8,0.0097,448.0,386.0,793.4000000000001,951.8000000000001,12.8,507.2,505.8,145.7,21.15,13.52,25.38,-47.93,66.93,2638.4,70.34,0.0,Diversified Prescribers
1000002644,IN,Endocrinology,2147.6000000000004,1868.0,1285059.6500000001,18,7,0.0056,93.6,62.0,700.4,599.1000000000001,0.0,366.6,278.9,46.99999999999999,32.61,17.07,27.9,60.6,143.64,1728.1000000000001,80.47,0.0,Diversified Prescribers
1000002650,MI,Internal Medicine,843.4,727.0,432975.56000000006,16,7,0.0022,140.3,91.6,202.1,144.5,0.0,162.0,86.9,16.0,23.96,19.21,17.13,-51.23,23.25,600.2,71.16,3.0,Low-Volume / Low-Growth Prescribers
1000002651,CA,Internal Medicine,3749.8,3284.0,2144337.85,18,6,0.0097,0.0,250.5,620.6,1412.1,26.7,1209.4,230.5,0.0,16.55,32.25,37.66,331.17,45.96,3492.6,93.14,0.0,Diversified Prescribers
1000002654,FL,Family Practice,17982.199999999997,15374.0,9421892.700000003,18,7,0.0467,1565.9,1430.4,3896.2000000000003,4379.5,88.4,4424.6,2197.2,0.0,21.67,24.61,24.35,58.15,16.8,14130.7,78.58,0.0,Diversified Prescribers
1000002657,PA,Nurse Practitioner,45690.8,39472.0,19206044.08,17,8,0.1187,7422.2,2425.2000000000003,3069.8,13717.800000000001,95.6,13956.4,4296.7,707.1,6.72,30.55,30.02,101.18,5.58,33169.200000000004,72.59,1.0,High-Volume Core Prescribers
1000002660,GA,Internal Medicine,18855.5,16574.0,7892088.220000001,16,8,0.049,5394.0,1114.5,2002.0,3452.3,188.70000000000002,5586.0,736.9,381.1,10.62,29.63,18.31,2373.22,5.09,12154.8,64.46,0.0,Diversified Prescribers
1000002664,GA,Family Practice,14588.799999999996,13016.0,8422223.65,19,8,0.0379,1390.4,158.2,5009.9,3346.8999999999996,105.5,2679.9,1649.4,248.6,34.34,18.37,22.94,867.64,91.77,11194.899999999998,76.74,0.0,Diversified Prescribers
1000002665,CA,Internal Medicine,1097.2,951.0,510657.2100000001,15,8,0.0029,203.9,114.0,200.20000000000002,278.3,2.3,133.7,147.7,17.1,18.25,12.19,25.36,-33.68,241.33,726.2,66.19,3.0,Low-Volume / Low-Growth Prescribers
1000002675,PA,Internal Medicine,1166.5,1003.0,353012.01,14,7,0.003,493.3,64.30000000000001,78.10000000000001,166.9,0.0,229.20000000000002,121.1,13.6,6.7,19.65,14.31,81.04,104.42,538.5,46.16,3.0,Low-Volume / Low-Growth Prescribers
1000002691,PA,Family Practice,3441.8,3013.0,1607032.5100000002,18,7,0.0089,520.8,318.1,314.29999999999995,919.9000000000001,14.1,1185.1999999999998,169.4,0.0,9.13,34.44,26.73,-40.87,-73.64,2737.5,79.54,0.0,Diversified Prescribers
1000002692,PA,Endocrinology,46125.2,39468.0,29336603.429999992,21,8,0.1198,4224.8,2415.4,16851.8,8283.7,202.7,10692.100000000002,3219.2,235.5,36.53,23.18,17.96,18.86,18.78,38243.0,82.91,1.0,High-Volume Core Prescribers
1000002693,TX,Internal Medicine,21039.3,18114.0,10058588.45,20,8,0.0547,1721.4,1719.6,3321.8,8869.6,43.9,2852.8,2239.1000000000004,271.1,15.79,13.56,42.16,-67.76,-59.39,16763.800000000003,79.68,0.0,Diversified Prescribers
1000002714,TX,Endocrinology,1469.3,1297.0,656346.0399999999,16,7,0.0038,209.7,35.5,313.6,319.3,0.0,285.20000000000005,293.3,12.7,21.34,19.41,21.73,-27.81,-6.74,953.6000000000001,64.9,3.0,Low-Volume / Low-Growth Prescribers
1000002719,IN,Endocrinology,1485.9,1307.0,755729.3999999999,21,8,0.0039,232.4,117.1,356.5,286.7,4.7,300.7,172.7,15.1,23.99,20.24,19.29,23.68,24.19,1061.0,71.4,0.0,Diversified Prescribers
1000002720,IN,Nurse Practitioner,1257.4,1127.0,523743.98000000004,16,7,0.0033,288.1,170.2,179.3,191.0,2.4,231.6,194.8,0.0,14.26,18.42,15.19,45.84,94.75,772.0999999999999,61.4,3.0,Low-Volume / Low-Growth Prescribers
1000002727,CA,Internal Medicine,5238.400000000001,4574.0,2279461.9399999995,18,7,0.0136,1064.6,426.4,718.1999999999999,1260.8,44.0,1175.4999999999998,548.9,0.0,13.71,22.44,24.07,-32.66,62.88,3580.8999999999996,68.36,0.0,Diversified Prescribers
1000002755,IL,Internal Medicine,3801.0000000000005,3287.0,1305432.5299999996,16,8,0.0099,951.4,289.9,425.29999999999995,862.3,17.4,485.7,606.4,162.6,11.19,12.78,22.69,-66.05,-46.79,2063.2,54.28,3.0,Low-Volume / Low-Growth Prescribers
1000002795,VA,Family Practice,12656.5,10929.0,5163734.109999999,15,7,0.0329,3747.2,1100.3,1514.6,2845.2,44.7,2667.7,736.8,0.0,11.97,21.08,22.48,72.7,133.92,8127.799999999999,64.22,0.0,Diversified Prescribers
1000002807,FL,Endocrinology,1875.6,1652.0,1069760.69,18,8,0.0049,172.7,85.1,414.9,365.2,3.3000000000000003,691.8,114.4,28.200000000000003,22.12,36.88,19.47,-5.63,42.0,1556.9999999999998,83.01,0.0,Diversified Prescribers
1000002811,IL,Family Practice,17534.3,15366.0,8132826.869999999,19,8,0.0456,3275.6,1303.8,2166.4,2507.6000000000004,46.2,6459.1,1279.2,496.4,12.36,36.84,14.3,-9.1,46.0,12436.9,70.93,0.0,Diversified Prescribers
1000002816,CA,Internal Medicine,3826.9999999999995,3312.0,1752570.69,15,7,0.0099,621.5,0.0,955.6,887.0,29.0,714.5000000000001,524.9,94.5,24.97,18.67,23.18,-93.31,-90.68,2557.1000000000004,66.82,3.0,Low-Volume / Low-Growth Prescribers
1000002818,PA,Endocrinology,36239.5,31231.0,20172349.650000002,21,8,0.0941,5501.0,3007.2,9171.0,4544.8,152.7,10873.6,2750.8,238.4,25.31,30.0,12.54,0.18,99.03,27596.6,76.15,1.0,High-Volume Core Prescribers
1000002822,PA,Family Practice,2895.6000000000004,2560.0,1070609.41,13,7,0.0075,499.9,227.50000000000003,136.8,794.1,0.0,786.1999999999999,381.4,69.7,4.72,27.15,27.42,-62.03,-89.26,1944.6,67.16,3.0,Low-Volume / Low-Growth Prescribers
1000002828,TX,Internal Medicine,953.2,827.0,421030.4200000001,15,8,0.0025,201.2,78.0,122.0,257.5,2.4,199.89999999999998,76.80000000000001,15.4,12.8,20.97,27.01,-48.44,0.22,657.4,68.97,3.0,Low-Volume / Low-Growth Prescribers
1000002838,NC,Family Practice,935.0000000000001,797.0,383274.67000000004,16,7,0.0024,217.7,82.39999999999999,108.9,408.99999999999994,0.0,72.60000000000001,26.7,17.7,11.65,7.76,43.74,23.14,144.04,672.8999999999999,71.97,3.0,Low-Volume / Low-Growth Prescribers
1000002840,IN,Internal Medicine,894.1000000000001,784.0,313797.68,13,6,0.0023,124.3,54.0,127.8,345.8,0.0,3.6,238.60000000000002,0.0,14.29,0.4,38.68,0.09,-44.99,531.2,59.41,3.0,Low-Volume / Low-Growth Prescribers
1000002855,MI,Internal Medicine,485.3,414.0,170575.48,11,8,0.0013,135.8,70.1,57.3,131.6,6.8999999999999995,12.7,34.2,36.7,11.81,2.62,27.12,-43.06,-81.9,271.7,55.99,3.0,Low-Volume / Low-Growth Prescribers
1000002857,IN,Endocrinology,2388.8999999999996,2076.0,1503097.2599999998,21,8,0.0062,86.8,121.7,765.0999999999999,514.3,3.5,633.6999999999999,208.7,55.099999999999994,32.03,26.53,21.53,72.54,88.85,2034.7999999999997,85.18,0.0,Diversified Prescribers
1000002892,AZ,Family Practice,809.5,711.0,402608.9,14,6,0.0021,207.3,98.69999999999999,274.4,84.70000000000002,0.0,63.5,80.9,0.0,33.9,7.84,10.46,-66.2,-51.82,521.3,64.4,3.0,Low-Volume / Low-Growth Prescribers
1000002895,CA,Nurse Practitioner,858.4999999999999,735.0,327502.76999999996,17,7,0.0022,175.6,64.0,143.3,161.0,0.0,130.39999999999998,168.39999999999998,15.8,16.69,15.19,18.75,-91.63,-90.37,498.7,58.09,3.0,Low-Volume / Low-Growth Prescribers
1000002907,VA,Internal Medicine,3823.3,3341.0,1988752.4400000002,15,7,0.0099,0.0,481.9,900.0,911.4,25.5,583.3,769.4000000000001,151.8,23.54,15.26,23.84,9.51,41.22,2876.6,75.24,3.0,Low-Volume / Low-Growth Prescribers
1000002919,GA,Internal Medicine,17283.2,14777.0,5876968.48,17,8,0.0449,3690.6,2823.5,1620.7999999999997,2910.1000000000004,200.1,2283.7999999999997,3494.0,260.3,9.38,13.21,16.84,15.79,-64.03,9638.2,55.77,0.0,Diversified Prescribers
1000002922,NY,Family Practice,1066.3999999999999,922.0,509732.65,17,8,0.0028,96.0,145.9,164.7,312.3,2.2,204.29999999999998,122.49999999999999,18.5,15.44,19.16,29.29,-14.23,-59.7,827.2,77.57,3.0,Low-Volume / Low-Growth Prescribers
1000002923,NY,Internal Medicine,27165.599999999995,23463.0,14489699.830000002,17,8,0.0706,3662.0,2083.5,9869.4,4875.1,401.20000000000005,886.1,2463.0,2925.2999999999997,36.33,3.26,17.95,20.33,122.77,17714.1,65.21,1.0,High-Volume Core Prescribers
1000002925,NY,Nurse Practitioner,6994.2,6095.0,3464088.7200000007,14,7,0.0182,0.0,561.3,897.5,3381.2,117.9,1155.1,501.5,379.7,12.83,16.52,48.34,675.68,125.48,5995.099999999999,85.72,0.0,Diversified Prescribers
1000002927,FL,Cardiology,1009.0999999999999,869.0,465452.8000000001,15,8,0.0026,104.1,7.0,266.3,251.7,2.4,116.1,232.60000000000002,28.9,26.39,11.51,24.94,139.86,11.52,641.0999999999999,63.53,3.0,Low-Volume / Low-Growth Prescribers
1000002930,FL,Family Practice,4349.8,3714.0,1761959.5999999999,17,8,0.0113,1302.4,273.3,756.0,748.1,35.4,742.0,317.9,174.7,17.38,17.06,17.2,31.39,94.36,2519.4,57.92,0.0,Diversified Prescribers
1000002931,PA,Family Practice,4687.8,4047.0,2315569.8599999994,16,7,0.0122,521.4,118.2,1240.1,1012.4,0.0,771.0,959.5,65.2,26.45,16.45,21.6,-18.0,125.88,3141.7,67.02,0.0,Diversified Prescribers
1000002941,CA,Family Practice,515.1999999999999,458.0,315679.88,10,6,0.0013,0.0,112.5,142.1,147.9,3.4000000000000004,71.19999999999999,38.1,0.0,27.58,13.82,28.71,183.37,8.22,473.69999999999993,91.94,3.0,Low-Volume / Low-Growth Prescribers
1000002942,CA,Internal Medicine,872.1000000000001,774.0,533030.51,14,6,0.0023,98.1,95.9,312.1,191.39999999999998,0.0,99.6,75.0,0.0,35.79,11.42,21.95,-33.69,101.77,699.0,80.15,3.0,Low-Volume / Low-Growth Prescribers
1000002943,NC,Family Practice,14314.5,12642.0,6067519.7700000005,16,7,0.0372,2158.6,1520.8999999999999,1259.8,4473.8,61.0,3014.7,1825.7,0.0,8.8,21.06,31.25,72.37,-0.65,10269.2,71.74,0.0,Diversified Prescribers
1000002957,NY,Nurse Practitioner,36796.0,31959.0,17611135.35,15,7,0.0956,10691.7,3708.1,9437.5,8951.099999999999,121.6,2525.5,1360.5,0.0,25.65,6.86,24.33,134.14,27.32,24622.199999999997,66.92,1.0,High-Volume Core Prescribers
1000002958,TX,Internal Medicine,4369.9,3766.0,2694402.8999999994,15,6,0.0114,0.0,283.4,1099.6,1769.1999999999998,0.0,939.1999999999999,221.4,57.1,25.16,21.49,40.49,585.82,81.45,4091.3999999999996,93.63,0.0,Diversified Prescribers
1000002960,PA,Internal Medicine,33054.9,29048.0,16417949.44,15,7,0.0859,0.0,1780.8,1792.3,8576.6,69.4,15858.0,4287.1,690.7,5.42,47.97,25.95,88.81,-7.12,28007.699999999997,84.73,1.0,High-Volume Core Prescribers
1000002970,AZ,Internal Medicine,706.4000000000001,610.0,343898.91,15,8,0.0018,85.5,58.0,187.1,203.5,1.1,29.3,124.9,17.0,26.49,4.15,28.81,348.67,337.07,477.9,67.65,3.0,Low-Volume / Low-Growth Prescribers
1000002980,FL,Internal Medicine,856.3,754.0,302310.61,14,7,0.0022,137.3,69.3,13.9,437.6,0.0,83.2,107.0,8.0,1.62,9.72,51.1,32.17,-20.51,604.0,70.54,3.0,Low-Volume / Low-Growth Prescribers
1000002994,MA,Endocrinology,109851.49999999999,94004.0,64750616.63,20,7,0.2854,14138.7,4830.000000000001,31794.899999999998,17150.399999999998,747.9,32706.8,8482.8,0.0,28.94,29.77,15.61,41.1,52.58,86482.09999999999,78.73,1.0,High-Volume Core Prescribers
1000003018,AZ,Endocrinology,2480.9,2151.0,1429421.0299999996,19,7,0.0064,137.9,68.1,570.0999999999999,533.4,0.0,938.6,165.8,67.0,22.98,37.83,21.5,-0.76,-23.83,2110.2,85.06,0.0,Diversified Prescribers
1000003023,GA,Internal Medicine,31476.799999999996,27293.0,11961803.32,17,7,0.0818,5456.0,1031.8,2315.8,11247.9,77.4,5853.3,5494.599999999999,0.0,7.36,18.6,35.73,-11.37,441.24,20448.8,64.96,1.0,High-Volume Core Prescribers
1000003031,CA,Internal Medicine,853.4999999999999,751.0,388221.67000000004,13,7,0.0022,206.3,78.4,191.9,128.5,0.0,114.6,116.8,17.0,22.48,13.43,15.06,-67.49,139.81,513.4,60.15,3.0,Low-Volume / Low-Growth Prescribers
1000003032,TX,Family Practice,15709.8,13481.0,10871535.77,17,7,0.0408,0.0,1628.0,5347.5,4806.400000000001,33.9,3193.6,459.9,240.5,34.04,20.33,30.59,18.61,235.69,14975.5,95.33,0.0,Diversified Prescribers
1000003068,TN,Internal Medicine,13146.599999999999,11465.0,5083415.220000001,18,8,0.0342,2096.4,886.7,2637.1,2703.1,236.60000000000002,1028.7,3317.0000000000005,241.0,20.06,7.82,20.56,-83.95,-23.67,7255.6,55.19,0.0,Diversified Prescribers
1000003070,NY,Family Practice,5059.7,4403.0,2190949.83,17,8,0.0131,1482.1999999999998,178.29999999999998,1029.7,1499.0,15.1,456.6,167.7,231.09999999999997,20.35,9.02,29.63,27.03,-12.31,3163.6000000000004,62.53,0.0,Diversified Prescribers
1000003095,VA,Family Practice,848.0999999999999,731.0,395244.01,17,8,0.0022,119.0,86.8,111.6,316.1,1.2,149.0,48.5,15.9,13.16,17.57,37.27,49.69,185.98,663.5,78.23,3.0,Low-Volume / Low-Growth Prescribers
1000003116,FL,Family Practice,4868.799999999999,4224.0,1661003.4900000002,16,7,0.0126,1011.6999999999999,212.7,475.4,1003.6,0.0,921.2,1179.5,64.7,9.76,18.92,20.61,42.27,111.07,2612.9,53.67,0.0,Diversified Prescribers
1000003117,MI,Endocrinology,40003.00000000001,35220.0,21086345.759999994,22,8,0.1039,7494.900000000001,3095.8,10586.900000000001,7443.800000000001,187.60000000000002,7913.5,2600.0,680.5,26.47,19.78,18.61,3.22,93.82,29040.0,72.59,1.0,High-Volume Core Prescribers
1000003121,IL,Internal Medicine,3018.6,2612.0,1817586.8499999996,13,6,0.0078,0.0,598.4,886.8,369.6,13.9,786.0,363.9,0.0,29.38,26.04,12.24,-44.29,-16.41,2640.7999999999997,87.48,3.0,Low-Volume / Low-Growth Prescribers
1000003138,CA,Internal Medicine,674.7,584.0,327590.01,11,7,0.0018,0.0,97.89999999999999,31.299999999999997,160.39999999999998,1.2,279.3,76.80000000000001,27.799999999999997,4.64,41.4,23.77,37.87,-1.82,568.9,84.32,3.0,Low-Volume / Low-Growth Prescribers
1000003139,CA,Endocrinology,43237.8,37592.0,24760599.549999997,21,7,0.1123,0.0,1832.1000000000001,8627.9,11403.699999999999,186.1,15423.4,5207.099999999999,557.5,19.95,35.67,26.37,24.4,71.65,37287.1,86.24,1.0,High-Volume Core Prescribers
1000003142,NY,Family Practice,4412.0,3828.0,1684673.2899999998,16,8,0.0115,849.3,598.5,518.5,685.1,23.4,877.0999999999999,697.5999999999999,162.5,11.75,19.88,15.53,-62.75,-64.15,2679.2,60.73,0.0,Diversified Prescribers
1000003161,OH,Endocrinology,10014.399999999998,8860.0,5871533.050000001,21,7,0.026,0.0,627.0,2661.5,2032.3000000000002,32.1,3104.2000000000003,1360.1,197.2,26.58,31.0,20.29,80.36,5.66,8425.0,84.13,0.0,Diversified Prescribers
1000003168,MA,Family Practice,4809.7,4173.0,2537646.98,18,7,0.0125,608.7,815.1,907.9,1095.1999999999998,20.3,1028.1999999999998,334.29999999999995,0.0,18.88,21.38,22.77,-58.74,47.46,3846.3999999999996,79.97,0.0,Diversified Prescribers
1000003190,CA,Internal Medicine,3308.8999999999996,2908.0,1861468.7000000002,15,7,0.0086,0.0,299.5,787.7,1132.3,14.3,582.1999999999999,418.9,74.0,23.81,17.59,34.22,452.39,175.65,2801.7,84.67,0.0,Diversified Prescribers
1000003196,NY,Physician Assistant,15578.700000000003,13581.0,8326060.619999999,19,6,0.0405,0.0,1517.2,4059.2,5559.299999999999,162.1,1701.0,2579.8999999999996,0.0,26.06,10.92,35.69,-29.2,-62.63,12836.699999999999,82.4,0.0,Diversified Prescribers
1000003205,CA,Family Practice,1002.6,847.0,474992.19000000006,12,8,0.0026,238.70000000000002,19.2,170.4,96.60000000000001,3.5,345.70000000000005,112.2,16.3,17.0,34.48,9.63,-36.59,112.72,631.9000000000001,63.03,3.0,Low-Volume / Low-Growth Prescribers
1000003209,TN,Family Practice,576.1,501.0,390383.45,14,5,0.0015,0.0,92.70000000000002,174.0,141.4,3.5,164.5,0.0,0.0,30.2,28.55,24.54,556.81,74.34,572.6,99.39,3.0,Low-Volume / Low-Growth Prescribers
1000003223,MI,Endocrinology,11047.900000000001,9673.0,4888600.76,20,8,0.0287,2377.4,255.4,1305.8000000000002,2645.3999999999996,21.2,3613.9,675.5999999999999,153.2,11.82,32.71,23.94,-46.76,-10.28,7820.5,70.79,0.0,Diversified Prescribers
1000003232,CA,Internal Medicine,696.1,590.0,347584.23999999993,13,6,0.0018,121.3,56.8,213.7,194.6,0.0,27.7,82.0,0.0,30.7,3.98,27.96,-84.3,-70.31,492.79999999999995,70.79,3.0,Low-Volume / Low-Growth Prescribers
1000003242,MI,Internal Medicine,14532.599999999999,12692.0,5735879.57,17,8,0.0378,3702.5,1140.4,1799.1999999999998,4737.799999999999,130.5,1703.1,744.9,574.2,12.38,11.72,32.6,49.73,35.61,9380.5,64.55,0.0,Diversified Prescribers
1000003251,GA,Endocrinology,44445.20000000001,38785.0,24640995.209999997,22,8,0.1155,7362.599999999999,1459.8,15700.3,6480.5,118.5,8302.3,4108.4,912.8,35.33,18.68,14.58,18.29,48.06,31942.899999999998,71.87,1.0,High-Volume Core Prescribers
1000003255,MI,Endocrinology,13033.0,11272.0,7174990.010000002,20,8,0.0339,1232.8000000000002,602.1,3562.7,2467.7,20.9,3576.6000000000004,1428.6000000000001,141.6,27.34,27.44,18.93,111.31,18.97,10209.1,78.33,0.0,Diversified Prescribers
1000003261,CA,Internal Medicine,4865.6,4233.0,2277193.5599999996,17,8,0.0126,662.9,242.70000000000002,1214.0,935.8999999999999,13.8,675.9999999999999,846.5999999999999,273.7,24.95,13.89,19.24,-29.33,12.03,3068.5999999999995,63.07,0.0,Diversified Prescribers
1000003262,NY,Internal Medicine,13540.000000000004,12198.0,5999389.399999999,16,7,0.0352,1962.4,0.0,2414.5,4712.900000000001,116.0,1994.6999999999998,1979.7,359.8,17.83,14.73,34.81,94.38,9.93,9122.1,67.37,0.0,Diversified Prescribers
1000003263,GA,Endocrinology,2597.4000000000005,2260.0,1330765.58,19,8,0.0067,363.0,105.89999999999999,525.5999999999999,535.8,3.5,812.9000000000001,220.2,30.5,20.24,31.3,20.63,47.24,199.37,1980.2,76.24,0.0,Diversified Prescribers
1000003264,NC,Family Practice,15527.7,13622.0,6673785.420000001,16,6,0.0403,5305.799999999999,1258.3000000000002,2602.0,4125.0,91.0,2145.6,0.0,0.0,16.76,13.82,26.57,-32.12,32.45,10130.900000000001,65.24,0.0,Diversified Prescribers
1000003266,FL,Internal Medicine,723.0,625.0,366470.28,15,6,0.0019,0.0,84.5,123.5,342.4,0.0,72.6,89.1,10.9,17.08,10.04,47.36,104.05,0.17,623.0,86.17,3.0,Low-Volume / Low-Growth Prescribers
1000003271,GA,Endocrinology,2217.7999999999997,1909.0,1344320.9800000002,16,6,0.0058,243.8,134.7,607.9,483.4,0.0,680.7,67.3,0.0,27.41,30.69,21.8,24.71,224.61,1906.6999999999998,85.97,0.0,Diversified Prescribers
1000003274,FL,Family Practice,1058.6999999999998,904.0,384805.39999999997,16,7,0.0028,256.7,29.799999999999997,85.9,368.3,0.0,160.2,131.7,26.1,8.11,15.13,34.79,178.11,836.87,644.2,60.85,3.0,Low-Volume / Low-Growth Prescribers
1000003289,OH,Internal Medicine,895.8000000000001,774.0,517460.09,15,6,0.0023,88.0,114.2,233.09999999999997,192.60000000000002,0.0,193.7,74.2,0.0,26.02,21.62,21.5,160.27,89.63,733.6,81.89,3.0,Low-Volume / Low-Growth Prescribers
1000003298,TX,Internal Medicine,741.9,623.0,256723.63,14,7,0.0019,88.7,26.400000000000002,37.0,280.6,0.0,103.9,157.6,47.7,4.99,14.0,37.82,22.47,-62.04,447.90000000000003,60.37,3.0,Low-Volume / Low-Growth Prescribers
1000003300,CA,Internal Medicine,13530.3,11964.0,5613610.7,18,8,0.0351,4149.3,1162.4,2884.0,1823.7,132.0,1645.1,1310.3,423.5,21.32,12.16,13.48,-54.45,198.73,7515.2,55.54,0.0,Diversified Prescribers
1000003306,GA,Internal Medicine,4220.0,3735.0,1830776.3400000003,19,8,0.011,614.7,185.3,792.8,1534.0000000000002,32.0,386.2,553.4,121.60000000000001,18.79,9.15,36.35,69.46,4.9,2898.3,68.68,0.0,Diversified Prescribers
1000003308,TX,Internal Medicine,829.6000000000001,711.0,529714.23,16,5,0.0022,0.0,53.5,267.59999999999997,295.8,0.0,140.5,72.2,0.0,32.26,16.94,35.66,-43.49,8.99,757.4,91.3,3.0,Low-Volume / Low-Growth Prescribers
1000003323,GA,Family Practice,5827.599999999999,5112.0,2112481.4399999995,14,6,0.0151,2021.8,208.5,866.1,1680.6,0.0,277.3,773.3,0.0,14.86,4.76,28.84,103.89,277.98,3032.5,52.04,3.0,Low-Volume / Low-Growth Prescribers
1000003333,MA,Internal Medicine,31935.6,27773.0,19434504.3,19,6,0.083,0.0,4055.3,5310.5,9616.2,176.5,12213.099999999999,0.0,564.0,16.63,38.24,30.11,-7.99,9.24,31195.1,97.68,1.0,High-Volume Core Prescribers
1000003343,PA,Endocrinology,7876.1,6862.0,4708227.05,20,7,0.0205,649.2,315.3,3066.3,1385.3,0.0,1070.4,1009.0999999999999,380.5,38.93,13.59,17.59,5.55,-24.53,5837.300000000001,74.11,0.0,Diversified Prescribers
1000003353,FL,Internal Medicine,1011.7,889.0,545741.52,14,7,0.0026,93.0,139.9,303.8,96.0,0.0,154.0,213.8,11.2,30.03,15.22,9.49,36.98,-27.51,693.7,68.57,3.0,Low-Volume / Low-Growth Prescribers
1000003367,FL,Internal Medicine,896.2,770.0,332140.22,15,7,0.0023,278.70000000000005,123.1,49.5,152.4,1.1,219.29999999999998,72.1,0.0,5.52,24.47,17.01,1412.98,866.83,544.3,60.73,3.0,Low-Volume / Low-Growth Prescribers
1000003372,IN,Internal Medicine,540.5,458.0,273828.54,8,5,0.0014,0.0,23.0,101.8,229.6,0.0,88.2,97.9,0.0,18.83,16.32,42.48,84.0,-44.65,442.6,81.89,3.0,Low-Volume / Low-Growth Prescribers
1000003374,IL,Family Practice,13608.9,11685.0,5444145.54,18,8,0.0354,2286.9,1571.0,1544.4,4948.1,81.0,1188.1999999999998,1465.1,524.2,11.35,8.73,36.36,-39.07,-52.07,9251.7,67.98,0.0,Diversified Prescribers
1000003387,NY,Internal Medicine,6333.799999999999,5519.0,3117480.7700000005,15,6,0.0165,1029.3,156.6,1353.7,1168.4,0.0,1668.1999999999998,957.5999999999999,0.0,21.37,26.34,18.45,32.32,-16.28,4346.9,68.63,0.0,Diversified Prescribers
1000003393,PA,Internal Medicine,15665.300000000003,13705.0,9199284.56,18,7,0.0407,0.0,1718.0,4600.6,5651.700000000001,135.8,1519.1999999999998,1780.2,259.8,29.37,9.7,36.08,6.77,117.56,13489.5,86.11,0.0,Diversified Prescribers
1000003405,VA,Family Practice,1022.8,890.0,531607.51,16,7,0.0027,71.9,93.4,223.0,329.7,0.0,161.8,97.5,45.5,21.8,15.82,32.24,2.58,109.86,807.9000000000001,78.99,3.0,Low-Volume / Low-Growth Prescribers
1000003415,TX,Family Practice,793.1,684.0,429803.06000000006,14,7,0.0021,99.5,63.3,239.9,151.3,0.0,113.3,93.7,32.1,30.25,14.29,19.08,672.51,68.15,567.8,71.59,3.0,Low-Volume / Low-Growth Prescribers
1000003466,FL,Internal Medicine,1239.5,1094.0,431104.6299999999,17,8,0.0032,327.9,179.2,130.89999999999998,287.9,1.1,130.3,169.0,13.2,10.56,10.51,23.23,-75.05,-84.78,728.3,58.76,3.0,Low-Volume / Low-Growth Prescribers
1000003484,NY,Family Practice,5952.299999999999,5147.0,2651491.33,18,8,0.0155,1166.2,581.3,950.2,1312.8000000000002,41.8,1050.2,693.1,156.7,15.96,17.64,22.06,-92.08,-81.33,3894.5,65.43,0.0,Diversified Prescribers
1000003486,AZ,Internal Medicine,1053.8,919.0,395599.82000000007,14,7,0.0027,281.20000000000005,93.10000000000001,21.0,249.8,0.0,325.5,68.30000000000001,14.9,1.99,30.89,23.7,-63.55,-10.76,689.4000000000001,65.42,3.0,Low-Volume / Low-Growth Prescribers
1000003509,CA,Endocrinology,39515.99999999999,35272.0,22988844.32,21,8,0.1027,3835.8,3436.1,10885.4,5466.499999999999,89.8,11879.099999999999,3358.8999999999996,564.4000000000001,27.55,30.06,13.83,-26.61,48.38,31667.1,80.14,1.0,High-Volume Core Prescribers
1000003515,MI,Physician Assistant,4192.6,3623.0,2454892.7399999998,17,8,0.0109,587.9,241.2,1362.1,922.0,14.3,751.0999999999999,157.8,156.2,32.49,17.91,21.99,-13.64,12.51,3276.3999999999996,78.15,0.0,Diversified Prescribers
1000003528,IL,Physician Assistant,4048.2000000000003,3539.0,2602390.0900000003,15,7,0.0105,0.0,213.60000000000002,1029.4,708.1999999999999,20.8,1807.6,217.5,51.1,25.43,44.65,17.49,-1.98,74.25,3758.7999999999997,92.85,0.0,Diversified Prescribers
1000003533,CA,Internal Medicine,931.1999999999999,810.0,469860.60000000015,18,8,0.0024,237.2,28.4,266.8,185.89999999999998,8.5,118.7,70.7,15.0,28.65,12.75,19.96,-24.22,328.65,599.8,64.41,3.0,Low-Volume / Low-Growth Prescribers
1000003539,VA,Endocrinology,2245.5000000000005,1975.0,1445689.1199999999,18,7,0.0058,93.5,121.30000000000001,602.8,389.0,0.0,883.2,138.60000000000002,17.1,26.84,39.33,17.32,159.54,212.84,1996.3,88.9,0.0,Diversified Prescribers
1000003541,FL,Family Practice,4033.8999999999996,3570.0,1741332.23,17,8,0.0105,547.3,726.9,983.0000000000001,526.9000000000001,26.2,149.6,1011.3,62.7,24.37,3.71,13.06,-6.45,-4.26,2386.4,59.16,0.0,Diversified Prescribers
1000003576,OH,Internal Medicine,851.3,737.0,419599.10000000003,13,6,0.0022,119.3,0.0,167.4,274.79999999999995,0.0,192.7,84.69999999999999,12.4,19.66,22.64,32.28,-52.09,179.41,634.9,74.58,3.0,Low-Volume / Low-Growth Prescribers
1000003586,VA,Internal Medicine,1006.2,863.0,491453.3899999999,15,8,0.0026,184.7,41.099999999999994,234.39999999999998,358.5,2.1,126.60000000000001,33.4,25.4,23.3,12.58,35.63,22.49,38.99,760.6,75.59,3.0,Low-Volume / Low-Growth Prescribers
1000003589,MA,Internal Medicine,2826.5,2435.0,1957571.0699999998,14,6,0.0073,0.0,157.2,1147.1,733.8,8.7,577.1,202.6,0.0,40.58,20.42,25.96,52.57,-6.18,2615.2,92.52,3.0,Low-Volume / Low-Growth Prescribers
1000003590,MA,Physician Assistant,23917.499999999996,20470.0,10360209.09,20,8,0.0621,4644.2,2087.4,4392.200000000001,6355.7,97.6,2712.2999999999997,3280.0,348.1,18.36,11.34,26.57,1124.67,147.9,15547.599999999999,65.01,1.0,High-Volume Core Prescribers
1000003596,CA,Internal Medicine,4399.900000000001,3802.0,2116293.8800000004,17,7,0.0114,961.2,346.40000000000003,769.3,874.6999999999999,0.0,1108.7,216.1,123.5,17.48,25.2,19.88,6.84,71.21,3099.1,70.44,0.0,Diversified Prescribers
1000003602,NY,Internal Medicine,4561.6,4018.0,2094549.9100000001,14,7,0.0119,1575.6,278.5,1328.3000000000002,480.1,0.0,465.20000000000005,381.29999999999995,52.6,29.12,10.2,10.52,127.9,426.2,2552.1,55.95,3.0,Low-Volume / Low-Growth Prescribers
1000003604,AZ,Internal Medicine,13861.2,11739.0,8384217.41,17,7,0.036,0.0,1186.8,3125.9000000000005,1516.9,97.5,6091.8,1512.1,330.2,22.55,43.95,10.94,77.49,427.33,11921.4,86.01,0.0,Diversified Prescribers
1000003619,IL,Endocrinology,9884.200000000003,8683.0,4858433.449999999,19,7,0.0257,1034.6,691.4000000000001,1707.5,2232.8999999999996,20.3,3049.4000000000005,1148.1,0.0,17.28,30.85,22.59,155.52,-2.4,7681.200000000001,77.71,0.0,Diversified Prescribers
1000003631,OH,Endocrinology,2030.6,1782.0,1054509.5999999999,19,7,0.0053,345.2,98.6,458.90000000000003,387.6,0.0,572.8,135.60000000000002,31.9,22.6,28.21,19.09,90.26,80.26,1517.9,74.75,0.0,Diversified Prescribers
1000003633,NY,Internal Medicine,1368.6999999999998,1226.0,831661.2899999999,11,5,0.0036,0.0,238.9,343.59999999999997,660.1,13.3,112.8,0.0,0.0,25.1,8.24,48.23,64.99,152.24,1355.4,99.03,3.0,Low-Volume / Low-Growth Prescribers
1000003648,FL,Family Practice,5430.5999999999985,4758.0,2726003.65,16,5,0.0141,0.0,562.5,722.6,1804.4,0.0,1501.0,840.1,0.0,13.31,27.64,33.23,-33.87,-11.53,4590.5,84.53,0.0,Diversified Prescribers
1000003656,GA,Internal Medicine,4074.4,3542.0,1098944.77,15,8,0.0106,1800.6,257.2,304.6,840.3,28.4,399.1,217.3,226.9,7.48,9.8,20.62,266.6,54.97,1801.2,44.21,3.0,Low-Volume / Low-Growth Prescribers
1000003668,NY,Endocrinology,2568.9000000000005,2231.0,1562920.97,19,7,0.0067,229.79999999999998,126.8,849.5,336.5,3.5999999999999996,695.5,327.2,0.0,33.07,27.07,13.1,-50.34,-11.13,2008.3,78.18,0.0,Diversified Prescribers
1000003680,CA,Family Practice,4696.700000000001,4073.0,1885207.94,19,7,0.0122,1084.2,332.3,342.3,1238.1999999999998,35.4,1250.0,414.3,0.0,7.29,26.61,26.36,80.26,185.2,3162.7999999999997,67.34,0.0,Diversified Prescribers
1000003682,CA,Family Practice,829.5999999999999,709.0,420380.19999999995,12,6,0.0022,116.7,36.5,169.60000000000002,132.5,0.0,266.9,107.4,0.0,20.44,32.17,15.97,12.64,156.89,605.5,72.99,3.0,Low-Volume / Low-Growth Prescribers
1000003703,NY,Nurse Practitioner,4316.1,3763.0,1765253.58,16,7,0.0112,1070.7,114.0,967.6,484.79999999999995,10.3,807.1,861.5999999999999,0.0,22.42,18.7,11.23,173.51,483.74,2373.5,54.99,3.0,Low-Volume / Low-Growth Prescribers
1000003704,NC,Physician Assistant,804.9000000000001,694.0,389767.02999999997,15,7,0.0021,108.3,95.4,123.3,246.3,1.1,168.4,62.1,0.0,15.32,20.92,30.6,-66.71,-62.48,633.4000000000001,78.69,3.0,Low-Volume / Low-Growth Prescribers
1000003711,MI,Family Practice,617.3000000000001,529.0,448791.60000000003,10,4,0.0016,0.0,36.1,259.6,255.8,0.0,65.80000000000001,0.0,0.0,42.05,10.66,41.44,992.5,256.73,617.3000000000001,100.0,3.0,Low-Volume / Low-Growth Prescribers
1000003720,MA,Internal Medicine,5097.999999999999,4472.0,2059481.38,18,8,0.0132,886.9,561.0,778.2,1513.5999999999997,17.2,436.8,776.5,127.80000000000001,15.26,8.57,29.69,-38.53,-33.17,3289.5999999999995,64.53,0.0,Diversified Prescribers
1000003721,TX,Family Practice,1294.4999999999998,1103.0,441550.8299999999,13,5,0.0034,506.09999999999997,0.0,169.9,378.30000000000007,0.0,134.39999999999998,105.8,0.0,13.12,10.38,29.22,-35.02,-1.5,682.6,52.73,3.0,Low-Volume / Low-Growth Prescribers
1000003724,FL,Internal Medicine,2795.7,2480.0,1589846.8299999998,16,7,0.0073,0.0,456.3,808.5,624.6,5.7,300.0,553.5,47.1,28.92,10.73,22.34,-64.27,36.63,2189.4,78.31,0.0,Diversified Prescribers
1000003730,TX,Endocrinology,1727.0000000000002,1497.0,969400.3400000001,17,6,0.0045,191.4,61.300000000000004,460.5,267.7,0.0,599.4,146.7,0.0,26.66,34.71,15.5,-63.27,-46.07,1388.9,80.42,0.0,Diversified Prescribers
1000003732,AZ,Internal Medicine,3593.6,3092.0,1104298.4000000001,17,8,0.0093,1011.1,439.4,212.2,732.8000000000001,13.9,458.2,613.1999999999999,112.8,5.9,12.75,20.39,-69.45,314.46,1842.6,51.27,0.0,Diversified Prescribers
1000003735,IL,Internal Medicine,3017.1000000000004,2598.0,2024408.8800000001,14,7,0.0078,0.0,374.5,1145.1000000000001,1050.9,18.5,265.0,114.8,48.3,37.95,8.78,34.83,-38.55,-32.41,2835.5,93.98,3.0,Low-Volume / Low-Growth Prescribers
1000003736,GA,Family Practice,1060.1999999999998,922.0,542926.94,15,6,0.0028,127.4,36.5,258.7,226.4,0.0,246.20000000000002,165.0,0.0,24.4,23.22,21.35,-34.13,141.17,767.8,72.42,3.0,Low-Volume / Low-Growth Prescribers
1000003741,NC,Family Practice,4240.500000000001,3689.0,2485375.98,16,6,0.011,488.1,196.2,1510.4000000000003,467.3,0.0,911.8,666.7,0.0,35.62,21.5,11.02,108.39,274.29,3085.7000000000003,72.77,0.0,Diversified Prescribers
1000003744,FL,Endocrinology,36788.4,32020.0,21217731.900000002,19,7,0.0956,5396.2,2543.9,12700.3,6642.7,61.400000000000006,5316.8,4127.1,0.0,34.52,14.45,18.06,55.6,131.41,27203.7,73.95,1.0,High-Volume Core Prescribers
1000003753,OH,Family Practice,654.5,573.0,364883.68000000005,13,7,0.0017,0.0,74.2,98.0,166.5,2.5,242.0,58.800000000000004,12.5,14.97,36.97,25.44,1168.21,84.97,580.7,88.72,3.0,Low-Volume / Low-Growth Prescribers
1000003766,NC,Family Practice,3285.4,2887.0,1939735.6499999997,18,7,0.0085,0.0,373.6,828.8,857.7,21.8,817.8,177.5,208.2,25.23,24.89,26.11,-28.07,59.25,2877.8999999999996,87.6,0.0,Diversified Prescribers
1000003775,MI,Physician Assistant,3795.3,3254.0,1904208.72,17,8,0.0099,457.7,239.50000000000003,810.4000000000001,605.5,32.9,1069.9,379.7,199.7,21.35,28.19,15.95,77.54,104.44,2725.3,71.81,0.0,Diversified Prescribers
1000003819,PA,Internal Medicine,6181.800000000002,5323.0,2739060.69,17,7,0.0161,1026.5,267.79999999999995,1284.7000000000003,1214.4999999999998,0.0,1066.9,1226.6,94.8,20.78,17.26,19.65,-10.85,-35.99,3833.9000000000005,62.02,0.0,Diversified Prescribers
1000003825,TN,Endocrinology,2407.2000000000003,2105.0,1419723.4899999998,17,7,0.0063,273.4,86.9,868.0000000000001,355.9,0.0,497.9,260.3,64.80000000000001,36.06,20.68,14.78,25.38,173.36,1808.7000000000003,75.14,0.0,Diversified Prescribers
1000003829,PA,Internal Medicine,642.9999999999998,565.0,264409.74,15,8,0.0017,125.6,35.199999999999996,58.4,209.1,2.2,149.2,47.3,16.0,9.08,23.2,32.52,-23.51,-4.68,451.9,70.28,3.0,Low-Volume / Low-Growth Prescribers
1000003832,AZ,Family Practice,529.9,458.0,255802.35,13,7,0.0014,0.0,44.300000000000004,54.2,158.3,2.4,154.9,102.69999999999999,13.1,10.23,29.23,29.87,-54.06,219.33,411.70000000000005,77.69,3.0,Low-Volume / Low-Growth Prescribers
1000003835,PA,Internal Medicine,6628.9,5728.0,3547371.0,17,7,0.0172,1631.3000000000002,829.4,1772.0,851.3,0.0,1113.4999999999998,284.3,147.1,26.73,16.8,12.84,34.62,133.46,4566.2,68.88,0.0,Diversified Prescribers
1000003837,PA,Endocrinology,8146.0,7001.0,5640926.350000001,19,8,0.0212,578.1,513.2,3513.5999999999995,1480.2000000000003,17.9,1660.0,170.9,212.10000000000002,43.13,20.38,18.17,79.38,133.75,7167.0,87.98,0.0,Diversified Prescribers
1000003840,TN,Internal Medicine,14812.400000000003,12758.0,9350120.620000001,17,6,0.0385,0.0,1624.4,4947.1,3984.5999999999995,39.0,2733.9,1483.4,0.0,33.4,18.46,26.9,325.0,52.15,13290.0,89.72,0.0,Diversified Prescribers
1000003845,MI,Family Practice,1100.8,950.0,621121.99,17,6,0.0029,88.9,65.9,289.1,269.2,0.0,260.7,127.0,0.0,26.26,23.68,24.45,388.83,56.01,884.8999999999999,80.39,3.0,Low-Volume / Low-Growth Prescribers
1000003854,TX,Family Practice,827.4999999999998,731.0,403237.88,17,7,0.0021,117.5,23.9,99.10000000000001,251.39999999999998,2.3,271.3,62.0,0.0,11.98,32.79,30.38,39.78,165.25,645.7,78.03,3.0,Low-Volume / Low-Growth Prescribers
1000003859,TX,Family Practice,1220.1000000000001,1053.0,551905.5600000002,19,8,0.0032,204.4,101.2,246.10000000000002,277.0,1.2,166.8,207.5,15.9,20.17,13.67,22.7,21.37,284.95,791.1,64.84,0.0,Diversified Prescribers
1000003862,TX,Internal Medicine,4211.2,3658.0,2029212.72,18,7,0.0109,0.0,157.5,454.0,1624.1,33.4,1237.6,651.5999999999999,53.0,10.78,29.39,38.57,-28.86,-64.94,3473.2,82.48,0.0,Diversified Prescribers
1000003873,MI,Family Practice,548.2,478.0,223359.05,12,6,0.0014,0.0,58.9,53.400000000000006,243.60000000000002,0.0,41.3,132.9,18.1,9.74,7.53,44.44,30.44,16.59,397.20000000000005,72.46,3.0,Low-Volume / Low-Growth Prescribers
1000003895,GA,Family Practice,961.0999999999999,830.0,685671.03,14,5,0.0025,0.0,97.8,324.0,254.2,1.2,283.9,0.0,0.0,33.71,29.54,26.45,1388.65,275.85,959.8999999999999,99.88,3.0,Low-Volume / Low-Growth Prescribers
1000003899,VA,Nurse Practitioner,1095.4,968.0,493127.82999999996,16,7,0.0028,332.40000000000003,25.4,252.2,303.1,0.0,114.10000000000001,48.4,19.8,23.02,10.42,27.67,107.04,25.62,694.8,63.43,3.0,Low-Volume / Low-Growth Prescribers
1000003901,IN,Internal Medicine,674.7,586.0,436634.94999999995,11,6,0.0018,77.5,45.9,214.7,153.1,0.0,170.0,0.0,13.5,31.82,25.2,22.69,-90.21,-74.08,583.6999999999999,86.51,3.0,Low-Volume / Low-Growth Prescribers
1000003902,OH,Nurse Practitioner,752.8000000000001,646.0,286516.44,16,7,0.002,89.1,36.5,71.2,324.2,1.1,89.19999999999999,141.5,0.0,9.46,11.85,43.07,73.09,-51.55,521.0999999999999,69.22,3.0,Low-Volume / Low-Growth Prescribers
1000003913,PA,Cardiology,1142.0,988.0,409268.10000000003,17,7,0.003,242.8,74.3,100.39999999999999,493.49999999999994,0.0,75.8,129.5,25.700000000000003,8.79,6.64,43.21,235.38,-20.6,744.0,65.15,3.0,Low-Volume / Low-Growth Prescribers
1000003918,MI,Family Practice,1102.6,952.0,447762.5800000001,15,6,0.0029,328.7,34.0,179.5,296.5,0.0,150.4,113.5,0.0,16.28,13.64,26.89,45.94,192.46,660.4,59.89,3.0,Low-Volume / Low-Growth Prescribers
1000003935,TX,Internal Medicine,6286.099999999999,5453.0,2890552.82,18,8,0.0163,1119.0,632.0999999999999,1322.8000000000002,1564.7,16.8,794.8,714.7,121.2,21.04,12.64,24.89,-59.72,-5.02,4314.400000000001,68.63,0.0,Diversified Prescribers
1000003937,CA,Endocrinology,2406.6000000000004,2103.0,1372832.37,18,7,0.0063,279.8,56.199999999999996,686.0999999999999,505.80000000000007,0.0,634.5,160.9,83.3,28.51,26.36,21.02,185.13,351.81,1882.6,78.23,0.0,Diversified Prescribers
1000003946,IL,Family Practice,4575.8,3908.0,1821723.3300000003,16,8,0.0119,1292.3,85.2,909.4000000000001,1279.6,11.8,368.0,563.8,65.7,19.87,8.04,27.96,-94.99,-86.36,2642.2,57.74,0.0,Diversified Prescribers
1000003954,IN,Internal Medicine,5435.4,4638.0,2148556.49,16,8,0.0141,1205.9,573.2,829.3,904.9000000000001,25.3,943.7,867.5,85.6,15.26,17.36,16.65,-33.71,60.59,3251.1,59.81,0.0,Diversified Prescribers
1000003965,TX,Family Practice,857.0000000000001,745.0,255027.35,16,6,0.0022,290.0,87.3,34.5,168.9,0.0,152.1,124.19999999999999,0.0,4.03,17.75,19.71,-56.04,-63.72,442.79999999999995,51.67,3.0,Low-Volume / Low-Growth Prescribers
1000003966,NY,Internal Medicine,3627.3999999999996,3177.0,2100864.24,14,5,0.0094,0.0,104.1,1100.8,1035.7000000000003,0.0,575.3,811.5,0.0,30.35,15.86,28.55,139.48,1192.15,2815.9,77.63,3.0,Low-Volume / Low-Growth Prescribers
1000003967,IL,Endocrinology,9508.199999999999,8338.0,5110096.0200000005,22,8,0.0247,1676.1,555.0,3020.5999999999995,1500.6,30.700000000000003,1650.6000000000001,837.1999999999999,237.4,31.77,17.36,15.78,-19.76,33.74,6726.799999999999,70.75,0.0,Diversified Prescribers
1000003968,FL,Family Practice,4270.4,3639.0,2273744.6000000006,20,6,0.0111,0.0,798.4000000000001,1043.4,1152.6,19.9,542.5,713.5999999999999,0.0,24.43,12.7,26.99,17.57,-23.98,3536.9,82.82,0.0,Diversified Prescribers
1000003969,CA,Internal Medicine,900.3000000000001,767.0,315858.11,13,6,0.0023,316.4,139.8,148.5,156.0,0.0,14.3,125.3,0.0,16.49,1.59,17.33,-64.02,28.45,458.6,50.94,3.0,Low-Volume / Low-Growth Prescribers
1000003979,VA,Internal Medicine,4693.299999999999,4054.0,2496374.8600000003,19,7,0.0122,628.9,446.3,737.6,1356.5,13.6,1456.4,0.0,54.0,15.72,31.03,28.9,102.01,37.19,3996.8,85.16,0.0,Diversified Prescribers
1000003991,CA,Internal Medicine,4638.599999999999,4214.0,1423069.5899999999,13,7,0.0121,2312.9,129.5,784.5999999999999,881.7,49.3,36.6,444.0,0.0,16.91,0.79,19.01,108.94,-10.07,1832.4,39.5,3.0,Low-Volume / Low-Growth Prescribers
1000004012,GA,Family Practice,3954.7999999999993,3400.0,2155031.2599999993,18,7,0.0103,582.3,434.2,886.2,1402.4,25.200000000000003,572.5,0.0,52.0,22.41,14.48,35.46,-57.44,-25.42,3295.3,83.32,0.0,Diversified Prescribers
1000004014,FL,Family Practice,46689.30000000001,39863.0,13878561.870000003,17,8,0.1213,22245.6,4323.5,5234.2,5863.000000000001,63.5,5612.6,2288.6,1058.3,11.21,12.02,12.56,3.07,-5.19,21033.3,45.05,1.0,High-Volume Core Prescribers
1000004019,TN,Internal Medicine,38184.50000000001,33168.0,22215801.93,17,6,0.0992,0.0,978.3,12310.2,8279.2,337.70000000000005,7777.299999999999,8501.8,0.0,32.24,20.37,21.68,169.96,33.36,29345.0,76.85,1.0,High-Volume Core Prescribers
1000004034,IL,Endocrinology,1652.9999999999998,1443.0,1009720.33,18,7,0.0043,0.0,175.2,605.8000000000001,424.90000000000003,3.4,198.5,228.0,17.2,36.65,12.01,25.7,-36.58,-32.44,1404.4,84.96,0.0,Diversified Prescribers
1000004036,CA,Cardiology,3672.1,3218.0,1574497.53,19,8,0.0095,604.8,308.2,531.4,1246.0,24.7,461.0,389.70000000000005,106.3,14.47,12.55,33.93,-50.17,-77.04,2546.6,69.35,0.0,Diversified Prescribers
1000004042,AZ,Internal Medicine,33109.0,29080.0,17633519.04,16,7,0.086,4624.5,234.6,9543.3,9613.8,225.8,5998.8,2868.2,0.0,28.82,18.12,29.04,180.08,18.13,25390.5,76.69,1.0,High-Volume Core Prescribers
1000004048,NY,Nurse Practitioner,24404.100000000002,21377.0,8062180.81,15,8,0.0634,4817.6,1356.1999999999998,1901.1,8852.8,79.9,2275.8,3739.5,1381.1999999999998,7.79,9.33,36.28,108.71,-14.33,14385.899999999998,58.95,0.0,Diversified Prescribers
1000004055,NC,Endocrinology,10150.7,8915.0,5205254.640000001,21,8,0.0264,1383.5,338.59999999999997,2736.2,1648.7,31.6,2256.7,1457.1,298.3,26.96,22.23,16.24,65.85,3.29,6980.2,68.77,0.0,Diversified Prescribers
1000004062,NC,Family Practice,562.4,488.0,207647.34999999998,15,7,0.0015,106.5,26.8,141.3,89.30000000000001,0.0,23.7,148.2,26.6,25.12,4.21,15.88,-39.76,-72.64,281.1,49.98,3.0,Low-Volume / Low-Growth Prescribers
1000004065,IL,Endocrinology,13761.300000000003,11872.0,7684842.84,20,8,0.0357,1687.5,925.1,4207.1,2418.5000000000005,20.9,2757.2000000000003,1558.5,186.5,30.57,20.04,17.57,40.61,9.4,10307.900000000001,74.9,0.0,Diversified Prescribers
1000004067,MA,Cardiology,5232.599999999999,4494.0,1961167.6500000001,17,8,0.0136,1533.8999999999999,18.5,771.3000000000001,675.7,33.8,1248.9,885.1999999999999,65.3,14.74,23.87,12.91,75.35,-35.63,2714.4000000000005,51.87,0.0,Diversified Prescribers
1000004072,FL,Family Practice,804.7,710.0,425107.63999999996,17,7,0.0021,69.5,81.0,203.8,264.70000000000005,0.0,103.2,54.7,27.799999999999997,25.33,12.82,32.89,-75.09,-47.54,652.7,81.11,3.0,Low-Volume / Low-Growth Prescribers
1000004074,MA,Family Practice,32024.1,28144.0,15371788.82,16,7,0.0832,6646.0,1173.5,5856.200000000001,10100.8,269.6,6245.6,0.0,1732.4,18.29,19.5,31.54,-44.09,123.31,23376.1,73.0,1.0,High-Volume Core Prescribers
1000004076,NC,Internal Medicine,17556.4,15184.0,7068633.94,19,8,0.0456,2179.2,1394.2,1273.9,7561.400000000001,107.69999999999999,2691.3,1410.1,938.6000000000001,7.26,15.33,43.07,-79.07,-76.49,12920.800000000001,73.6,0.0,Diversified Prescribers
1000004078,FL,Family Practice,19395.799999999996,16979.0,6168050.740000001,15,8,0.0504,4637.0,1214.8,498.3,6375.700000000001,100.4,3816.0000000000005,2508.1,245.5,2.57,19.67,32.87,91.56,-62.15,11904.800000000001,61.38,0.0,Diversified Prescribers
1000004086,MA,Endocrinology,2128.0,1837.0,1295077.59,20,8,0.0055,91.8,133.29999999999998,629.6,376.7,3.7,629.3,235.20000000000002,28.4,29.59,29.57,17.7,-45.98,31.34,1768.9,83.12,0.0,Diversified Prescribers
1000004107,TX,Endocrinology,35629.000000000015,30957.0,22704057.000000007,21,7,0.0926,2221.9,3676.3999999999996,12628.9,4911.3,79.0,9527.5,2584.0,0.0,35.45,26.74,13.78,-48.9,32.01,30744.100000000002,86.29,1.0,High-Volume Core Prescribers
1000004130,NC,Internal Medicine,3326.6,2909.0,1672660.99,14,7,0.0086,474.9,424.20000000000005,810.0999999999999,536.8000000000001,20.9,486.4,573.3,0.0,24.35,14.62,16.14,-38.08,-20.05,2257.5,67.86,3.0,Low-Volume / Low-Growth Prescribers
1000004131,TX,Internal Medicine,1054.1,928.0,425976.7100000001,13,6,0.0027,303.20000000000005,77.8,201.5,279.5,0.0,65.6,126.5,0.0,19.12,6.22,26.52,29.74,72.4,624.4000000000001,59.24,3.0,Low-Volume / Low-Growth Prescribers
1000004133,NY,Family Practice,4438.8,3974.0,1209962.4700000002,16,7,0.0115,1397.6,564.8,295.5,776.8,0.0,421.2,748.2,234.7,6.66,9.49,17.5,226.6,-77.59,2058.3,46.37,3.0,Low-Volume / Low-Growth Prescribers
1000004134,FL,Family Practice,3316.7999999999997,2860.0,1517886.92,15,7,0.0086,423.0,387.5,542.0,1303.2,0.0,316.8,207.0,137.3,16.34,9.55,39.29,-76.94,-81.12,2549.5,76.87,3.0,Low-Volume / Low-Growth Prescribers
1000004145,PA,Family Practice,3807.6999999999994,3332.0,1436514.13,19,7,0.0099,1058.8000000000002,116.1,561.8,1072.4,56.1,487.5,455.0,0.0,14.75,12.8,28.16,70.04,7.43,2237.8,58.77,0.0,Diversified Prescribers
1000004146,PA,Endocrinology,41298.59999999999,35789.0,21472866.660000004,20,8,0.1073,11034.3,2574.4000000000005,11558.1,3993.5,277.2,9207.3,2321.9,331.9,27.99,22.29,9.67,8.43,128.94,27333.300000000003,66.18,1.0,High-Volume Core Prescribers
1000004154,NY,Internal Medicine,886.0000000000001,760.0,318719.15,15,7,0.0023,275.2,45.400000000000006,81.89999999999999,302.8,2.5,96.1,82.1,0.0,9.24,10.85,34.18,-81.25,28.53,526.2,59.39,3.0,Low-Volume / Low-Growth Prescribers
1000004157,TX,Nurse Practitioner,1029.3,899.0,665804.77,15,6,0.0027,88.3,41.4,427.1,241.39999999999998,0.0,145.89999999999998,85.2,0.0,41.49,14.17,23.45,34.74,88.52,855.8,83.14,3.0,Low-Volume / Low-Growth Prescribers
1000004159,MA,Family Practice,601.0999999999999,523.0,385387.00000000006,13,7,0.0016,0.0,29.9,187.2,186.9,1.1,137.2,40.8,18.0,31.14,22.82,31.09,-2.02,178.67,541.1999999999999,90.03,3.0,Low-Volume / Low-Growth Prescribers
1000004160,NY,Internal Medicine,4075.7999999999997,3503.0,2273130.58,17,8,0.0106,433.8,252.7,1077.8999999999999,948.7,28.6,845.0,330.6,158.5,26.45,20.73,23.28,44.18,208.39,3124.3,76.65,0.0,Diversified Prescribers
1000004175,FL,Nephrology,3579.2,3160.0,2262883.55,14,7,0.0093,0.0,172.2,1239.4,1404.1,11.1,467.9,183.3,101.2,34.63,13.07,39.23,-3.74,-21.81,3283.6000000000004,91.74,3.0,Low-Volume / Low-Growth Prescribers
1000004193,CA,Family Practice,6098.499999999999,5344.0,2578032.85,18,7,0.0158,1852.6,146.8,958.5999999999999,1320.6,13.2,1366.6999999999998,440.0,0.0,15.72,22.41,21.65,-35.52,10.47,3792.7,62.19,0.0,Diversified Prescribers
1000004201,TN,Internal Medicine,5985.299999999999,5154.0,2578110.93,18,8,0.0155,1345.6999999999998,613.0,708.9000000000001,1037.9,11.7,1669.8000000000002,552.4,45.9,11.84,27.9,17.34,231.15,-28.22,4029.6000000000004,67.32,0.0,Diversified Prescribers
1000004211,FL,Family Practice,921.3999999999999,795.0,378266.27,14,8,0.0024,327.0,55.4,219.29999999999998,100.1,1.1,111.7,89.5,17.3,23.8,12.12,10.86,91.36,133.51,486.5,52.8,3.0,Low-Volume / Low-Growth Prescribers
1000004250,OH,Internal Medicine,4548.2,3905.0,1908377.6600000001,15,8,0.0118,890.5999999999999,242.3,789.4000000000001,1191.6,29.0,615.7,682.3,107.3,17.36,13.54,26.2,-0.78,-61.69,2839.0,62.42,3.0,Low-Volume / Low-Growth Prescribers
1000004254,VA,Endocrinology,2117.3999999999996,1842.0,1228132.75,18,7,0.0055,187.60000000000002,121.3,518.5,421.40000000000003,3.4,729.3,135.9,0.0,24.49,34.44,19.9,-32.87,-24.47,1790.5,84.56,0.0,Diversified Prescribers
1000004257,FL,Internal Medicine,1019.7000000000002,853.0,496608.1,17,7,0.0026,268.3,54.7,232.3,250.1,0.0,163.2,28.7,22.4,22.78,16.0,24.53,-9.01,72.09,700.3,68.68,3.0,Low-Volume / Low-Growth Prescribers
1000004262,IL,Internal Medicine,5497.500000000001,4736.0,2924907.65,19,8,0.0143,1177.7,350.5,1554.4,1318.7,35.8,814.1,171.5,74.8,28.27,14.81,23.99,-10.91,-40.5,4037.7,73.45,0.0,Diversified Prescribers
1000004272,IL,Endocrinology,1878.1,1641.0,1304442.67,18,6,0.0049,0.0,140.4,795.5999999999999,347.8,0.0,412.40000000000003,155.8,26.1,42.36,21.96,18.52,210.63,194.07,1696.2,90.31,0.0,Diversified Prescribers
1000004282,FL,Internal Medicine,3359.5,2837.0,1626000.75,14,6,0.0087,568.0,377.69999999999993,252.5,1398.3,25.799999999999997,737.2,0.0,0.0,7.52,21.94,41.62,572.74,1663.38,2765.7,82.32,3.0,Low-Volume / Low-Growth Prescribers
1000004283,NC,Endocrinology,2064.1000000000004,1805.0,1083250.16,20,7,0.0054,205.4,88.3,360.1,420.40000000000003,2.2,804.7,183.00000000000003,0.0,17.45,38.99,20.37,-17.14,134.35,1673.5000000000002,81.08,0.0,Diversified Prescribers
1000004288,CA,Internal Medicine,817.9999999999999,715.0,396781.60000000003,14,8,0.0021,107.1,50.8,198.7,95.10000000000001,1.1,188.7,141.9,34.6,24.29,23.07,11.63,230.19,13.31,533.3,65.2,3.0,Low-Volume / Low-Growth Prescribers
1000004289,NC,Family Practice,781.5999999999998,683.0,433833.97,14,7,0.002,77.7,44.2,224.7,226.39999999999998,0.0,120.9,39.0,48.7,28.75,15.47,28.97,-19.35,166.16,616.2,78.84,3.0,Low-Volume / Low-Growth Prescribers
1000004298,CA,Internal Medicine,904.7000000000002,797.0,348734.22,12,6,0.0024,278.0,59.1,75.00000000000001,123.7,0.0,294.5,74.4,0.0,8.29,32.55,13.67,7.74,-32.36,552.3000000000001,61.05,3.0,Low-Volume / Low-Growth Prescribers
1000004314,NC,Cardiology,6460.3,5637.0,3115780.42,19,8,0.0168,918.8,634.9,1208.7,2018.2,25.700000000000003,902.3,608.5,143.2,18.71,13.97,31.24,-25.75,48.69,4764.1,73.74,0.0,Diversified Prescribers
1000004325,FL,Physician Assistant,1046.2,918.0,472043.05999999994,20,8,0.0027,213.7,111.60000000000001,184.4,276.9,4.5,146.8,75.1,33.2,17.63,14.03,26.47,-77.58,-73.64,719.7,68.79,0.0,Diversified Prescribers
1000004336,PA,Family Practice,17722.2,15190.0,9863588.88,16,6,0.046,0.0,1968.6,2685.8,3915.5,152.6,6475.799999999999,2523.8999999999996,0.0,15.16,36.54,22.09,80.86,83.39,15045.699999999999,84.9,0.0,Diversified Prescribers
1000004337,OH,Nurse Practitioner,911.7,789.0,339367.25,16,7,0.0024,193.8,48.7,180.0,158.2,0.0,80.7,219.9,30.4,19.74,8.85,17.35,273.06,114.96,467.59999999999997,51.29,3.0,Low-Volume / Low-Growth Prescribers
1000004344,CA,Family Practice,3377.0,2929.0,1659093.86,16,7,0.0088,0.0,532.9,479.3,734.6,30.6,971.9,548.2,79.5,14.19,28.78,21.75,-94.72,-95.81,2718.7,80.51,0.0,Diversified Prescribers
1000004369,FL,Internal Medicine,3575.6000000000004,3071.0,1670218.1199999999,19,8,0.0093,641.3,224.6,860.6000000000001,884.3,23.2,396.2,469.2,76.2,24.07,11.08,24.73,-61.07,150.78,2365.7,66.16,0.0,Diversified Prescribers
1000004379,TX,Internal Medicine,13566.400000000001,11677.0,9064926.7,18,7,0.0352,0.0,1260.5,4946.1,2784.3,122.7,3097.6,1152.0,203.2,36.46,22.83,20.52,-11.87,70.79,12088.5,89.11,0.0,Diversified Prescribers
1000004381,PA,Endocrinology,2167.2000000000003,1874.0,1115239.63,20,7,0.0056,212.9,135.1,444.79999999999995,340.7,0.0,744.0,241.99999999999997,47.7,20.52,34.33,15.72,212.36,-5.11,1664.6,76.81,0.0,Diversified Prescribers
1000004408,IL,Internal Medicine,790.6000000000001,693.0,413786.38,15,7,0.0021,0.0,23.9,130.79999999999998,185.10000000000002,2.4,300.20000000000005,118.19999999999999,30.0,16.54,37.97,23.41,125.26,161.39,640.0,80.95,3.0,Low-Volume / Low-Growth Prescribers
1000000902,VA,Internal Medicine,878.3,752.0,409010.5699999999,15,6,0.0023,81.0,50.3,142.9,308.3,0.0,155.89999999999998,139.9,0.0,16.27,17.75,35.1,,,657.4,74.85,,
1000001355,MI,Nurse Practitioner,705.7,619.0,302176.05000000005,14,7,0.0018,69.5,36.9,69.6,370.5,2.2,79.1,77.9,0.0,9.86,11.21,52.5,,,556.1,78.8,,
1000001789,PA,Internal Medicine,952.6,837.0,431338.81,16,8,0.0025,201.5,24.4,201.1,272.7,2.4,134.1,80.6,35.8,21.11,14.08,28.63,,,632.3,66.38,,
1000003147,TX,Family Practice,944.2,827.0,586677.54,15,6,0.0025,106.8,124.5,277.6,155.8,0.0,258.2,0.0,21.3,29.4,27.35,16.5,,,816.0999999999999,86.43,,
1000004413,TX,Family Practice,875.0,786.0,402069.83999999997,16,7,0.0023,158.8,99.80000000000001,79.3,297.8,4.4,206.7,28.2,0.0,9.06,23.62,34.03,399.23,380.71,683.6,78.13,3.0,Low-Volume / Low-Growth Prescribers
1000004431,TX,Internal Medicine,16329.500000000002,14044.0,7879135.99,18,8,0.0424,2170.7,2991.600000000001,1523.7,3148.3,159.2,4988.2,967.7,380.1,9.33,30.55,19.28,172.93,107.08,12651.8,77.48,0.0,Diversified Prescribers
1000004455,FL,Endocrinology,39148.3,34007.0,23318329.47,21,8,0.1017,3304.1000000000004,3290.6,12814.200000000003,7277.8,220.10000000000002,8180.800000000001,3856.7999999999993,203.9,32.73,20.9,18.59,60.59,169.26,31563.4,80.63,1.0,High-Volume Core Prescribers
1000004460,FL,Internal Medicine,28523.1,24942.0,12632884.75,16,7,0.0741,3394.4,5481.3,4514.8,5664.099999999999,85.0,5033.0,4350.5,0.0,15.83,17.65,19.86,-88.94,-80.84,20693.199999999997,72.55,1.0,High-Volume Core Prescribers
1000004463,CA,Endocrinology,36609.90000000001,31720.0,17187458.749999996,21,8,0.0951,7595.9,1696.1000000000001,8530.1,4912.700000000001,236.7,7634.8,5046.8,956.8000000000001,23.3,20.85,13.42,-78.28,-36.38,22773.7,62.21,1.0,High-Volume Core Prescribers
1000004483,IL,Family Practice,1159.0,1013.0,530477.53,15,7,0.003,278.29999999999995,140.8,246.2,207.1,0.0,144.1,108.8,33.7,21.24,12.43,17.87,123.68,39.9,738.1999999999999,63.69,3.0,Low-Volume / Low-Growth Prescribers
1000004485,GA,Family Practice,34035.100000000006,29661.0,11296437.49,18,8,0.0884,11026.7,2238.0,2247.3,6261.4,324.3,7470.4,3646.8,820.2,6.6,21.95,18.4,637.59,74.85,18217.1,53.52,1.0,High-Volume Core Prescribers
1000004491,TX,Family Practice,946.6000000000001,801.0,331752.58999999997,16,7,0.0025,321.7,83.9,55.3,105.7,0.0,267.4,80.69999999999999,31.900000000000002,5.84,28.25,11.17,-44.17,61.52,512.3000000000001,54.12,3.0,Low-Volume / Low-Growth Prescribers
1000004499,IN,Internal Medicine,5862.599999999999,5164.0,2564222.3600000003,17,8,0.0152,1056.0,458.0,564.2,622.4,36.3,2262.8999999999996,684.4,178.4,9.62,38.6,10.62,154.82,-22.22,3907.4999999999995,66.65,0.0,Diversified Prescribers
1000000040,TX,Endocrinology,1830.7999999999997,1590.0,983206.7000000002,19,7,0.0048,219.2,102.7,545.9,399.20000000000005,0.0,282.9,241.29999999999998,39.6,29.82,15.45,21.8,-10.92,30.01,1330.7,72.68,0.0,Diversified Prescribers
1000000043,FL,Nurse Practitioner,857.3000000000001,749.0,298555.32,15,7,0.0022,218.7,66.2,49.9,252.4,0.0,156.2,97.30000000000001,16.6,5.82,18.22,29.44,48.52,-58.02,524.7,61.2,3.0,Low-Volume / Low-Growth Prescribers
1000000048,NC,Internal Medicine,42470.1,36921.0,20049414.34,19,8,0.1103,8241.8,3125.5,10326.5,6723.7,430.9,6977.4,6034.3,610.0,24.31,16.43,15.83,-31.4,105.43,27153.100000000002,63.93,1.0,High-Volume Core Prescribers
1000000055,IL,Physician Assistant,38491.8,33757.0,13956150.120000001,18,8,0.1,12505.7,1385.8000000000002,4210.299999999999,10535.1,326.29999999999995,5288.2,3187.1,1053.3000000000002,10.94,13.74,27.37,97.45,979.18,21419.4,55.65,1.0,High-Volume Core Prescribers
1000000056,NC,Endocrinology,29130.300000000003,25255.0,16938210.78,20,8,0.0757,5238.8,1413.9,8830.9,6144.4,91.5,6511.7,668.0,231.1,30.32,22.35,21.09,-62.07,-51.83,22900.9,78.62,1.0,High-Volume Core Prescribers
1000000072,TX,Endocrinology,10605.0,9177.0,6925386.07,20,7,0.0276,0.0,395.5,3624.9000000000005,1815.4,22.1,3686.4,989.2,71.5,34.18,34.76,17.12,-60.02,13.56,9522.2,89.79,0.0,Diversified Prescribers
1000000075,FL,Family Practice,4400.400000000001,3834.0,2391823.3100000005,16,8,0.0114,1015.4,483.3,1273.8999999999999,547.2,19.6,851.4000000000001,144.3,65.3,28.95,19.35,12.44,-47.55,-37.92,3155.8,71.72,0.0,Diversified Prescribers
1000000080,IN,Nurse Practitioner,855.2,740.0,388262.25,15,7,0.0022,81.2,135.7,75.6,256.7,0.0,193.60000000000002,82.9,29.5,8.84,22.64,30.02,-20.1,8.88,661.6,77.36,3.0,Low-Volume / Low-Growth Prescribers
1000000088,NC,Nurse Practitioner,545.0,477.0,264506.4,12,7,0.0014,73.9,57.5,110.2,181.9,0.0,55.1,35.8,30.6,20.22,10.11,33.38,-18.39,39.71,404.70000000000005,74.26,3.0,Low-Volume / Low-Growth Prescribers
1000000098,NY,Endocrinology,43290.200000000004,37583.0,23698416.53,21,8,0.1125,7425.599999999999,2846.4,15768.2,8783.1,168.39999999999998,3690.9,3455.8,1151.8,36.42,8.53,20.29,-36.49,-27.78,31088.600000000006,71.81,1.0,High-Volume Core Prescribers
1000000106,TN,Internal Medicine,962.6,844.0,392455.9799999999,15,7,0.0025,122.8,26.0,95.4,391.5,1.2,166.0,159.70000000000002,0.0,9.91,17.24,40.67,-38.36,-55.58,678.9,70.53,3.0,Low-Volume / Low-Growth Prescribers
1000000110,FL,Internal Medicine,12703.0,11165.0,4736713.899999999,20,8,0.033,1491.4,1420.6,1384.9,3812.4000000000005,102.0,1167.4,2289.7000000000003,1034.6,10.9,9.19,30.01,-21.61,-33.62,7785.300000000001,61.29,0.0,Diversified Prescribers
1000000111,CA,Endocrinology,8225.3,7144.0,4337147.98,19,8,0.0214,1123.9,569.8,2289.9,1091.3,26.8,1877.0,1079.7,166.89999999999998,27.84,22.82,13.27,-8.16,-19.47,5828.0,70.85,0.0,Diversified Prescribers
1000000120,TN,Family Practice,15919.4,13774.0,7153482.840000001,18,8,0.0414,2133.3,627.0999999999999,2568.2,4301.0,136.2,3257.2999999999997,2493.1,403.2,16.13,20.46,27.02,-10.67,51.8,10753.6,67.55,0.0,Diversified Prescribers
1000000129,IL,Internal Medicine,45540.2,38902.0,26121752.79,18,8,0.1183,8183.6,2337.6,15964.6,7031.8,338.2,6620.700000000001,3754.3999999999996,1309.3,35.06,14.54,15.44,-9.65,34.63,31954.7,70.17,1.0,High-Volume Core Prescribers
1000000132,AZ,Endocrinology,12698.900000000001,11025.0,7703051.91,22,8,0.033,1687.1,809.8,4731.200000000001,1678.3999999999999,50.0,2308.0,1081.2,353.2,37.26,18.17,13.22,63.6,61.33,9527.400000000001,75.03,0.0,Diversified Prescribers
1000000153,TN,Internal Medicine,3064.2000000000003,2639.0,1626529.2699999998,14,6,0.008,0.0,516.1,349.1,1224.3000000000002,15.8,774.0,184.9,0.0,11.39,25.26,39.95,7.11,12.83,2863.5,93.45,3.0,Low-Volume / Low-Growth Prescribers
1000000161,OH,Family Practice,6062.299999999999,5344.0,3063379.8999999994,19,7,0.0157,371.1,411.20000000000005,1326.3,1691.5,22.4,1235.9,1003.9,0.0,21.88,20.39,27.9,-50.32,-16.94,4664.9,76.95,0.0,Diversified Prescribers
1000000172,GA,Internal Medicine,1258.0,1102.0,692042.35,20,8,0.0033,114.5,59.3,334.1,374.9,1.2,216.3,139.0,18.7,26.56,17.19,29.8,9.37,60.89,984.6,78.27,0.0,Diversified Prescribers
1000000173,CA,Internal Medicine,795.4999999999999,703.0,268359.8,14,8,0.0021,193.3,51.0,95.60000000000001,240.0,7.1,35.4,143.3,29.799999999999997,12.02,4.45,30.17,10.77,-66.62,422.0,53.05,3.0,Low-Volume / Low-Growth Prescribers
1000000179,NC,Endocrinology,1972.9999999999995,1695.0,1041667.2300000001,18,8,0.0051,277.7,128.5,398.0,160.2,1.1,785.2,196.4,25.9,20.17,39.8,8.12,85.63,54.54,1471.9,74.6,0.0,Diversified Prescribers
1000000189,VA,Internal Medicine,10228.9,8839.0,4030611.6499999994,16,7,0.0266,2181.1,633.6,1522.9,2466.3,67.9,1982.6,1374.5,0.0,14.89,19.38,24.11,191.52,-57.55,6605.400000000001,64.58,0.0,Diversified Prescribers
1000000190,NY,Endocrinology,26947.600000000006,23614.0,17136725.189999998,18,7,0.07,0.0,1418.5,8617.5,5969.7,202.9,8533.9,1515.4,689.7,31.98,31.67,22.15,-32.19,47.06,24539.600000000002,91.06,1.0,High-Volume Core Prescribers
1000000209,NC,Endocrinology,13292.800000000001,11550.0,8136519.379999999,20,8,0.0345,1346.2,923.5,3543.6000000000004,1560.2,13.2,5068.7,652.9,184.5,26.66,38.13,11.74,80.25,522.99,11096.0,83.47,0.0,Diversified Prescribers
1000000211,PA,Family Practice,12648.4,11046.0,6737563.670000001,15,7,0.0329,3222.3,385.3,3602.0,3197.1,189.8,1659.3,0.0,392.6,28.48,13.12,25.28,-79.7,143.25,8843.7,69.92,0.0,Diversified Prescribers
1000000214,IL,Family Practice,508.0,439.0,276006.76,14,7,0.0013,0.0,90.80000000000001,126.3,142.8,3.2,65.6,64.7,14.6,24.86,12.91,28.11,6.46,130.73,425.5,83.76,3.0,Low-Volume / Low-Growth Prescribers
1000000215,FL,Internal Medicine,923.1,801.0,337929.42,16,7,0.0024,269.4,47.7,131.70000000000002,193.2,0.0,144.0,117.60000000000001,19.5,14.27,15.6,20.93,-58.34,-84.46,516.6,55.96,3.0,Low-Volume / Low-Growth Prescribers
1000000242,CA,Nurse Practitioner,4976.200000000001,4387.0,2315411.3899999997,19,7,0.0129,356.6,707.3,654.1,1344.0,0.0,1209.9999999999998,503.2,201.0,13.14,24.32,27.01,-82.55,-73.83,3915.3999999999996,78.68,0.0,Diversified Prescribers
1000000247,CA,Physician Assistant,3448.3,3019.0,1810311.44,11,6,0.009,647.0,29.8,579.4,498.90000000000003,0.0,1501.5,191.7,0.0,16.8,43.54,14.47,103.65,372.58,2609.6000000000004,75.68,3.0,Low-Volume / Low-Growth Prescribers
1000000252,NC,Nurse Practitioner,1164.3999999999999,1003.0,415261.61999999994,16,8,0.003,109.3,154.8,27.3,490.09999999999997,1.2,127.0,238.0,16.7,2.34,10.91,42.09,3.48,-1.08,799.2,68.64,3.0,Low-Volume / Low-Growth Prescribers
1000000261,VA,Nephrology,3812.5999999999995,3369.0,1508794.93,17,8,0.0099,621.0,241.3,294.2,814.0,25.1,1097.8,618.3,100.9,7.72,28.79,21.35,-20.9,105.74,2447.3,64.19,0.0,Diversified Prescribers
1000000273,AZ,Nurse Practitioner,695.5999999999999,599.0,241094.64,14,7,0.0018,99.2,75.4,31.8,161.1,1.2,151.39999999999998,175.5,0.0,4.57,21.77,23.16,-86.54,-79.8,419.70000000000005,60.34,3.0,Low-Volume / Low-Growth Prescribers
1000000278,TX,Family Practice,727.5999999999999,629.0,348574.82,12,6,0.0019,128.3,29.8,84.0,224.1,0.0,217.9,43.5,0.0,11.54,29.95,30.8,5.16,913.57,555.8,76.39,3.0,Low-Volume / Low-Growth Prescribers
1000000287,IN,Internal Medicine,11646.599999999999,9849.0,5403366.49,18,8,0.0303,1931.1,884.7,1843.3000000000002,3374.0999999999995,98.0,2519.2000000000003,586.6,409.6,15.83,21.63,28.97,325.58,-6.2,8621.3,74.02,0.0,Diversified Prescribers
1000000300,CA,Endocrinology,2523.3,2226.0,1444729.64,20,8,0.0066,265.7,189.7,586.5,346.5,2.2,882.4000000000001,210.2,40.1,23.24,34.97,13.73,6.27,424.06,2005.1000000000001,79.46,0.0,Diversified Prescribers
1000000328,FL,Internal Medicine,732.5999999999999,653.0,237319.07,12,7,0.0019,325.5,14.3,89.6,184.60000000000002,0.0,69.0,33.1,16.5,12.23,9.42,25.2,279.37,11.86,357.5,48.8,3.0,Low-Volume / Low-Growth Prescribers
1000000336,NY,Nurse Practitioner,5310.4,4567.0,2430106.9299999997,20,8,0.0138,1619.8,294.1,961.0,852.4000000000001,28.1,1356.6,154.8,43.6,18.1,25.55,16.05,4.9,414.6,3464.1,65.23,0.0,Diversified Prescribers
1000000338,CA,Internal Medicine,846.4,740.0,496328.96,15,5,0.0022,0.0,111.4,147.1,328.79999999999995,0.0,244.8,0.0,14.3,17.38,28.92,38.85,44.24,-16.63,832.0999999999999,98.31,3.0,Low-Volume / Low-Growth Prescribers
1000000340,VA,Internal Medicine,4089.2,3652.0,1968977.5899999999,15,8,0.0106,474.0,426.0,907.0,1112.6,27.8,378.7,667.8,95.3,22.18,9.26,27.21,-46.26,-31.45,2824.3,69.07,3.0,Low-Volume / Low-Growth Prescribers
1000000345,NY,Family Practice,45515.100000000006,39140.0,17883631.19,18,8,0.1182,11281.7,5637.6,4806.1,13783.199999999999,364.5,5873.099999999999,3166.1000000000004,602.8,10.56,12.9,30.28,-37.64,-7.86,30100.0,66.13,1.0,High-Volume Core Prescribers
1000000347,TX,Endocrinology,36255.700000000004,31053.0,23245596.82,20,8,0.0942,1910.8,1616.2,10559.2,4919.200000000001,216.1,15486.5,1313.6,234.1,29.12,42.71,13.57,-33.42,25.58,32581.100000000002,89.86,1.0,High-Volume Core Prescribers
1000000348,MI,Internal Medicine,5427.799999999999,4716.0,3300840.45,18,8,0.0141,604.7,371.0,1945.5,634.7,31.6,1149.0,422.20000000000005,269.1,35.84,21.17,11.69,103.12,422.1,4100.2,75.54,0.0,Diversified Prescribers
1000000351,NY,Nurse Practitioner,831.8000000000001,726.0,266365.27,14,7,0.0022,326.8,82.70000000000002,45.5,114.30000000000001,6.9,177.2,78.4,0.0,5.47,21.3,13.74,15.77,124.31,419.7,50.46,3.0,Low-Volume / Low-Growth Prescribers
1000000353,FL,Endocrinology,1926.3000000000002,1690.0,1258036.72,18,7,0.005,91.7,197.2,864.7,380.3,0.0,184.7,151.9,55.8,44.89,9.59,19.74,-36.66,-20.62,1626.9,84.46,0.0,Diversified Prescribers
1000000356,TX,Endocrinology,40810.2,36158.0,22444498.979999997,21,8,0.106,3164.4,3116.5,8222.0,7758.1,166.6,13235.6,4719.5,427.5,20.15,32.43,19.01,169.62,18.8,32332.199999999997,79.23,1.0,High-Volume Core Prescribers
1000000370,NY,Endocrinology,37802.1,32744.0,21949651.919999998,22,8,0.0982,5276.8,2404.9,12932.0,4980.5,168.2,7930.6,3471.2,637.9,34.21,20.98,13.18,-0.11,31.59,28248.0,74.73,1.0,High-Volume Core Prescribers
1000000372,TX,Endocrinology,2445.6,2127.0,1303583.4600000002,21,8,0.0064,214.0,140.9,517.0,536.0,4.6,753.6,249.8,29.700000000000003,21.14,30.81,21.92,-21.98,5.43,1947.5,79.63,0.0,Diversified Prescribers
1000000386,FL,Internal Medicine,9821.0,8554.0,5172422.89,15,6,0.0255,0.0,336.0,1960.6,4795.7,89.30000000000001,1465.5,1173.9,0.0,19.96,14.92,48.83,-24.83,42.1,8557.8,87.14,0.0,Diversified Prescribers
1000000389,GA,Family Practice,4448.7,3950.0,2726508.54,13,7,0.0116,493.5,181.9,1594.7,993.9,0.0,726.1999999999999,412.79999999999995,45.7,35.85,16.32,22.34,1856.46,341.47,3496.7000000000003,78.6,3.0,Low-Volume / Low-Growth Prescribers
1000000393,TX,Family Practice,3780.8,3273.0,1676066.1,13,7,0.0098,560.2,448.5,834.6,825.1,0.0,293.20000000000005,606.2,212.99999999999997,22.07,7.75,21.82,58.98,1026.79,2401.4,63.52,3.0,Low-Volume / Low-Growth Prescribers
1000000413,TX,Family Practice,547.0999999999999,482.0,291259.44,12,5,0.0014,0.0,0.0,169.0,185.7,0.0,53.5,102.79999999999998,36.1,30.89,9.78,33.94,-52.24,91.62,408.2,74.61,3.0,Low-Volume / Low-Growth Prescribers
1000000414,TX,Family Practice,5656.7,4899.0,2570931.5,18,8,0.0147,700.8,323.9,1191.5,1609.2,11.2,705.9,977.9999999999999,136.2,21.06,12.48,28.45,-17.86,44.74,3830.5,67.72,0.0,Diversified Prescribers
1000000416,FL,Internal Medicine,5148.699999999999,4394.0,2058813.9000000004,16,8,0.0134,1114.9,747.7,179.3,1522.0,8.1,1204.9,314.2,57.6,3.48,23.4,29.56,35.22,11.5,3653.9,70.97,0.0,Diversified Prescribers
1000000417,NY,Internal Medicine,1090.1000000000001,934.0,419349.11,18,8,0.0028,321.6,28.4,116.4,362.9,3.5,159.5,82.1,15.7,10.68,14.63,33.29,155.49,43.49,667.1999999999999,61.21,3.0,Low-Volume / Low-Growth Prescribers
1000000447,MI,Family Practice,3149.9,2776.0,1642418.5300000003,16,6,0.0082,0.0,153.9,392.1,1464.8000000000002,0.0,757.5,338.9,42.7,12.45,24.05,46.5,-5.74,367.83,2768.3,87.89,0.0,Diversified Prescribers
1000000451,CA,Internal Medicine,3604.9000000000005,3132.0,1451345.31,16,8,0.0094,873.2,246.4,188.0,1333.8999999999999,8.5,740.3,170.0,44.6,5.22,20.54,37.0,840.17,328.94,2508.6,69.59,0.0,Diversified Prescribers
1000000456,FL,Endocrinology,2205.2,1898.0,1313723.3299999998,19,8,0.0057,110.8,64.5,454.6,518.1,1.1,873.0,157.3,25.799999999999997,20.61,39.59,23.49,264.39,273.34,1910.1999999999998,86.62,0.0,Diversified Prescribers
1000000464,PA,Physician Assistant,18168.5,15829.0,9721229.85,18,8,0.0472,2356.0,2586.1,4486.099999999999,3681.3000000000006,92.1,3336.6000000000004,973.5,656.8,24.69,18.36,20.26,1360.88,69.39,14090.1,77.55,0.0,Diversified Prescribers
1000000466,VA,Internal Medicine,12503.7,11083.0,5444115.06,15,8,0.0325,2880.3999999999996,661.9,1700.3000000000002,1817.9,78.6,3964.5,1127.2,272.9,13.6,31.71,14.54,108.27,-33.31,8144.6,65.14,0.0,Diversified Prescribers
1000000468,VA,Internal Medicine,6299.999999999999,5514.0,2820810.16,18,7,0.0164,1168.6,96.89999999999999,485.5,2003.6,19.8,2152.9,372.70000000000005,0.0,7.71,34.17,31.8,-24.13,25.44,4738.9,75.22,0.0,Diversified Prescribers
1000000486,GA,Endocrinology,2610.8,2235.0,1381740.2200000002,19,8,0.0068,378.4,159.7,661.9,616.1999999999999,4.5,577.9,196.3,15.9,25.35,22.13,23.6,-53.11,-36.21,2015.6999999999998,77.21,0.0,Diversified Prescribers
1000000491,OH,Family Practice,638.1999999999999,554.0,255813.90999999997,14,6,0.0017,73.4,29.299999999999997,130.5,94.9,0.0,106.89999999999999,203.2,0.0,20.45,16.75,14.87,-54.17,46.93,361.6,56.66,3.0,Low-Volume / Low-Growth Prescribers
1000000502,TN,Internal Medicine,3062.2,2659.0,1984008.4499999997,15,6,0.008,0.0,494.69999999999993,1183.2,450.3,0.0,488.0,378.2,67.8,38.64,15.94,14.71,19.61,208.8,2616.2000000000003,85.44,0.0,Diversified Prescribers
1000000506,MI,Nurse Practitioner,805.3000000000001,697.0,349542.08,13,6,0.0021,147.6,44.8,231.1,184.4,0.0,26.299999999999997,171.10000000000002,0.0,28.7,3.27,22.9,75.09,28.46,486.6,60.42,3.0,Low-Volume / Low-Growth Prescribers
1000000523,GA,Nurse Practitioner,2976.0,2610.0,1596871.88,15,6,0.0077,0.0,329.9,306.3,1477.3000000000002,16.9,707.0,0.0,138.60000000000002,10.29,23.76,49.64,35.64,524.91,2820.5,94.77,0.0,Diversified Prescribers
1000000526,TX,Internal Medicine,17036.7,14821.0,9301135.450000001,18,6,0.0443,0.0,1264.5,3119.0,4961.599999999999,147.2,4702.7,2841.7,0.0,18.31,27.6,29.12,67.11,211.51,14047.8,82.46,0.0,Diversified Prescribers
1000000556,NY,Endocrinology,2415.8,2121.0,1478501.64,19,7,0.0063,265.6,105.9,791.0,383.3,0.0,718.9,116.0,35.1,32.74,29.76,15.87,20.06,14.39,1999.1000000000001,82.75,0.0,Diversified Prescribers
1000000566,PA,Internal Medicine,5432.7,4755.0,2133683.48,16,8,0.0141,1043.8000000000002,64.8,816.5999999999999,921.0,12.7,1328.4,1172.6,72.8,15.03,24.45,16.95,-28.03,-46.55,3130.8,57.63,0.0,Diversified Prescribers
1000000591,CA,Family Practice,622.1,544.0,205116.04000000004,12,6,0.0016,96.9,26.9,78.0,101.19999999999999,0.0,90.0,229.09999999999997,0.0,12.54,14.47,16.27,501.86,76.36,296.1,47.6,3.0,Low-Volume / Low-Growth Prescribers
1000000604,FL,Endocrinology,11553.499999999998,9963.0,6622236.74,19,7,0.03,572.4,651.5,2815.8999999999996,2555.8,0.0,3544.7,1347.0,66.2,24.37,30.68,22.12,22.43,126.89,9567.9,82.81,0.0,Diversified Prescribers
1000000607,CA,Internal Medicine,5713.8,5005.0,2387455.8,18,8,0.0148,1788.6,111.9,1197.6999999999998,1587.8999999999999,29.1,556.1,338.5,104.0,20.96,9.73,27.79,16.92,61.27,3453.5999999999995,60.44,0.0,Diversified Prescribers
1000000614,FL,Nurse Practitioner,23356.6,20487.0,13240982.719999999,14,5,0.0607,0.0,4237.7,4331.0,9174.2,0.0,4662.4,0.0,951.3,18.54,19.96,39.28,195.1,38.89,22405.3,95.93,0.0,Diversified Prescribers
1000000615,NC,Physician Assistant,15996.1,13845.0,7469195.3500000015,18,7,0.0416,1809.4,750.1,3050.3,4677.5,90.7,2970.2,2647.9,0.0,19.07,18.57,29.24,-70.39,-79.32,11448.1,71.57,0.0,Diversified Prescribers
1000000627,TX,Family Practice,17773.399999999998,15255.0,7692200.470000001,19,8,0.0462,2538.1,2732.5,1453.9,3352.1,247.7,4609.5,2485.8999999999996,353.7,8.18,25.93,18.86,95.66,31.2,12148.0,68.35,0.0,Diversified Prescribers
1000000636,OH,Internal Medicine,16122.600000000002,13720.0,6057325.6,18,8,0.0419,3399.4,1549.2,1725.3000000000002,3959.6,63.199999999999996,2392.0,2255.2,778.7,10.7,14.84,24.56,116.98,225.52,9626.1,59.71,0.0,Diversified Prescribers
1000000638,GA,Internal Medicine,4840.800000000001,4224.0,1916776.66,17,8,0.0126,550.0,417.90000000000003,680.1,1456.7,16.7,446.1,1084.0,189.3,14.05,9.22,30.09,1.57,-57.58,3000.8,61.99,0.0,Diversified Prescribers
1000000641,CA,Internal Medicine,5385.8,4654.0,2576093.91,17,7,0.014,1011.1,178.1,1370.9,836.7,0.0,999.8000000000001,899.3,89.9,25.45,18.56,15.54,228.55,111.84,3385.5,62.86,0.0,Diversified Prescribers
1000000642,OH,Internal Medicine,810.0999999999999,706.0,337421.7,12,7,0.0021,131.5,71.3,122.0,182.6,0.0,126.5,142.0,34.2,15.06,15.62,22.54,292.54,52.32,502.4,62.02,3.0,Low-Volume / Low-Growth Prescribers
1000000658,PA,Family Practice,6358.899999999999,5617.0,2332912.73,15,6,0.0165,1781.8,160.10000000000002,781.6,815.5999999999999,0.0,1748.7999999999997,1071.0,0.0,12.29,27.5,12.83,241.63,103.86,3506.0999999999995,55.14,3.0,Low-Volume / Low-Growth Prescribers
1000000664,TX,Endocrinology,2053.9,1774.0,1147379.02,17,7,0.0053,93.4,112.4,295.1,477.40000000000003,2.3,933.0999999999999,140.2,0.0,14.37,45.43,23.24,-17.9,245.12,1818.0,88.51,0.0,Diversified Prescribers
1000000674,PA,Internal Medicine,790.9,681.0,347802.56,14,7,0.0021,0.0,116.60000000000001,97.6,304.6,1.2,81.60000000000001,143.0,46.3,12.34,10.32,38.51,-73.05,-82.79,600.4000000000001,75.91,3.0,Low-Volume / Low-Growth Prescribers
1000000675,AZ,Cardiology,4581.699999999999,3973.0,2162351.5700000003,15,8,0.0119,1035.6,212.40000000000003,1065.1,1421.5,43.7,587.6999999999999,146.1,69.6,23.25,12.83,31.03,-49.51,-32.24,3286.7,71.74,0.0,Diversified Prescribers
1000000683,IN,Family Practice,14274.9,12480.0,5500965.04,17,8,0.0371,1998.2,1311.2,840.3000000000001,3437.6,181.1,3443.3999999999996,2323.1,740.0,5.89,24.12,24.08,235.55,134.67,9032.5,63.28,0.0,Diversified Prescribers
1000000686,NC,Family Practice,689.5999999999999,600.0,303172.95,13,6,0.0018,114.9,69.69999999999999,202.3,49.2,0.0,49.5,204.0,0.0,29.34,7.18,7.13,179.32,34.24,370.7,53.76,3.0,Low-Volume / Low-Growth Prescribers
1000000708,MA,Internal Medicine,945.4,812.0,283799.61000000004,13,7,0.0025,419.79999999999995,48.9,92.1,199.39999999999998,0.0,110.8,41.6,32.8,9.74,11.72,21.09,54.77,-35.99,451.19999999999993,47.73,3.0,Low-Volume / Low-Growth Prescribers
1000000709,TX,Family Practice,4458.9,3859.0,2676835.13,17,6,0.0116,0.0,550.5,1035.0,1008.5,0.0,1271.4,523.9000000000001,69.6,23.21,28.51,22.62,60.64,267.35,3865.4,86.69,0.0,Diversified Prescribers
1000000754,MA,Endocrinology,1835.9,1599.0,1028481.08,18,7,0.0048,201.7,100.9,552.8,352.20000000000005,0.0,462.90000000000003,152.3,13.1,30.11,25.21,19.18,382.99,49.08,1468.8000000000002,80.0,0.0,Diversified Prescribers
1000000763,CA,Family Practice,13370.300000000003,11551.0,6269077.65,18,8,0.0347,1903.3,2036.8,3088.5,1520.1,170.7,1974.0,2292.1000000000004,384.79999999999995,23.1,14.76,11.37,20.25,16.71,8619.4,64.47,0.0,Diversified Prescribers
1000000765,IL,Family Practice,1222.0,1063.0,489095.35,17,7,0.0032,320.6,92.8,132.6,234.5,0.0,293.79999999999995,129.5,18.2,10.85,24.04,19.19,90.63,880.2,753.6999999999999,61.68,3.0,Low-Volume / Low-Growth Prescribers
1000000782,TX,Internal Medicine,4781.700000000001,4144.0,2280780.98,15,8,0.0124,638.4,435.7,609.4,898.8000000000001,19.8,1561.4,477.8,140.4,12.74,32.65,18.8,-18.3,609.22,3505.3,73.31,0.0,Diversified Prescribers
1000000783,MA,Internal Medicine,11613.899999999998,10489.0,4899246.81,16,7,0.0302,1532.6,2437.1,1092.1,3494.2,130.4,1394.4,1533.1,0.0,9.4,12.01,30.09,-41.7,43.38,8417.8,72.48,0.0,Diversified Prescribers
1000000784,PA,Internal Medicine,5075.399999999998,4499.0,1740899.26,15,8,0.0132,1012.1,814.3,598.0,905.4000000000001,46.599999999999994,371.2,1076.3,251.5,11.78,7.31,17.84,-25.62,-80.21,2688.9,52.98,3.0,Low-Volume / Low-Growth Prescribers
1000000786,VA,Family Practice,510.0000000000001,444.0,286866.07,13,7,0.0013,0.0,28.8,109.6,159.8,2.4,127.89999999999999,62.3,19.2,21.49,25.08,31.33,64.34,178.83,426.1,83.55,3.0,Low-Volume / Low-Growth Prescribers
1000000799,CA,Physician Assistant,9221.299999999997,8103.0,5057386.33,15,6,0.024,0.0,986.5,888.5,3380.2999999999997,29.1,3367.8,0.0,569.1,9.64,36.52,36.66,203.78,62.15,8623.1,93.51,0.0,Diversified Prescribers
1000000800,AZ,Family Practice,21630.4,18842.0,12714323.98,16,5,0.0562,0.0,1406.8999999999999,4387.2,5978.2,0.0,7174.9,2683.2,0.0,20.28,33.17,27.64,184.85,510.77,18947.199999999997,87.6,0.0,Diversified Prescribers
1000000806,PA,Physician Assistant,6059.7,5270.0,3259811.6900000004,19,8,0.0157,875.9,250.60000000000002,2013.8000000000002,1211.2,23.9,690.3000000000001,883.1,110.89999999999999,33.23,11.39,19.99,74.77,98.67,4165.900000000001,68.75,0.0,Diversified Prescribers
1000000815,PA,Internal Medicine,3228.4,2819.0,1383386.2999999998,16,8,0.0084,625.4,182.0,415.6,1255.3000000000002,16.1,504.0,172.6,57.4,12.87,15.61,38.88,38.86,96.26,2356.9,73.01,0.0,Diversified Prescribers
1000000820,FL,Family Practice,4738.499999999999,4136.0,1568675.85,13,7,0.0123,1104.0,812.9000000000001,501.8,489.9,0.0,651.9000000000001,1090.7,87.3,10.59,13.76,10.34,-19.64,-42.91,2456.5,51.84,3.0,Low-Volume / Low-Growth Prescribers
1000000825,OH,Nurse Practitioner,15251.400000000001,13148.0,7954003.619999999,14,7,0.0396,0.0,1972.8000000000002,2140.8999999999996,5579.3,55.8,3620.3,1420.6999999999998,461.59999999999997,14.04,23.74,36.58,-0.97,148.41,13313.3,87.29,0.0,Diversified Prescribers
1000000841,IN,Family Practice,31654.100000000002,27238.0,16443956.100000001,18,7,0.0822,0.0,1513.7,7147.6,13705.400000000001,430.2,3503.0,4388.8,965.4000000000001,22.58,11.07,43.3,-51.25,-49.21,25869.700000000004,81.73,1.0,High-Volume Core Prescribers
1000000847,TX,Nephrology,1057.3,900.0,512391.18,12,5,0.0027,256.3,0.0,220.60000000000002,284.4,0.0,212.8,83.19999999999999,0.0,20.86,20.13,26.9,284.47,125.79,717.8,67.89,3.0,Low-Volume / Low-Growth Prescribers
1000000853,IL,Nurse Practitioner,2475.5,2177.0,1271114.36,13,5,0.0064,0.0,125.0,404.0,1008.6000000000001,0.0,597.3,340.6,0.0,16.32,24.13,40.74,131.46,241.51,2134.9,86.24,3.0,Low-Volume / Low-Growth Prescribers
1000000855,NY,Internal Medicine,3731.0,3218.0,1867361.73,16,6,0.0097,0.0,442.7,205.79999999999998,1606.6,14.5,1243.4,218.0,0.0,5.52,33.33,43.06,-61.67,-54.75,3498.5,93.77,0.0,Diversified Prescribers
1000000856,TX,Endocrinology,1899.6,1639.0,1171195.6400000001,18,7,0.0049,322.7,135.2,788.0,332.6,2.3,226.60000000000002,92.2,0.0,41.48,11.93,17.51,-43.63,-42.43,1482.4,78.04,0.0,Diversified Prescribers
1000000859,PA,Endocrinology,1861.2000000000003,1582.0,1224558.0,18,7,0.0048,0.0,154.39999999999998,628.6,281.5,1.1,578.0,189.4,28.2,33.77,31.06,15.12,124.19,152.68,1642.5,88.25,0.0,Diversified Prescribers
1000000863,GA,Internal Medicine,9159.199999999999,8040.0,5139591.719999999,14,6,0.0238,0.0,1610.0,2465.2,1579.8000000000002,78.0,1788.1,1638.1,0.0,26.92,19.52,17.25,-55.86,-34.47,7443.099999999999,81.26,0.0,Diversified Prescribers
1000000876,OH,Family Practice,814.8000000000001,722.0,309581.14,16,7,0.0021,89.8,85.2,88.1,188.6,0.0,131.3,199.10000000000002,32.7,10.81,16.11,23.15,241.61,2048.44,493.20000000000005,60.53,3.0,Low-Volume / Low-Growth Prescribers
1000000882,FL,Endocrinology,2575.4999999999995,2232.0,1476461.5699999998,19,8,0.0067,344.1,66.6,879.6,417.40000000000003,1.1,580.3,257.3,29.1,34.15,22.53,16.21,-9.48,47.7,1943.9,75.48,0.0,Diversified Prescribers
1000000892,MA,Family Practice,20109.300000000003,17320.0,8509213.09,20,7,0.0522,3427.1000000000004,1834.9,2429.1,6273.2,27.3,3528.7,2589.0,0.0,12.08,17.55,31.2,-26.67,-38.5,14065.899999999998,69.95,0.0,Diversified Prescribers
1000000899,MA,Endocrinology,1954.3999999999999,1698.0,946489.85,19,8,0.0051,164.2,70.7,161.10000000000002,589.1999999999999,1.1,764.0,181.70000000000002,22.4,8.24,39.09,30.15,-74.61,-65.95,1585.0,81.1,0.0,Diversified Prescribers
1000000906,VA,Family Practice,19501.800000000003,17075.0,8412297.57,17,7,0.0507,5435.5,1162.7999999999997,4438.400000000001,5219.400000000001,0.0,854.8,1482.0,908.9,22.76,4.38,26.76,66.7,12.77,11675.400000000001,59.87,0.0,Diversified Prescribers
1000000918,PA,Family Practice,913.5999999999999,790.0,443725.50999999995,16,8,0.0024,121.7,36.8,149.20000000000002,247.2,3.4,258.6,64.69999999999999,32.0,16.33,28.31,27.06,-47.22,-71.17,691.8000000000001,75.72,3.0,Low-Volume / Low-Growth Prescribers
1000000926,VA,Internal Medicine,4534.700000000001,3928.0,2142886.98,14,7,0.0118,0.0,487.0,545.0999999999999,1076.9,13.6,1340.8999999999999,1003.2,68.0,12.02,29.57,23.75,-9.89,14.94,3449.9,76.08,3.0,Low-Volume / Low-Growth Prescribers
1000000933,CA,Internal Medicine,1006.0999999999999,863.0,448710.19999999995,16,7,0.0026,306.0,39.3,258.20000000000005,184.6,3.7,108.89999999999999,105.4,0.0,25.66,10.82,18.35,256.99,389.52,591.0,58.74,3.0,Low-Volume / Low-Growth Prescribers
1000000940,PA,Internal Medicine,17194.500000000004,15072.0,6895296.999999998,20,8,0.0447,3793.8999999999996,2262.7,2223.3,3600.1,62.4,2914.7,1861.3000000000002,476.1,12.93,16.95,20.94,195.11,35.81,11000.8,63.98,0.0,Diversified Prescribers
1000000941,TX,Internal Medicine,952.4,823.0,419809.00000000006,14,6,0.0025,215.6,34.0,169.6,270.6,0.0,151.2,111.4,0.0,17.81,15.88,28.41,-22.6,1310.42,625.4,65.67,3.0,Low-Volume / Low-Growth Prescribers
1000000945,TX,Endocrinology,1927.6000000000001,1685.0,1048806.8599999999,17,7,0.005,327.79999999999995,111.8,423.5,278.3,0.0,639.5,112.4,34.3,21.97,33.18,14.44,64.48,33.86,1453.1,75.38,0.0,Diversified Prescribers
1000000952,TX,Endocrinology,1710.2999999999997,1476.0,953890.0700000001,16,7,0.0044,111.0,150.2,207.90000000000003,365.79999999999995,1.1,812.0999999999999,62.199999999999996,0.0,12.16,47.48,21.39,-64.34,-34.22,1536.0,89.81,0.0,Diversified Prescribers
1000000955,TX,Internal Medicine,948.7,821.0,455520.71,17,8,0.0025,143.3,67.1,194.89999999999998,216.0,1.2,179.6,128.1,18.5,20.54,18.93,22.77,-34.91,41.36,657.6,69.32,3.0,Low-Volume / Low-Growth Prescribers
1000000957,NY,Endocrinology,40269.7,34754.0,21398387.759999998,22,8,0.1046,5508.6,1293.1,9492.7,9093.0,157.4,11248.900000000001,3251.0,225.0,23.57,27.93,22.58,1.33,6.02,31127.7,77.3,1.0,High-Volume Core Prescribers
1000000963,FL,Internal Medicine,4370.8,3850.0,1795367.0600000005,14,7,0.0114,897.6,586.6,830.5999999999999,667.1999999999999,8.6,497.6,882.6,0.0,19.0,11.38,15.26,-64.09,-74.31,2581.9999999999995,59.07,3.0,Low-Volume / Low-Growth Prescribers
1000000984,GA,Family Practice,19805.5,17267.0,11238157.779999997,19,8,0.0515,1274.8,736.7,6241.0,4511.1,26.5,4135.5,2618.7,261.2,31.51,20.88,22.78,-7.74,-17.75,15624.300000000001,78.89,0.0,Diversified Prescribers
1000000988,OH,Internal Medicine,892.9,780.0,419190.17,13,7,0.0023,83.9,85.2,149.8,294.5,0.0,142.1,119.30000000000001,18.1,16.78,15.91,32.98,83.0,-10.41,671.5999999999999,75.22,3.0,Low-Volume / Low-Growth Prescribers
1000000989,IN,Family Practice,11741.599999999999,10598.0,7491759.530000001,16,7,0.0305,0.0,1401.2,3586.6,4098.6,180.5,1409.0,685.8,379.9,30.55,12.0,34.91,105.68,301.0,10495.400000000001,89.39,0.0,Diversified Prescribers
1000001001,CA,Internal Medicine,761.2,664.0,332431.3400000001,15,7,0.002,127.9,91.1,76.1,146.89999999999998,0.0,213.7,73.69999999999999,31.799999999999997,10.0,28.07,19.3,-71.42,15.76,527.8,69.34,3.0,Low-Volume / Low-Growth Prescribers
1000001003,PA,Family Practice,4113.1,3600.0,1735160.1800000002,14,6,0.0107,992.3000000000001,164.4,638.0999999999999,1547.6,0.0,345.3,425.4,0.0,15.51,8.4,37.63,41.41,-1.77,2695.3999999999996,65.53,3.0,Low-Volume / Low-Growth Prescribers
1000001006,PA,Family Practice,923.1000000000001,803.0,416865.89999999997,17,8,0.0024,168.6,114.8,176.0,298.5,2.4,66.9,67.1,28.8,19.07,7.25,32.34,16.68,106.56,656.2,71.09,3.0,Low-Volume / Low-Growth Prescribers
1000001009,PA,Internal Medicine,17088.100000000002,14850.0,5915103.640000001,13,8,0.0444,3538.5,1095.1,1868.5,5403.9,141.1,1494.1,3272.0,274.9,10.93,8.74,31.62,-47.33,-36.7,9861.599999999999,57.71,0.0,Diversified Prescribers
1000001022,NC,Physician Assistant,11719.3,10274.0,5986506.18,15,8,0.0304,1785.7,750.5999999999999,2490.5,2839.1000000000004,24.4,2790.8,697.9,340.3,21.25,23.81,24.23,138.29,53.68,8871.0,75.7,0.0,Diversified Prescribers
1000001029,FL,Family Practice,4236.6,3734.0,2366139.19,18,7,0.011,0.0,217.3,1161.3000000000002,1883.2,14.5,389.4,446.1,124.8,27.41,9.19,44.45,-35.75,-45.19,3651.2000000000003,86.18,0.0,Diversified Prescribers
1000001045,CA,Family Practice,3590.9000000000005,3135.0,1479631.25,14,6,0.0093,417.6,560.4,237.29999999999998,906.5999999999999,0.0,849.5999999999999,619.4,0.0,6.61,23.66,25.25,,105.85,2553.8999999999996,71.12,,
1000001066,GA,Internal Medicine,3398.8,2942.0,1746183.1399999997,14,6,0.0088,0.0,453.29999999999995,953.6,659.5999999999999,0.0,447.0,815.5,69.8,28.06,13.15,19.41,-78.85,-66.34,2513.5,73.95,3.0,Low-Volume / Low-Growth Prescribers
1000001073,NC,Endocrinology,1786.3,1554.0,1002908.34,18,8,0.0046,273.6,132.9,608.4,284.1,2.3,269.5,195.9,19.6,34.06,15.09,15.9,0.52,563.74,1294.9,72.49,0.0,Diversified Prescribers
1000001082,TN,Internal Medicine,4315.6,3791.0,2222067.5999999996,17,7,0.0112,0.0,281.0,1394.9,721.1,18.5,437.6,1273.9,188.6,32.32,10.14,16.71,-50.82,5.84,2834.6,65.68,0.0,Diversified Prescribers
1000001084,PA,Physician Assistant,711.1000000000001,614.0,343785.2,14,7,0.0018,124.6,79.3,175.60000000000002,203.0,0.0,35.599999999999994,77.6,15.4,24.69,5.01,28.55,-34.98,-15.72,493.5,69.4,3.0,Low-Volume / Low-Growth Prescribers
1000001101,FL,Physician Assistant,4872.5,4195.0,2010004.38,17,8,0.0127,839.4,185.29999999999998,1051.7,888.1,12.8,792.1,822.3,280.79999999999995,21.58,16.26,18.23,23.07,4.85,2917.2000000000003,59.87,0.0,Diversified Prescribers
1000001117,TX,Nurse Practitioner,4892.299999999999,4272.0,1908696.13,16,7,0.0127,951.0999999999999,520.5,486.9,1526.9,0.0,733.0,595.4,78.5,9.95,14.98,31.21,-32.06,-69.72,3267.3,66.78,0.0,Diversified Prescribers
1000001118,IL,Internal Medicine,1010.0000000000001,876.0,351224.26,13,6,0.0026,329.29999999999995,25.5,90.9,309.5,0.0,172.0,82.80000000000001,0.0,9.0,17.03,30.64,-91.78,-83.68,597.9,59.2,3.0,Low-Volume / Low-Growth Prescribers
1000001127,FL,Internal Medicine,19525.000000000004,16682.0,6722680.580000001,18,8,0.0507,6129.500000000001,1488.6,1763.6,3029.7,158.49999999999997,4271.1,2492.2,191.8,9.03,21.88,15.52,0.4,-31.04,10553.0,54.05,0.0,Diversified Prescribers
1000001131,OH,Internal Medicine,764.1000000000001,659.0,344586.24,14,6,0.002,0.0,132.5,63.5,191.2,0.0,207.4,156.7,12.8,8.31,27.14,25.02,-20.17,-24.75,594.5999999999999,77.82,3.0,Low-Volume / Low-Growth Prescribers
1000001144,OH,Internal Medicine,2797.0,2447.0,1414532.73,12,6,0.0073,0.0,347.0,622.8,850.4,18.5,380.6,577.7,0.0,22.27,13.61,30.4,-70.23,-56.24,2200.8,78.68,3.0,Low-Volume / Low-Growth Prescribers
1000001151,NC,Family Practice,685.1,597.0,296625.62,14,7,0.0018,76.1,27.4,121.9,261.3,0.0,69.2,115.1,14.1,17.79,10.1,38.14,109.45,299.78,479.80000000000007,70.03,3.0,Low-Volume / Low-Growth Prescribers
1000001152,TX,Family Practice,787.2,689.0,511274.75999999983,13,5,0.002,0.0,83.0,256.1,296.7,0.0,124.6,0.0,26.799999999999997,32.53,15.83,37.69,-18.83,-2.69,760.4000000000001,96.6,3.0,Low-Volume / Low-Growth Prescribers
1000001155,CA,Family Practice,3496.0999999999995,3037.0,1576661.73,14,8,0.0091,477.8,739.5,451.9,938.6,42.9,458.40000000000003,255.9,131.1,12.93,13.11,26.85,1027.94,-53.41,2588.4,74.04,3.0,Low-Volume / Low-Growth Prescribers
1000001159,OH,Endocrinology,35978.90000000001,31117.0,22965210.88,20,8,0.0935,3178.4,3573.8999999999996,10970.4,4267.6,131.29999999999998,12823.3,576.4,457.59999999999997,30.49,35.64,11.86,-46.04,46.34,31635.199999999997,87.93,1.0,High-Volume Core Prescribers
1000001169,MI,Internal Medicine,5515.4,4769.0,2586991.24,18,7,0.0143,671.8,366.6,1295.8000000000002,1790.8,0.0,321.5,879.0,189.9,23.49,5.83,32.47,732.66,200.54,3774.7,68.44,0.0,Diversified Prescribers
1000001181,PA,Internal Medicine,2714.2,2406.0,1322594.5499999998,17,7,0.0071,0.0,320.3,468.99999999999994,485.0,16.4,815.5000000000001,548.6,59.4,17.28,30.05,17.87,193.12,-29.67,2089.8,77.0,0.0,Diversified Prescribers
1000001182,IN,Family Practice,998.9000000000001,877.0,593732.0999999999,15,7,0.0026,106.5,19.2,294.29999999999995,279.3,0.0,205.39999999999998,74.5,19.7,29.46,20.56,27.96,6.5,429.57,798.2,79.91,3.0,Low-Volume / Low-Growth Prescribers
1000001188,TX,Internal Medicine,619.5000000000001,548.0,291284.51,12,7,0.0016,105.8,83.1,81.0,193.1,0.0,100.6,42.3,13.6,13.08,16.24,31.17,-32.85,66.25,457.79999999999995,73.9,3.0,Low-Volume / Low-Growth Prescribers
1000001198,VA,Family Practice,1160.2,1009.0,374978.31000000006,14,7,0.003,452.29999999999995,70.5,153.8,275.90000000000003,0.0,59.1,120.6,28.0,13.26,5.09,23.78,-64.53,-45.89,559.3,48.21,3.0,Low-Volume / Low-Growth Prescribers
1000001217,FL,Family Practice,1019.9000000000002,882.0,625257.48,15,8,0.0026,118.7,24.6,378.0,186.1,2.2,205.0,64.5,40.8,37.06,20.1,18.25,-35.09,52.94,793.7,77.82,3.0,Low-Volume / Low-Growth Prescribers
1000001221,NY,Endocrinology,12291.0,10701.0,7599768.73,21,8,0.0319,1207.4,652.3000000000001,4200.400000000001,1770.0,42.7,3042.6000000000004,1293.7,81.9,34.17,24.75,14.4,26.72,73.33,9665.300000000001,78.64,0.0,Diversified Prescribers
1000001225,NC,Family Practice,2938.1000000000004,2576.0,2081180.5300000003,10,4,0.0076,0.0,0.0,1255.1,746.8,0.0,778.9,0.0,157.3,42.72,26.51,25.42,256.32,0.9,2780.8,94.65,3.0,Low-Volume / Low-Growth Prescribers
1000001226,TX,Internal Medicine,5647.9,4842.0,3004331.3,17,8,0.0147,1137.8,593.9000000000001,1287.8,647.5,27.7,1465.6999999999998,414.9,72.6,22.8,25.95,11.46,25.54,321.55,3994.9,70.73,0.0,Diversified Prescribers
1000001234,NC,Family Practice,15231.5,13340.0,9173511.1,15,7,0.0396,0.0,1935.7,3193.3,4758.4,56.3,4183.0,846.4,258.4,20.97,27.46,31.24,36.53,36.12,14070.4,92.38,0.0,Diversified Prescribers
1000001260,MI,Internal Medicine,5449.500000000001,4755.0,2918137.93,15,7,0.0142,714.7,279.1,1365.0,712.2,0.0,1557.0,606.9,214.6,25.05,28.57,13.07,-79.12,-11.14,3913.3,71.81,0.0,Diversified Prescribers
1000001268,FL,Family Practice,955.0,845.0,292569.0,13,7,0.0025,338.6,34.2,115.69999999999999,101.1,0.0,162.1,171.0,32.3,12.12,16.97,10.59,-85.98,-83.21,413.0999999999999,43.26,3.0,Low-Volume / Low-Growth Prescribers
1000001275,NY,Endocrinology,10880.899999999998,9274.0,5799560.650000001,20,8,0.0283,2007.0,378.1,3213.5999999999995,1239.1,63.49999999999999,2613.5,1248.1,118.0,29.53,24.02,11.39,-28.38,44.65,7444.299999999999,68.42,0.0,Diversified Prescribers
1000001276,OH,Internal Medicine,3670.8999999999996,3208.0,1176727.1200000003,14,7,0.0095,603.6,0.0,321.9,1156.5,14.2,509.29999999999995,969.3999999999999,96.0,8.77,13.87,31.5,-0.32,-72.93,1987.6999999999998,54.15,3.0,Low-Volume / Low-Growth Prescribers
1000001287,AZ,Internal Medicine,426.9000000000001,383.0,205367.34999999998,11,7,0.0011,0.0,33.900000000000006,65.3,213.1,2.1,43.3,39.6,29.6,15.3,10.14,49.92,-66.25,-57.72,355.6,83.3,3.0,Low-Volume / Low-Growth Prescribers
1000001288,VA,Endocrinology,10829.999999999998,9417.0,5437219.0600000005,21,8,0.0281,1801.8000000000002,537.0,2276.6,2304.5,43.0,2695.2000000000003,1060.4,111.5,21.02,24.89,21.28,-16.44,147.18,7813.3,72.14,0.0,Diversified Prescribers
1000001289,TX,Endocrinology,1793.8000000000002,1530.0,1098012.15,18,7,0.0047,116.1,128.6,554.4000000000001,447.20000000000005,0.0,408.40000000000003,102.5,36.6,30.91,22.77,24.93,88.02,85.32,1538.6000000000001,85.77,0.0,Diversified Prescribers
1000001296,CA,Endocrinology,36370.8,31809.0,18950037.119999994,21,8,0.0945,4256.1,3905.2000000000007,6776.0,4084.5,159.29999999999998,13025.7,3317.2,846.8,18.63,35.81,11.23,-61.62,-6.53,27791.4,76.41,1.0,High-Volume Core Prescribers
1000001310,TX,Endocrinology,62151.5,54519.0,35952198.96,21,8,0.1615,9175.0,1355.8,20587.9,17354.5,368.6,8634.0,2989.3,1686.4,33.13,13.89,27.92,-21.08,0.54,47932.2,77.12,1.0,High-Volume Core Prescribers
1000001314,CA,Internal Medicine,4916.2,4358.0,2118429.67,16,7,0.0128,899.4,332.79999999999995,560.9000000000001,1558.6,12.9,1047.1999999999998,504.4,0.0,11.41,21.3,31.7,-80.25,19.83,3499.5,71.18,0.0,Diversified Prescribers
1000001322,GA,Nurse Practitioner,13173.300000000001,11640.0,6144051.05,14,7,0.0342,0.0,3504.3,2182.0,2625.0,107.7,1659.9,2700.4,394.0,16.56,12.6,19.93,48.28,-13.2,9971.2,75.69,0.0,Diversified Prescribers
1000001324,TX,Cardiology,887.9999999999998,770.0,405249.9399999999,16,7,0.0023,0.0,99.9,124.19999999999999,382.1,2.3,87.6,174.6,17.3,13.99,9.86,43.03,-86.13,-77.48,693.8,78.13,3.0,Low-Volume / Low-Growth Prescribers
1000001336,MA,Internal Medicine,760.2,657.0,366287.69000000006,14,8,0.002,114.5,101.0,154.9,141.7,4.2,138.6,70.4,34.900000000000006,20.38,18.23,18.64,-65.75,76.42,536.2,70.53,3.0,Low-Volume / Low-Growth Prescribers
1000001353,MA,Family Practice,14409.399999999998,12623.0,7861574.29,15,8,0.0374,1512.6,519.2,3934.4,4892.1,119.5,1556.7999999999997,1328.7,546.1,27.3,10.8,33.95,380.42,224.72,10902.5,75.66,0.0,Diversified Prescribers
1000001362,CA,Family Practice,27014.2,23022.0,11022948.050000003,16,7,0.0702,3535.5,4147.2,2856.9,9062.0,455.29999999999995,2501.5,4455.8,0.0,10.58,9.26,33.55,54.91,68.67,18567.6,68.73,1.0,High-Volume Core Prescribers
1000001363,NY,Family Practice,14962.000000000004,13184.0,8554969.29,18,7,0.0389,1594.8,1527.4,3139.4,4407.099999999999,159.0,3828.7,0.0,305.6,20.98,25.59,29.46,-72.71,-38.7,12902.599999999999,86.24,0.0,Diversified Prescribers
1000001365,PA,Endocrinology,2616.6,2285.0,1532844.58,19,8,0.0068,344.6,131.20000000000002,817.1999999999999,206.60000000000002,2.2,858.0999999999999,244.5,12.2,31.23,32.79,7.9,133.58,100.43,2013.1,76.94,0.0,Diversified Prescribers
1000001368,AZ,Endocrinology,15107.100000000002,13200.0,9970805.169999998,20,8,0.0392,758.8,521.1999999999999,5680.4,2856.5,21.4,4146.4,988.0,134.4,37.6,27.45,18.91,25.33,58.29,13204.5,87.41,0.0,Diversified Prescribers
1000001379,PA,Family Practice,20614.5,17958.0,8626120.41,20,8,0.0536,3219.5,1791.4,3171.7,5555.8,62.2,2943.1,3264.0,606.8,15.39,14.28,26.95,-19.22,-32.78,13462.0,65.3,0.0,Diversified Prescribers
1000001389,PA,Internal Medicine,14055.1,12144.0,8389785.91,17,7,0.0365,1587.1,1849.8000000000002,4786.099999999999,2072.6000000000004,105.2,2109.1,1545.2,0.0,34.05,15.01,14.75,36.64,53.97,10817.6,76.97,0.0,Diversified Prescribers
1000001392,PA,Endocrinology,10980.099999999999,9432.0,6788202.78,20,8,0.0285,904.4000000000001,683.0,3712.8,1599.6,46.5,3001.3,956.3,76.2,33.81,27.33,14.57,763.82,95.05,8996.7,81.94,0.0,Diversified Prescribers
1000001400,NC,Endocrinology,1825.8999999999999,1593.0,1016112.4399999998,19,8,0.0047,190.89999999999998,148.20000000000002,456.90000000000003,250.1,3.5,591.8,153.2,31.3,25.02,32.41,13.7,-45.22,-27.77,1447.0,79.25,0.0,Diversified Prescribers
1000001402,CA,Endocrinology,1846.4,1614.0,957215.6999999998,19,8,0.0048,273.6,111.1,446.90000000000003,340.0,2.4,375.5,279.8,17.1,24.2,20.34,18.41,29.87,297.09,1273.5,68.97,0.0,Diversified Prescribers
1000001409,TX,Nurse Practitioner,919.3,804.0,322591.98,17,7,0.0024,195.10000000000002,75.89999999999999,101.6,201.10000000000002,0.0,126.2,177.7,41.7,11.05,13.73,21.88,229.35,51.33,504.8,54.91,3.0,Low-Volume / Low-Growth Prescribers
1000001418,FL,Internal Medicine,5454.200000000001,4819.0,1899516.4299999997,19,8,0.0142,1575.4,445.29999999999995,262.0,1640.9,27.0,1047.6,370.6,85.4,4.8,19.21,30.09,-2.77,202.25,3395.8,62.26,0.0,Diversified Prescribers
1000001424,TX,Cardiology,6911.1,6120.0,3348396.8699999996,12,6,0.018,0.0,854.6,1133.8,2701.5,197.9,754.9000000000001,1268.4,0.0,16.41,10.92,39.09,-61.0,60.37,5444.8,78.78,3.0,Low-Volume / Low-Growth Prescribers
1000001431,FL,Internal Medicine,386.3,335.0,200493.10999999996,9,4,0.001,0.0,0.0,116.89999999999999,165.3,0.0,0.0,71.69999999999999,32.4,30.26,0.0,42.79,-74.12,4.03,282.2,73.05,3.0,Low-Volume / Low-Growth Prescribers
1000001435,MI,Endocrinology,2795.3,2427.0,1469830.6299999997,18,7,0.0073,577.6,109.4,768.6999999999999,380.09999999999997,0.0,704.8000000000001,198.0,56.699999999999996,27.5,25.21,13.6,-21.05,111.02,1963.0,70.23,0.0,Diversified Prescribers
1000001439,FL,Family Practice,1051.3,911.0,490846.97,15,7,0.0027,252.5,99.5,215.39999999999998,288.8,0.0,144.0,37.5,13.6,20.49,13.7,27.47,-67.68,-40.98,747.7,71.12,3.0,Low-Volume / Low-Growth Prescribers
1000001444,VA,Nurse Practitioner,1103.0,952.0,495319.99,14,7,0.0029,204.9,18.7,212.4,383.6,0.0,150.60000000000002,114.5,18.3,19.26,13.65,34.78,-29.59,-24.14,765.3,69.38,3.0,Low-Volume / Low-Growth Prescribers
1000001457,NY,Family Practice,724.0,632.0,295388.49999999994,11,6,0.0019,278.7,56.4,155.6,128.0,0.0,59.6,45.7,0.0,21.49,8.23,17.68,198.64,319.36,399.59999999999997,55.19,3.0,Low-Volume / Low-Growth Prescribers
1000001459,AZ,Family Practice,7577.499999999999,6545.0,4226401.850000001,15,6,0.0197,1100.5,471.7,1853.5,1895.3999999999999,0.0,1655.6,600.8,0.0,24.46,21.85,25.01,45.04,808.73,5876.2,77.55,0.0,Diversified Prescribers
1000001461,IN,Family Practice,5307.8,4638.0,2043024.0,15,8,0.0138,989.2,966.4000000000001,296.59999999999997,1826.6,15.1,703.8,369.8,140.3,5.59,13.26,34.41,-55.79,-25.85,3793.3999999999996,71.47,0.0,Diversified Prescribers
1000001478,IL,Family Practice,3788.2000000000003,3289.0,1948239.4699999997,16,6,0.0098,0.0,449.79999999999995,546.1,531.2,0.0,1451.8000000000002,685.5,123.8,14.42,38.32,14.02,-89.41,-78.71,2978.8999999999996,78.64,0.0,Diversified Prescribers
1000001484,TX,Internal Medicine,1067.5,924.0,420856.42,14,7,0.0028,247.8,101.5,147.2,230.60000000000002,0.0,164.9,135.9,39.6,13.79,15.45,21.6,-43.31,-30.81,644.2,60.35,3.0,Low-Volume / Low-Growth Prescribers
1000001495,GA,Family Practice,764.6999999999998,659.0,261345.50999999998,12,6,0.002,216.9,108.9,72.9,247.5,0.0,38.2,80.3,0.0,9.53,5.0,32.37,-70.96,-76.21,467.5,61.14,3.0,Low-Volume / Low-Growth Prescribers
1000001498,PA,Internal Medicine,645.5,555.0,344911.9,13,5,0.0017,0.0,78.7,123.4,185.1,0.0,140.1,118.2,0.0,19.12,21.7,28.68,-54.79,361.78,527.3,81.69,3.0,Low-Volume / Low-Growth Prescribers
1000001518,IL,Internal Medicine,4047.7999999999997,3489.0,2196719.94,16,7,0.0105,419.5,199.9,786.7,264.0,0.0,1939.9,383.20000000000005,54.6,19.44,47.92,6.52,-92.52,-85.15,3190.5000000000005,78.82,0.0,Diversified Prescribers
1000001522,TN,Internal Medicine,15644.400000000001,13618.0,5311166.239999998,20,8,0.0406,3812.7000000000003,335.6,1475.5,4120.3,55.599999999999994,2634.9000000000005,2590.2,619.6,9.43,16.84,26.34,-34.35,218.68,8566.300000000001,54.76,0.0,Diversified Prescribers
1000001544,GA,Physician Assistant,14257.500000000002,12413.0,6784440.530000001,18,8,0.037,1486.1,1856.3000000000002,3412.0,1477.1,111.5,2324.7,2339.0,1250.8,23.93,16.31,10.36,-22.8,90.21,9070.1,63.62,0.0,Diversified Prescribers
1000001547,PA,Internal Medicine,11614.1,10259.0,4950096.109999999,12,7,0.0302,3401.3999999999996,1054.6,3000.7999999999997,2376.3,26.4,163.8,1590.8000000000002,0.0,25.84,1.41,20.46,-76.11,-61.0,6595.5,56.79,3.0,Low-Volume / Low-Growth Prescribers
1000001548,AZ,Endocrinology,2024.9,1734.0,1184914.0599999998,21,8,0.0053,244.29999999999998,181.0,753.5000000000001,389.3,6.0,227.2,205.0,18.6,37.21,11.22,19.23,-29.77,27.49,1551.0,76.6,0.0,Diversified Prescribers
1000001553,NY,Nurse Practitioner,5084.6,4471.0,2914133.05,18,8,0.0132,369.9,283.7,1468.7000000000003,704.7,16.2,1398.1999999999998,773.9000000000001,69.3,28.89,27.5,13.86,-65.97,-60.83,3855.3,75.82,0.0,Diversified Prescribers
1000001561,FL,Internal Medicine,27393.5,23759.0,15346351.370000001,15,6,0.0712,0.0,1768.6000000000001,6279.4,7505.9,423.20000000000005,6686.5,4729.9,0.0,22.92,24.41,27.4,601.03,193.11,22240.4,81.19,1.0,High-Volume Core Prescribers
1000001565,AZ,Internal Medicine,6589.4000000000015,5713.0,3111490.05,18,8,0.0171,1145.1,585.3,1051.6000000000001,2528.5000000000005,14.9,725.5999999999999,479.6,58.8,15.96,11.01,38.37,-1.75,-6.65,4891.0,74.23,0.0,Diversified Prescribers
1000001568,CA,Family Practice,12873.1,11337.0,9238874.19,12,7,0.0334,0.0,265.7,4971.0,3049.2000000000003,18.3,3096.2,1279.2,193.5,38.62,24.05,23.69,191.93,986.6,11382.1,88.42,0.0,Diversified Prescribers
1000001570,IN,Family Practice,3739.5,3240.0,1258425.3399999999,14,7,0.0097,623.5,221.9,187.5,1350.7,0.0,517.3,658.3,180.3,5.01,13.83,36.12,-27.89,-4.72,2277.4,60.9,3.0,Low-Volume / Low-Growth Prescribers
1000001573,PA,Nurse Practitioner,1138.2,985.0,409921.47,15,7,0.003,456.4,125.3,182.29999999999998,147.0,0.0,96.80000000000001,116.7,13.7,16.02,8.5,12.92,742.02,109.53,551.4000000000001,48.44,3.0,Low-Volume / Low-Growth Prescribers
1000001593,IL,Endocrinology,2172.7,1892.0,1206293.31,17,8,0.0056,160.8,145.3,320.4,566.7,1.2,824.0,119.0,35.3,14.75,37.93,26.08,-39.7,111.62,1856.4,85.44,0.0,Diversified Prescribers
1000001623,VA,Physician Assistant,16795.0,14512.0,7198724.65,15,8,0.0436,3765.0,984.4,1969.1999999999998,1882.9,23.1,6099.4,1775.6,295.4,11.72,36.32,11.21,-22.87,-27.35,10935.9,65.11,0.0,Diversified Prescribers
1000001628,TX,Endocrinology,2546.8,2204.0,1613047.1500000001,17,8,0.0066,214.2,59.6,789.0,344.1,3.5999999999999996,837.6,286.40000000000003,12.3,30.98,32.89,13.51,-9.98,320.14,2030.2999999999997,79.72,0.0,Diversified Prescribers
1000001643,MA,Family Practice,15072.900000000001,13215.0,4016539.68,16,8,0.0392,5051.200000000001,431.20000000000005,2024.9,1991.1999999999998,73.4,912.4,3771.4,817.2,13.43,6.05,13.21,-65.25,-80.54,5359.7,35.56,0.0,Diversified Prescribers
1000001646,IL,Endocrinology,30245.800000000003,26350.0,13923324.649999999,21,8,0.0786,3555.7,2395.4,3973.9,6601.800000000001,190.2,8669.099999999999,4663.799999999999,195.9,13.14,28.66,21.83,-24.35,128.66,21640.199999999997,71.55,1.0,High-Volume Core Prescribers
1000001651,IL,Internal Medicine,9930.199999999999,8552.0,6349072.8100000005,15,7,0.0258,0.0,483.79999999999995,3845.5,2482.5,93.7,1244.2,1526.0,254.5,38.73,12.53,25.0,117.97,250.98,8056.0,81.13,0.0,Diversified Prescribers
1000001658,CA,Internal Medicine,5264.4,4653.0,2567097.18,17,8,0.0137,1043.7,389.2,1535.9,1079.1,30.2,452.2,644.3,89.8,29.18,8.59,20.5,-25.96,-38.17,3456.4,65.66,0.0,Diversified Prescribers
1000001664,TX,Nephrology,3440.0000000000005,2978.0,1612944.44,16,8,0.0089,559.4,465.0,460.29999999999995,972.5,9.0,685.7,214.9,73.2,13.38,19.93,28.27,22.21,354.72,2583.5,75.1,0.0,Diversified Prescribers
1000001669,TX,Family Practice,621.0,556.0,221721.90999999997,12,8,0.0016,192.0,86.2,70.80000000000001,82.80000000000001,2.1,114.10000000000001,44.7,28.299999999999997,11.4,18.37,13.33,301.84,-48.03,353.90000000000003,56.99,3.0,Low-Volume / Low-Growth Prescribers
1000001679,FL,Family Practice,573.6000000000001,490.0,329832.58999999997,13,7,0.0015,0.0,46.8,177.3,176.5,3.2,65.8,75.4,28.6,30.91,11.47,30.77,57.9,473.7,466.40000000000003,81.31,3.0,Low-Volume / Low-Growth Prescribers
1000001690,GA,Endocrinology,10061.300000000001,8780.0,6723825.539999999,21,8,0.0261,641.7,722.4,3460.6000000000004,1701.7,52.199999999999996,3133.7,181.8,167.2,34.4,31.15,16.91,-51.49,32.94,9018.4,89.63,0.0,Diversified Prescribers
1000001700,GA,Physician Assistant,639.0,552.0,325994.88,15,6,0.0017,0.0,73.30000000000001,162.5,209.5,0.0,42.4,136.4,14.9,25.43,6.64,32.79,-60.22,-59.3,487.70000000000005,76.32,3.0,Low-Volume / Low-Growth Prescribers
1000001710,PA,Endocrinology,11053.8,9644.0,6152763.640000001,19,8,0.0287,1618.3,911.9999999999999,3203.2000000000003,1358.6,40.800000000000004,2509.6,1144.1999999999998,267.1,28.98,22.7,12.29,648.55,80.86,7983.4,72.22,0.0,Diversified Prescribers
1000001711,CA,Endocrinology,2152.9,1849.0,1098222.4099999997,18,7,0.0056,220.5,151.0,433.5,529.5,0.0,518.1,260.0,40.3,20.14,24.07,24.59,-67.9,-7.51,1632.1,75.81,0.0,Diversified Prescribers
1000001714,MI,Endocrinology,105872.39999999998,91963.0,58296149.62,22,8,0.275,14072.5,7066.0,23024.6,17013.399999999998,336.6,37097.5,6545.5,716.3,21.75,35.04,16.07,23.9,22.61,84201.5,79.53,1.0,High-Volume Core Prescribers
1000001718,NY,Cardiology,581.7,500.0,326536.67,11,6,0.0015,0.0,60.0,225.4,20.0,0.0,80.2,158.5,37.6,38.75,13.79,3.44,135.3,-28.88,385.6,66.29,3.0,Low-Volume / Low-Growth Prescribers
1000001730,OH,Internal Medicine,923.7,804.0,473000.36000000004,16,6,0.0024,83.1,134.1,146.5,238.3,0.0,245.8,75.9,0.0,15.86,26.61,25.8,-5.94,-16.27,764.7,82.79,3.0,Low-Volume / Low-Growth Prescribers
1000001741,CA,Family Practice,16412.800000000003,14237.0,6804769.79,18,8,0.0426,2233.8,1331.2,1227.6,4625.199999999999,109.4,4323.700000000001,1327.1,1234.8,7.48,26.34,28.18,-12.47,-12.05,11507.7,70.11,0.0,Diversified Prescribers
1000001755,IL,Family Practice,3437.8999999999996,3061.0,1697346.9900000002,15,8,0.0089,447.4,156.3,1046.0,847.0999999999999,11.9,205.8,549.2,174.2,30.43,5.99,24.64,-76.0,-48.5,2255.2,65.6,3.0,Low-Volume / Low-Growth Prescribers
1000001760,CA,Internal Medicine,710.5999999999999,617.0,398124.1099999999,14,7,0.0018,0.0,50.9,147.2,236.89999999999998,2.1,147.8,80.6,45.1,20.71,20.8,33.34,-28.98,45.89,582.8,82.02,3.0,Low-Volume / Low-Growth Prescribers
1000001774,OH,Family Practice,1014.3000000000002,867.0,459925.35999999987,14,7,0.0026,208.5,29.6,137.2,390.6,0.0,189.3,44.3,14.8,13.53,18.66,38.51,580.1,515.77,746.7,73.62,3.0,Low-Volume / Low-Growth Prescribers
1000001783,GA,Family Practice,5288.599999999999,4618.0,2755634.9800000004,18,7,0.0137,1378.1999999999998,272.90000000000003,1845.3,947.1,0.0,388.2,397.9,59.0,34.89,7.34,17.91,-37.7,-3.21,3453.5,65.3,0.0,Diversified Prescribers
1000001792,VA,Internal Medicine,11483.4,9989.0,4827323.51,14,6,0.0298,1579.4,1550.6,438.3,2054.7000000000003,0.0,4148.9,1711.4999999999998,0.0,3.82,36.13,17.89,90.93,26.42,8192.5,71.34,0.0,Diversified Prescribers
1000001797,CA,Endocrinology,2616.0,2289.0,1308755.8699999996,19,7,0.0068,527.2,159.0,561.0,501.59999999999997,0.0,667.0,184.39999999999998,15.8,21.44,25.5,19.17,-35.1,104.68,1888.6,72.19,0.0,Diversified Prescribers
1000001803,MI,Internal Medicine,16023.599999999999,13716.0,6954083.85,16,7,0.0416,2179.6,278.9,920.2,3630.0,207.50000000000003,6292.8,2514.6000000000004,0.0,5.74,39.27,22.65,72.9,264.72,11121.9,69.41,0.0,Diversified Prescribers
1000001808,IL,Endocrinology,46909.2,40543.0,22708003.46,21,7,0.1219,9688.400000000001,4591.0,7787.4,7479.2,274.0,14923.7,2165.5,0.0,16.6,31.81,15.94,16.27,33.89,34781.299999999996,74.15,1.0,High-Volume Core Prescribers
1000001816,GA,Internal Medicine,13616.8,12110.0,6111878.49,18,8,0.0354,3528.0,665.2,3080.2,2935.6000000000004,106.29999999999998,1878.9,1160.5,262.1,22.62,13.8,21.56,103.88,448.82,8559.900000000001,62.86,0.0,Diversified Prescribers
1000001835,MI,Family Practice,36660.100000000006,32112.0,20937951.519999996,17,6,0.0952,0.0,3148.6,7282.8,11158.3,290.9,10475.7,4303.8,0.0,19.87,28.58,30.44,-79.27,-53.21,32065.399999999998,87.47,1.0,High-Volume Core Prescribers
1000001843,TN,Family Practice,925.2999999999998,808.0,554936.03,13,7,0.0024,116.3,22.0,362.1,152.0,0.0,147.1,81.1,44.7,39.13,15.9,16.43,-60.97,12.99,683.2,73.84,3.0,Low-Volume / Low-Growth Prescribers
1000001850,CA,Internal Medicine,4476.6,3848.0,2323330.67,17,7,0.0116,717.9,630.1,1107.6999999999998,601.0,16.0,1030.2,373.7,0.0,24.74,23.01,13.43,-32.7,-40.4,3368.9999999999995,75.26,0.0,Diversified Prescribers
1000001863,PA,Internal Medicine,3345.3999999999996,2961.0,1226092.9500000004,17,7,0.0087,572.7,116.8,358.1,986.7,0.0,557.8,667.8000000000001,85.5,10.7,16.67,29.49,-75.48,-46.41,2019.4,60.36,0.0,Diversified Prescribers
1000001864,PA,Cardiology,695.3,596.0,253256.01999999996,13,7,0.0018,232.1,71.7,43.1,196.5,6.7,122.0,23.2,0.0,6.2,17.55,28.26,20.5,266.79,433.3,62.32,3.0,Low-Volume / Low-Growth Prescribers
1000001867,TX,Endocrinology,39149.0,33993.0,23702128.370000005,21,8,0.1017,3395.3999999999996,3814.7,10489.7,6707.7,338.2,11609.499999999998,2273.2,520.6,26.79,29.65,17.13,21.06,91.23,32621.6,83.33,1.0,High-Volume Core Prescribers
1000001869,TN,Family Practice,714.8000000000002,624.0,425893.69999999995,13,6,0.0019,0.0,16.6,222.70000000000002,154.89999999999998,0.0,167.8,139.9,12.9,31.16,23.48,21.67,13.64,165.28,562.0,78.62,3.0,Low-Volume / Low-Growth Prescribers
1000001875,CA,Internal Medicine,643.2,566.0,255329.22999999998,10,7,0.0017,107.1,44.4,45.6,185.7,0.0,147.0,97.60000000000001,15.8,7.09,22.85,28.87,-63.93,-12.32,422.7,65.72,3.0,Low-Volume / Low-Growth Prescribers
1000001878,VA,Internal Medicine,820.8,721.0,267116.2700000001,14,8,0.0021,299.20000000000005,72.5,55.0,94.5,4.699999999999999,203.9,77.5,13.5,6.7,24.84,11.51,-38.61,-8.28,425.9,51.89,3.0,Low-Volume / Low-Growth Prescribers
1000001893,GA,Internal Medicine,566.4,496.0,288124.72000000003,13,6,0.0015,0.0,130.5,128.4,181.7,0.0,14.7,90.0,21.1,22.67,2.6,32.08,206.11,-41.57,455.3,80.38,3.0,Low-Volume / Low-Growth Prescribers
1000001913,NY,Internal Medicine,16716.6,14262.0,9962120.729999999,17,6,0.0434,0.0,1064.4,3577.7999999999997,4389.4,65.3,5382.099999999999,2237.6,0.0,21.4,32.2,26.26,126.38,73.82,14413.699999999999,86.22,0.0,Diversified Prescribers
1000001925,TX,Endocrinology,2067.3,1777.0,1058768.1099999999,19,8,0.0054,83.3,146.8,279.5,342.5,2.2,839.4,308.0,65.6,13.52,40.6,16.57,-40.06,30.61,1608.2,77.79,0.0,Diversified Prescribers
1000001940,FL,Endocrinology,12633.000000000002,11056.0,7224262.59,21,8,0.0328,1673.6,939.6,4109.4,2014.2000000000003,8.8,2754.2000000000003,915.4,217.8,32.53,21.8,15.94,60.57,34.96,9817.400000000001,77.71,0.0,Diversified Prescribers
1000001945,IL,Internal Medicine,3814.2,3261.0,1908411.2799999998,16,7,0.0099,570.6,648.4000000000001,1121.6,693.5,0.0,100.1,615.8,64.2,29.41,2.62,18.18,-72.14,-75.23,2563.6,67.21,0.0,Diversified Prescribers
1000001965,CA,Family Practice,659.3000000000002,563.0,329767.5399999999,15,5,0.0017,0.0,23.2,125.8,298.1,0.0,93.30000000000001,118.89999999999999,0.0,19.08,14.15,45.21,-24.72,127.18,540.4000000000001,81.97,3.0,Low-Volume / Low-Growth Prescribers
1000001991,FL,Endocrinology,10572.399999999996,9221.0,4873079.969999999,20,8,0.0275,2062.0,330.4,1990.3000000000002,1588.6999999999998,33.9,3139.3,1222.3,205.5,18.83,29.69,15.03,-55.81,35.56,7048.7,66.67,0.0,Diversified Prescribers
1000001997,CA,Endocrinology,10633.899999999998,9196.0,6847532.120000001,19,7,0.0276,551.7,549.6999999999999,4732.6,2741.5,31.299999999999997,702.0999999999999,1325.0,0.0,44.5,6.6,25.78,-23.57,4.51,8725.900000000001,82.06,0.0,Diversified Prescribers
1000001999,AZ,Internal Medicine,4649.5,3942.0,2010188.4700000002,18,8,0.0121,524.8,563.0,263.0,1097.3,15.8,1503.1,596.3,86.2,5.66,32.33,23.6,93.32,24.91,3426.3999999999996,73.69,0.0,Diversified Prescribers
1000002016,TN,Internal Medicine,5179.9,4518.0,2207022.19,15,6,0.0135,886.9000000000001,334.2,723.4,1405.8,0.0,995.6,834.0,0.0,13.97,19.22,27.14,-44.09,45.95,3459.0,66.78,0.0,Diversified Prescribers
1000002025,VA,Internal Medicine,5897.3,5059.0,3720126.76,17,5,0.0153,0.0,592.0,1583.0,1928.6000000000001,0.0,1438.4,355.3,0.0,26.84,24.39,32.7,16.81,250.71,5542.0,93.98,0.0,Diversified Prescribers
1000002056,NY,Internal Medicine,3943.6000000000004,3391.0,1802061.4700000002,16,7,0.0102,905.6,495.9,596.3,899.6,35.1,816.0,195.1,0.0,15.12,20.69,22.81,3.84,62.83,2807.7999999999997,71.2,0.0,Diversified Prescribers
1000002070,IL,Family Practice,893.9999999999997,789.0,362797.35,14,7,0.0023,198.7,170.0,134.5,216.2,0.0,62.1,95.4,17.1,15.04,6.95,24.18,-68.01,-71.88,582.8,65.19,3.0,Low-Volume / Low-Growth Prescribers
1000002087,CA,Family Practice,3973.1000000000004,3415.0,1814927.01,15,8,0.0103,698.5,271.5,758.7,1194.8000000000002,20.7,553.3,409.70000000000005,65.9,19.1,13.93,30.07,209.15,143.49,2778.3,69.93,3.0,Low-Volume / Low-Growth Prescribers
1000002088,TX,Family Practice,3187.8999999999996,2744.0,1732412.7100000004,16,6,0.0083,0.0,136.7,820.6,1016.9000000000001,13.1,643.3,557.3,0.0,25.74,20.18,31.9,276.36,-59.31,2617.5,82.11,0.0,Diversified Prescribers
1000002103,AZ,Family Practice,884.0999999999999,755.0,345544.6,13,6,0.0023,343.0,109.7,129.2,145.5,0.0,139.1,0.0,17.6,14.61,15.73,16.46,-61.84,-61.07,523.5,59.21,3.0,Low-Volume / Low-Growth Prescribers
1000002106,CA,Nurse Practitioner,17829.5,15214.0,7565074.859999999,21,8,0.0463,2141.8,1165.8,2906.3,2537.7,139.0,4184.9,4396.1,357.9,16.3,23.47,14.23,18.76,169.15,10794.7,60.54,0.0,Diversified Prescribers
1000002128,IL,Nurse Practitioner,4658.200000000001,4043.0,1506068.1199999996,14,7,0.0121,1088.1999999999998,0.0,275.3,1075.9,20.9,1055.5,982.3000000000001,160.1,5.91,22.66,23.1,306.59,-30.27,2406.7,51.67,3.0,Low-Volume / Low-Growth Prescribers
1000002136,IN,Endocrinology,2101.8,1819.0,1325901.2600000002,19,8,0.0055,215.1,113.2,813.5,363.2,3.7,370.9,188.5,33.7,38.7,17.65,17.28,36.45,70.3,1660.8000000000002,79.02,0.0,Diversified Prescribers
1000002141,AZ,Internal Medicine,15312.400000000001,13171.0,7348289.37,16,7,0.0398,3905.7,53.4,3941.8999999999996,4094.4000000000005,89.4,1924.1,1303.5,0.0,25.74,12.57,26.74,-66.62,264.11,10013.8,65.4,0.0,Diversified Prescribers
1000002142,PA,Family Practice,1266.3000000000002,1115.0,562580.66,16,7,0.0033,327.2,113.60000000000001,243.6,219.39999999999998,0.0,212.5,138.3,11.7,19.24,16.78,17.33,26.91,1103.33,789.1,62.32,3.0,Low-Volume / Low-Growth Prescribers
1000002143,MA,Internal Medicine,16347.9,14357.0,6121013.2700000005,16,8,0.0425,5819.299999999999,363.5,2798.4,3402.2,64.7,1952.1000000000001,1387.3,560.4000000000001,17.12,11.94,20.81,32.12,415.3,8516.2,52.09,0.0,Diversified Prescribers
1000002151,MA,Endocrinology,10503.8,9249.0,5770679.279999999,19,8,0.0273,1688.8000000000002,360.6,3347.9,2138.0,16.3,1768.6,1091.8999999999999,91.7,31.87,16.84,20.35,-32.57,44.08,7615.1,72.5,0.0,Diversified Prescribers
1000002159,FL,Family Practice,4065.0000000000005,3498.0,1862975.2799999996,15,7,0.0106,1020.4000000000001,221.5,486.00000000000006,789.7,9.2,1304.1000000000001,234.1,0.0,11.96,32.08,19.43,58.37,256.17,2801.3,68.91,3.0,Low-Volume / Low-Growth Prescribers
1000002160,OH,Family Practice,633.8000000000001,555.0,359483.6599999999,14,5,0.0016,0.0,91.3,101.19999999999999,179.9,0.0,221.10000000000002,0.0,40.3,15.97,34.88,28.38,-86.23,-89.21,593.5,93.64,3.0,Low-Volume / Low-Growth Prescribers
1000002173,CA,Nurse Practitioner,6342.600000000001,5569.0,3064257.27,17,8,0.0165,1176.6,296.6,1362.8000000000002,1461.5,31.5,1217.4,740.4,55.8,21.49,19.19,23.04,-11.48,-30.96,4338.3,68.4,0.0,Diversified Prescribers
1000002176,NC,Internal Medicine,4642.2,3988.0,1860766.1900000002,13,8,0.0121,1437.6,268.79999999999995,641.1,929.3999999999999,18.7,935.0,204.0,207.6,13.81,20.14,20.02,-35.38,-53.33,2774.2999999999997,59.76,3.0,Low-Volume / Low-Growth Prescribers
1000002182,MA,Endocrinology,40998.100000000006,35298.0,27314574.54,22,8,0.1065,1490.7,1211.2,15456.799999999997,5445.2,161.60000000000002,13564.1,3075.3,593.1999999999999,37.7,33.08,13.28,82.54,75.99,35677.299999999996,87.02,1.0,High-Volume Core Prescribers
1000002190,AZ,Internal Medicine,1727.1000000000001,1493.0,933673.93,13,6,0.0045,0.0,150.6,398.3,730.6999999999999,25.6,209.8,212.1,0.0,23.06,12.15,42.31,43.03,-78.25,1489.4,86.24,3.0,Low-Volume / Low-Growth Prescribers
1000002191,TX,Nurse Practitioner,544.0,479.0,199425.47,13,6,0.0014,81.2,113.2,60.0,167.8,0.0,22.099999999999998,99.69999999999999,0.0,11.03,4.06,30.85,25.3,110.73,363.1,66.75,3.0,Low-Volume / Low-Growth Prescribers
1000002194,IL,Endocrinology,2598.8000000000006,2247.0,1570960.23,18,7,0.0068,200.5,163.6,589.9000000000001,342.40000000000003,0.0,1131.9,159.7,10.8,22.7,43.55,13.18,-34.59,87.26,2227.8,85.72,0.0,Diversified Prescribers
1000002198,AZ,Internal Medicine,5455.199999999999,4719.0,3189856.0699999994,18,8,0.0142,550.6,262.6,1662.9,1176.2,41.7,1056.8,607.4,97.0,30.48,19.37,21.56,-21.79,8.99,4158.5,76.23,0.0,Diversified Prescribers
1000002219,FL,Endocrinology,12111.400000000001,10434.0,7251130.57,20,7,0.0315,1492.1000000000001,737.0,3413.3,2089.8999999999996,45.5,3386.6,947.0,0.0,28.18,27.96,17.26,-3.23,284.77,9626.8,79.49,0.0,Diversified Prescribers
1000002238,TX,Endocrinology,10833.4,9386.0,6409682.81,16,6,0.0281,1728.2,661.4,3343.7,1452.1000000000001,0.0,3001.8,646.2,0.0,30.86,27.71,13.4,171.0,62.79,8459.0,78.08,0.0,Diversified Prescribers
1000002241,CA,Endocrinology,39269.0,33570.0,23218164.61,22,8,0.102,3921.8,1524.9,14123.300000000001,8358.0,219.4,6007.6,4723.7,390.3,35.97,15.3,21.28,36.25,61.03,30013.800000000003,76.43,1.0,High-Volume Core Prescribers
1000002245,VA,Internal Medicine,19517.0,17042.0,8274677.880000002,19,8,0.0507,6027.400000000001,2204.0,3577.5,2180.8,217.0,3608.6000000000004,1509.6,192.1,18.33,18.49,11.17,871.53,2783.66,11570.900000000001,59.29,0.0,Diversified Prescribers
1000002250,FL,Endocrinology,10991.7,9454.0,6985988.670000001,20,8,0.0286,465.4,640.4000000000001,3643.4,2056.4,28.4,3161.7000000000007,746.9,249.10000000000002,33.15,28.76,18.71,3.98,17.09,9501.9,86.45,0.0,Diversified Prescribers
1000002253,CA,Family Practice,12422.0,10715.0,5307584.370000001,15,7,0.0323,2400.6,679.3,2240.8,1301.4,67.80000000000001,3374.9,2357.2,0.0,18.04,27.17,10.48,-15.86,-81.64,7596.4000000000015,61.15,0.0,Diversified Prescribers
1000002261,TX,Family Practice,1026.6,873.0,418949.5299999999,16,7,0.0027,122.9,71.3,159.9,234.29999999999998,0.0,162.8,232.8,42.6,15.58,15.86,22.82,-45.67,-67.43,628.3000000000001,61.2,3.0,Low-Volume / Low-Growth Prescribers
1000002272,NC,Internal Medicine,3781.3999999999996,3288.0,2198061.3200000003,17,8,0.0098,478.2,76.4,1240.2,464.9,61.900000000000006,954.8,457.0,48.0,32.8,25.25,12.29,81.36,99.89,2736.3,72.36,0.0,Diversified Prescribers
1000002285,MA,Internal Medicine,1182.6000000000001,1008.0,648355.6399999999,15,7,0.0031,118.3,99.2,237.1,423.9000000000001,2.1,214.89999999999998,87.1,0.0,20.05,18.17,35.84,27.27,71.96,975.1000000000001,82.45,3.0,Low-Volume / Low-Growth Prescribers
1000002288,TN,Internal Medicine,3410.7,2954.0,1691233.9,18,8,0.0089,609.3,296.5,912.1,927.4,39.9,94.30000000000001,393.7,137.5,26.74,2.76,27.19,21.87,461.34,2230.3,65.39,0.0,Diversified Prescribers
1000002289,IL,Internal Medicine,3816.7,3297.0,2258833.81,15,7,0.0099,0.0,293.7,1459.4,82.0,13.7,837.7,1070.3,59.9,38.24,21.95,2.15,-86.0,-49.76,2672.8,70.03,3.0,Low-Volume / Low-Growth Prescribers
1000002291,FL,Internal Medicine,744.8,649.0,321214.48,14,7,0.0019,184.3,19.2,171.4,215.5,1.2,34.8,118.4,0.0,23.01,4.67,28.93,28.14,393.15,440.9,59.2,3.0,Low-Volume / Low-Growth Prescribers
1000002292,NY,Internal Medicine,2955.7000000000003,2647.0,1157314.28,14,7,0.0077,631.2,559.5,506.40000000000003,664.1999999999999,14.2,61.699999999999996,518.5,0.0,17.13,2.09,22.47,76.95,205.86,1791.7999999999997,60.62,3.0,Low-Volume / Low-Growth Prescribers
1000002293,FL,Internal Medicine,4265.0,3676.0,2021460.48,15,6,0.0111,1238.1,665.7,965.8,1309.6999999999998,21.9,63.8,0.0,0.0,22.64,1.5,30.71,-40.05,-43.43,3005.0,70.46,3.0,Low-Volume / Low-Growth Prescribers
1000002300,CA,Family Practice,4065.6,3568.0,1571636.2,14,6,0.0106,1686.8,164.4,554.9,780.5,9.9,869.1,0.0,0.0,13.65,21.38,19.2,-93.28,-50.35,2368.9,58.27,3.0,Low-Volume / Low-Growth Prescribers
1000002301,CA,Family Practice,806.5000000000001,706.0,407417.17999999993,12,5,0.0021,0.0,85.9,148.4,325.90000000000003,0.0,94.0,152.29999999999998,0.0,18.4,11.66,40.41,184.37,-14.34,654.2,81.12,3.0,Low-Volume / Low-Growth Prescribers
1000002303,PA,Internal Medicine,677.6999999999999,589.0,308849.95999999996,14,8,0.0018,78.6,21.2,34.8,245.1,2.2,224.3,56.2,15.3,5.14,33.1,36.17,80.22,-18.68,525.4,77.53,3.0,Low-Volume / Low-Growth Prescribers
1000002304,NY,Physician Assistant,1007.8,885.0,542996.1699999999,15,7,0.0026,104.8,40.8,232.5,292.6,0.0,209.5,113.1,14.5,23.07,20.79,29.03,27.43,647.7,775.4000000000001,76.94,3.0,Low-Volume / Low-Growth Prescribers
1000002309,FL,Internal Medicine,1386.7,1214.0,500507.79,14,6,0.0036,464.4,0.0,176.60000000000002,260.0,3.4,275.7,206.60000000000002,0.0,12.74,19.88,18.75,15.47,22.53,712.3,51.37,3.0,Low-Volume / Low-Growth Prescribers
1000002325,AZ,Physician Assistant,825.5000000000002,720.0,317940.31999999995,12,6,0.0021,198.39999999999998,114.60000000000001,77.4,298.7,0.0,68.8,67.6,0.0,9.38,8.33,36.18,-29.77,180.91,559.5,67.78,3.0,Low-Volume / Low-Growth Prescribers
1000002335,TX,Internal Medicine,5956.0,5240.0,2810204.03,18,7,0.0155,910.8,517.6,1579.1,1204.3000000000002,0.0,548.4,1115.3000000000002,80.5,26.51,9.21,20.22,30.22,-34.96,3849.4,64.63,0.0,Diversified Prescribers
1000002342,CA,Endocrinology,2093.8,1818.0,1238996.8299999998,17,7,0.0054,104.5,157.20000000000002,504.2,342.6,0.0,779.3000000000001,177.4,28.6,24.08,37.22,16.36,12.29,21.29,1783.3000000000002,85.17,0.0,Diversified Prescribers
1000002352,IN,Family Practice,712.6,626.0,254243.88999999998,14,7,0.0019,166.0,55.8,85.50000000000001,189.1,0.0,100.3,98.60000000000001,17.3,12.0,14.08,26.54,232.85,-18.28,430.70000000000005,60.44,3.0,Low-Volume / Low-Growth Prescribers
1000002354,CA,Family Practice,14695.499999999998,12579.0,6083488.010000001,16,8,0.0382,1453.1,1853.1000000000001,615.0,1109.3000000000002,33.1,6187.1,3158.1000000000004,286.7,4.18,42.1,7.55,98.78,136.19,9764.5,66.45,0.0,Diversified Prescribers
1000002357,FL,Endocrinology,35955.9,30963.0,23669464.76,21,8,0.0934,3195.0,1790.5,14884.199999999999,6286.700000000001,232.5,7723.4,1444.9,398.7,41.4,21.48,17.48,16.69,117.08,30684.8,85.34,1.0,High-Volume Core Prescribers
1000002370,PA,Family Practice,14171.999999999998,12511.0,6826880.96,17,8,0.0368,2171.7,730.1999999999999,3203.5,4308.1,86.1,1628.6999999999998,1509.4,534.3,22.6,11.49,30.4,-24.19,-55.9,9870.5,69.65,0.0,Diversified Prescribers
1000002398,FL,Family Practice,1031.8999999999999,890.0,381172.38,16,7,0.0027,363.6,30.5,157.3,269.4,0.0,115.5,83.6,12.0,15.24,11.19,26.11,-89.95,-86.8,572.7,55.5,3.0,Low-Volume / Low-Growth Prescribers
1000002409,PA,Internal Medicine,671.0999999999999,587.0,304608.61,15,6,0.0017,71.8,133.0,55.6,246.4,0.0,120.10000000000001,44.2,0.0,8.28,17.9,36.72,128.44,-37.7,555.1,82.71,3.0,Low-Volume / Low-Growth Prescribers
1000002416,NY,Internal Medicine,17921.199999999997,15843.0,9095632.559999999,16,8,0.0466,1451.9,2593.2,3134.3,2051.6000000000004,154.0,5306.3,2695.9,534.0,17.49,29.61,11.45,266.16,75.17,13085.4,73.02,0.0,Diversified Prescribers
1000002434,IN,Physician Assistant,17702.3,15610.0,8289308.5,20,8,0.046,2030.5,2531.2,3160.0,2804.8999999999996,231.3,3426.7,3227.2,290.5,17.85,19.36,15.84,252.2,-3.67,11922.8,67.35,0.0,Diversified Prescribers
1000002435,PA,Internal Medicine,5330.3,4627.0,2142302.61,18,7,0.0138,1224.2,405.8,861.8000000000001,1160.3999999999999,0.0,747.0,840.3,90.8,16.17,14.01,21.77,2.64,94.34,3175.0,59.57,0.0,Diversified Prescribers
1000002443,CA,Family Practice,4097.099999999999,3575.0,1617135.56,19,7,0.0106,445.2,278.4,492.59999999999997,1141.0,0.0,855.2,751.8,132.9,12.02,20.87,27.85,-46.32,-83.6,2767.2,67.54,0.0,Diversified Prescribers
1000002449,CA,Internal Medicine,15968.899999999996,13858.0,7407671.070000001,19,8,0.0415,2424.5,1247.8,3550.1000000000004,3028.0,113.2,2737.8999999999996,2233.5,633.9000000000001,22.23,17.15,18.96,36.75,-46.0,10563.8,66.15,0.0,Diversified Prescribers
1000002462,VA,Family Practice,4284.1,3729.0,1860220.3699999999,20,8,0.0111,479.5,167.4,640.5,1273.4,21.4,727.2,904.5,70.2,14.95,16.97,29.72,66.68,59.03,2808.5,65.56,0.0,Diversified Prescribers
1000002467,NY,Endocrinology,14462.2,12569.0,9016540.01,21,8,0.0376,1531.4,622.5999999999999,4805.2,2816.8,47.9,3905.1,545.9,187.3,33.23,27.0,19.48,249.72,119.06,12149.7,84.01,0.0,Diversified Prescribers
1000002472,CA,Nurse Practitioner,41495.0,36720.0,20408264.740000002,17,7,0.1078,11572.900000000001,1703.4,8215.5,7539.400000000001,383.0,10813.3,0.0,1267.5,19.8,26.06,18.17,-3.69,89.6,28271.600000000002,68.13,1.0,High-Volume Core Prescribers
1000002482,IN,Physician Assistant,4324.3,3799.0,1918935.0199999998,16,8,0.0112,929.9000000000001,711.5000000000001,900.7,1278.5,14.0,50.4,302.2,137.1,20.83,1.17,29.57,-0.45,7.67,2941.1000000000004,68.01,0.0,Diversified Prescribers
1000002485,FL,Cardiology,4065.7000000000003,3547.0,1634630.8499999999,16,7,0.0106,805.6,333.20000000000005,499.6,1215.6,0.0,630.5999999999999,393.9,187.2,12.29,15.51,29.9,-67.91,-75.44,2679.0,65.89,0.0,Diversified Prescribers
1000002489,CA,Internal Medicine,5521.7,4750.0,2098265.6399999997,18,8,0.0143,967.9,232.6,414.5,1556.8000000000002,32.3,1248.7,930.5,138.4,7.51,22.61,28.19,145.58,4.87,3452.6000000000004,62.53,0.0,Diversified Prescribers
1000002490,IN,Internal Medicine,18827.200000000004,16043.0,10393073.059999997,21,7,0.0489,1945.9,1932.1,4373.3,5687.7,140.5,3254.4,1493.3000000000002,0.0,23.23,17.29,30.21,-74.15,-58.18,15247.5,80.99,0.0,Diversified Prescribers
1000002491,TX,Internal Medicine,776.0999999999999,676.0,391557.69000000006,17,7,0.002,102.9,63.099999999999994,189.7,129.2,1.2,158.1,131.9,0.0,24.44,20.37,16.65,103.46,224.28,540.0999999999999,69.59,3.0,Low-Volume / Low-Growth Prescribers
1000002493,CA,Internal Medicine,8055.3,6977.0,3229396.2700000005,13,7,0.0209,0.0,703.0,497.1,4078.2,110.3,691.0,1629.6,346.1,6.17,8.58,50.63,-71.58,-72.04,5969.299999999999,74.1,3.0,Low-Volume / Low-Growth Prescribers
1000002501,TX,Family Practice,12075.399999999998,10298.0,6333472.710000001,17,7,0.0314,0.0,542.2,2836.6000000000004,3323.6000000000004,28.5,2279.0,2515.5,550.0,23.49,18.87,27.52,2818.57,58.25,8981.400000000001,74.38,0.0,Diversified Prescribers
1000002510,TX,Endocrinology,1408.3000000000002,1217.0,1001952.2599999999,16,6,0.0037,0.0,139.3,642.3000000000001,370.5,2.3,180.0,73.9,0.0,45.61,12.78,26.31,87.17,94.8,1332.1000000000001,94.59,3.0,Low-Volume / Low-Growth Prescribers
1000002512,FL,Internal Medicine,13694.3,12117.0,6277416.0600000005,16,8,0.0356,1772.0,1082.8000000000002,2938.2,3078.8,26.5,2060.3,1866.6000000000001,869.1,21.46,15.04,22.48,64.3,62.85,9160.1,66.89,0.0,Diversified Prescribers
1000002513,TX,Internal Medicine,823.7,719.0,338220.27,13,7,0.0021,93.3,65.5,87.1,254.40000000000003,2.5,156.1,164.8,0.0,10.57,18.95,30.89,-28.42,22.59,563.1,68.36,3.0,Low-Volume / Low-Growth Prescribers
1000002519,MI,Family Practice,18988.899999999998,16516.0,6549554.900000001,16,6,0.0493,6172.2,913.4000000000001,3018.6,2589.2,0.0,2812.2999999999997,3483.2,0.0,15.9,14.81,13.64,58.24,58.24,9333.5,49.15,0.0,Diversified Prescribers
1000002534,PA,Family Practice,1060.5,911.0,524639.6599999999,13,6,0.0028,143.4,106.5,189.89999999999998,276.2,0.0,213.5,131.0,0.0,17.91,20.13,26.04,-40.22,-26.56,786.0999999999999,74.13,3.0,Low-Volume / Low-Growth Prescribers
1000002537,PA,Endocrinology,10998.5,9580.0,7103853.330000001,20,7,0.0286,889.7,800.9999999999999,4419.4,1670.9,0.0,2146.3,922.3,148.9,40.18,19.51,15.19,-26.47,113.59,9037.6,82.17,0.0,Diversified Prescribers
1000002542,NC,Nurse Practitioner,14834.0,12886.0,6871224.380000001,18,7,0.0385,1928.5,2050.0,1463.8000000000002,3483.9,74.5,4191.2,1642.1,0.0,9.87,28.25,23.49,-34.23,76.44,11188.9,75.43,0.0,Diversified Prescribers
1000002543,TX,Family Practice,4149.799999999999,3645.0,1442111.18,18,8,0.0108,865.8,502.40000000000003,517.3,492.70000000000005,25.6,490.59999999999997,1148.6999999999998,106.7,12.47,11.82,11.87,24.95,180.74,2003.0,48.27,0.0,Diversified Prescribers
1000002554,PA,Endocrinology,9808.7,8602.0,4628799.159999998,19,7,0.0255,2105.7999999999997,554.3,1829.8,2181.1,0.0,2192.9,681.9,262.9,18.65,22.36,22.24,38.84,234.39,6758.1,68.9,0.0,Diversified Prescribers
1000002558,MA,Endocrinology,1989.7999999999997,1730.0,1306066.9800000002,19,8,0.0052,100.6,85.2,882.1000000000001,403.2,2.2,246.8,215.2,54.5,44.33,12.4,20.26,56.3,173.02,1617.3000000000002,81.28,0.0,Diversified Prescribers
1000002587,OH,Family Practice,681.0,582.0,254207.25,16,7,0.0018,107.3,46.3,56.0,225.7,0.0,113.89999999999999,108.1,23.700000000000003,8.22,16.73,33.14,-56.94,-38.36,441.9,64.89,3.0,Low-Volume / Low-Growth Prescribers
1000002592,GA,Internal Medicine,982.0999999999999,854.0,398371.75,15,7,0.0026,349.5,45.5,183.0,194.6,0.0,146.1,46.5,16.9,18.63,14.88,19.81,-63.49,-33.97,569.2,57.96,3.0,Low-Volume / Low-Growth Prescribers
1000002597,CA,Internal Medicine,1230.2000000000003,1082.0,593536.3399999999,17,7,0.0032,355.6,33.3,335.1,353.1,2.3,78.0,72.80000000000001,0.0,27.24,6.34,28.7,237.94,574.14,799.5,64.99,3.0,Low-Volume / Low-Growth Prescribers
1000002598,TX,Internal Medicine,1186.2,1022.0,466505.8699999999,16,7,0.0031,243.39999999999998,57.099999999999994,203.9,118.7,0.0,285.20000000000005,264.4,13.5,17.19,24.04,10.01,-26.29,61.06,664.9000000000001,56.05,3.0,Low-Volume / Low-Growth Prescribers
1000002610,GA,Family Practice,9968.099999999999,8872.0,4306995.97,13,8,0.0259,1707.2,95.9,2339.1,3405.5,71.2,182.9,1985.2,181.1,23.47,1.83,34.16,3332.14,294.36,6023.4,60.43,3.0,Low-Volume / Low-Growth Prescribers
1000002614,IL,Internal Medicine,699.4,603.0,335065.27000000014,13,6,0.0018,150.39999999999998,111.5,118.1,198.0,0.0,108.7,0.0,12.7,16.89,15.54,28.31,-70.99,-71.06,536.3,76.68,3.0,Low-Volume / Low-Growth Prescribers
1000002633,TX,Endocrinology,30669.0,26505.0,15311450.029999996,22,8,0.0797,1349.3,3252.2000000000003,4567.4,6371.1,156.79999999999998,10561.8,3712.1999999999994,698.2,14.89,34.44,20.77,243.5,56.02,24752.5,80.71,1.0,High-Volume Core Prescribers
1000002638,NC,Physician Assistant,5597.1,4889.0,2038734.71,18,8,0.0145,1561.2,325.3,559.5,1242.6000000000001,15.6,1159.8,655.9000000000001,77.2,10.0,20.72,22.2,127.63,188.1,3287.2,58.73,0.0,Diversified Prescribers
1000002640,IN,Internal Medicine,37225.4,32197.0,18660314.68,21,8,0.0967,4970.2,4963.4,7200.0,8689.6,241.5,7104.0,2689.8,1366.9,19.34,19.08,23.34,-51.02,-6.95,27957.0,75.1,1.0,High-Volume Core Prescribers
1000002652,VA,Internal Medicine,876.9000000000003,766.0,338271.43,14,8,0.0023,167.3,68.9,168.3,162.1,1.1,82.4,183.99999999999997,42.8,19.19,9.4,18.49,10.91,201.62,481.70000000000005,54.93,3.0,Low-Volume / Low-Growth Prescribers
1000002677,MI,Endocrinology,8203.3,7125.0,5204924.74,20,8,0.0213,395.4,737.4999999999999,3409.7000000000003,1572.3000000000002,15.8,877.9,1008.5999999999999,186.1,41.56,10.7,19.17,-4.65,91.51,6597.400000000001,80.42,0.0,Diversified Prescribers
1000002678,TX,Endocrinology,12930.999999999998,11094.0,8140991.499999999,20,8,0.0336,1239.6,587.5,3908.3,2898.3999999999996,72.9,3830.3999999999996,225.2,168.7,30.22,29.62,22.41,136.2,78.21,11224.6,86.8,0.0,Diversified Prescribers
1000002680,TX,Internal Medicine,661.7,579.0,345086.22,13,7,0.0017,73.8,54.8,182.1,103.8,1.1,141.6,104.5,0.0,27.52,21.4,15.69,64.02,392.51,482.3,72.89,3.0,Low-Volume / Low-Growth Prescribers
1000002685,IN,Endocrinology,10160.900000000001,8813.0,6034146.489999998,20,7,0.0264,0.0,1121.5,3177.7000000000003,2156.7,58.0,1916.8000000000002,1645.8,84.4,31.27,18.86,21.23,-58.67,-42.96,8372.7,82.4,0.0,Diversified Prescribers
1000002686,OH,Endocrinology,1400.5,1229.0,787788.96,18,7,0.0036,108.1,52.2,391.20000000000005,373.5,0.0,327.1,127.6,20.8,27.93,23.36,26.67,-48.86,-27.39,1144.0,81.69,0.0,Diversified Prescribers
1000002688,PA,Internal Medicine,1234.7,1074.0,512772.16,14,7,0.0032,271.1,108.5,44.0,452.09999999999997,0.0,315.9,23.5,19.6,3.56,25.59,36.62,47.88,143.48,920.5,74.55,3.0,Low-Volume / Low-Growth Prescribers
1000002694,AZ,Physician Assistant,707.5000000000001,619.0,228228.52000000002,10,6,0.0018,218.6,34.8,0.0,54.7,4.8,270.4,124.2,0.0,0.0,38.22,7.73,400.0,-4.7,359.9,50.87,3.0,Low-Volume / Low-Growth Prescribers
1000002702,IL,Endocrinology,1944.2,1743.0,1348943.0299999998,16,7,0.0051,194.2,113.9,979.4,311.09999999999997,0.0,221.90000000000003,77.4,46.3,50.38,11.41,16.0,108.8,212.84,1626.3,83.65,3.0,Low-Volume / Low-Growth Prescribers
1000002703,CA,Endocrinology,2559.0000000000005,2217.0,1577632.72,17,8,0.0066,309.8,70.80000000000001,660.0,440.20000000000005,1.2,1017.8,30.4,28.8,25.79,39.77,17.2,-38.35,103.44,2188.8,85.53,0.0,Diversified Prescribers
1000002704,IN,Family Practice,1290.0,1112.0,519784.82000000007,15,7,0.0034,188.10000000000002,24.6,186.0,256.4,0.0,281.8,320.40000000000003,32.7,14.42,21.84,19.88,238.87,430.74,748.8,58.05,3.0,Low-Volume / Low-Growth Prescribers
1000002707,NY,Internal Medicine,29033.9,25106.0,12131991.49,14,7,0.0754,4749.0,936.2,5790.4,11162.6,155.6,1377.1999999999998,4862.9,0.0,19.94,4.74,38.45,-67.17,-62.04,19266.4,66.36,1.0,High-Volume Core Prescribers
1000002728,IN,Internal Medicine,897.4000000000001,783.0,552360.3,13,5,0.0023,0.0,100.1,174.60000000000002,245.3,0.0,342.0,0.0,35.4,19.46,38.11,27.33,-79.46,-34.08,862.0,96.06,3.0,Low-Volume / Low-Growth Prescribers
1000002730,CA,Family Practice,4045.9,3590.0,1388840.9200000002,13,8,0.0105,946.0,161.3,43.3,1458.3000000000002,11.6,915.6,297.5,212.3,1.07,22.63,36.04,20.64,-4.33,2578.5,63.73,3.0,Low-Volume / Low-Growth Prescribers
1000002731,PA,Internal Medicine,876.0,747.0,410824.68,14,7,0.0023,88.2,71.4,111.80000000000001,192.9,0.0,248.2,97.19999999999999,66.30000000000001,12.76,28.33,22.02,39.92,91.49,624.3,71.27,3.0,Low-Volume / Low-Growth Prescribers
1000002735,PA,Family Practice,4021.8,3530.0,1977896.6400000001,15,6,0.0104,858.6,329.29999999999995,1221.1000000000001,370.3,0.0,548.4,694.1,0.0,30.36,13.64,9.21,-24.72,-25.67,2469.1000000000004,61.39,3.0,Low-Volume / Low-Growth Prescribers
1000002751,IN,Family Practice,13872.2,12174.0,8561192.19,16,6,0.036,0.0,1036.6,4321.5,2031.1999999999998,155.5,4315.0,2012.3999999999999,0.0,31.15,31.11,14.64,-46.42,19.62,11704.3,84.37,0.0,Diversified Prescribers
1000002765,CA,Physician Assistant,5137.4,4485.0,2303626.8099999996,20,7,0.0133,1094.8,750.7,920.1,1069.5,0.0,810.3000000000001,412.5,79.5,17.91,15.77,20.82,-51.29,-54.06,3550.6000000000004,69.11,0.0,Diversified Prescribers
1000002768,PA,Internal Medicine,645.9,580.0,406146.74,13,6,0.0017,0.0,27.4,211.6,215.5,0.0,130.89999999999998,44.3,16.2,32.76,20.27,33.36,-71.77,-80.16,585.4,90.63,3.0,Low-Volume / Low-Growth Prescribers
1000002773,CA,Internal Medicine,735.1,619.0,461485.56,13,7,0.0019,0.0,31.3,165.4,118.1,6.6,355.0,43.7,15.0,22.5,48.29,16.07,-58.11,79.08,669.8,91.12,3.0,Low-Volume / Low-Growth Prescribers
1000002779,OH,Internal Medicine,6174.7,5377.0,2648722.89,16,7,0.016,1464.6999999999998,221.0,1191.9,1095.7,0.0,1242.0,874.5,84.9,19.3,20.11,17.74,1010.5,13.94,3750.6000000000004,60.74,0.0,Diversified Prescribers
1000002781,CA,Nurse Practitioner,4580.0,4035.0,2258934.8200000003,18,8,0.0119,388.8,189.5,1244.9,911.1000000000001,27.4,640.8000000000001,1103.1,74.4,27.18,13.99,19.89,140.33,103.19,2986.3,65.2,0.0,Diversified Prescribers
1000002786,IL,Physician Assistant,17456.0,15336.0,8906171.88,20,8,0.0453,1956.5,1120.7,2740.2,5298.2,121.8,5261.0,560.4,397.2,15.7,30.14,30.35,-33.85,-16.93,14420.099999999999,82.61,0.0,Diversified Prescribers
1000002809,CA,Family Practice,1050.6,930.0,432989.4699999999,15,7,0.0027,119.7,175.39999999999998,66.69999999999999,349.09999999999997,0.0,185.20000000000002,139.70000000000002,14.8,6.35,17.63,33.23,19.21,-6.35,776.3999999999999,73.9,3.0,Low-Volume / Low-Growth Prescribers
1000002834,FL,Internal Medicine,3900.2000000000003,3416.0,1626295.0899999999,16,7,0.0101,1105.3000000000002,399.20000000000005,696.5999999999999,1186.8999999999999,0.0,275.0,147.7,89.5,17.86,7.05,30.43,305.88,362.9,2557.7,65.58,0.0,Diversified Prescribers
1000002846,PA,Family Practice,14457.8,12531.0,5503396.260000001,17,8,0.0376,3510.8999999999996,1218.8999999999999,1533.8,2510.8,28.1,3272.2,1598.2,784.9000000000001,10.61,22.63,17.37,906.25,226.31,8535.7,59.04,0.0,Diversified Prescribers
1000002847,PA,Internal Medicine,20288.3,17427.0,12252864.86,18,7,0.0527,1370.6,1104.6,5622.099999999999,5376.0,0.0,4827.5,1646.3,341.2,27.71,23.79,26.5,252.79,1227.14,16930.199999999997,83.45,0.0,Diversified Prescribers
1000002851,CA,Internal Medicine,13649.800000000001,11668.0,7267725.819999999,16,7,0.0355,2491.4,2004.1999999999998,3438.5999999999995,1256.8,108.7,2768.6,1581.5,0.0,25.19,20.28,9.21,-39.97,138.34,9468.199999999997,69.37,0.0,Diversified Prescribers
1000002856,VA,Internal Medicine,5555.4,4826.0,1785925.2,16,8,0.0144,1974.0000000000002,237.29999999999998,857.0999999999999,903.2,7.4,539.8,893.9000000000001,142.7,15.43,9.72,16.26,6.44,-15.71,2537.3999999999996,45.67,3.0,Low-Volume / Low-Growth Prescribers
1000002864,PA,Internal Medicine,13053.899999999996,11087.0,5617458.530000001,18,8,0.0339,1384.3,1091.5,2193.1000000000004,5323.1,146.2,444.2,2152.7,318.8,16.8,3.4,40.78,-57.4,-20.97,9051.900000000001,69.34,0.0,Diversified Prescribers
1000002869,IN,Internal Medicine,3940.1,3426.0,1884194.9200000002,18,6,0.0102,0.0,474.1,684.3,922.3000000000001,30.299999999999997,868.3,960.8,0.0,17.37,22.04,23.41,14.9,-37.89,2949.0,74.85,0.0,Diversified Prescribers
1000002882,VA,Internal Medicine,1056.9,934.0,396262.68,14,6,0.0027,263.9,45.0,148.2,168.4,0.0,203.7,227.70000000000002,0.0,14.02,19.27,15.93,-26.85,-41.89,565.3,53.49,3.0,Low-Volume / Low-Growth Prescribers
1000002888,FL,Family Practice,4398.4,3818.0,2343378.65,18,8,0.0114,377.9,136.0,1353.3999999999999,919.4,8.5,645.9,901.5,55.8,30.77,14.68,20.9,814.92,139.39,3054.7,69.45,0.0,Diversified Prescribers
1000002900,CA,Endocrinology,1763.5,1533.0,1045104.7999999996,21,8,0.0046,150.3,79.69999999999999,531.8,253.9,3.5,579.3,135.3,29.700000000000003,30.16,32.85,14.4,33.5,-12.05,1444.7,81.92,0.0,Diversified Prescribers
1000002901,GA,Family Practice,20706.2,18369.0,9510741.469999999,15,7,0.0538,0.0,1518.6999999999998,2551.9,6103.1,274.70000000000005,5327.000000000001,3767.9,1162.9,12.32,25.73,29.47,-6.07,-77.83,15500.700000000003,74.86,0.0,Diversified Prescribers
1000002909,OH,Internal Medicine,565.5000000000001,496.0,294957.60000000003,10,5,0.0015,83.2,61.3,68.9,172.9,0.0,179.2,0.0,0.0,12.18,31.69,30.57,-60.5,-27.96,482.29999999999995,85.29,3.0,Low-Volume / Low-Growth Prescribers
1000002917,TX,Nurse Practitioner,33394.1,28845.0,11668375.969999999,16,7,0.0868,8986.5,1874.4,4910.2,7102.2,341.1,3267.8999999999996,6911.8,0.0,14.7,9.79,21.27,-44.83,-25.44,17154.7,51.37,1.0,High-Volume Core Prescribers
1000002947,TX,Internal Medicine,823.7,704.0,522671.85000000003,16,7,0.0021,0.0,80.0,305.20000000000005,224.9,1.2,101.69999999999999,77.80000000000001,32.9,37.05,12.35,27.3,1866.67,34.67,711.8000000000001,86.41,3.0,Low-Volume / Low-Growth Prescribers
1000002959,TX,Family Practice,11540.8,10007.0,4797481.67,16,8,0.03,1451.2,714.0,1230.1,3278.7,125.6,2778.0,1238.3,724.9000000000001,10.66,24.07,28.41,-84.6,-79.77,8000.8,69.33,0.0,Diversified Prescribers
1000002963,NY,Cardiology,1220.5,1056.0,562559.03,16,8,0.0032,248.8,91.4,181.70000000000002,264.3,3.3,275.7,139.9,15.4,14.89,22.59,21.66,223.94,78.2,813.0999999999999,66.62,3.0,Low-Volume / Low-Growth Prescribers
1000002969,FL,Internal Medicine,11846.499999999998,10401.0,4495425.62,13,7,0.0308,0.0,2187.5,515.5,3374.5,35.5,2081.6000000000004,3303.2999999999997,348.6,4.35,17.57,28.49,-49.91,-48.2,8159.1,68.87,0.0,Diversified Prescribers
1000002981,CA,Internal Medicine,1224.2,1069.0,505791.64999999997,14,6,0.0032,355.1,78.80000000000001,149.6,379.6,0.0,185.6,75.5,0.0,12.22,15.16,31.01,418.6,184.33,793.6,64.83,3.0,Low-Volume / Low-Growth Prescribers
1000002982,NY,Family Practice,4578.3,4025.0,2072301.3400000003,18,8,0.0119,953.5999999999999,269.2,749.6,1032.6,20.5,1056.5,418.4,77.9,16.37,23.08,22.55,30.62,376.85,3107.8999999999996,67.88,0.0,Diversified Prescribers
1000002987,VA,Internal Medicine,789.0999999999999,676.0,347305.05999999994,15,8,0.002,102.1,41.5,203.20000000000002,82.4,2.3,112.6,229.0,16.0,25.75,14.27,10.44,79.47,-54.37,439.70000000000005,55.72,3.0,Low-Volume / Low-Growth Prescribers
1000002993,IL,Internal Medicine,926.4,818.0,548666.3,16,7,0.0024,77.3,46.8,293.7,133.89999999999998,0.0,217.89999999999998,145.4,11.4,31.7,23.52,14.45,143.59,85.43,692.3,74.73,3.0,Low-Volume / Low-Growth Prescribers
1000002995,CA,Nurse Practitioner,650.0999999999999,571.0,265583.04000000004,15,8,0.0017,85.1,28.2,79.7,188.1,3.5,137.2,113.1,15.2,12.26,21.1,28.93,315.48,115.43,433.19999999999993,66.64,3.0,Low-Volume / Low-Growth Prescribers
1000003004,IL,Family Practice,6399.5999999999985,5578.0,3174684.6399999997,19,8,0.0166,1194.1,133.8,1578.4,1607.8000000000002,12.6,1076.9,713.0,83.0,24.66,16.83,25.12,313.73,26.69,4396.900000000001,68.71,0.0,Diversified Prescribers
1000003016,FL,Family Practice,961.4999999999999,843.0,294503.73,13,7,0.0025,281.0,114.1,89.9,250.0,0.0,62.0,149.7,14.8,9.35,6.45,26.0,105.45,103.78,516.0,53.67,3.0,Low-Volume / Low-Growth Prescribers
1000003024,FL,Endocrinology,12700.500000000002,11382.0,7421604.2700000005,17,8,0.033,1592.3,457.0,3153.7000000000003,1823.5,29.2,4549.5,907.0,188.3,24.83,35.82,14.36,16.15,142.67,9983.7,78.61,0.0,Diversified Prescribers
1000003069,CA,Family Practice,685.1999999999999,583.0,313901.64,13,6,0.0018,0.0,88.5,84.4,319.5,0.0,77.4,100.5,14.9,12.32,11.3,46.63,-69.06,-78.36,569.8,83.16,3.0,Low-Volume / Low-Growth Prescribers
1000003079,GA,Physician Assistant,15651.9,13571.0,8387567.18,19,7,0.0407,2248.1,1177.0,4117.2,3333.8,70.7,3093.8,1611.3000000000002,0.0,26.3,19.77,21.3,86.45,133.49,11721.8,74.89,0.0,Diversified Prescribers
1000003090,TX,Internal Medicine,1066.1,912.0,372326.96,15,7,0.0028,332.0,62.599999999999994,146.3,208.70000000000002,0.0,137.0,160.1,19.4,13.72,12.85,19.58,141.54,89.55,554.6,52.02,3.0,Low-Volume / Low-Growth Prescribers
1000003103,IN,Internal Medicine,11688.799999999997,10441.0,5856627.81,17,8,0.0304,1889.8,485.7,2967.1,3364.7999999999997,158.2,1214.3,1135.8,473.1,25.38,10.39,28.79,-26.6,527.88,8031.9,68.71,0.0,Diversified Prescribers
1000003106,TX,Family Practice,11268.2,9970.0,3390319.5300000003,14,8,0.0293,3479.6000000000004,1451.6000000000001,385.9,2301.1000000000004,124.2,1716.1,1207.9,601.8,3.42,15.23,20.42,68.13,-11.32,5854.700000000001,51.96,0.0,Diversified Prescribers
1000003122,TX,Endocrinology,9547.5,8359.0,3982825.0700000003,20,8,0.0248,2407.3,392.29999999999995,1110.4,2272.8,31.6,2436.6,764.1,132.4,11.63,25.52,23.81,69.76,93.46,6212.1,65.07,0.0,Diversified Prescribers
1000003127,PA,Endocrinology,81489.70000000001,70396.0,39021447.379999995,20,8,0.2117,18609.9,4046.8,18575.2,11778.0,386.8,18607.9,7815.7,1669.4,22.79,22.83,14.45,69.62,143.64,53007.90000000001,65.05,1.0,High-Volume Core Prescribers
1000003154,MI,Internal Medicine,3720.5000000000005,3185.0,1999505.12,18,6,0.0097,0.0,105.6,590.0,1610.0,0.0,929.2,376.6,109.1,15.86,24.98,43.27,10.95,153.1,3234.8,86.95,0.0,Diversified Prescribers
1000003160,CA,Internal Medicine,877.9000000000001,784.0,356594.92999999993,14,7,0.0023,208.6,128.6,142.0,229.79999999999998,0.0,68.0,87.6,13.3,16.17,7.75,26.18,-39.87,-70.93,568.4,64.75,3.0,Low-Volume / Low-Growth Prescribers
1000003195,NC,Internal Medicine,5125.299999999999,4500.0,2586391.5100000002,20,8,0.0133,476.9,477.4,1035.8999999999999,675.6,26.9,1470.6,894.7,67.3,20.21,28.69,13.18,-17.05,43.24,3659.5,71.4,0.0,Diversified Prescribers
1000003208,IL,Internal Medicine,969.6000000000001,854.0,515595.57999999996,14,7,0.0025,179.5,83.69999999999999,248.6,200.9,0.0,197.8,38.1,21.0,25.64,20.4,20.72,-77.73,-46.27,730.9999999999999,75.39,3.0,Low-Volume / Low-Growth Prescribers
1000003221,IN,Endocrinology,2121.6,1826.0,1210754.7299999997,20,8,0.0055,122.1,168.6,619.6,384.7,3.2,551.0999999999999,259.9,12.4,29.2,25.98,18.13,-57.13,-73.21,1723.9999999999998,81.26,0.0,Diversified Prescribers
1000003267,NY,Family Practice,902.0,796.0,463535.53,16,7,0.0023,106.1,75.89999999999999,166.0,352.5,0.0,142.8,27.4,31.299999999999997,18.4,15.83,39.08,-47.26,51.97,737.2,81.73,3.0,Low-Volume / Low-Growth Prescribers
1000003269,GA,Family Practice,745.2,646.0,330856.11999999994,17,7,0.0019,81.4,55.8,87.0,243.5,2.4,171.2,103.9,0.0,11.67,22.97,32.68,-45.5,-76.3,557.5,74.81,3.0,Low-Volume / Low-Growth Prescribers
1000003277,AZ,Internal Medicine,4105.599999999999,3515.0,1728881.69,13,7,0.0107,970.6,324.29999999999995,931.5,659.4,0.0,455.20000000000005,673.0,91.6,22.69,11.09,16.06,79.43,149.99,2370.4,57.74,3.0,Low-Volume / Low-Growth Prescribers
1000003295,CA,Endocrinology,25950.399999999998,22584.0,12955631.030000001,20,8,0.0674,3512.0,1759.1999999999998,5455.3,8487.499999999998,96.1,4146.7,2304.5,189.1,21.02,15.98,32.71,132.68,80.1,19848.699999999997,76.49,1.0,High-Volume Core Prescribers
1000003301,CA,Nephrology,3748.9999999999995,3180.0,1599230.83,17,7,0.0097,0.0,343.70000000000005,332.5,1024.5,33.2,978.8999999999999,966.6,69.6,8.87,26.11,27.33,-51.27,-60.09,2679.6,71.48,0.0,Diversified Prescribers
1000003302,VA,Internal Medicine,762.0,668.0,245784.34999999998,14,6,0.002,133.8,73.0,88.7,149.6,0.0,71.8,245.1,0.0,11.64,9.42,19.63,696.52,261.12,383.1,50.28,3.0,Low-Volume / Low-Growth Prescribers
1000003304,CA,Internal Medicine,13260.199999999999,11535.0,8774161.430000002,15,5,0.0344,0.0,0.0,3235.1000000000004,3884.2999999999993,62.5,5885.1,0.0,193.2,24.4,44.38,29.29,124.18,93.41,13004.5,98.07,0.0,Diversified Prescribers
1000003318,IN,Family Practice,970.5999999999999,838.0,332364.56999999995,14,7,0.0025,311.7,55.8,75.9,338.6000000000001,0.0,112.1,41.1,35.4,7.82,11.55,34.89,101.75,96.41,582.4000000000001,60.0,3.0,Low-Volume / Low-Growth Prescribers
1000003321,NY,Endocrinology,91151.20000000001,79983.0,51954201.22,21,8,0.2368,12655.800000000001,3361.6000000000004,23201.8,12103.0,195.39999999999998,31518.0,7333.5,782.1,25.45,34.58,13.28,1.68,136.62,70184.4,77.0,1.0,High-Volume Core Prescribers
1000003326,IN,Family Practice,14729.599999999999,12986.0,4371050.41,15,8,0.0383,5707.9,998.5,1703.9,4213.8,59.1,105.2,1573.5,367.7,11.57,0.71,28.61,-15.36,-55.86,7021.400000000001,47.67,0.0,Diversified Prescribers
1000003331,NY,Family Practice,17307.3,15065.0,8474456.149999999,11,6,0.045,0.0,4181.9,994.4000000000001,9939.300000000001,246.50000000000003,971.3,0.0,973.9,5.75,5.61,57.43,132.93,376.68,16086.900000000001,92.95,0.0,Diversified Prescribers
1000003342,CA,Family Practice,515.8,445.0,265972.98,12,5,0.0013,0.0,98.30000000000001,34.4,233.40000000000003,0.0,110.19999999999999,39.5,0.0,6.67,21.36,45.25,47.96,628.35,476.30000000000007,92.34,3.0,Low-Volume / Low-Growth Prescribers
1000003345,OH,Family Practice,15592.2,13441.0,6508959.42,17,8,0.0405,3428.8999999999996,1523.9,2143.4,5095.4,23.2,1794.2,1384.5,198.7,13.75,11.51,32.68,53.37,7.13,10556.9,67.71,0.0,Diversified Prescribers
1000003351,GA,Internal Medicine,14689.5,12852.0,7999927.49,15,6,0.0382,0.0,2343.8,2641.6,4019.2,29.7,3729.3999999999996,1925.8,0.0,17.98,25.39,27.36,51.68,-27.27,12734.0,86.69,0.0,Diversified Prescribers
1000003354,PA,Internal Medicine,4470.6,3896.0,2531324.73,16,7,0.0116,503.3,32.7,1481.8,1286.6999999999998,0.0,411.3,587.6,167.2,33.15,9.2,28.78,-13.38,205.36,3212.5,71.86,0.0,Diversified Prescribers
1000003357,TX,Internal Medicine,11968.400000000001,10425.0,4707754.850000001,11,8,0.0311,4386.8,265.29999999999995,2958.2,2701.1,23.6,152.7,1052.4,428.29999999999995,24.72,1.28,22.57,18.17,275.34,6077.299999999999,50.78,3.0,Low-Volume / Low-Growth Prescribers
1000003365,VA,Family Practice,784.3000000000001,693.0,452558.83999999997,12,6,0.002,0.0,100.1,236.5,223.9,2.5,90.4,130.9,0.0,30.15,11.53,28.55,-99.03,-97.96,650.9,82.99,3.0,Low-Volume / Low-Growth Prescribers
1000003381,PA,Internal Medicine,2237.5,1886.0,647765.86,14,8,0.0058,681.5,170.1,304.4,377.5,14.8,110.2,524.1,54.9,13.6,4.93,16.87,375.14,577.01,962.1999999999999,43.0,3.0,Low-Volume / Low-Growth Prescribers
1000003382,IL,Endocrinology,9363.699999999999,7938.0,5331991.93,18,8,0.0243,1160.9,699.8000000000001,2708.3999999999996,1132.9,54.5,2356.2,1062.4,188.6,28.92,25.16,12.1,169.97,128.62,6897.299999999999,73.66,0.0,Diversified Prescribers
1000003389,NY,Family Practice,1237.8000000000002,1066.0,403411.3099999999,15,7,0.0032,437.5,61.99999999999999,118.9,239.79999999999998,2.4,198.29999999999998,178.89999999999998,0.0,9.61,16.02,19.37,-93.2,-92.58,619.0,50.01,3.0,Low-Volume / Low-Growth Prescribers
1000003402,FL,Nephrology,3538.5000000000005,3073.0,1331760.6500000001,18,8,0.0092,476.1,500.80000000000007,407.59999999999997,649.4000000000001,31.9,598.4,703.7,170.6,11.52,16.91,18.35,97.72,-33.38,2156.2000000000003,60.94,0.0,Diversified Prescribers
1000003409,PA,Endocrinology,101899.30000000002,88748.0,59255372.86,19,7,0.2647,15228.7,2759.0,31147.3,9059.3,240.8,32037.0,11427.199999999999,0.0,30.57,31.44,8.89,8.08,84.82,75002.6,73.6,1.0,High-Volume Core Prescribers
1000003412,IL,Endocrinology,2184.1,1860.0,1211024.62,21,8,0.0057,320.9,150.0,495.3,401.3,3.4000000000000004,709.8,81.1,22.3,22.68,32.5,18.37,-55.0,-13.65,1756.3999999999999,80.42,0.0,Diversified Prescribers
1000003424,IN,Family Practice,4538.599999999999,3850.0,1958305.6700000004,18,7,0.0118,936.2,420.79999999999995,801.5999999999999,1286.5,13.7,562.4,517.4,0.0,17.66,12.39,28.35,-64.13,-1.73,3071.3,67.67,0.0,Diversified Prescribers
1000003445,TX,Family Practice,629.4,536.0,364179.93999999994,13,5,0.0016,0.0,99.60000000000001,158.6,259.2,0.0,53.0,59.0,0.0,25.2,8.42,41.18,-67.57,-40.1,570.4,90.63,3.0,Low-Volume / Low-Growth Prescribers
1000003447,GA,Family Practice,29905.0,25621.0,16692127.209999997,14,7,0.0777,0.0,3427.7,9955.1,8918.2,100.0,623.1,5834.4,1046.5,33.29,2.08,29.82,314.46,46.6,22924.100000000002,76.66,1.0,High-Volume Core Prescribers
1000003451,CA,Family Practice,25097.600000000002,21365.0,13220021.41,19,8,0.0652,4393.200000000001,2462.2000000000003,5956.0,4929.400000000001,64.9,4814.2,2242.9,234.8,23.73,19.18,19.64,-16.06,77.03,18161.800000000003,72.36,1.0,High-Volume Core Prescribers
1000003452,OH,Family Practice,1096.8000000000002,944.0,582447.0599999999,17,7,0.0028,137.6,96.1,231.6,341.9,0.0,236.39999999999998,39.5,13.7,21.12,21.55,31.17,109.47,-23.81,906.0,82.6,3.0,Low-Volume / Low-Growth Prescribers
1000003454,MA,Physician Assistant,639.6,551.0,276713.73000000004,10,6,0.0017,211.3,83.2,118.89999999999999,126.70000000000002,0.0,61.5,38.0,0.0,18.59,9.62,19.81,-76.77,35.59,390.29999999999995,61.02,3.0,Low-Volume / Low-Growth Prescribers
1000003456,NC,Internal Medicine,947.1,833.0,371090.62,18,7,0.0025,198.1,132.70000000000002,113.7,212.89999999999998,0.0,134.0,129.6,26.1,12.01,14.15,22.48,-63.86,-34.6,593.3,62.64,3.0,Low-Volume / Low-Growth Prescribers
1000003463,PA,Family Practice,16617.2,14367.0,6660130.399999999,21,8,0.0432,4124.9,1749.2000000000003,3539.0,2740.5,74.1,1530.4,2354.4,504.7,21.3,9.21,16.49,5.28,-52.74,9559.1,57.53,0.0,Diversified Prescribers
1000003464,OH,Endocrinology,2220.6000000000004,1922.0,1344799.44,19,7,0.0058,78.5,187.2,698.1,439.40000000000003,0.0,508.90000000000003,257.4,51.1,31.44,22.92,19.79,-35.36,107.78,1833.6000000000001,82.57,0.0,Diversified Prescribers
1000003470,VA,Endocrinology,9230.699999999999,7969.0,4907811.34,22,8,0.024,647.0,420.1,2124.2000000000003,2412.4,26.9,2223.6000000000004,1185.6000000000001,190.9,23.01,24.09,26.13,51.47,90.88,7180.300000000001,77.79,0.0,Diversified Prescribers
1000003477,MI,Internal Medicine,736.3000000000001,647.0,528367.5,14,6,0.0019,0.0,46.0,340.1,196.39999999999998,0.0,86.5,28.5,38.8,46.19,11.75,26.67,4.52,235.11,669.0,90.86,3.0,Low-Volume / Low-Growth Prescribers
1000003480,TX,Endocrinology,27375.9,23587.0,13694153.59,20,8,0.0711,3908.8,2930.3,4129.0,5616.4,90.0,8470.500000000002,1769.7,461.20000000000005,15.08,30.94,20.52,20.86,80.47,21146.200000000004,77.24,1.0,High-Volume Core Prescribers
1000003481,TX,Family Practice,13828.2,11834.0,5495569.42,16,7,0.0359,4361.5,1584.2,2660.8,1927.2,0.0,1462.6,1075.1,756.8,19.24,10.58,13.94,76.93,614.78,7634.799999999999,55.21,0.0,Diversified Prescribers
1000003490,NC,Endocrinology,40982.200000000004,35454.0,24639561.17,22,8,0.1065,1718.1,2866.3,11928.6,7572.4000000000015,124.7,12136.200000000003,3739.0,896.9000000000001,29.11,29.61,18.48,-28.58,-20.24,34503.5,84.19,1.0,High-Volume Core Prescribers
1000003491,TX,Family Practice,713.6,624.0,379099.86,13,5,0.0019,0.0,135.70000000000002,149.5,226.99999999999997,0.0,70.9,130.5,0.0,20.95,9.94,31.81,65.36,136.17,583.1,81.71,3.0,Low-Volume / Low-Growth Prescribers
1000003493,FL,Nurse Practitioner,892.2000000000002,783.0,427295.78,16,7,0.0023,0.0,88.6,188.9,334.5,1.1,70.5,178.9,29.700000000000003,21.17,7.9,37.49,-40.16,-60.38,682.5,76.5,3.0,Low-Volume / Low-Growth Prescribers
1000003495,FL,Internal Medicine,40579.8,35026.0,23736376.44,20,8,0.1054,4952.1,4648.3,13114.8,6256.2,72.7,6808.7,3629.9,1097.1,32.32,16.78,15.42,23.35,195.21,30828.0,75.97,1.0,High-Volume Core Prescribers
1000003502,CA,Nephrology,1253.8,1069.0,593704.76,14,7,0.0033,311.0,116.2,325.8,178.39999999999998,0.0,148.39999999999998,134.7,39.3,25.99,11.84,14.23,565.2,113.91,768.8,61.32,3.0,Low-Volume / Low-Growth Prescribers
1000003505,NY,Family Practice,30912.0,26961.0,15103984.980000002,17,7,0.0803,0.0,2442.5,4376.7,5567.5,264.5,10350.199999999999,6859.2,1051.4,14.16,33.48,18.01,139.48,174.32,22736.899999999998,73.55,1.0,High-Volume Core Prescribers
1000003511,PA,Endocrinology,71738.29999999999,61738.0,43495357.47,22,8,0.1864,3324.0,7179.200000000001,19057.9,10279.8,304.79999999999995,23880.6,6552.5,1159.5,26.57,33.29,14.33,27.98,290.61,60397.5,84.19,1.0,High-Volume Core Prescribers
1000003520,PA,Internal Medicine,385.6,340.0,147735.43,8,5,0.001,114.2,77.7,52.5,100.0,0.0,0.0,41.2,0.0,13.62,0.0,25.93,207.21,130.22,230.2,59.7,3.0,Low-Volume / Low-Growth Prescribers
1000003525,NY,Endocrinology,10065.000000000002,8761.0,5960073.27,20,8,0.0261,865.6,894.5999999999999,3944.3999999999996,2717.3,64.89999999999999,386.59999999999997,1034.3,157.3,39.19,3.84,27.0,-55.22,22.88,7942.900000000001,78.92,0.0,Diversified Prescribers
1000003526,TN,Cardiology,587.0999999999999,512.0,378514.88,14,6,0.0015,0.0,45.4,213.39999999999998,107.2,0.0,129.2,77.6,14.3,36.35,22.01,18.26,62.48,936.0,495.19999999999993,84.35,3.0,Low-Volume / Low-Growth Prescribers
1000003543,GA,Internal Medicine,779.2,684.0,312553.64999999997,15,7,0.002,77.0,26.5,90.3,240.39999999999998,0.0,164.5,158.39999999999998,22.1,11.59,21.11,30.85,10.81,-39.29,521.7,66.95,3.0,Low-Volume / Low-Growth Prescribers
1000003547,CA,Internal Medicine,5557.5,4829.0,2617593.75,15,7,0.0144,602.1,527.0,674.7,915.3,17.3,1893.1,928.0,0.0,12.14,34.06,16.47,-2.85,242.69,4010.1000000000004,72.16,0.0,Diversified Prescribers
1000003557,TX,Internal Medicine,5002.500000000001,4299.0,1841271.84,18,7,0.013,825.7,209.1,615.6999999999999,1734.2,20.5,489.7,1107.6,0.0,12.31,9.79,34.67,8.57,2.47,3048.7,60.94,0.0,Diversified Prescribers
1000003559,IL,Internal Medicine,5732.3,5117.0,2852806.6999999997,15,7,0.0149,808.0,132.2,952.7,1396.7,13.0,1686.1,743.5999999999999,0.0,16.62,29.41,24.37,-7.18,76.49,4167.7,72.71,0.0,Diversified Prescribers
1000003577,OH,Internal Medicine,5711.4,5026.0,3273316.05,14,5,0.0148,1230.7,644.0,1551.8,889.1,0.0,1395.8,0.0,0.0,27.17,24.44,15.57,47.76,87.96,4480.7,78.45,0.0,Diversified Prescribers
1000003599,OH,Family Practice,3282.8999999999996,2889.0,2214025.21,15,6,0.0085,0.0,264.5,1197.3999999999999,795.3,39.1,713.5,273.1,0.0,36.47,21.73,24.23,64.13,293.65,2970.7,90.49,0.0,Diversified Prescribers
1000003601,VA,Family Practice,3119.2,2717.0,1260935.94,16,8,0.0081,617.7,188.9,557.3,612.3,52.4,452.90000000000003,564.8,72.9,17.87,14.52,19.63,51.54,-25.98,1811.4,58.07,3.0,Low-Volume / Low-Growth Prescribers
1000003621,OH,Internal Medicine,11776.8,10406.0,3397114.9699999997,15,8,0.0306,5618.6,1280.5,1382.6,2503.4,87.80000000000001,90.9,550.6,262.4,11.74,0.77,21.26,207.01,1.91,5257.4,44.64,0.0,Diversified Prescribers
1000003623,NC,Nurse Practitioner,916.2,798.0,422036.02,13,7,0.0024,85.2,74.3,77.8,151.2,0.0,374.1,138.4,15.2,8.49,40.83,16.5,74.75,356.86,677.4000000000001,73.94,3.0,Low-Volume / Low-Growth Prescribers
1000003624,FL,Internal Medicine,541.1999999999999,467.0,320490.26,11,4,0.0014,0.0,0.0,190.39999999999998,200.5,0.0,79.6,70.7,0.0,35.18,14.71,37.05,-1.85,-50.6,470.5,86.94,3.0,Low-Volume / Low-Growth Prescribers
1000003632,VA,Internal Medicine,718.2,617.0,382138.47,15,8,0.0019,84.3,52.4,168.8,196.5,1.1,127.4,70.4,17.3,23.5,17.74,27.36,-35.55,103.53,545.1,75.9,3.0,Low-Volume / Low-Growth Prescribers
1000003634,GA,Endocrinology,11206.300000000003,9703.0,6849807.9399999995,18,7,0.0291,955.2,924.5,3031.7999999999997,1727.8999999999999,0.0,4094.4999999999995,342.0,130.4,27.05,36.54,15.42,16.78,5.06,9778.699999999999,87.26,0.0,Diversified Prescribers
1000003638,IL,Internal Medicine,4560.8,4028.0,1871325.3000000005,18,8,0.0118,605.4,251.8,834.6,839.0999999999999,12.6,872.1000000000001,1029.8000000000002,115.4,18.3,19.12,18.4,290.19,163.55,2797.6000000000004,61.34,0.0,Diversified Prescribers
1000003657,NY,Internal Medicine,626.9,564.0,284362.73,15,6,0.0016,98.1,32.4,120.80000000000001,218.4,0.0,83.3,73.9,0.0,19.27,13.29,34.84,24.85,11.2,454.90000000000003,72.56,3.0,Low-Volume / Low-Growth Prescribers
1000003665,NY,Internal Medicine,1015.5,889.0,575128.6900000001,13,7,0.0026,125.8,44.9,191.10000000000002,211.8,0.0,350.0,68.3,23.6,18.82,34.47,20.86,97.22,72.59,797.8,78.56,3.0,Low-Volume / Low-Growth Prescribers
1000003672,PA,Family Practice,3692.5,3221.0,1679172.5899999999,15,7,0.0096,0.0,586.7,772.6,1017.7,29.0,175.2,1038.3,73.0,20.92,4.74,27.56,-85.9,-81.18,2552.2,69.12,3.0,Low-Volume / Low-Growth Prescribers
1000003705,TX,Nurse Practitioner,14029.900000000001,12107.0,6240752.7299999995,18,8,0.0364,1519.0,1428.5,1731.3,4195.2,67.6,3145.7,1630.5,312.1,12.34,22.42,29.9,100.42,165.38,10500.7,74.85,0.0,Diversified Prescribers
1000003727,CA,Endocrinology,40458.0,35518.0,19841787.199999996,21,8,0.1051,6006.0,1768.8999999999999,5857.9,8187.599999999999,175.3,14453.8,3261.0,747.5,14.48,35.73,20.24,30.1,78.25,30268.199999999997,74.81,1.0,High-Volume Core Prescribers
1000003731,PA,Physician Assistant,913.7999999999998,788.0,449367.85,15,7,0.0024,130.0,56.7,294.1,149.1,2.1,51.6,230.20000000000002,0.0,32.18,5.65,16.32,56.15,73.03,551.5,60.35,3.0,Low-Volume / Low-Growth Prescribers
1000003738,OH,Family Practice,14154.0,12169.0,8308037.1,16,8,0.0368,1561.2,2663.8,3686.8,2489.5,92.19999999999999,2702.5999999999995,684.5,273.4,26.05,19.09,17.59,-95.51,-68.03,11542.7,81.55,0.0,Diversified Prescribers
1000003743,NY,Endocrinology,2221.7999999999997,1920.0,1370286.3399999999,19,8,0.0058,114.8,201.4,734.1999999999999,383.79999999999995,2.4,457.5,297.8,29.9,33.05,20.59,17.27,12.73,106.94,1776.8999999999999,79.98,0.0,Diversified Prescribers
1000003754,NY,Internal Medicine,3784.8000000000006,3324.0,2391556.4,19,6,0.0098,0.0,494.70000000000005,957.1,1091.4,69.80000000000001,1043.0,0.0,128.8,25.29,27.56,28.84,-81.7,-49.83,3586.2000000000003,94.75,0.0,Diversified Prescribers
1000003757,VA,Internal Medicine,12639.8,11025.0,6386745.07,16,7,0.0328,1334.3,2145.9,1285.3,2724.6,24.9,4456.0,0.0,668.8,10.17,35.25,21.56,188.1,175.09,10611.800000000001,83.96,0.0,Diversified Prescribers
1000003758,OH,Internal Medicine,712.3999999999999,604.0,254972.46999999997,13,7,0.0019,122.2,72.7,77.4,125.8,1.2,111.4,201.7,0.0,10.86,15.64,17.66,38.85,-7.67,387.3,54.37,3.0,Low-Volume / Low-Growth Prescribers
1000003765,CA,Internal Medicine,2862.2,2484.0,1641076.1599999997,16,5,0.0074,0.0,271.4,817.2,870.3,0.0,414.0,489.3,0.0,28.55,14.46,30.41,288.53,33.09,2372.8999999999996,82.9,0.0,Diversified Prescribers
1000003767,NY,Internal Medicine,18874.099999999995,16610.0,9010871.260000002,18,7,0.049,5198.599999999999,1789.5,3775.1000000000004,3631.8,205.40000000000003,3628.7,645.0,0.0,20.0,19.23,19.24,-17.12,6.39,12825.099999999999,67.95,0.0,Diversified Prescribers
1000003782,MA,Endocrinology,2250.3,1955.0,1042056.65,18,8,0.0058,475.7,99.6,401.1,437.9,2.5,590.5999999999999,217.79999999999998,25.1,17.82,26.25,19.46,43.55,54.31,1529.1999999999998,67.96,0.0,Diversified Prescribers
1000003800,AZ,Internal Medicine,4158.400000000001,3633.0,3027860.92,14,7,0.0108,0.0,220.60000000000002,1700.3,923.9,35.0,935.7,193.5,149.4,40.89,22.5,22.22,27.92,397.38,3780.5,90.91,0.0,Diversified Prescribers
1000003833,NY,Internal Medicine,5887.1,5032.0,1885984.5199999998,18,8,0.0153,1881.0,761.7,533.5,842.0,11.8,870.4000000000001,857.8000000000001,128.9,9.06,14.78,14.3,136.7,50.06,3007.6000000000004,51.09,0.0,Diversified Prescribers
1000003865,MI,Internal Medicine,14891.099999999999,12973.0,7985872.569999998,15,6,0.0387,0.0,1378.0,3913.2,6186.9,36.6,539.6,2836.7999999999997,0.0,26.28,3.62,41.55,-40.37,44.0,12017.7,80.7,0.0,Diversified Prescribers
1000003874,OH,Endocrinology,68022.0,59348.0,39050507.65,19,7,0.1767,12436.6,3286.5,23765.299999999996,15307.8,380.0,12513.699999999999,0.0,332.1,34.94,18.4,22.5,124.02,12.44,54873.29999999999,80.67,1.0,High-Volume Core Prescribers
1000003882,NC,Physician Assistant,5236.0,4570.0,2752798.7700000005,20,8,0.0136,578.9,501.8,933.6,1551.1999999999998,22.4,1200.8000000000002,357.3,90.0,17.83,22.93,29.63,257.96,376.95,4187.4,79.97,0.0,Diversified Prescribers
1000003887,FL,Family Practice,630.8,541.0,362525.32999999996,16,7,0.0016,0.0,58.1,164.2,247.39999999999998,2.2,103.8,43.1,12.0,26.03,16.46,39.22,9.93,-49.97,573.5,90.92,3.0,Low-Volume / Low-Growth Prescribers
1000003888,OH,Family Practice,33220.700000000004,28413.0,11779938.77,15,7,0.0863,4791.4,3389.3,2366.0,11698.0,0.0,2975.4,6626.900000000001,1373.7,7.12,8.96,35.21,-30.42,68.9,20428.7,61.49,1.0,High-Volume Core Prescribers
1000003889,CA,Internal Medicine,17093.1,14649.0,6126486.15,15,7,0.0444,5868.1,403.90000000000003,2596.8999999999996,2025.8999999999999,26.4,3588.4,2583.5,0.0,15.19,20.99,11.85,-43.91,-16.15,8615.099999999999,50.4,0.0,Diversified Prescribers
1000003893,GA,Internal Medicine,36779.9,31813.0,15143764.290000001,18,8,0.0955,8571.8,875.8,6718.699999999999,12822.900000000001,52.4,2984.9,2792.5,1960.8999999999999,18.27,8.12,34.86,-15.37,63.75,23402.3,63.63,1.0,High-Volume Core Prescribers
1000003900,PA,Internal Medicine,16782.5,14651.0,8257499.440000001,15,7,0.0436,3927.8,1381.3,3124.8,3546.8,57.2,4352.900000000001,0.0,391.70000000000005,18.62,25.94,21.13,-24.07,-22.57,12405.8,73.92,0.0,Diversified Prescribers
1000003914,CA,Physician Assistant,17590.299999999996,15330.0,8491838.89,18,8,0.0457,2159.5,1932.3,3733.2999999999997,3306.5,55.0,3055.9,2978.0,369.8,21.22,17.37,18.8,612.12,9.41,12028.0,68.38,0.0,Diversified Prescribers
1000003949,AZ,Internal Medicine,746.8,644.0,468520.49,10,4,0.0019,0.0,92.19999999999999,259.9,323.8,0.0,0.0,0.0,70.9,34.8,0.0,43.36,29.98,107.21,675.9,90.51,3.0,Low-Volume / Low-Growth Prescribers
1000003978,NC,Endocrinology,1640.8000000000004,1451.0,997893.6,18,8,0.0043,85.1,118.19999999999999,571.5,330.3,2.5,309.3,198.89999999999998,25.0,34.83,18.85,20.13,-79.23,-46.41,1329.3,81.02,0.0,Diversified Prescribers
1000003981,TX,Family Practice,3864.5,3411.0,1190208.1800000002,15,8,0.01,601.4,182.4,181.5,1059.1999999999998,17.4,550.6,1183.5,88.5,4.7,14.25,27.41,65.76,-18.19,1973.6999999999998,51.07,3.0,Low-Volume / Low-Growth Prescribers
1000003985,MI,Physician Assistant,16270.099999999999,14211.0,7009748.160000001,17,8,0.0423,4242.5,798.3,2796.2,1845.1000000000001,236.7,4387.7,1285.6,678.0,17.19,26.97,11.34,-36.37,140.12,9827.3,60.4,0.0,Diversified Prescribers
1000003987,IL,Internal Medicine,528.5,468.0,307101.25000000006,11,6,0.0014,0.0,31.8,154.6,221.19999999999996,0.0,34.7,45.9,40.3,29.25,6.57,41.85,265.99,40.53,442.29999999999995,83.69,3.0,Low-Volume / Low-Growth Prescribers
1000003995,VA,Internal Medicine,11909.7,10591.0,6234470.909999999,15,7,0.0309,1545.2,1423.7,3533.5,2746.1000000000004,34.2,1243.7,1383.3,0.0,29.67,10.44,23.06,-45.21,-57.34,8947.0,75.12,0.0,Diversified Prescribers
1000004001,FL,Family Practice,1216.4,1054.0,602810.9299999999,14,7,0.0032,105.9,164.0,308.8,270.4,0.0,147.89999999999998,209.89999999999998,9.5,25.39,12.16,22.23,-61.19,-17.42,891.1,73.26,3.0,Low-Volume / Low-Growth Prescribers
1000004002,FL,Family Practice,14037.0,12103.0,4896926.6000000015,16,7,0.0365,1985.3,1726.2,2074.7000000000003,3378.8,81.2,470.19999999999993,4320.6,0.0,14.78,3.35,24.07,77.38,9.22,7649.900000000001,54.5,0.0,Diversified Prescribers
1000004009,FL,Endocrinology,2554.7000000000003,2248.0,1397954.7900000003,19,8,0.0066,347.6,134.4,642.5,399.90000000000003,1.2,800.7,184.3,44.1,25.15,31.34,15.65,122.58,58.66,1977.5000000000002,77.41,0.0,Diversified Prescribers
1000004015,TX,Internal Medicine,5115.4,4440.0,1999237.7600000002,16,6,0.0133,1796.9,299.7,753.5999999999999,1144.8000000000002,0.0,937.0999999999999,183.3,0.0,14.73,18.32,22.38,-53.3,-10.61,3135.2,61.29,0.0,Diversified Prescribers
1000004018,PA,Internal Medicine,4191.9,3652.0,1929520.48,18,8,0.0109,406.7,473.3,458.4,933.4000000000001,12.9,1293.8,453.6,159.8,10.94,30.86,22.27,636.16,439.55,3158.9,75.36,0.0,Diversified Prescribers
1000004025,CA,Family Practice,1037.4,892.0,506289.27,15,7,0.0027,265.1,54.3,226.7,332.5,2.2,125.1,31.5,0.0,21.85,12.06,32.05,133.61,52.14,738.5999999999999,71.2,3.0,Low-Volume / Low-Growth Prescribers
1000004026,PA,Internal Medicine,724.0999999999998,637.0,297721.62999999995,12,6,0.0019,99.3,21.1,76.19999999999999,355.59999999999997,0.0,93.8,78.1,0.0,10.52,12.95,49.11,-69.44,-66.07,546.6999999999999,75.5,3.0,Low-Volume / Low-Growth Prescribers
1000004032,IL,Endocrinology,9603.4,8294.0,4344505.960000001,20,8,0.0249,1598.7,642.5,964.3,2520.1000000000004,25.5,3138.7999999999997,456.9,256.59999999999997,10.04,32.68,26.24,24.78,-27.81,7265.7,75.66,0.0,Diversified Prescribers
1000004053,NY,Internal Medicine,3807.5000000000005,3293.0,979202.28,15,8,0.0099,829.1,281.70000000000005,160.5,1205.6,22.4,142.29999999999998,935.2,230.7,4.22,3.74,31.66,-54.22,-15.26,1790.1,47.02,3.0,Low-Volume / Low-Growth Prescribers
1000004054,NY,Family Practice,1049.0,920.0,605503.15,13,6,0.0027,111.7,43.3,284.1,317.3,0.0,218.79999999999998,73.80000000000001,0.0,27.08,20.86,30.25,-25.33,41.47,863.5,82.32,3.0,Low-Volume / Low-Growth Prescribers
1000004070,NY,Internal Medicine,3350.2,2909.0,1961067.21,13,6,0.0087,0.0,14.5,1018.5999999999999,942.8,23.1,637.7,713.5,0.0,30.4,19.03,28.14,130.09,235.73,2613.6,78.01,3.0,Low-Volume / Low-Growth Prescribers
1000004071,NY,Family Practice,16755.5,14723.0,10480917.55,18,8,0.0435,1379.6,1421.7,5254.5,4703.900000000001,61.199999999999996,2763.9,980.2,190.5,31.36,16.5,28.07,60.9,498.57,14144.0,84.41,0.0,Diversified Prescribers
1000004073,FL,Family Practice,4235.3,3719.0,2276448.37,14,6,0.011,0.0,341.0,743.3,1091.1,18.1,1517.8999999999999,523.9000000000001,0.0,17.55,35.84,25.76,-24.64,-34.37,3693.2999999999997,87.2,3.0,Low-Volume / Low-Growth Prescribers
1000004084,PA,Internal Medicine,766.6000000000001,674.0,365864.28,14,6,0.002,0.0,70.5,171.3,231.79999999999998,0.0,90.10000000000001,172.60000000000002,30.299999999999997,22.35,11.75,30.24,67.9,46.59,563.7,73.53,3.0,Low-Volume / Low-Growth Prescribers
1000004094,MI,Internal Medicine,13737.899999999998,11966.0,7088183.299999999,18,7,0.0357,1859.2,1298.1999999999998,4602.7,3126.0,186.79999999999998,474.4,2190.6,0.0,33.5,3.45,22.75,118.97,408.18,9501.3,69.16,0.0,Diversified Prescribers
1000004100,NY,Family Practice,970.3000000000001,839.0,466719.49,11,6,0.0025,138.6,52.099999999999994,236.5,227.7,0.0,103.19999999999999,212.2,0.0,24.37,10.64,23.47,136.2,7.62,619.5,63.85,3.0,Low-Volume / Low-Growth Prescribers
1000004102,MA,Internal Medicine,818.5999999999999,714.0,270648.04,13,8,0.0021,288.5,115.0,129.9,77.1,2.2,58.9,120.2,26.8,15.87,7.2,9.42,-46.31,-55.55,380.9,46.53,3.0,Low-Volume / Low-Growth Prescribers
1000004110,NY,Family Practice,1136.8000000000002,993.0,422375.27,16,7,0.003,308.4,108.8,74.9,242.60000000000002,0.0,272.70000000000005,119.80000000000001,9.6,6.59,23.99,21.34,1812.38,266.86,699.0,61.49,3.0,Low-Volume / Low-Growth Prescribers
1000004114,TX,Family Practice,4480.299999999999,3884.0,2349894.8600000003,16,7,0.0116,563.7,285.9,988.5,905.8,0.0,1109.6,552.6,74.2,22.06,24.77,20.22,454.18,154.41,3289.8,73.43,0.0,Diversified Prescribers
1000004116,VA,Nurse Practitioner,969.4999999999998,849.0,433739.71,16,7,0.0025,173.3,41.400000000000006,180.6,163.7,2.4,241.20000000000002,166.9,0.0,18.63,24.88,16.88,-41.41,150.29,626.9000000000001,64.66,3.0,Low-Volume / Low-Growth Prescribers
1000004118,CA,Endocrinology,78978.8,68676.0,45469977.029999994,21,8,0.2052,7543.4,3244.6,21537.1,17377.3,162.5,19653.9,7007.1,2452.8999999999996,27.27,24.89,22.0,-48.79,61.69,61812.899999999994,78.27,1.0,High-Volume Core Prescribers
1000004122,PA,Family Practice,807.0000000000001,684.0,451855.81,16,7,0.0021,77.5,51.599999999999994,242.7,295.59999999999997,0.0,53.8,71.0,14.8,30.07,6.67,36.63,-67.96,-31.38,643.7,79.76,3.0,Low-Volume / Low-Growth Prescribers
1000004126,FL,Family Practice,1081.5,928.0,588620.37,15,6,0.0028,0.0,74.7,194.0,370.99999999999994,0.0,296.2,119.1,26.5,17.94,27.39,34.3,-4.98,40.66,935.8999999999999,86.54,3.0,Low-Volume / Low-Growth Prescribers
1000004128,FL,Internal Medicine,2898.0,2536.0,1729415.42,16,7,0.0075,0.0,407.70000000000005,780.4,950.3,26.4,527.5,157.7,48.0,26.93,18.2,32.79,-79.22,-74.96,2665.9,91.99,0.0,Diversified Prescribers
1000004132,CA,Family Practice,3530.6000000000004,3128.0,1465628.23,17,8,0.0092,844.7,106.9,699.3,785.9,22.3,527.5,453.8,90.2,19.81,14.94,22.26,155.92,-18.71,2119.6,60.04,0.0,Diversified Prescribers
1000004148,GA,Family Practice,4780.699999999999,4176.0,2366353.3000000003,17,7,0.0124,973.2,215.5,1100.8,1532.5,0.0,537.3,372.9,48.5,23.03,11.24,32.06,-5.71,82.57,3386.1,70.83,0.0,Diversified Prescribers
1000004165,IL,Internal Medicine,700.8,617.0,291770.49,14,6,0.0018,116.4,54.0,58.1,221.60000000000002,0.0,153.2,97.5,0.0,8.29,21.86,31.62,691.58,995.15,486.9,69.48,3.0,Low-Volume / Low-Growth Prescribers
1000004167,TX,Endocrinology,2412.4,2081.0,1391914.02,18,8,0.0063,227.3,179.49999999999997,600.0,370.50000000000006,2.2,829.3999999999999,170.0,33.5,24.87,34.38,15.36,2.01,-9.51,1979.3999999999999,82.05,0.0,Diversified Prescribers
1000004172,PA,Internal Medicine,776.7,674.0,441004.66000000003,13,6,0.002,76.5,21.8,231.7,108.89999999999999,0.0,203.0,134.8,0.0,29.83,26.14,14.02,177.25,361.49,565.4,72.8,3.0,Low-Volume / Low-Growth Prescribers
1000004181,AZ,Family Practice,803.0999999999999,711.0,405682.92000000004,12,6,0.0021,174.3,14.5,241.20000000000002,148.0,0.0,113.0,112.1,0.0,30.03,14.07,18.43,-88.64,-83.09,516.7,64.34,3.0,Low-Volume / Low-Growth Prescribers
1000004186,FL,Endocrinology,1860.1000000000001,1587.0,1011040.2400000001,18,7,0.0048,115.2,123.4,534.5,392.9,0.0,411.9000000000001,236.29999999999998,45.9,28.74,22.14,21.12,-76.29,-71.39,1462.7000000000003,78.64,0.0,Diversified Prescribers
1000004189,TX,Family Practice,35106.0,31222.0,15344176.109999996,19,8,0.0912,4341.2,3634.0,2509.2,9926.9,158.5,10225.3,3218.8999999999996,1092.0,7.15,29.13,28.28,-59.46,7.08,26295.4,74.9,1.0,High-Volume Core Prescribers
1000004198,PA,Internal Medicine,944.3,810.0,355823.16000000003,16,6,0.0025,253.4,48.5,153.7,201.9,0.0,106.80000000000001,180.00000000000003,0.0,16.28,11.31,21.38,328.69,-0.38,510.9,54.1,3.0,Low-Volume / Low-Growth Prescribers
1000004199,OH,Family Practice,371.59999999999997,324.0,204452.49,6,4,0.001,84.1,0.0,96.3,87.20000000000002,0.0,104.0,0.0,0.0,25.91,27.99,23.47,,84.75,287.5,77.37,,
1000004217,GA,Internal Medicine,3981.7999999999993,3452.0,1945345.4899999998,11,6,0.0103,577.3,478.79999999999995,364.5,472.80000000000007,0.0,1655.7999999999997,432.6,0.0,9.15,41.58,11.87,3.05,13.4,2971.8999999999996,74.64,3.0,Low-Volume / Low-Growth Prescribers
1000004228,FL,Internal Medicine,480.40000000000003,407.0,201266.63999999998,12,7,0.0012,0.0,26.0,73.3,82.5,2.5,120.69999999999999,154.40000000000003,21.0,15.26,25.12,17.17,25.21,4.82,302.5,62.97,3.0,Low-Volume / Low-Growth Prescribers
1000004238,CA,Family Practice,35157.899999999994,30717.0,16608344.929999996,17,8,0.0913,8549.599999999999,5296.1,7629.8,2455.2,171.2,7197.0,2433.1000000000004,1425.9,21.7,20.47,6.98,-81.26,-57.2,22578.100000000002,64.22,1.0,High-Volume Core Prescribers
1000004239,OH,Internal Medicine,31628.7,27495.0,12417626.030000001,15,7,0.0822,7244.799999999999,1921.3000000000002,2232.7,7855.5,143.8,8032.0,4198.6,0.0,7.06,25.39,24.84,179.52,257.27,20041.5,63.36,1.0,High-Volume Core Prescribers
1000004245,PA,Physician Assistant,3834.9999999999995,3376.0,2169529.9099999997,15,6,0.01,0.0,32.2,1267.6000000000001,704.4,12.4,1064.6999999999998,753.6999999999999,0.0,33.05,27.76,18.37,-23.52,-69.51,3068.9,80.02,0.0,Diversified Prescribers
1000004268,NY,Family Practice,32928.5,28622.0,13859996.489999995,17,8,0.0855,3855.7,3914.6,2097.3,12673.399999999998,213.9,6377.0,2726.5,1070.1,6.37,19.37,38.49,-45.08,-57.78,25062.299999999996,76.11,1.0,High-Volume Core Prescribers
1000004273,NY,Internal Medicine,4619.4,3974.0,2483811.3400000003,18,8,0.012,1091.6,295.6,1599.3999999999999,930.6,21.2,309.0,242.9,129.1,34.62,6.69,20.15,-5.06,123.66,3134.6,67.86,0.0,Diversified Prescribers
1000004281,TN,Family Practice,702.8,620.0,332503.83,15,8,0.0018,92.1,76.89999999999999,128.5,187.7,5.6000000000000005,107.2,78.8,26.0,18.28,15.25,26.71,-17.97,144.43,500.29999999999995,71.19,3.0,Low-Volume / Low-Growth Prescribers
1000004296,CA,Endocrinology,129428.5,111831.0,77776998.46000001,22,8,0.3362,14165.3,5885.0,42739.2,17347.3,554.5999999999999,37160.49999999999,11076.3,500.3,33.02,28.71,13.4,-28.69,33.01,103131.99999999999,79.68,1.0,High-Volume Core Prescribers
1000004306,NY,Internal Medicine,6826.600000000001,5869.0,3653096.8600000003,18,8,0.0177,1072.5,371.6,2048.1,1969.6000000000001,18.7,573.1999999999999,707.1,65.8,30.0,8.4,28.85,12.21,167.68,4962.5,72.69,0.0,Diversified Prescribers
1000004312,TN,Endocrinology,1986.3000000000002,1749.0,1052917.67,18,6,0.0052,395.29999999999995,131.6,449.4,325.1,0.0,597.0,87.9,0.0,22.62,30.06,16.37,1114.23,45.78,1503.1,75.67,0.0,Diversified Prescribers
1000004318,OH,Internal Medicine,18356.899999999998,16013.0,6638096.09,18,8,0.0477,5062.8,2486.7,2669.7,2399.1,122.8,2099.3,3252.7,263.8,14.54,11.44,13.07,20.65,56.78,9654.8,52.59,0.0,Diversified Prescribers
1000004320,CA,Family Practice,4155.5,3621.0,1841384.9300000006,18,7,0.0108,565.9,264.8,865.7999999999998,1368.0,0.0,313.70000000000005,654.1,123.19999999999999,20.84,7.55,32.92,1083.23,140.0,2812.3,67.68,0.0,Diversified Prescribers
1000004326,NC,Endocrinology,11311.8,9852.0,6100874.130000001,21,8,0.0294,1591.0,575.8000000000001,2446.7,1586.1,7.2,3991.8999999999996,944.5,168.60000000000002,21.63,35.29,14.02,-38.98,-28.41,8600.5,76.03,0.0,Diversified Prescribers
1000004328,NY,Endocrinology,2383.0,2006.0,1462336.21,19,7,0.0062,245.60000000000002,164.59999999999997,780.6,383.0,0.0,632.0,165.3,11.9,32.76,26.52,16.07,127.56,278.55,1960.1999999999998,82.26,0.0,Diversified Prescribers
1000004330,FL,Internal Medicine,831.1,737.0,285485.06,11,5,0.0022,281.1,0.0,115.30000000000001,134.89999999999998,0.0,152.7,147.1,0.0,13.87,18.37,16.23,-70.32,-39.0,402.9,48.48,3.0,Low-Volume / Low-Growth Prescribers
1000004345,MI,Internal Medicine,3576.0000000000005,3077.0,1567301.0400000003,16,7,0.0093,618.5,717.6999999999999,348.7,1388.8,0.0,339.1,117.0,46.2,9.75,9.48,38.84,-94.7,-68.05,2794.3,78.14,0.0,Diversified Prescribers
1000004350,IN,Family Practice,17881.800000000003,15661.0,8823253.920000002,19,7,0.0465,0.0,1673.1000000000001,2412.6,3820.7,91.0,5800.8,3855.2,228.4,13.49,32.44,21.37,57.63,428.77,13707.2,76.65,0.0,Diversified Prescribers
1000004375,CA,Internal Medicine,3992.2000000000003,3451.0,1739229.5799999998,18,8,0.0104,1098.9,312.79999999999995,711.8,725.0999999999999,13.2,783.4000000000001,211.6,135.4,17.83,19.62,18.16,-84.68,-42.87,2533.1,63.45,0.0,Diversified Prescribers
1000004383,FL,Family Practice,3904.3,3473.0,2149656.06,18,8,0.0101,537.9,275.7,820.4,826.2,19.9,1188.8,141.2,94.2,21.01,30.45,21.16,329.54,263.2,3111.0999999999995,79.68,0.0,Diversified Prescribers
1000004385,GA,Internal Medicine,717.1999999999998,616.0,288044.43999999994,14,6,0.0019,169.1,104.9,86.0,200.20000000000002,0.0,73.0,84.0,0.0,11.99,10.18,27.91,72.58,130.49,464.1,64.71,3.0,Low-Volume / Low-Growth Prescribers
1000004390,FL,Internal Medicine,954.8,831.0,413097.68999999994,16,7,0.0025,215.6,71.69999999999999,226.89999999999998,138.6,0.0,85.60000000000001,186.0,30.4,23.76,8.97,14.52,167.96,497.33,522.8,54.75,3.0,Low-Volume / Low-Growth Prescribers
1000004392,VA,Family Practice,1119.3000000000002,976.0,573679.9299999999,16,7,0.0029,232.8,57.5,262.3,237.20000000000002,1.1,228.3,100.1,0.0,23.43,20.4,21.19,246.4,1640.95,785.3000000000001,70.16,3.0,Low-Volume / Low-Growth Prescribers
1000004400,NY,Endocrinology,93147.8,80980.0,48353127.19,22,8,0.242,18525.800000000003,3792.3,22149.1,19509.899999999998,272.0,22690.299999999996,4989.6,1218.8,23.78,24.36,20.95,190.91,61.14,68141.59999999999,73.15,1.0,High-Volume Core Prescribers
1000000191,FL,Nurse Practitioner,833.5,711.0,387535.54999999993,16,7,0.0022,100.9,91.1,149.70000000000002,358.7,0.0,66.0,55.0,12.1,17.96,7.92,43.04,,,665.5,79.84,,
1000000532,IL,Nephrology,785.5999999999999,687.0,314050.3699999999,14,7,0.002,148.60000000000002,69.0,62.599999999999994,242.70000000000002,0.0,180.3,47.9,34.5,7.97,22.95,30.89,,,554.6,70.6,,
1000000548,FL,Internal Medicine,3707.8,3211.0,1639365.0800000003,13,6,0.0096,0.0,356.2,415.20000000000005,1068.7,0.0,915.4000000000001,884.3,68.0,11.2,24.69,28.82,,,2755.5,74.32,,
1000002798,NY,Cardiology,618.6999999999998,529.0,334713.58,13,7,0.0016,0.0,17.2,222.89999999999998,183.5,1.2,21.4,140.5,32.0,36.03,3.46,29.66,,,445.0,71.93,,
1000003644,VA,Family Practice,526.0000000000001,457.0,265765.17,12,5,0.0014,0.0,27.4,119.6,143.5,0.0,112.9,122.6,0.0,22.74,21.46,27.28,,,403.4,76.69,,
1000004156,IL,Internal Medicine,568.7,502.0,284268.48,13,7,0.0015,83.5,65.1,152.0,103.5,0.0,82.19999999999999,70.1,12.3,26.73,14.45,18.2,,,402.79999999999995,70.83,,
1000004299,PA,Family Practice,507.79999999999995,450.0,187515.58,12,7,0.0013,105.8,14.9,96.6,147.0,0.0,32.6,60.1,50.8,19.02,6.42,28.95,,,291.1,57.33,,
1000004415,PA,Internal Medicine,4045.7000000000003,3575.0,2303856.0300000003,19,8,0.0105,562.3,356.4,1511.9,910.5,14.9,179.8,414.8,95.1,37.37,4.44,22.51,12.97,200.37,2958.6,73.13,0.0,Diversified Prescribers
1000004419,OH,Endocrinology,26606.899999999994,22994.0,14600570.4,20,7,0.0691,0.0,2387.9,4255.200000000001,6286.4,335.8,9741.900000000001,3391.1,208.6,15.99,36.61,23.63,-65.37,-22.74,22671.4,85.21,1.0,High-Volume Core Prescribers
1000004426,OH,Internal Medicine,530.9,450.0,319296.29,13,7,0.0014,0.0,53.9,164.4,169.1,1.2,79.2,30.5,32.6,30.97,14.92,31.85,-25.64,6.87,466.6,87.89,3.0,Low-Volume / Low-Growth Prescribers
1000004432,TX,Internal Medicine,1214.4,1048.0,624917.7,15,7,0.0032,220.60000000000002,97.8,284.4,55.3,0.0,388.29999999999995,149.0,19.0,23.42,31.97,4.55,-44.63,9.89,825.7999999999998,68.0,3.0,Low-Volume / Low-Growth Prescribers
1000004433,NC,Physician Assistant,5217.300000000001,4487.0,1387944.51,16,8,0.0136,1740.5,545.2,215.7,626.8000000000001,10.6,883.4,1106.7,88.4,4.13,16.93,12.01,-31.38,-85.29,2271.1,43.53,3.0,Low-Volume / Low-Growth Prescribers
1000004443,IN,Internal Medicine,13655.399999999998,12248.0,6800458.92,14,8,0.0355,3214.8,814.7,4434.2,1396.5,48.0,1874.9,1388.8000000000002,483.5,32.47,13.73,10.23,343.57,258.57,8520.3,62.4,0.0,Diversified Prescribers
1000004447,IN,Family Practice,3553.6000000000004,3068.0,1310296.63,16,6,0.0092,0.0,404.4,217.89999999999998,838.0999999999999,0.0,793.8,1087.7,211.7,6.13,22.34,23.58,-60.02,-23.68,2254.2,63.43,3.0,Low-Volume / Low-Growth Prescribers
1000004469,CA,Nurse Practitioner,2400.6000000000004,2063.0,975653.8300000001,12,5,0.0062,0.0,291.2,65.0,1316.0,0.0,223.9,504.5,0.0,2.71,9.33,54.82,-63.96,-25.08,1896.1,78.98,3.0,Low-Volume / Low-Growth Prescribers
1000004481,NC,Internal Medicine,611.7,545.0,279626.38,14,8,0.0016,131.0,43.3,98.0,180.5,2.5,116.30000000000001,24.7,15.4,16.02,19.01,29.51,203.63,74.45,438.1,71.62,3.0,Low-Volume / Low-Growth Prescribers
1000004484,CA,Internal Medicine,13015.400000000001,11471.0,6008449.13,19,8,0.0338,1666.9,1917.8000000000002,1990.6,4499.7,188.5,1755.5,665.7,330.7,15.29,13.49,34.57,-44.41,-66.04,10163.599999999999,78.09,0.0,Diversified Prescribers
1000004487,IN,Internal Medicine,3677.8,3250.0,1737067.3800000001,16,7,0.0096,383.5,334.1,550.8000000000001,1091.7,0.0,852.3,400.1,65.3,14.98,23.17,29.68,-71.15,-57.69,2828.8999999999996,76.92,0.0,Diversified Prescribers
1000004498,CA,Internal Medicine,714.1,616.0,245540.51,10,7,0.0019,191.8,64.3,22.8,117.2,0.0,204.39999999999998,104.0,9.6,3.19,28.62,16.41,,,408.7,57.23,,
1000000013,OH,Internal Medicine,874.5000000000001,769.0,378598.83,15,6,0.0023,82.9,49.5,145.5,394.70000000000005,0.0,32.0,169.9,0.0,16.64,3.66,45.13,147.53,-38.64,621.7,71.09,3.0,Low-Volume / Low-Growth Prescribers
1000000015,NY,Internal Medicine,889.1,776.0,355417.61,16,8,0.0023,118.3,42.7,102.6,360.40000000000003,1.2,91.69999999999999,144.7,27.5,11.54,10.31,40.54,328.89,149.02,597.4000000000001,67.19,3.0,Low-Volume / Low-Growth Prescribers
1000000028,OH,Family Practice,33115.00000000001,28505.0,17868581.879999995,18,7,0.086,5628.6,4067.8,6896.099999999999,5811.5,333.4,8832.8,1544.8,0.0,20.82,26.67,17.55,50.59,31.07,25608.199999999997,77.33,1.0,High-Volume Core Prescribers
1000000029,TX,Endocrinology,10064.699999999999,8967.0,5267658.509999999,20,8,0.0261,1696.9,453.0,3465.9999999999995,2182.8,42.2,984.2,1109.1,130.5,34.44,9.78,21.69,-63.95,-69.69,7086.0,70.4,0.0,Diversified Prescribers
1000000030,FL,Family Practice,820.8,726.0,340145.77999999997,15,7,0.0021,183.7,62.599999999999994,134.8,173.0,0.0,139.0,112.8,14.9,16.42,16.93,21.08,138.0,-24.44,509.4,62.06,3.0,Low-Volume / Low-Growth Prescribers
1000000045,AZ,Family Practice,927.4000000000001,832.0,472948.0800000001,13,7,0.0024,124.2,98.9,239.9,88.2,0.0,168.1,176.0,32.1,25.87,18.13,9.51,146.25,1227.56,595.1,64.17,3.0,Low-Volume / Low-Growth Prescribers
1000000047,NC,Internal Medicine,3244.8,2856.0,1640757.1900000004,15,6,0.0084,0.0,289.8,548.8,1409.0,41.6,486.09999999999997,469.5,0.0,16.91,14.98,43.42,-40.72,62.56,2733.7,84.25,0.0,Diversified Prescribers
1000000050,IN,Physician Assistant,12426.499999999998,10856.0,6575566.87,15,7,0.0323,1315.1,2272.8,2056.1,1803.4,117.0,4115.9,746.2,0.0,16.55,33.12,14.51,-69.03,-90.73,10248.199999999999,82.47,0.0,Diversified Prescribers
1000000051,CA,Family Practice,3665.4999999999995,3146.0,1598890.69,16,8,0.0095,661.7,597.3,546.8,992.1,15.9,525.8,258.7,67.2,14.92,14.34,27.07,-6.7,20.71,2662.0,72.62,0.0,Diversified Prescribers
1000000062,MA,Family Practice,12025.0,10340.0,5449507.899999999,16,8,0.0312,1565.6,251.7,1482.9,6158.1,177.8,1321.1,857.2,210.6,12.33,10.99,51.21,-74.27,-44.16,9213.8,76.62,0.0,Diversified Prescribers
1000000063,CA,Internal Medicine,603.6,532.0,234112.64999999997,15,7,0.0016,109.2,26.6,71.69999999999999,140.3,0.0,136.0,93.7,26.1,11.88,22.53,23.24,-44.3,205.21,374.6,62.06,3.0,Low-Volume / Low-Growth Prescribers
1000000085,VA,Internal Medicine,784.9,691.0,470311.5,13,6,0.002,0.0,47.1,250.0,189.0,0.0,176.5,110.4,11.9,31.85,22.49,24.08,-70.41,-62.39,662.6,84.42,3.0,Low-Volume / Low-Growth Prescribers
1000000091,TX,Family Practice,761.2,650.0,469955.69,12,7,0.002,94.8,0.0,221.00000000000003,169.4,2.5,209.3,49.2,15.0,29.03,27.5,22.25,162.84,318.27,599.7,78.78,3.0,Low-Volume / Low-Growth Prescribers
1000000095,NC,Internal Medicine,17689.4,15700.0,9764215.67,19,7,0.046,2243.5,1453.9,4829.200000000001,4878.2,125.19999999999999,2007.1,2152.3,0.0,27.3,11.35,27.58,-49.89,60.12,13168.400000000001,74.44,0.0,Diversified Prescribers
1000000101,AZ,Family Practice,15530.500000000002,13425.0,6952843.51,17,8,0.0403,3138.6,1536.1,2810.9,2549.3,40.0,3252.8,1916.4,286.4,18.1,20.94,16.41,-89.69,-11.45,10149.100000000002,65.35,0.0,Diversified Prescribers
1000000108,VA,Internal Medicine,477.6,411.0,269669.75000000006,12,6,0.0012,0.0,44.9,95.9,87.4,2.5,193.10000000000002,53.8,0.0,20.08,40.43,18.3,-87.73,-33.85,421.29999999999995,88.21,3.0,Low-Volume / Low-Growth Prescribers
1000000116,AZ,Family Practice,4997.0,4338.0,2476377.49,17,8,0.013,997.6,236.0,1159.0,804.0999999999999,11.4,1148.0,531.2,109.69999999999999,23.19,22.97,16.09,93.82,56.22,3347.1,66.98,0.0,Diversified Prescribers
1000000126,FL,Family Practice,2788.4000000000005,2397.0,1517647.26,16,7,0.0072,0.0,83.5,798.9,904.6,15.5,422.5,500.4,63.0,28.65,15.15,32.44,-37.95,-41.96,2209.5,79.24,0.0,Diversified Prescribers
1000000131,FL,Internal Medicine,4646.000000000001,4081.0,2366247.47,17,8,0.0121,679.9,365.9,861.6999999999999,721.0,10.8,1546.5,416.8,43.4,18.55,33.29,15.52,-73.69,62.07,3495.1,75.23,0.0,Diversified Prescribers
1000000135,VA,Internal Medicine,4730.099999999999,4096.0,2611915.0399999996,18,7,0.0123,497.1,545.5,1207.5,931.5,0.0,1019.2,357.9,171.4,25.53,21.55,19.69,6.72,19.35,3703.7,78.3,0.0,Diversified Prescribers
1000000141,FL,Internal Medicine,896.2,775.0,463258.99000000005,17,7,0.0023,74.8,89.0,159.4,239.5,0.0,226.79999999999998,90.6,16.1,17.79,25.31,26.72,-74.87,-47.97,714.7,79.75,3.0,Low-Volume / Low-Growth Prescribers
1000000145,MI,Endocrinology,8063.5,7040.0,3866970.2799999993,19,8,0.0209,1571.0,393.1,1654.6,1572.6,22.1,1980.9,610.8,258.4,20.52,24.57,19.5,-36.66,10.29,5601.2,69.46,0.0,Diversified Prescribers
1000000159,GA,Family Practice,4317.0,3733.0,2081910.41,15,8,0.0112,767.7,68.6,1106.1000000000001,768.7,17.4,868.5,527.8,192.2,25.62,20.12,17.81,790.53,-24.35,2811.9,65.14,3.0,Low-Volume / Low-Growth Prescribers
1000000174,NY,Family Practice,549.6999999999999,491.0,271496.28,11,6,0.0014,0.0,81.9,49.7,74.5,0.0,228.6,76.3,38.7,9.04,41.59,13.55,-59.44,138.65,434.70000000000005,79.08,3.0,Low-Volume / Low-Growth Prescribers
1000000200,TX,Family Practice,17331.399999999998,15028.0,8450567.57,18,8,0.045,2442.7,1256.0,3720.8,1479.0,40.9,5127.900000000001,2577.9,686.2,21.47,29.59,8.53,-65.61,69.82,11583.7,66.84,0.0,Diversified Prescribers
1000000202,NC,Endocrinology,10972.300000000001,9521.0,6157464.52,22,8,0.0285,445.4,656.6,2215.9,1576.3000000000002,49.9,4645.9,1209.5,172.8,20.2,42.34,14.37,145.89,37.12,9094.7,82.89,0.0,Diversified Prescribers
1000000224,TX,Internal Medicine,10217.599999999999,8913.0,5151189.53,15,8,0.0265,1779.0,1740.5,2926.0,1882.6,121.19999999999999,562.8,631.0,574.5,28.64,5.51,18.43,-1.5,-34.16,7111.9,69.6,0.0,Diversified Prescribers
1000000225,CA,Internal Medicine,13598.9,11967.0,6181889.459999999,18,8,0.0353,2031.0,2112.2000000000003,1086.7,3538.4,95.1,3873.0,641.1,221.4,7.99,28.48,26.02,-50.35,-43.82,10610.3,78.02,0.0,Diversified Prescribers
1000000229,TX,Family Practice,3580.7,3089.0,1989933.4300000002,16,7,0.0093,606.8,530.6,1062.8,933.5,12.7,292.9,0.0,141.4,29.68,8.18,26.07,-56.69,-42.34,2819.7999999999997,78.75,0.0,Diversified Prescribers
1000000244,TX,Endocrinology,11286.499999999998,9746.0,6644643.5600000005,21,8,0.0293,697.0,741.7,3027.1000000000004,1999.0,13.7,3530.8,1058.0,219.2,26.82,31.28,17.71,-1.13,115.85,9298.6,82.39,0.0,Diversified Prescribers
1000000249,AZ,Nurse Practitioner,913.8,784.0,359168.51,15,7,0.0024,216.89999999999998,68.8,68.60000000000001,372.0,0.0,101.30000000000001,66.4,19.8,7.51,11.09,40.71,9.26,557.7,610.7,66.83,3.0,Low-Volume / Low-Growth Prescribers
1000000250,FL,Internal Medicine,768.3000000000001,669.0,353324.52,17,6,0.002,0.0,74.5,53.5,285.79999999999995,0.0,209.7,131.9,12.9,6.96,27.29,37.2,25.8,-22.5,623.5,81.15,3.0,Low-Volume / Low-Growth Prescribers
1000000277,FL,Family Practice,3497.7999999999997,3081.0,1764233.0100000002,16,7,0.0091,359.3,362.29999999999995,904.6999999999999,1045.0,14.5,175.10000000000002,636.9,0.0,25.86,5.01,29.88,158.48,589.69,2487.1,71.1,0.0,Diversified Prescribers
1000000302,IN,Internal Medicine,12898.000000000002,11218.0,4958492.23,16,8,0.0335,1525.4,1591.6,844.1,4354.9,216.99999999999997,1999.0,1600.3,765.7,6.54,15.5,33.76,-85.77,-88.23,8789.599999999999,68.15,0.0,Diversified Prescribers
1000000305,IL,Cardiology,987.6999999999998,864.0,429164.41000000003,16,6,0.0026,212.7,49.199999999999996,182.70000000000002,301.29999999999995,0.0,112.69999999999999,129.1,0.0,18.5,11.41,30.51,-57.88,-51.12,645.8999999999999,65.39,3.0,Low-Volume / Low-Growth Prescribers
1000000314,MI,Family Practice,3127.2,2748.0,1774043.11,18,7,0.0081,0.0,334.6,923.7,745.5,30.9,462.90000000000003,534.1,95.5,29.54,14.8,23.84,-45.66,83.0,2466.7000000000003,78.88,0.0,Diversified Prescribers
1000000321,FL,Family Practice,14655.099999999999,13064.0,7198221.959999999,17,7,0.0381,3472.5,1139.3,3820.2,1590.8000000000002,186.2,2626.2,1819.9,0.0,26.07,17.92,10.85,626.46,311.79,9176.5,62.62,0.0,Diversified Prescribers
1000000341,VA,Internal Medicine,4636.000000000001,4019.0,2097210.95,18,7,0.012,390.7,572.7,294.2,1773.1,33.3,1129.8,442.2,0.0,6.35,24.37,38.25,-45.77,-53.93,3769.8,81.32,0.0,Diversified Prescribers
1000000350,VA,Internal Medicine,866.0,749.0,416881.2099999999,15,7,0.0022,105.0,57.7,231.2,294.0,0.0,31.3,120.19999999999999,26.6,26.7,3.61,33.95,-25.85,-29.63,614.2,70.92,3.0,Low-Volume / Low-Growth Prescribers
1000000355,TX,Family Practice,9761.5,8609.0,3925477.1899999995,17,7,0.0254,0.0,572.8,868.9000000000001,3936.0,141.3,1369.6,2354.2,518.7,8.9,14.03,40.32,-12.94,-14.32,6747.3,69.12,0.0,Diversified Prescribers
1000000366,FL,Physician Assistant,5566.4,4823.0,2437016.33,20,8,0.0145,993.8,353.1,812.5999999999999,1069.4,26.4,1423.5,838.0,49.6,14.6,25.57,19.21,34.64,185.89,3658.6,65.73,0.0,Diversified Prescribers
1000000376,OH,Nurse Practitioner,4295.6,3704.0,2120616.51,14,5,0.0112,0.0,271.6,635.9000000000001,1162.4,0.0,1198.2,1027.5,0.0,14.8,27.89,27.06,33.96,-8.22,3268.1000000000004,76.08,3.0,Low-Volume / Low-Growth Prescribers
1000000382,AZ,Family Practice,3948.6999999999994,3463.0,1751175.8,17,8,0.0103,638.8,157.39999999999998,598.6,1058.4,46.1,946.0,356.0,147.4,15.16,23.96,26.8,-2.88,-7.97,2760.4,69.91,0.0,Diversified Prescribers
1000000384,CA,Family Practice,3862.7999999999997,3400.0,2720870.5,15,5,0.01,0.0,336.0,1513.5,1383.5,0.0,504.0,125.8,0.0,39.18,13.05,35.82,44.99,714.29,3737.0,96.74,0.0,Diversified Prescribers
1000000418,MI,Family Practice,4639.1,4042.0,2802284.01,14,6,0.0121,0.0,626.1999999999999,866.8,1803.1,10.9,1188.1,144.0,0.0,18.68,25.61,38.87,-70.13,-10.01,4484.199999999999,96.66,0.0,Diversified Prescribers
1000000422,OH,Endocrinology,7427.4000000000015,6549.0,4641157.1,20,7,0.0193,0.0,418.59999999999997,2767.7,1607.0,30.7,1406.1,1001.4,195.9,37.26,18.93,21.64,-24.77,-13.17,6199.4,83.47,0.0,Diversified Prescribers
1000000425,TX,Internal Medicine,13586.400000000001,12022.0,9508403.77,19,7,0.0353,0.0,2347.6,4895.4,2416.7,66.3,2756.9,738.8,364.7,36.03,20.29,17.79,239.12,349.79,12416.599999999999,91.39,0.0,Diversified Prescribers
1000000430,NY,Endocrinology,46583.19999999999,39651.0,35138649.12,20,7,0.121,0.0,1997.3000000000002,23246.9,7442.099999999999,128.5,9746.800000000001,3138.0,883.5999999999999,49.9,20.92,15.98,21.24,128.65,42433.100000000006,91.09,1.0,High-Volume Core Prescribers
1000000436,IN,Endocrinology,7934.400000000001,6964.0,4497917.9399999995,22,8,0.0206,559.6,732.0999999999999,2033.6,1049.0,65.3,2392.8,1057.1999999999998,44.8,25.63,30.16,13.22,-12.75,58.67,6207.5,78.24,0.0,Diversified Prescribers
1000000442,TN,Internal Medicine,779.9,692.0,449242.35,16,8,0.002,129.3,72.7,256.6,174.7,2.3,76.6,34.1,33.6,32.9,9.82,22.4,87.22,-30.53,580.6,74.45,3.0,Low-Volume / Low-Growth Prescribers
1000000445,IN,Physician Assistant,851.6,735.0,312720.82,13,7,0.0022,232.7,38.2,128.3,225.7,0.0,92.9,119.7,14.1,15.07,10.91,26.5,-79.87,-71.51,485.1,56.96,3.0,Low-Volume / Low-Growth Prescribers
1000000446,OH,Cardiology,41560.3,35673.0,19043865.009999998,18,7,0.108,10045.6,6832.6,7997.5,6662.8,335.0,5980.3,3706.5,0.0,19.24,14.39,16.03,54.23,-23.82,27473.2,66.1,1.0,High-Volume Core Prescribers
1000000450,NY,Family Practice,6654.8,5936.0,2411565.6899999995,16,7,0.0173,2137.8,355.8,726.0999999999999,1965.9,0.0,896.6,351.6,221.0,10.91,13.47,29.54,14.43,1.15,3944.3999999999996,59.27,0.0,Diversified Prescribers
1000000458,TX,Endocrinology,9681.3,8390.0,4810344.330000001,20,8,0.0252,1124.3,871.7,1264.2,2549.7,46.900000000000006,3045.8999999999996,569.5999999999999,209.0,13.06,31.46,26.34,-53.06,-42.49,7731.499999999999,79.86,0.0,Diversified Prescribers
1000000460,IL,Endocrinology,13522.600000000002,11721.0,7734079.369999999,19,7,0.0351,1135.2,664.0,2766.7,2786.9,0.0,4891.4,1047.0,231.4,20.46,36.17,20.61,38.15,56.63,11108.999999999998,82.15,0.0,Diversified Prescribers
1000000475,PA,Nephrology,12867.2,11394.0,6218941.97,19,8,0.0334,1639.1,2058.8,2045.9,3930.5999999999995,126.7,1801.6999999999998,981.3,283.1,15.9,14.0,30.55,181.11,69.36,9837.0,76.45,0.0,Diversified Prescribers
1000000476,CA,Endocrinology,88071.5,76720.0,52847895.699999996,19,8,0.2288,7359.4,1444.6,28080.399999999998,17923.399999999998,621.8,21783.5,8680.4,2178.0,31.88,24.73,20.35,330.94,507.84,69231.9,78.61,1.0,High-Volume Core Prescribers
1000000480,VA,Family Practice,455.59999999999997,393.0,153545.05,10,7,0.0012,83.6,30.2,37.8,184.1,0.0,34.0,69.0,16.9,8.3,7.46,40.41,,-61.02,286.1,62.8,,
1000000481,TX,Family Practice,702.4000000000001,605.0,330105.42999999993,16,7,0.0018,206.2,97.9,157.4,128.6,2.3,95.2,0.0,14.8,22.41,13.55,18.31,67.59,104.84,479.1,68.21,3.0,Low-Volume / Low-Growth Prescribers
1000000488,MI,Physician Assistant,826.5999999999999,731.0,427460.98000000004,16,7,0.0021,86.3,65.2,182.6,198.3,0.0,177.8,88.6,27.8,22.09,21.51,23.99,55.48,46.64,623.9,75.48,3.0,Low-Volume / Low-Growth Prescribers
1000000495,MA,Internal Medicine,3581.8,3060.0,1464764.0699999998,15,8,0.0093,397.2,155.9,359.20000000000005,784.1999999999999,20.2,984.1000000000001,733.9000000000001,147.1,10.03,27.48,21.89,84.59,26.11,2283.4,63.75,3.0,Low-Volume / Low-Growth Prescribers
1000000507,TN,Family Practice,3939.100000000001,3433.0,1778138.0200000003,16,8,0.0102,848.5,208.0,734.2,331.90000000000003,16.7,1123.4,622.0,54.4,18.64,28.52,8.43,-53.42,92.58,2397.5000000000005,60.86,0.0,Diversified Prescribers
1000000513,NC,Nurse Practitioner,5143.0,4380.0,3308742.93,17,8,0.0134,648.1,380.5,1918.0,568.0,13.1,1273.8999999999999,250.4,91.0,37.29,24.77,11.04,23.65,405.38,4140.4,80.51,0.0,Diversified Prescribers
1000000522,VA,Physician Assistant,10801.0,9286.0,5749670.55,14,5,0.0281,0.0,1400.5,2779.2000000000003,3948.0000000000005,0.0,755.0999999999999,1918.1999999999998,0.0,25.73,6.99,36.55,-10.89,137.59,8882.800000000001,82.24,0.0,Diversified Prescribers
1000000527,CA,Internal Medicine,752.2000000000002,656.0,275291.54000000004,12,7,0.002,117.2,28.2,38.8,198.20000000000002,0.0,197.50000000000003,141.6,30.7,5.16,26.26,26.35,-76.08,-21.76,462.70000000000005,61.51,3.0,Low-Volume / Low-Growth Prescribers
1000000536,OH,Nurse Practitioner,3345.7,2872.0,2064911.5400000003,17,6,0.0087,0.0,245.5,1228.9,923.7,0.0,395.9,457.59999999999997,94.1,36.73,11.83,27.61,-47.18,-36.58,2794.0,83.51,0.0,Diversified Prescribers
1000000543,NC,Family Practice,3496.9000000000005,3068.0,1471536.63,13,5,0.0091,988.6,393.79999999999995,224.8,710.0,0.0,1179.7,0.0,0.0,6.43,33.74,20.3,214.47,-23.45,2508.3,71.73,3.0,Low-Volume / Low-Growth Prescribers
1000000554,NY,Nurse Practitioner,4575.4,4043.0,1893616.23,18,8,0.0119,1185.8,392.5,860.3,523.4,27.0,921.3000000000001,621.5999999999999,43.5,18.8,20.14,11.44,155.58,30.79,2697.5,58.96,0.0,Diversified Prescribers
1000000555,NC,Internal Medicine,6635.799999999999,5624.0,2837333.37,9,5,0.0172,2191.1,0.0,1150.2,1913.2,26.3,1355.0,0.0,0.0,17.33,20.42,28.83,784.48,61.74,4418.4,66.58,3.0,Low-Volume / Low-Growth Prescribers
1000000557,FL,Endocrinology,12237.4,10453.0,7797303.98,19,7,0.0318,894.0999999999999,628.5999999999999,4623.700000000001,2469.5,14.8,2583.8999999999996,1022.8,0.0,37.78,21.11,20.18,280.15,6.23,10305.7,84.21,0.0,Diversified Prescribers
1000000578,PA,Internal Medicine,951.8,827.0,517807.9800000001,14,7,0.0025,213.0,18.5,317.20000000000005,241.0,3.5,83.0,75.6,0.0,33.33,8.72,25.32,228.78,190.77,659.7,69.31,3.0,Low-Volume / Low-Growth Prescribers
1000000582,TN,Internal Medicine,720.5,638.0,307992.11,13,7,0.0019,196.5,24.5,197.60000000000002,40.0,2.2,137.2,122.5,0.0,27.43,19.04,5.55,4.26,59.79,399.3,55.42,3.0,Low-Volume / Low-Growth Prescribers
1000000597,FL,Endocrinology,1745.4999999999998,1527.0,808053.32,16,7,0.0045,213.60000000000002,57.6,530.8000000000001,393.09999999999997,0.0,166.5,323.9,60.0,30.41,9.54,22.52,15.02,-61.49,1148.0,65.77,3.0,Low-Volume / Low-Growth Prescribers
1000000617,PA,Internal Medicine,13859.099999999999,12055.0,8161891.25,16,6,0.036,0.0,317.9,3559.8,4723.2,61.099999999999994,3259.5,1937.6000000000001,0.0,25.69,23.52,34.08,-3.42,19.28,11860.4,85.58,0.0,Diversified Prescribers
1000000619,FL,Family Practice,577.0999999999999,506.0,248487.28,12,7,0.0015,0.0,24.9,17.0,246.5,2.4,172.9,99.7,13.7,2.95,29.96,42.71,226.26,77.29,461.3,79.93,3.0,Low-Volume / Low-Growth Prescribers
1000000624,IN,Family Practice,529.6999999999999,458.0,273420.11,9,6,0.0014,95.8,41.4,170.60000000000002,129.1,0.0,0.0,47.2,45.6,32.21,0.0,24.37,138.45,151.72,341.1,64.39,3.0,Low-Volume / Low-Growth Prescribers
1000000625,OH,Internal Medicine,826.5000000000001,712.0,341982.64,13,6,0.0021,168.3,78.5,78.7,139.7,0.0,232.39999999999998,128.9,0.0,9.52,28.12,16.9,40.41,62.41,529.3,64.04,3.0,Low-Volume / Low-Growth Prescribers
1000000629,TN,Internal Medicine,728.9,631.0,282346.0,12,7,0.0019,224.60000000000002,125.1,129.5,145.7,0.0,12.0,67.7,24.299999999999997,17.77,1.65,19.99,38.66,425.2,412.3,56.56,3.0,Low-Volume / Low-Growth Prescribers
1000000632,CA,Internal Medicine,1248.6,1083.0,616563.63,17,8,0.0032,259.4,27.6,310.5,346.6,2.2,144.89999999999998,114.1,43.3,24.87,11.6,27.76,78.03,210.36,829.6,66.44,3.0,Low-Volume / Low-Growth Prescribers
1000000635,NY,Internal Medicine,732.3999999999997,633.0,277945.55,13,6,0.0019,0.0,49.599999999999994,54.7,317.7,2.2,95.6,212.6,0.0,7.47,13.05,43.38,-87.28,-92.04,517.6,70.67,3.0,Low-Volume / Low-Growth Prescribers
1000000637,CA,Internal Medicine,781.7,682.0,443562.41,16,6,0.002,90.5,43.599999999999994,261.1,131.60000000000002,0.0,140.1,114.8,0.0,33.4,17.92,16.84,154.05,27.46,576.4000000000001,73.74,3.0,Low-Volume / Low-Growth Prescribers
1000000639,IN,Internal Medicine,693.3,608.0,374013.46,12,6,0.0018,78.4,76.19999999999999,172.7,146.3,0.0,127.6,92.1,0.0,24.91,18.4,21.1,-89.4,-75.5,522.8,75.41,3.0,Low-Volume / Low-Growth Prescribers
1000000645,MA,Nurse Practitioner,4279.2,3667.0,2291067.5499999993,18,7,0.0111,0.0,142.60000000000002,736.2,931.3,44.900000000000006,1619.5,528.7,276.0,17.2,37.85,21.76,-64.46,139.9,3429.5999999999995,80.15,0.0,Diversified Prescribers
1000000661,CA,Cardiology,669.6,583.0,220245.71999999997,13,7,0.0017,208.6,0.0,82.00000000000001,143.3,1.2,104.4,113.89999999999999,16.2,12.25,15.59,21.4,69.27,289.69,329.70000000000005,49.24,3.0,Low-Volume / Low-Growth Prescribers
1000000666,TX,Internal Medicine,1008.5,871.0,452583.01,16,7,0.0026,239.39999999999998,43.400000000000006,171.0,273.90000000000003,0.0,174.2,93.7,12.9,16.96,17.27,27.16,16.24,859.11,662.5,65.69,3.0,Low-Volume / Low-Growth Prescribers
1000000671,IL,Nurse Practitioner,3696.2000000000003,3218.0,1501195.1,13,7,0.0096,596.6,140.9,513.9,1242.9,0.0,492.59999999999997,472.9,236.39999999999998,13.9,13.33,33.63,-22.97,5.49,2390.3,64.67,3.0,Low-Volume / Low-Growth Prescribers
1000000676,MA,Endocrinology,36201.6,31199.0,25445689.92,21,8,0.094,2542.2,1078.5,16164.3,7935.300000000001,124.69999999999999,6710.2,1232.0,414.4,44.65,18.54,21.92,-32.03,53.23,31888.300000000003,88.09,1.0,High-Volume Core Prescribers
1000000677,CA,Internal Medicine,905.1,772.0,366338.06999999995,16,8,0.0024,160.0,24.2,176.4,240.5,2.2,108.9,158.6,34.3,19.49,12.03,26.57,19.05,-49.48,550.0,60.77,3.0,Low-Volume / Low-Growth Prescribers
1000000679,IN,Nurse Practitioner,914.0999999999999,784.0,322069.1,15,7,0.0024,348.0,40.199999999999996,96.0,253.5,2.2,143.9,0.0,30.299999999999997,10.5,15.74,27.73,-5.48,-34.34,533.6,58.37,3.0,Low-Volume / Low-Growth Prescribers
1000000682,CA,Endocrinology,2151.5999999999995,1875.0,1322619.48,20,8,0.0056,209.8,67.2,685.6999999999999,472.40000000000003,1.1,584.9,116.60000000000001,13.9,31.87,27.18,21.96,-19.37,79.18,1810.2,84.13,0.0,Diversified Prescribers
1000000687,NY,Internal Medicine,742.0999999999999,636.0,236286.69999999998,13,6,0.0019,260.0,83.69999999999999,74.2,147.6,0.0,80.8,95.8,0.0,10.0,10.89,19.89,97.02,-42.27,386.29999999999995,52.05,3.0,Low-Volume / Low-Growth Prescribers
1000000745,OH,Nurse Practitioner,3795.6,3269.0,1593268.63,16,7,0.0099,1031.7,475.99999999999994,378.0,844.2,20.2,892.6,0.0,152.9,9.96,23.52,22.24,-31.89,33.08,2590.8,68.26,0.0,Diversified Prescribers
1000000749,PA,Family Practice,15086.400000000001,13171.0,5245230.74,17,8,0.0392,5281.0,556.5,1274.7,1360.1999999999998,93.1,4679.099999999999,1414.4,427.4,8.45,31.02,9.02,-40.52,-8.69,7870.499999999999,52.17,0.0,Diversified Prescribers
1000000768,TN,Internal Medicine,45729.9,39267.0,18840640.2,19,7,0.1188,0.0,3125.3,4067.6,19410.4,312.4,7022.699999999999,11272.5,519.0,8.89,15.36,42.45,-50.5,-40.98,33626.0,73.53,1.0,High-Volume Core Prescribers
1000000792,CA,Internal Medicine,819.1000000000001,706.0,418574.47000000003,15,7,0.0021,73.1,31.1,145.5,226.40000000000003,0.0,237.8,80.7,24.5,17.76,29.03,27.64,-23.15,84.29,640.8000000000001,78.23,3.0,Low-Volume / Low-Growth Prescribers
1000000793,CA,Family Practice,433.1,370.0,186976.91,11,6,0.0011,0.0,65.5,68.6,71.3,0.0,89.0,119.39999999999999,19.3,15.84,20.55,16.46,-79.56,-58.68,294.4,67.98,3.0,Low-Volume / Low-Growth Prescribers
1000000811,OH,Family Practice,17526.2,15374.0,7899767.539999999,13,8,0.0455,6270.2,1366.7,3878.7000000000003,1153.1999999999998,50.4,3788.8,586.3,431.9,22.13,21.62,6.58,54.75,33.03,10187.400000000001,58.13,0.0,Diversified Prescribers
1000000829,IL,Internal Medicine,4456.900000000001,3895.0,2176253.6,13,7,0.0116,1124.5,338.6,1383.4,101.5,13.7,831.2,664.0,0.0,31.04,18.65,2.28,1424.56,5.95,2654.7000000000003,59.56,3.0,Low-Volume / Low-Growth Prescribers
1000000834,VA,Internal Medicine,548.9000000000001,483.0,221387.38,10,6,0.0014,190.60000000000002,51.0,168.6,13.7,2.2,0.0,122.80000000000001,0.0,30.72,0.0,2.5,473.68,1491.24,233.29999999999998,42.5,3.0,Low-Volume / Low-Growth Prescribers
1000000835,IN,Internal Medicine,483.79999999999995,435.0,195334.07999999996,11,7,0.0013,98.7,41.5,98.5,87.30000000000001,0.0,54.4,89.8,13.6,20.36,11.24,18.04,130.37,-0.6,281.70000000000005,58.23,3.0,Low-Volume / Low-Growth Prescribers
1000000836,FL,Nurse Practitioner,16009.8,13818.0,7053392.2299999995,17,7,0.0416,0.0,1153.2,1694.5,4457.5,51.6,4811.5,3679.4,162.1,10.58,30.05,27.84,-78.05,-50.56,12116.7,75.68,0.0,Diversified Prescribers
1000000851,VA,Family Practice,33365.6,28410.0,11411883.54,16,7,0.0867,7601.700000000001,1630.8,4839.6,9055.8,42.2,2048.8,8146.700000000001,0.0,14.5,6.14,27.14,-40.4,-64.32,17575.0,52.67,1.0,High-Volume Core Prescribers
1000000861,TX,Internal Medicine,3770.2000000000003,3313.0,2291693.6800000006,13,5,0.0098,0.0,739.6,1169.3,541.4,0.0,599.4,720.4999999999999,0.0,31.01,15.9,14.36,8.61,42.97,3049.7,80.89,3.0,Low-Volume / Low-Growth Prescribers
1000000864,IL,Internal Medicine,5531.299999999998,4757.0,2478882.3899999997,19,7,0.0144,708.6,364.0,1067.6,1542.1,0.0,858.9999999999999,813.1,176.9,19.3,15.53,27.88,-80.82,-87.79,3832.7,69.29,0.0,Diversified Prescribers
1000000875,AZ,Endocrinology,1915.0999999999997,1708.0,1086961.7700000003,18,8,0.005,227.4,65.1,568.4,363.4,2.3,520.6,153.2,14.7,29.68,27.18,18.98,-75.53,-70.29,1517.5,79.24,0.0,Diversified Prescribers
1000000879,TX,Internal Medicine,4164.8,3694.0,1590587.1500000001,18,8,0.0108,1071.1,316.7,839.3,914.9000000000001,22.9,264.0,570.1,165.8,20.15,6.34,21.97,76.07,5.13,2334.9,56.06,0.0,Diversified Prescribers
1000000886,PA,Family Practice,13020.8,11270.0,5173973.5600000005,14,8,0.0338,1274.8,779.2,611.8,3609.8,118.7,3692.7999999999997,2673.8,259.9,4.7,28.36,27.72,57.84,319.84,8693.599999999999,66.77,0.0,Diversified Prescribers
1000000888,OH,Endocrinology,2696.5999999999995,2325.0,1580161.9000000001,19,8,0.007,195.4,134.8,799.6999999999999,565.9000000000001,3.6,678.8,297.4,21.0,29.66,25.17,20.99,57.11,91.34,2179.2,80.81,0.0,Diversified Prescribers
1000000890,CA,Family Practice,4407.7,3755.0,1881247.4300000004,16,7,0.0115,1188.3,151.5,949.7,1346.7,0.0,357.59999999999997,336.4,77.5,21.55,8.11,30.55,-51.61,217.97,2805.5,63.65,0.0,Diversified Prescribers
1000000891,IL,Nurse Practitioner,648.4999999999999,564.0,305015.77,11,6,0.0017,0.0,102.5,90.0,356.90000000000003,2.5,12.9,83.7,0.0,13.88,1.99,55.03,-55.13,-64.93,562.3000000000001,86.71,3.0,Low-Volume / Low-Growth Prescribers
1000000898,NY,Endocrinology,48314.90000000001,41848.0,32195388.85000001,22,8,0.1255,3506.6,2717.7,16705.8,6573.8,162.0,16048.099999999999,1869.7000000000003,731.2,34.58,33.22,13.61,-24.38,45.92,42045.4,87.02,1.0,High-Volume Core Prescribers
1000000905,MA,Nurse Practitioner,727.4000000000001,619.0,238897.4,12,8,0.0019,223.7,126.9,30.8,47.2,2.5,188.0,80.60000000000001,27.7,4.23,25.85,6.49,-75.74,-73.35,392.90000000000003,54.01,3.0,Low-Volume / Low-Growth Prescribers
1000000910,GA,Family Practice,1036.4,908.0,576438.6099999999,16,7,0.0027,155.60000000000002,114.50000000000001,325.4,187.6,0.0,121.1,119.5,12.7,31.4,11.68,18.1,28.89,64.78,748.6,72.23,3.0,Low-Volume / Low-Growth Prescribers
1000000914,CA,Internal Medicine,6776.4,5910.0,2563178.51,19,8,0.0176,2061.9,925.2,335.0,1828.1,27.9,1328.9999999999998,163.2,106.1,4.94,19.61,26.98,111.53,54.27,4417.299999999999,65.19,0.0,Diversified Prescribers
1000000915,NY,Internal Medicine,18904.300000000003,16434.0,7487001.040000003,17,7,0.0491,3626.6000000000004,569.8,2338.7,7042.3,72.6,2732.3,2522.0,0.0,12.37,14.45,37.25,-13.96,-36.76,12683.1,67.09,0.0,Diversified Prescribers
1000000921,FL,Internal Medicine,13097.099999999999,11427.0,7004522.779999999,17,8,0.034,1953.3,1256.8,4150.0,2546.3,151.8,1301.1000000000001,1549.3,188.5,31.69,9.93,19.44,-22.64,-24.0,9254.2,70.66,0.0,Diversified Prescribers
1000000939,TN,Family Practice,5248.4,4491.0,2878501.38,15,7,0.0136,1075.9,88.3,1220.9,1146.2,18.4,1435.5,263.2,0.0,23.26,27.35,21.84,-28.96,260.54,3890.9000000000005,74.13,0.0,Diversified Prescribers
1000000951,TX,Family Practice,6070.799999999999,5263.0,2471970.5,19,8,0.0158,1615.9,569.8,985.1000000000001,922.1999999999999,41.3,1086.5,602.9,247.10000000000002,16.23,17.9,15.19,49.3,18.59,3563.6000000000004,58.7,0.0,Diversified Prescribers
1000000956,NY,Internal Medicine,3588.1,3137.0,1210046.5599999998,15,7,0.0093,1000.2,549.1999999999999,38.0,834.1999999999999,0.0,836.8,179.0,150.7,1.06,23.32,23.25,12.42,8.54,2258.2,62.94,3.0,Low-Volume / Low-Growth Prescribers
1000000965,PA,Internal Medicine,3629.2,3162.0,2121846.79,13,5,0.0094,0.0,335.7,1115.8,1107.3000000000002,0.0,546.8,523.6,0.0,30.75,15.07,30.51,56.37,45.57,3105.6000000000004,85.57,3.0,Low-Volume / Low-Growth Prescribers
1000000969,FL,Internal Medicine,845.9999999999999,731.0,384386.04999999993,14,6,0.0022,115.4,47.400000000000006,141.5,247.3,0.0,168.1,126.3,0.0,16.73,19.87,29.23,-89.58,-91.82,604.3,71.43,3.0,Low-Volume / Low-Growth Prescribers
1000000979,FL,Family Practice,2943.3,2600.0,1519664.31,12,5,0.0076,0.0,323.09999999999997,291.4,591.4,0.0,1253.6999999999998,483.7,0.0,9.9,42.6,20.09,5933.16,273.95,2459.6,83.57,3.0,Low-Volume / Low-Growth Prescribers
1000000987,NC,Internal Medicine,1062.3999999999999,921.0,477006.32,14,7,0.0028,175.8,27.2,149.8,217.29999999999998,0.0,311.1,169.3,11.9,14.1,29.28,20.45,17.81,173.43,705.4,66.4,3.0,Low-Volume / Low-Growth Prescribers
1000001007,FL,Nurse Practitioner,3583.6000000000004,3152.0,2138993.19,15,7,0.0093,0.0,309.7,966.0,330.2,4.3,1273.6999999999998,516.8,182.9,26.96,35.54,9.21,144.61,17.07,2879.5999999999995,80.35,0.0,Diversified Prescribers
1000001020,TN,Family Practice,447.0,379.0,195874.38000000003,12,6,0.0012,78.1,0.0,57.1,174.9,0.0,94.7,30.2,12.0,12.77,21.19,39.13,-80.17,89.53,326.70000000000005,73.09,3.0,Low-Volume / Low-Growth Prescribers
1000001030,IL,Endocrinology,2591.0999999999995,2234.0,1271048.1999999997,19,6,0.0067,455.5,94.2,490.99999999999994,383.7,0.0,886.7,280.0,0.0,18.95,34.22,14.81,113.31,53.98,1855.6000000000001,71.61,0.0,Diversified Prescribers
1000001032,GA,Internal Medicine,19988.399999999998,17175.0,8337945.430000001,18,8,0.0519,4336.1,687.0,3002.0,5646.900000000001,91.19999999999999,3786.2000000000003,1990.2999999999997,448.7,15.02,18.94,28.25,-64.19,-35.51,13122.100000000002,65.65,0.0,Diversified Prescribers
1000001035,CA,Family Practice,934.1999999999999,788.0,588946.69,11,4,0.0024,0.0,0.0,279.7,279.2,0.0,249.7,125.6,0.0,29.94,26.73,29.89,7.54,158.41,808.5999999999999,86.56,3.0,Low-Volume / Low-Growth Prescribers
1000001049,CA,Endocrinology,71134.1,61305.0,42927300.14,21,8,0.1848,3145.9,4333.9,17078.9,10495.5,385.1,31081.3,2879.3,1734.2,24.01,43.69,14.75,373.65,48.38,62989.6,88.55,1.0,High-Volume Core Prescribers
1000001054,TN,Nephrology,5226.2,4549.0,2439014.7399999998,21,8,0.0136,607.5,397.9,1239.5,1370.0,46.300000000000004,491.9,1010.0,63.1,23.72,9.41,26.21,-51.23,-53.73,3499.3,66.96,0.0,Diversified Prescribers
1000001060,FL,Nurse Practitioner,1086.1999999999998,936.0,534918.51,17,7,0.0028,179.5,25.1,269.2,192.5,0.0,247.10000000000002,149.4,23.4,24.78,22.75,17.72,-3.02,6.72,733.9,67.57,3.0,Low-Volume / Low-Growth Prescribers
1000001081,NY,Endocrinology,12130.000000000004,10684.0,8840042.670000002,21,8,0.0315,558.7,519.1,5640.4,2314.2999999999997,19.5,2412.2,572.8,93.0,46.5,19.89,19.08,-5.26,219.27,10885.999999999998,89.74,0.0,Diversified Prescribers
1000001091,IL,Family Practice,513.2,442.0,179428.09,11,6,0.0013,124.9,0.0,57.5,155.5,0.0,73.1,66.3,35.900000000000006,11.2,14.24,30.3,-78.71,-52.88,286.1,55.75,3.0,Low-Volume / Low-Growth Prescribers
1000001096,FL,Internal Medicine,3268.7999999999997,2864.0,1893108.86,15,7,0.0085,0.0,203.6,460.8,532.8,32.1,1795.1999999999998,177.5,66.8,14.1,54.92,16.3,329.98,6.73,2992.3999999999996,91.54,0.0,Diversified Prescribers
1000001106,MA,Internal Medicine,829.6,714.0,408971.41,14,7,0.0022,86.1,61.199999999999996,147.8,167.4,0.0,219.2,134.7,13.2,17.82,26.42,20.18,-37.61,-27.62,595.6,71.79,3.0,Low-Volume / Low-Growth Prescribers
1000001108,PA,Family Practice,749.6999999999999,651.0,354059.19999999995,15,7,0.0019,119.3,51.2,152.2,135.0,2.1,180.8,109.10000000000001,0.0,20.3,24.12,18.01,14.04,50.41,519.2,69.25,3.0,Low-Volume / Low-Growth Prescribers
1000001110,CA,Family Practice,917.0000000000001,792.0,503579.53,16,5,0.0024,0.0,112.8,216.20000000000002,322.4,0.0,132.20000000000002,133.4,0.0,23.58,14.42,35.16,-70.89,-67.2,783.6,85.45,3.0,Low-Volume / Low-Growth Prescribers
1000001116,MA,Endocrinology,2083.1000000000004,1778.0,1056330.8,21,8,0.0054,214.10000000000002,154.9,421.6,473.0,3.6,538.1,246.9,30.9,20.24,25.83,22.71,129.53,298.16,1587.6000000000001,76.21,0.0,Diversified Prescribers
1000001121,IN,Physician Assistant,475.6,412.0,204113.74,9,5,0.0012,163.5,20.9,123.70000000000002,0.0,0.0,119.1,48.4,0.0,26.01,25.04,0.0,-23.59,-78.72,263.7,55.45,3.0,Low-Volume / Low-Growth Prescribers
1000001136,OH,Nurse Practitioner,724.7,622.0,271751.37,14,7,0.0019,209.5,42.3,99.4,114.80000000000001,2.4,142.4,113.9,0.0,13.72,19.65,15.84,220.65,296.51,398.90000000000003,55.04,3.0,Low-Volume / Low-Growth Prescribers
1000001137,TN,Internal Medicine,3999.9999999999995,3483.0,1587930.0099999998,18,7,0.0104,409.9,622.5,328.7,1012.4,0.0,770.0,607.0,249.5,8.22,19.25,25.31,-40.29,8.17,2733.6,68.34,0.0,Diversified Prescribers
1000001138,CA,Internal Medicine,4660.3,4008.0,1216277.7599999998,16,7,0.0121,2119.6,371.40000000000003,244.9,600.7,22.5,730.9,570.3,0.0,5.26,15.68,12.89,23.38,30.31,1947.9,41.8,3.0,Low-Volume / Low-Growth Prescribers
1000001139,CA,Family Practice,2474.1,2160.0,1015200.4199999999,12,7,0.0064,0.0,189.1,354.6,628.7,9.7,364.9,845.2,81.9,14.33,14.75,25.41,365.57,104.93,1537.3000000000002,62.14,3.0,Low-Volume / Low-Growth Prescribers
1000001147,MI,Family Practice,3625.1,3109.0,1237237.38,17,8,0.0094,486.0,455.70000000000005,113.4,1207.6,26.9,529.1,656.7,149.7,3.13,14.6,33.31,1.41,5.47,2305.8,63.61,0.0,Diversified Prescribers
1000001149,OH,Nurse Practitioner,774.9000000000001,681.0,351101.53,14,6,0.002,88.5,22.5,46.0,221.1,0.0,302.0,94.80000000000001,0.0,5.94,38.97,28.53,-51.16,356.06,591.6,76.35,3.0,Low-Volume / Low-Growth Prescribers
1000001150,MI,Family Practice,14628.9,12870.0,7795490.290000001,18,7,0.038,0.0,804.1999999999999,3488.8999999999996,6677.9,23.3,1332.0,1851.6,451.0,23.85,9.11,45.65,9.46,64.1,12303.0,84.1,0.0,Diversified Prescribers
1000001158,VA,Nurse Practitioner,14833.7,13009.0,6538890.69,17,8,0.0385,3411.6000000000004,909.0999999999999,1710.3000000000002,4029.9,84.4,3826.0,516.6,345.8,11.53,25.79,27.17,23.55,11.61,10475.3,70.62,0.0,Diversified Prescribers
1000001160,TX,Family Practice,2809.1000000000004,2458.0,1273207.45,15,7,0.0073,0.0,421.20000000000005,710.1,264.7,31.6,400.2,858.8,122.5,25.28,14.25,9.42,-38.03,-69.18,1796.2,63.94,3.0,Low-Volume / Low-Growth Prescribers
1000001165,AZ,Family Practice,922.8999999999999,818.0,365350.25,17,8,0.0024,202.0,57.39999999999999,91.8,174.79999999999998,2.3,241.2,137.5,15.9,9.95,26.14,18.94,-87.24,-88.17,565.1999999999999,61.24,3.0,Low-Volume / Low-Growth Prescribers
1000001167,TN,Internal Medicine,809.5,705.0,377382.45000000007,12,7,0.0021,123.1,83.2,109.30000000000001,295.7,0.0,139.5,41.4,17.3,13.5,17.23,36.53,41.1,328.15,627.7,77.54,3.0,Low-Volume / Low-Growth Prescribers
1000001178,GA,Family Practice,5364.1,4692.0,1575026.2200000002,17,8,0.0139,1269.4,452.3,105.5,1475.3,10.6,826.4000000000001,1089.4,135.2,1.97,15.41,27.5,147.92,23.85,2859.5,53.31,0.0,Diversified Prescribers
1000001192,GA,Internal Medicine,965.4000000000001,825.0,455584.52999999997,14,7,0.0025,86.9,147.0,208.1,175.3,0.0,133.3,169.9,44.9,21.56,13.81,18.16,7.73,114.52,663.7,68.75,3.0,Low-Volume / Low-Growth Prescribers
1000001193,OH,Family Practice,13135.199999999999,11149.0,4747712.569999999,16,8,0.0341,3581.7,505.20000000000005,1163.5,5063.5,179.9,1247.2,1193.8000000000002,200.4,8.86,9.5,38.55,25.41,782.96,7979.4,60.75,0.0,Diversified Prescribers
1000001194,MI,Endocrinology,2194.2000000000003,1893.0,1271384.4999999998,18,8,0.0057,233.3,115.8,577.8,366.1,1.1,653.4,214.5,32.2,26.33,29.78,16.68,17.16,37.64,1713.1,78.07,0.0,Diversified Prescribers
1000001199,FL,Endocrinology,2648.0,2298.0,1494694.21,19,8,0.0069,270.1,40.2,777.6,342.1,2.2,828.4000000000001,368.2,19.2,29.37,31.28,12.92,-38.28,2.57,1988.3000000000002,75.09,0.0,Diversified Prescribers
1000001201,FL,Endocrinology,2152.2,1835.0,1146049.72,19,8,0.0056,375.8,119.4,692.7,341.6,2.1,399.5,168.5,52.6,32.19,18.56,15.87,-72.42,-71.07,1553.2000000000003,72.17,0.0,Diversified Prescribers
1000001214,NC,Family Practice,16177.400000000003,14156.0,8678197.43,15,7,0.042,4133.7,1555.9,4586.6,4203.0,53.2,1388.9,0.0,256.1,28.35,8.59,25.98,101.63,1000.29,11734.4,72.54,0.0,Diversified Prescribers
1000001235,GA,Internal Medicine,5017.700000000001,4374.0,1508476.06,16,8,0.013,1714.3000000000002,670.6,528.1999999999999,241.7,13.3,716.9,1043.0,89.7,10.53,14.29,4.82,-32.08,-42.2,2157.3999999999996,43.0,3.0,Low-Volume / Low-Growth Prescribers
1000001242,TN,Family Practice,5542.6,4895.0,1677646.9900000002,20,8,0.0144,1037.9,379.90000000000003,191.3,1630.1,17.7,826.5,1378.6,80.6,3.45,14.91,29.41,410.2,-31.35,3027.8,54.63,0.0,Diversified Prescribers
1000001253,AZ,Endocrinology,13719.400000000001,11727.0,8508702.78,20,8,0.0356,1852.3,470.5,4756.7,2250.0,20.4,3739.4,346.0,284.1,34.67,27.26,16.4,7.35,26.18,11216.6,81.76,0.0,Diversified Prescribers
1000001262,IN,Internal Medicine,5059.099999999999,4400.0,2138581.65,15,6,0.0131,548.2,670.9,374.2,1221.4,0.0,1362.1999999999998,882.2,0.0,7.4,26.93,24.14,-78.79,1.15,3628.7,71.73,0.0,Diversified Prescribers
1000001266,TX,Internal Medicine,3123.8999999999996,2712.0,1365856.8099999998,14,7,0.0081,426.6,163.5,861.6,718.6,0.0,153.6,638.3,161.7,27.58,4.92,23.0,60.56,-65.06,1897.3000000000002,60.73,3.0,Low-Volume / Low-Growth Prescribers
1000001270,NC,Family Practice,1482.8,1280.0,755712.29,18,7,0.0039,248.3,118.1,344.6,337.4,0.0,284.3,108.5,41.6,23.24,19.17,22.75,359.45,259.72,1084.4,73.13,0.0,Diversified Prescribers
1000001272,TX,Family Practice,29217.300000000003,25235.0,12432772.84,17,8,0.0759,5436.2,869.4,3822.0000000000005,10658.399999999998,326.1,5888.1,1220.7,996.4,13.08,20.15,36.48,-65.2,-85.4,21237.899999999998,72.69,1.0,High-Volume Core Prescribers
1000001279,TX,Internal Medicine,4207.3,3672.0,2422857.21,17,8,0.0109,511.9,24.3,1565.4999999999998,905.2,25.8,502.7,599.7,72.2,37.21,11.95,21.51,-50.18,188.6,2997.7,71.25,0.0,Diversified Prescribers
1000001284,CA,Internal Medicine,869.9000000000001,741.0,436203.33,14,7,0.0023,117.1,71.4,117.19999999999999,299.7,0.0,218.1,28.1,18.3,13.47,25.07,34.45,146.31,193.76,706.3999999999999,81.2,3.0,Low-Volume / Low-Growth Prescribers
1000001295,AZ,Internal Medicine,39996.3,35348.0,19713291.7,18,7,0.1039,4359.4,2375.7,9322.8,9894.7,185.7,6072.5,7785.5,0.0,23.31,15.18,24.74,64.89,23.76,27665.7,69.17,1.0,High-Volume Core Prescribers
1000001297,VA,Endocrinology,2462.2000000000003,2107.0,1495199.17,18,7,0.0064,319.29999999999995,125.5,837.9,293.9,0.0,696.5,157.5,31.6,34.03,28.29,11.94,-59.14,-22.81,1953.8000000000002,79.35,0.0,Diversified Prescribers
1000001299,TX,Family Practice,15623.499999999998,13504.0,6248738.4399999995,12,7,0.0406,4318.8,0.0,1354.5,1184.5,125.60000000000001,6624.6,1833.3999999999999,182.1,8.67,42.4,7.58,-36.42,178.75,9163.6,58.65,3.0,Low-Volume / Low-Growth Prescribers
1000001311,VA,Nurse Practitioner,841.7000000000002,735.0,321687.63,16,6,0.0022,216.2,38.3,98.7,282.09999999999997,0.0,119.4,87.0,0.0,11.73,14.19,33.52,-41.77,37.26,538.5,63.98,3.0,Low-Volume / Low-Growth Prescribers
1000001313,FL,Family Practice,698.6,610.0,320872.01999999996,15,7,0.0018,84.9,82.9,150.3,99.69999999999999,0.0,134.9,129.39999999999998,16.5,21.51,19.31,14.27,-9.03,50.59,467.8,66.96,3.0,Low-Volume / Low-Growth Prescribers
1000001315,CA,Family Practice,3877.6000000000004,3321.0,1879762.4399999997,14,6,0.0101,433.8,432.9,430.90000000000003,803.1,0.0,1409.1999999999998,367.70000000000005,0.0,11.11,36.34,20.71,-50.38,-13.63,3076.1,79.33,3.0,Low-Volume / Low-Growth Prescribers
1000001332,AZ,Internal Medicine,728.4000000000002,637.0,315198.8600000001,14,6,0.0019,202.3,54.199999999999996,65.1,206.7,2.2,197.90000000000003,0.0,0.0,8.94,27.17,28.38,-83.59,-45.44,523.9,71.92,3.0,Low-Volume / Low-Growth Prescribers
1000001335,OH,Family Practice,13666.900000000001,12085.0,9214034.36,15,7,0.0355,0.0,494.1,6165.5,1383.0,160.89999999999998,2894.8999999999996,1908.1999999999998,660.3,45.11,21.18,10.12,663.79,311.39,10937.5,80.03,0.0,Diversified Prescribers
1000001340,NY,Internal Medicine,854.4000000000001,736.0,440487.62,12,6,0.0022,138.0,28.4,147.3,202.5,0.0,290.8,47.4,0.0,17.24,34.04,23.7,-37.11,59.13,669.0,78.3,3.0,Low-Volume / Low-Growth Prescribers
1000001346,TX,Internal Medicine,4386.200000000001,3707.0,1536940.29,13,8,0.0114,1970.1999999999998,270.1,874.8,221.1,12.5,438.9,530.7,67.9,19.94,10.01,5.04,66.21,313.34,1804.8999999999996,41.15,3.0,Low-Volume / Low-Growth Prescribers
1000001357,CA,Internal Medicine,1097.6,959.0,584950.51,16,6,0.0029,170.4,36.900000000000006,311.40000000000003,312.9,0.0,145.5,120.5,0.0,28.37,13.26,28.51,47.4,50.95,806.7,73.5,3.0,Low-Volume / Low-Growth Prescribers
1000001361,IL,Internal Medicine,13835.900000000001,11979.0,6760206.75,17,8,0.0359,1602.6,859.1,2344.1,6224.799999999999,146.79999999999998,1079.5,1298.4,280.6,16.94,7.8,44.99,119.74,197.78,10507.5,75.94,0.0,Diversified Prescribers
1000001364,GA,Family Practice,694.9,607.0,342540.45000000007,15,6,0.0018,0.0,18.3,113.1,255.20000000000002,2.4,171.5,134.4,0.0,16.28,24.68,36.72,305.46,-32.24,558.1,80.31,3.0,Low-Volume / Low-Growth Prescribers
1000001373,TN,Internal Medicine,3000.2999999999997,2623.0,1418801.5399999998,18,7,0.0078,0.0,154.2,445.3,881.0999999999999,12.5,836.0999999999999,604.8,66.3,14.84,27.87,29.37,-77.72,-83.28,2316.7,77.22,0.0,Diversified Prescribers
1000001394,PA,Internal Medicine,915.3999999999999,802.0,431167.45,15,8,0.0024,81.3,119.69999999999999,123.5,294.20000000000005,9.5,163.7,85.8,37.7,13.49,17.88,32.14,38.28,-27.67,701.1,76.59,3.0,Low-Volume / Low-Growth Prescribers
1000001411,IN,Endocrinology,37353.299999999996,32913.0,17079341.75,21,7,0.097,8269.099999999999,3150.2,8880.4,7545.500000000001,193.2,5194.7,4120.2,0.0,23.77,13.91,20.2,3.04,-0.52,24770.8,66.31,1.0,High-Volume Core Prescribers
1000001413,NY,Endocrinology,1670.1999999999998,1433.0,1002660.0,19,8,0.0043,273.79999999999995,93.30000000000001,567.9000000000001,352.70000000000005,3.3000000000000003,287.1,76.0,16.1,34.0,17.19,21.12,71.33,50.61,1301.0000000000002,77.89,0.0,Diversified Prescribers
1000001415,CA,Physician Assistant,13501.599999999999,11749.0,6786511.72,17,8,0.0351,1420.2,782.0,4188.8,1380.9,87.9,2075.9,3342.7999999999997,223.1,31.02,15.38,10.23,-8.41,-9.25,8427.6,62.42,0.0,Diversified Prescribers
1000001416,VA,Endocrinology,12299.3,10560.0,6689397.790000001,22,8,0.032,1445.1,996.6,2853.7,2037.3,57.2,3669.7000000000003,1116.4,123.3,23.2,29.84,16.56,971.25,21.63,9557.3,77.71,0.0,Diversified Prescribers
1000001432,TX,Internal Medicine,4374.2,3685.0,2062779.27,17,8,0.0114,620.5,42.3,574.9,1023.1,34.5,1551.6999999999998,464.4,62.8,13.14,35.47,23.39,24.86,117.98,3192.0,72.97,0.0,Diversified Prescribers
1000001447,CA,Family Practice,5514.999999999999,4875.0,2677857.62,16,7,0.0143,1118.9,420.5,1177.6000000000001,1220.2,0.0,1070.8,268.2,238.8,21.35,19.42,22.13,656.47,-7.03,3889.1000000000004,70.52,0.0,Diversified Prescribers
1000001449,TN,Family Practice,38335.3,33931.0,17964531.5,17,8,0.0996,3137.0,2207.0,2010.1000000000001,13627.4,224.5,13780.1,2762.3,586.9,5.24,35.95,35.55,86.61,26.96,31624.6,82.49,1.0,High-Volume Core Prescribers
1000001463,MI,Family Practice,15502.7,13589.0,6788299.61,15,8,0.0403,1906.9,954.8,4050.5,1587.9,109.1,1852.5,4435.0,606.0,26.13,11.95,10.24,-66.36,-38.87,8445.7,54.48,0.0,Diversified Prescribers
1000001465,MA,Endocrinology,1950.3999999999999,1714.0,1041277.9500000002,17,7,0.0051,302.4,116.69999999999999,540.6,531.1999999999999,0.0,291.09999999999997,139.8,28.6,27.72,14.93,27.24,-6.94,4.14,1479.6,75.86,0.0,Diversified Prescribers
1000001475,VA,Family Practice,5400.0,4698.0,3235225.0199999996,16,7,0.014,1328.8000000000002,128.8,2090.3999999999996,804.6,9.0,639.0,399.4,0.0,38.71,11.83,14.9,-3.36,201.4,3662.7999999999997,67.83,0.0,Diversified Prescribers
1000001485,CA,Internal Medicine,15479.8,13344.0,7667536.999999999,16,7,0.0402,4024.8999999999996,1711.3,3472.3,2593.6,96.6,3329.7000000000003,0.0,251.4,22.43,21.51,16.75,455.72,-36.82,11106.9,71.75,0.0,Diversified Prescribers
1000001503,OH,Internal Medicine,972.9000000000002,840.0,483278.87,16,6,0.0025,104.0,102.19999999999999,211.0,318.4,0.0,114.80000000000001,122.50000000000001,0.0,21.69,11.8,32.73,-72.13,-47.95,746.4,76.72,3.0,Low-Volume / Low-Growth Prescribers
1000001510,AZ,Family Practice,740.8000000000002,649.0,287301.14999999997,16,8,0.0019,85.0,77.4,74.3,191.8,3.7,123.3,141.7,43.6,10.03,16.64,25.89,31.49,351.24,466.8,63.01,3.0,Low-Volume / Low-Growth Prescribers
1000001516,CA,Family Practice,5011.8,4400.0,2555737.04,16,7,0.013,592.7,646.0,933.2,1133.1,0.0,1150.5,474.4,81.9,18.62,22.96,22.61,-11.8,21.33,3862.7999999999997,77.07,0.0,Diversified Prescribers
1000001521,TN,Physician Assistant,4879.4,4299.0,2432244.22,16,8,0.0127,541.9,279.3,1098.8000000000002,1456.7,20.8,726.5,617.4,138.0,22.52,14.89,29.85,94.94,-5.97,3561.3,72.99,0.0,Diversified Prescribers
1000001529,CA,Internal Medicine,713.0,619.0,204109.16000000003,11,6,0.0019,341.6,68.2,139.49999999999997,62.5,0.0,0.0,68.9,32.3,19.57,0.0,8.77,-86.43,-83.38,270.2,37.9,3.0,Low-Volume / Low-Growth Prescribers
1000001532,AZ,Family Practice,30799.5,26913.0,8894773.2,14,8,0.08,13037.1,2823.3999999999996,3451.3,6389.400000000001,288.5,482.4,3677.7000000000003,649.7,11.21,1.57,20.75,129.14,79.46,13146.5,42.68,1.0,High-Volume Core Prescribers
1000001534,NC,Internal Medicine,3098.9000000000005,2596.0,963521.1900000001,12,7,0.0081,1592.2,252.3,466.1,474.5,23.4,204.60000000000002,0.0,85.8,15.04,6.6,15.31,-96.0,-96.68,1397.5,45.1,3.0,Low-Volume / Low-Growth Prescribers
1000001536,GA,Internal Medicine,792.4999999999999,680.0,421293.45,15,7,0.0021,86.5,131.7,131.0,165.29999999999998,0.0,218.8,45.7,13.5,16.53,27.61,20.86,-31.95,46.72,646.8,81.62,3.0,Low-Volume / Low-Growth Prescribers
1000001537,MA,Family Practice,929.6,820.0,420857.71,13,6,0.0024,108.0,89.8,123.3,254.10000000000002,0.0,196.09999999999997,158.3,0.0,13.26,21.1,27.33,50.9,160.62,663.3,71.35,3.0,Low-Volume / Low-Growth Prescribers
1000001539,MA,Internal Medicine,4670.0,4062.0,1461979.08,17,8,0.0121,965.3,419.40000000000003,153.6,1103.0,33.0,775.3,1150.7,69.7,3.29,16.6,23.62,44.46,409.61,2451.3,52.49,0.0,Diversified Prescribers
1000001541,CA,Endocrinology,14095.599999999997,12123.0,8295735.279999999,22,8,0.0366,2456.4,895.0,4965.599999999999,2262.5,24.2,2755.5,559.6,176.8,35.23,19.55,16.05,107.93,56.14,10878.599999999999,77.18,0.0,Diversified Prescribers
1000001542,NY,Family Practice,2892.0,2504.0,1418367.6800000002,14,7,0.0075,0.0,213.70000000000002,551.3,1005.1,20.5,521.6,415.7,164.1,19.06,18.04,34.75,-49.82,-29.74,2291.7000000000003,79.24,3.0,Low-Volume / Low-Growth Prescribers
1000001555,PA,Internal Medicine,4619.600000000001,3974.0,1716704.3399999996,18,8,0.012,622.7,455.0,386.40000000000003,1481.7,21.6,654.6999999999999,943.0,54.5,8.36,14.17,32.07,-99.29,-98.97,2977.8,64.46,0.0,Diversified Prescribers
1000001581,VA,Internal Medicine,23731.2,20553.0,12138528.9,16,7,0.0617,0.0,3250.3999999999996,3412.8999999999996,13771.0,520.8,1027.6,1056.6,691.9,14.38,4.33,58.03,-44.87,-27.58,21461.9,90.44,0.0,Diversified Prescribers
1000001582,NY,Family Practice,4016.7999999999997,3530.0,2118437.49,19,7,0.0104,513.7,420.40000000000003,621.5,1166.0000000000002,22.5,1188.2,0.0,84.5,15.47,29.58,29.03,1876.26,51.03,3396.1000000000004,84.55,0.0,Diversified Prescribers
1000001584,TX,Cardiology,5242.699999999999,4512.0,2361881.88,18,8,0.0136,555.1,344.1,991.5999999999999,1249.9,17.2,810.1999999999999,1194.3999999999999,80.2,18.91,15.45,23.84,475.41,442.78,3395.7999999999997,64.77,0.0,Diversified Prescribers
1000001600,FL,Internal Medicine,614.2,524.0,253325.62,12,6,0.0016,110.8,54.2,120.19999999999999,146.89999999999998,0.0,49.5,132.6,0.0,19.57,8.06,23.92,-25.67,-43.15,370.79999999999995,60.37,3.0,Low-Volume / Low-Growth Prescribers
1000001601,GA,Internal Medicine,1062.3,919.0,444248.93000000005,16,7,0.0028,205.3,50.4,121.30000000000001,414.20000000000005,0.0,179.9,75.0,16.2,11.42,16.93,38.99,-76.37,-65.72,765.8000000000001,72.09,3.0,Low-Volume / Low-Growth Prescribers
1000001603,IN,Internal Medicine,15698.999999999998,13641.0,9389876.01,15,7,0.0408,3140.5,819.0,6005.0,4120.6,0.0,837.8999999999999,620.2,155.8,38.25,5.34,26.25,-23.13,71.37,11782.5,75.05,0.0,Diversified Prescribers
1000001608,TX,Internal Medicine,6478.199999999999,5602.0,3481544.2299999995,16,7,0.0168,361.2,856.7999999999998,1061.3,1360.7,0.0,2216.6000000000004,462.0,159.6,16.38,34.22,21.0,7.13,88.75,5495.400000000001,84.83,0.0,Diversified Prescribers
1000001613,IL,Internal Medicine,650.6999999999999,561.0,210473.29,11,6,0.0017,94.2,44.9,62.8,163.5,0.0,67.4,217.9,0.0,9.65,10.36,25.13,-87.94,-75.97,338.6,52.04,3.0,Low-Volume / Low-Growth Prescribers
1000001620,CA,Internal Medicine,857.8000000000001,757.0,379702.95000000007,16,7,0.0022,304.5,45.2,210.7,177.39999999999998,1.1,83.7,35.2,0.0,24.56,9.76,20.68,196.38,-4.27,517.0,60.27,3.0,Low-Volume / Low-Growth Prescribers
1000001627,FL,Internal Medicine,6681.900000000001,5859.0,3539199.2100000004,21,8,0.0174,906.7,567.4,1381.5,1865.6,41.6,1468.6,388.0,62.5,20.68,21.98,27.92,-48.64,222.92,5283.1,79.07,0.0,Diversified Prescribers
1000001630,NY,Family Practice,4817.6,4198.0,1892814.8800000001,12,7,0.0125,1568.0,147.4,326.70000000000005,1293.1,20.7,1283.0,178.7,0.0,6.78,26.63,26.84,37.56,17.77,3050.2,63.31,3.0,Low-Volume / Low-Growth Prescribers
1000001635,CA,Internal Medicine,48864.59999999999,42586.0,20961392.930000003,20,8,0.1269,8008.599999999999,6960.5,8745.0,12807.599999999999,180.2,4854.3,6717.200000000001,591.2,17.9,9.93,26.21,70.08,1.81,33367.399999999994,68.29,1.0,High-Volume Core Prescribers
1000001649,IN,Family Practice,3536.4000000000005,3127.0,2180689.4400000004,16,7,0.0092,0.0,79.3,1193.1,1092.0,14.2,625.4,463.0,69.4,33.74,17.68,30.88,-36.78,837.36,2989.8,84.54,0.0,Diversified Prescribers
1000001654,TX,Endocrinology,1967.2999999999995,1732.0,1220875.4700000002,15,7,0.0051,219.0,33.9,612.5,211.6,0.0,746.8,128.1,15.4,31.13,37.96,10.76,-40.51,92.81,1604.8,81.57,3.0,Low-Volume / Low-Growth Prescribers
1000001657,GA,Internal Medicine,4337.699999999999,3706.0,1703498.1500000004,15,8,0.0113,1238.8,258.4,824.7,868.1999999999999,26.5,436.1,621.4,63.6,19.01,10.05,20.02,-82.76,-59.99,2387.4,55.04,3.0,Low-Volume / Low-Growth Prescribers
1000001667,VA,Physician Assistant,681.2,602.0,317286.79000000004,14,7,0.0018,101.2,74.8,114.0,235.0,0.0,111.80000000000001,28.8,15.6,16.74,16.41,34.5,819.58,18.72,535.6,78.63,3.0,Low-Volume / Low-Growth Prescribers
1000001680,OH,Internal Medicine,3343.2,2946.0,2281253.9800000004,15,7,0.0087,0.0,606.9000000000001,1342.5,352.29999999999995,9.4,635.2,326.9,70.0,40.16,19.0,10.54,-0.11,923.04,2936.9000000000005,87.85,0.0,Diversified Prescribers
1000001682,CA,Family Practice,912.6999999999999,780.0,589743.6499999999,14,6,0.0024,0.0,103.80000000000001,261.8,271.9,0.0,198.4,47.1,29.7,28.68,21.74,29.79,337.09,316.75,835.9,91.59,3.0,Low-Volume / Low-Growth Prescribers
1000001696,TX,Endocrinology,102927.49999999999,89774.0,55325922.11,21,8,0.2674,19876.1,7235.5,34586.4,13668.2,352.0,14799.9,11572.400000000001,837.0,33.6,14.38,13.28,-40.06,47.6,70290.0,68.29,1.0,High-Volume Core Prescribers
1000001724,CA,Family Practice,3841.1,3364.0,1925738.1,17,7,0.01,0.0,326.8,722.3,925.5,50.4,976.3000000000001,747.8,92.0,18.8,25.42,24.09,1298.82,129.33,2950.8999999999996,76.82,0.0,Diversified Prescribers
1000001742,IL,Family Practice,711.9,621.0,378406.82,11,6,0.0018,0.0,0.0,147.7,231.1,2.4,208.39999999999998,96.5,25.799999999999997,20.75,29.27,32.46,-99.08,-98.55,587.1999999999999,82.48,3.0,Low-Volume / Low-Growth Prescribers
1000001743,MI,Endocrinology,11517.399999999998,10020.0,7094180.27,21,8,0.0299,1254.5,773.8,3426.5,1520.1999999999998,54.199999999999996,3863.6,487.90000000000003,136.7,29.75,33.55,13.2,-35.07,-6.54,9584.1,83.21,0.0,Diversified Prescribers
1000001744,MI,Internal Medicine,5395.4000000000015,4804.0,2926747.5300000003,18,7,0.014,0.0,520.4,807.6000000000001,1400.6,23.6,1872.1999999999998,535.3,235.7,14.97,34.7,25.96,37.02,85.79,4600.8,85.27,0.0,Diversified Prescribers
1000001757,NC,Internal Medicine,13720.5,11617.0,6363449.69,16,7,0.0356,0.0,958.4,2064.2,5775.5,48.6,1545.8,2458.3,869.7,15.04,11.27,42.09,6.35,-20.85,10343.9,75.39,0.0,Diversified Prescribers
1000001763,VA,Internal Medicine,1193.3,1025.0,508667.81000000006,13,7,0.0031,320.1,187.29999999999998,169.1,204.6,0.0,210.8,85.0,16.4,14.17,17.67,17.15,12.82,16.53,771.8,64.68,3.0,Low-Volume / Low-Growth Prescribers
1000001767,CA,Internal Medicine,963.6,847.0,315167.37,11,7,0.0025,287.2,43.0,24.5,204.6,0.0,273.9,65.3,65.10000000000001,2.54,28.42,21.23,43.79,48.03,546.0,56.66,3.0,Low-Volume / Low-Growth Prescribers
1000001771,IN,Family Practice,2752.3999999999996,2405.0,1447682.9,12,6,0.0072,0.0,342.59999999999997,318.9,849.5,26.7,923.0,291.7,0.0,11.59,33.53,30.86,325.19,241.31,2434.0,88.43,3.0,Low-Volume / Low-Growth Prescribers
1000001781,IL,Nurse Practitioner,4177.900000000001,3648.0,1710243.75,13,6,0.0109,602.1,279.8,456.2,1290.3999999999999,0.0,794.1,755.3000000000001,0.0,10.92,19.01,30.89,-1.02,94.29,2820.5,67.51,3.0,Low-Volume / Low-Growth Prescribers
1000001784,TX,Family Practice,4065.3,3543.0,1801885.6500000001,13,8,0.0106,716.0,223.8,378.0,1554.9,18.7,898.0999999999999,204.8,71.0,9.3,22.09,38.25,-83.49,-71.75,3054.8,75.14,3.0,Low-Volume / Low-Growth Prescribers
1000001786,MA,Family Practice,1023.7000000000003,889.0,536160.87,18,7,0.0027,101.3,43.4,260.0,272.3,0.0,195.29999999999998,120.2,31.2,25.4,19.08,26.6,28.29,206.19,771.0,75.32,3.0,Low-Volume / Low-Growth Prescribers
1000001790,TX,Endocrinology,45008.5,39363.0,27672246.210000005,22,8,0.1169,4343.5,1593.0,16208.5,6572.9,189.0,11310.2,4001.4,790.0,36.01,25.13,14.6,34.32,7.14,35684.6,79.28,1.0,High-Volume Core Prescribers
1000001796,FL,Family Practice,6272.7,5421.0,2436218.14,19,8,0.0163,1700.8000000000002,441.4,1090.9,1128.1,23.8,867.8000000000001,943.9,76.0,17.39,13.83,17.98,360.03,171.64,3528.2000000000003,56.25,0.0,Diversified Prescribers
1000001801,PA,Family Practice,17301.7,14974.0,7780033.86,19,8,0.0449,2572.3,1262.1999999999998,3051.9,2168.2,165.70000000000002,4234.6,3534.2999999999997,312.5,17.64,24.48,12.53,40.34,502.99,10716.900000000001,61.94,0.0,Diversified Prescribers
1000001802,PA,Internal Medicine,773.3000000000001,682.0,405845.79000000004,14,6,0.002,0.0,42.7,180.6,157.8,0.0,206.7,130.3,55.2,23.35,26.73,20.41,-21.78,-50.32,587.8,76.01,3.0,Low-Volume / Low-Growth Prescribers
1000001804,NY,Internal Medicine,38757.0,33645.0,14644334.829999996,17,8,0.1007,9270.4,3978.5,3478.5,8946.199999999999,100.2,8220.6,3302.8,1459.8,8.98,21.21,23.08,-11.12,-24.1,24623.8,63.53,1.0,High-Volume Core Prescribers
1000001821,PA,Endocrinology,2859.1000000000004,2465.0,1748680.1199999999,19,7,0.0074,367.5,175.10000000000002,942.3,404.2,0.0,738.6,201.0,30.4,32.96,25.83,14.14,-34.12,-4.23,2260.2,79.05,0.0,Diversified Prescribers
1000001831,GA,Family Practice,1008.5999999999999,865.0,436092.87999999995,13,6,0.0026,108.7,126.1,82.69999999999999,280.8,0.0,254.0,156.3,0.0,8.2,25.18,27.84,88.19,155.02,743.5999999999999,73.73,3.0,Low-Volume / Low-Growth Prescribers
1000001841,NC,Internal Medicine,5092.4,4394.0,2405382.5999999996,18,8,0.0132,548.6,171.8,580.4000000000001,1722.6,13.6,1417.7,549.0,88.7,11.4,27.84,33.83,-31.46,231.29,3892.5,76.44,0.0,Diversified Prescribers
1000001848,OH,Nurse Practitioner,14790.000000000002,12951.0,6158734.18,16,8,0.0384,1881.6,1188.3000000000002,3318.1,3845.3,108.1,660.1,3548.7,239.8,22.43,4.46,26.0,-80.99,-54.59,9011.8,60.93,0.0,Diversified Prescribers
1000001852,CA,Nurse Practitioner,4777.3,4191.0,1742770.6400000001,19,8,0.0124,937.3,380.2,652.9,724.9000000000001,26.5,854.0999999999999,1133.7,67.7,13.67,17.88,15.17,-23.19,120.4,2612.1000000000004,54.68,0.0,Diversified Prescribers
1000001853,IL,Nurse Practitioner,17392.0,14872.0,6391138.790000001,18,7,0.0452,4333.1,2092.6,555.5,4596.1,152.3,3980.6,1681.8,0.0,3.19,22.89,26.43,-62.2,-46.13,11224.800000000001,64.54,0.0,Diversified Prescribers
1000001855,VA,Internal Medicine,4591.900000000001,3978.0,2365587.4000000004,15,8,0.0119,655.6,442.20000000000005,945.2,853.1999999999999,11.9,1088.3,494.4,101.1,20.58,23.7,18.58,-11.27,-13.9,3328.8999999999996,72.5,0.0,Diversified Prescribers
1000001860,CA,Family Practice,15516.199999999997,13597.0,5701765.19,17,8,0.0403,3446.4,2033.0,2225.0000000000005,4923.6,45.7,199.7,2281.8999999999996,360.9,14.34,1.29,31.73,-53.74,-73.4,9381.300000000001,60.46,0.0,Diversified Prescribers
1000001861,PA,Family Practice,702.0000000000001,612.0,366045.88,14,7,0.0018,77.8,27.6,191.60000000000002,168.7,0.0,123.1,74.7,38.5,27.29,17.54,24.03,-83.9,-71.91,511.00000000000006,72.79,3.0,Low-Volume / Low-Growth Prescribers
1000001868,PA,Endocrinology,7741.9,6843.0,5305380.58,20,8,0.0201,468.5,650.1999999999999,3369.6000000000004,1283.1,15.1,1413.4999999999998,495.70000000000005,46.2,43.52,18.26,16.57,238.94,32.34,6716.4,86.75,0.0,Diversified Prescribers
1000001873,IN,Nurse Practitioner,954.1000000000001,828.0,392176.2899999999,13,6,0.0025,252.89999999999998,25.2,189.6,188.79999999999998,0.0,136.9,160.7,0.0,19.87,14.35,19.79,-17.66,974.6,540.5,56.65,3.0,Low-Volume / Low-Growth Prescribers
1000001884,PA,Endocrinology,10590.699999999999,9428.0,6269957.8,20,7,0.0275,585.9,685.3000000000001,3114.5999999999995,1976.1,0.0,2939.1000000000004,1034.7,255.0,29.41,27.75,18.66,-43.96,2.31,8715.1,82.29,0.0,Diversified Prescribers
1000001886,IL,Endocrinology,1658.1,1435.0,876330.44,19,7,0.0043,238.6,46.6,496.4,383.3,0.0,308.70000000000005,148.4,36.1,29.94,18.62,23.12,-35.62,72.6,1235.0,74.48,0.0,Diversified Prescribers
1000001890,CA,Endocrinology,42654.00000000001,36891.0,22199449.009999998,21,8,0.1108,5312.9,3231.0,8251.7,7434.5,117.19999999999999,13602.0,3803.1000000000004,901.5999999999999,19.35,31.89,17.43,62.19,13.18,32519.2,76.24,1.0,High-Volume Core Prescribers
1000001918,MI,Internal Medicine,4738.400000000001,4138.0,1637234.87,14,7,0.0123,1365.8,735.0,559.0999999999999,1145.3,0.0,252.7,540.9,139.6,11.8,5.33,24.17,-88.88,-78.09,2692.1,56.81,3.0,Low-Volume / Low-Growth Prescribers
1000001929,OH,Endocrinology,31531.699999999997,27348.0,19152388.069999997,21,7,0.0819,3364.3999999999996,1838.8999999999999,10955.0,5773.7,69.4,7564.4,1965.9,0.0,34.74,23.99,18.31,-74.05,5.06,26132.000000000004,82.88,1.0,High-Volume Core Prescribers
1000001938,CA,Internal Medicine,929.0000000000001,810.0,330785.47000000003,14,6,0.0024,222.2,21.8,66.9,241.8,0.0,220.39999999999998,155.9,0.0,7.2,23.72,26.03,59.48,68.57,550.9,59.3,3.0,Low-Volume / Low-Growth Prescribers
1000001942,GA,Family Practice,1102.3000000000002,955.0,501394.23000000004,16,7,0.0029,113.9,82.9,272.8,270.9,0.0,77.9,247.79999999999998,36.099999999999994,24.75,7.07,24.58,23.47,-33.2,704.5,63.91,3.0,Low-Volume / Low-Growth Prescribers
1000001948,CA,Internal Medicine,611.3000000000002,527.0,292379.61,12,7,0.0016,128.8,62.5,160.8,193.4,0.0,13.2,36.0,16.6,26.3,2.16,31.64,-82.09,-60.35,429.9,70.33,3.0,Low-Volume / Low-Growth Prescribers
1000001955,TX,Physician Assistant,16039.9,13752.0,7797981.850000001,16,8,0.0417,1401.8,1366.6,1565.0,3651.4000000000005,87.2,5910.700000000001,1785.6999999999998,271.5,9.76,36.85,22.76,37.97,181.71,12493.7,77.89,0.0,Diversified Prescribers
1000001958,CA,Family Practice,5481.500000000001,4784.0,2706388.4400000004,15,6,0.0142,648.1,517.9,755.8,1514.1,0.0,1632.0,413.6,0.0,13.79,29.77,27.62,-27.68,-41.11,4419.8,80.63,0.0,Diversified Prescribers
1000001960,FL,Endocrinology,3788.1999999999994,3264.0,2261016.4499999993,18,7,0.0098,560.6,197.39999999999998,1125.9,452.6,2.4,1169.1,280.2,0.0,29.72,30.86,11.95,18.39,115.94,2945.0,77.74,0.0,Diversified Prescribers
1000001979,CA,Nurse Practitioner,5157.799999999999,4410.0,3125670.02,19,8,0.0134,505.9,532.3,1521.5,1668.2000000000003,59.400000000000006,687.4,139.7,43.4,29.5,13.33,32.34,1.6,189.46,4409.4,85.49,0.0,Diversified Prescribers
1000001986,VA,Family Practice,833.5999999999999,728.0,481082.1500000001,14,7,0.0022,0.0,44.6,174.0,362.90000000000003,2.3,187.5,26.4,35.9,20.87,22.49,43.53,-44.95,64.66,769.0,92.25,3.0,Low-Volume / Low-Growth Prescribers
1000001992,NY,Family Practice,15563.299999999996,13252.0,11324072.629999999,14,7,0.0404,0.0,1940.5,6408.400000000001,2464.9,185.1,3359.2,684.7,520.5,41.18,21.58,15.84,62.37,154.91,14173.0,91.07,0.0,Diversified Prescribers
1000001998,TX,Endocrinology,2042.8,1786.0,1202173.16,18,8,0.0053,218.39999999999998,137.8,639.7,247.90000000000003,2.4,574.2,174.1,48.3,31.31,28.11,12.14,-21.77,3.83,1599.6000000000001,78.3,0.0,Diversified Prescribers
1000002005,AZ,Family Practice,12666.100000000002,11017.0,5381543.459999999,14,7,0.0329,3847.2999999999997,970.6,2529.9,3164.2,0.0,1166.1999999999998,575.5,412.4,19.97,9.21,24.98,-43.91,-1.49,7830.9,61.83,0.0,Diversified Prescribers
1000002014,PA,Internal Medicine,18618.9,16095.0,7316849.75,19,8,0.0484,6048.299999999999,1264.3999999999999,3961.5,3020.4,143.0,1311.8,2497.0,372.5,21.28,7.05,16.22,-15.01,-16.14,9558.1,51.34,0.0,Diversified Prescribers
1000002027,TN,Cardiology,4386.9,3844.0,1880905.2100000004,14,7,0.0114,1092.0,194.6,670.0,717.5999999999999,0.0,1098.5,563.9,50.3,15.27,25.04,16.36,41.44,2339.73,2680.7,61.11,3.0,Low-Volume / Low-Growth Prescribers
1000002032,IN,Internal Medicine,5452.0,4768.0,2318751.5,17,8,0.0142,1016.7,253.3,742.1999999999999,1062.9,14.2,1319.3,897.2,146.2,13.61,24.2,19.5,-4.8,186.83,3377.7000000000003,61.95,0.0,Diversified Prescribers
1000002035,TX,Internal Medicine,12989.299999999996,11134.0,7167239.48,17,7,0.0337,0.0,1924.7,4417.2,2230.0,71.6,767.5,3333.7,244.6,34.01,5.91,17.17,108.13,10.27,9339.4,71.9,0.0,Diversified Prescribers
1000002038,PA,Internal Medicine,15840.3,13671.0,6596860.130000001,18,8,0.0412,4109.8,1362.0,2440.6000000000004,3700.2999999999997,117.30000000000001,2627.0,1237.5,245.8,15.41,16.58,23.36,113.59,620.13,10129.9,63.95,0.0,Diversified Prescribers
1000002054,MI,Nurse Practitioner,26979.9,24001.0,15902735.73,14,7,0.0701,0.0,4500.1,9026.5,2772.6,484.7,4805.6,4182.1,1208.3,33.46,17.81,10.28,-23.16,285.04,21104.8,78.22,0.0,Diversified Prescribers
1000002062,TX,Family Practice,18248.099999999995,16135.0,7450354.300000001,16,8,0.0474,3869.8,1788.2000000000003,2471.7,3001.2,88.7,3323.6,3504.3999999999996,200.5,13.54,18.21,16.45,9018.98,96.97,10584.7,58.0,2.0,Moderate-Volume Prescribers (Segment 2)
1000002067,IL,Internal Medicine,633.3,550.0,421685.80999999994,10,5,0.0016,0.0,147.79999999999998,207.29999999999998,60.8,0.0,177.8,39.6,0.0,32.73,28.08,9.6,-31.24,-58.26,593.6999999999999,93.75,3.0,Low-Volume / Low-Growth Prescribers
1000002085,NY,Internal Medicine,579.9000000000001,529.0,198742.87999999998,15,7,0.0015,120.8,48.5,30.8,188.6,0.0,82.29999999999998,85.4,23.5,5.31,14.19,32.52,12.47,198.05,350.19999999999993,60.39,3.0,Low-Volume / Low-Growth Prescribers
1000002090,PA,Family Practice,16265.000000000002,13886.0,10279579.59,13,5,0.0423,0.0,2720.7999999999997,3309.6000000000004,4856.4,243.39999999999998,5134.799999999999,0.0,0.0,20.35,31.57,29.86,-78.09,-17.43,16021.599999999999,98.5,0.0,Diversified Prescribers
1000002096,CA,Family Practice,3926.8,3361.0,1815967.5199999998,19,8,0.0102,680.6,466.90000000000003,633.4,864.4000000000001,10.4,862.8,272.2,136.1,16.13,21.97,22.01,-77.36,-74.8,2827.5,72.01,0.0,Diversified Prescribers
1000002101,OH,Internal Medicine,16434.300000000003,14458.0,6771745.950000001,17,8,0.0427,1771.1,1671.0,1260.7,5499.4,41.3,3268.8,2318.6,603.4,7.67,19.89,33.46,8.86,-30.93,11699.9,71.19,0.0,Diversified Prescribers
1000002104,IL,Family Practice,3300.0999999999995,2846.0,1661108.4899999998,15,7,0.0086,663.5,426.3,638.0999999999999,674.0,0.0,713.4000000000001,121.3,63.5,19.34,21.62,20.42,-78.5,-18.55,2451.8,74.29,3.0,Low-Volume / Low-Growth Prescribers
1000002108,IN,Internal Medicine,891.6999999999999,768.0,487745.83999999997,14,6,0.0023,219.7,117.7,293.3,155.60000000000002,0.0,58.300000000000004,47.1,0.0,32.89,6.54,17.45,-39.08,81.76,624.9000000000001,70.08,3.0,Low-Volume / Low-Growth Prescribers
1000002112,TX,Internal Medicine,586.6999999999999,508.0,202016.35999999996,13,6,0.0015,92.2,92.19999999999999,57.3,127.5,0.0,68.5,149.0,0.0,9.77,11.68,21.73,-35.27,-59.62,345.5,58.89,3.0,Low-Volume / Low-Growth Prescribers
1000002114,CA,Family Practice,5437.6,4750.0,2302024.1499999994,17,8,0.0141,1357.6,197.5,1108.2,1100.0,15.2,757.1999999999999,839.4000000000001,62.5,20.38,13.93,20.23,108.64,180.57,3162.9,58.17,0.0,Diversified Prescribers
1000002126,AZ,Family Practice,12179.0,10594.0,4941979.75,14,7,0.0316,2146.7,758.4,338.5,6295.900000000001,173.60000000000002,2268.6,0.0,197.3,2.78,18.63,51.69,-42.25,-81.15,9661.400000000001,79.33,0.0,Diversified Prescribers
1000002133,IL,Internal Medicine,5940.099999999999,5232.0,2317379.5700000003,16,7,0.0154,1397.9,520.6,681.9,1531.2,12.1,980.9,815.5,0.0,11.48,16.51,25.78,-38.56,-35.0,3714.6000000000004,62.53,0.0,Diversified Prescribers
1000002166,FL,Family Practice,977.9000000000001,853.0,398391.63,15,8,0.0025,224.5,112.79999999999998,100.19999999999999,360.5,1.2,105.5,43.4,29.8,10.25,10.79,36.86,148.49,-26.63,679.0,69.43,3.0,Low-Volume / Low-Growth Prescribers
1000002170,FL,Family Practice,15434.599999999999,13504.0,7102712.629999999,16,8,0.0401,1857.5,1359.1,2626.8999999999996,2730.1,74.6,4046.0,2484.2999999999997,256.1,17.02,26.21,17.69,-72.82,-38.1,10762.1,69.73,0.0,Diversified Prescribers
1000002184,GA,Family Practice,3963.1000000000004,3447.0,2022195.88,14,6,0.0103,732.7,444.4,566.9,1190.8999999999999,27.9,1000.3000000000001,0.0,0.0,14.3,25.24,30.05,135.45,98.24,3202.5,80.81,3.0,Low-Volume / Low-Growth Prescribers
1000002193,AZ,Family Practice,6933.600000000001,6088.0,2789985.6299999994,15,7,0.018,1976.4,676.5,972.2,564.4000000000001,12.3,1800.8000000000002,931.0,0.0,14.02,25.97,8.14,-34.14,-50.43,4013.9,57.89,0.0,Diversified Prescribers
1000002207,IL,Nurse Practitioner,853.2,737.0,524287.7399999999,12,6,0.0022,190.0,31.9,347.7,236.0,2.3,45.3,0.0,0.0,40.75,5.31,27.66,-58.47,700.56,660.9,77.46,3.0,Low-Volume / Low-Growth Prescribers
1000002212,GA,Endocrinology,9804.1,8641.0,5645098.899999999,21,8,0.0255,530.7,679.3000000000001,2669.1,1555.3999999999999,10.3,3159.2999999999997,1014.2,185.8,27.22,32.22,15.86,-2.59,14.24,8063.099999999999,82.24,0.0,Diversified Prescribers
1000002225,CA,Internal Medicine,4684.900000000001,4077.0,2077184.24,13,7,0.0122,1164.9,371.1,744.4,757.8,0.0,1139.8,416.1,90.8,15.89,24.33,16.18,-68.12,146.26,3013.0999999999995,64.32,3.0,Low-Volume / Low-Growth Prescribers
1000002228,VA,Internal Medicine,891.3000000000001,779.0,377771.94999999995,14,5,0.0023,339.9,102.69999999999999,182.9,155.0,0.0,110.8,0.0,0.0,20.52,12.43,17.39,119.92,80.58,551.4,61.86,3.0,Low-Volume / Low-Growth Prescribers
1000002232,IN,Nurse Practitioner,699.0999999999999,613.0,363868.92,13,7,0.0018,0.0,118.00000000000001,80.6,298.8,2.2,141.1,29.2,29.200000000000003,11.53,20.18,42.74,-20.15,48.8,638.5,91.33,3.0,Low-Volume / Low-Growth Prescribers
1000002235,IL,Family Practice,3979.5,3489.0,1797534.0999999996,17,8,0.0103,506.9,342.8,727.0,641.7,5.8,1047.1000000000001,601.3,106.9,18.27,26.31,16.13,-59.34,-79.63,2758.6000000000004,69.32,0.0,Diversified Prescribers
1000002239,IN,Internal Medicine,545.3000000000001,472.0,283700.89,14,7,0.0014,0.0,21.1,66.7,236.20000000000002,2.5,155.8,48.1,14.9,12.23,28.57,43.32,-65.31,-3.66,479.8,87.99,3.0,Low-Volume / Low-Growth Prescribers
1000002244,PA,Nurse Practitioner,614.5,540.0,315048.67,12,7,0.0016,105.7,56.5,143.1,171.2,0.0,77.2,31.6,29.2,23.29,12.56,27.86,257.88,448.71,448.0,72.9,3.0,Low-Volume / Low-Growth Prescribers
1000002252,FL,Family Practice,10717.3,9209.0,4364942.39,14,7,0.0278,1611.5,320.7,840.0,2733.3,45.4,3161.6,2004.8,0.0,7.84,29.5,25.5,-48.5,24.66,7055.6,65.83,0.0,Diversified Prescribers
1000002255,PA,Family Practice,32765.999999999996,28793.0,7902320.080000001,16,8,0.0851,13154.9,1931.0,2666.3,4920.4,175.8,2968.1,6304.2,645.3,8.14,9.06,15.02,48.52,-72.36,12485.8,38.11,1.0,High-Volume Core Prescribers
1000002262,TX,Nurse Practitioner,4573.799999999999,3971.0,1867988.38,15,8,0.0119,1550.7000000000003,495.6,964.0,528.9,40.2,622.9,235.1,136.4,21.08,13.62,11.56,-87.73,-87.09,2611.4,57.09,3.0,Low-Volume / Low-Growth Prescribers
1000002279,CA,Endocrinology,37847.3,32725.0,18610937.459999997,21,8,0.0983,3966.8,3674.1000000000004,4221.7,7411.900000000001,140.6,13668.300000000003,3543.8999999999996,1220.0,11.15,36.11,19.58,128.81,77.86,28976.000000000007,76.56,1.0,High-Volume Core Prescribers
1000002287,AZ,Internal Medicine,805.3,711.0,345838.75999999995,14,7,0.0021,115.2,120.9,96.30000000000001,148.4,0.0,187.8,124.8,11.9,11.96,23.32,18.43,6.48,-40.68,553.4,68.72,3.0,Low-Volume / Low-Growth Prescribers
1000002290,TN,Family Practice,3203.3999999999996,2745.0,1621834.27,16,6,0.0083,0.0,232.39999999999998,700.8000000000001,859.4000000000001,0.0,746.3,613.6,50.9,21.88,23.3,26.83,170.04,-1.48,2538.9,79.26,0.0,Diversified Prescribers
1000002299,IL,Internal Medicine,675.0,593.0,358790.52,16,7,0.0018,0.0,102.30000000000001,138.10000000000002,186.79999999999998,2.4,108.7,122.4,14.3,20.46,16.1,27.67,119.5,37.3,535.9,79.39,3.0,Low-Volume / Low-Growth Prescribers
1000002308,FL,Endocrinology,10720.599999999999,9307.0,7314565.84,18,8,0.0279,1059.7,111.5,4568.200000000001,2271.4,27.6,1993.7000000000003,606.5,82.0,42.61,18.6,21.19,-41.82,136.15,8944.800000000001,83.44,0.0,Diversified Prescribers
1000002320,PA,Nurse Practitioner,3294.2999999999997,2833.0,2004879.89,13,7,0.0086,0.0,47.9,726.1999999999999,251.6,26.8,1760.1,295.5,186.2,22.04,53.43,7.64,328.62,196.67,2785.7999999999997,84.56,3.0,Low-Volume / Low-Growth Prescribers
1000002322,VA,Family Practice,640.1999999999999,549.0,339545.89,15,8,0.0017,104.6,17.5,149.0,97.7,2.2,206.60000000000002,41.8,20.8,23.27,32.27,15.26,-36.68,-34.96,470.8,73.54,3.0,Low-Volume / Low-Growth Prescribers
1000002331,CA,Endocrinology,2412.1,2089.0,1362850.96,20,8,0.0063,217.9,70.7,759.7,400.7,3.6,567.6,334.29999999999995,57.6,31.5,23.53,16.61,216.24,62.36,1798.7000000000003,74.57,0.0,Diversified Prescribers
1000002334,IN,Endocrinology,2110.2000000000003,1856.0,1218889.1099999999,19,7,0.0055,326.1,131.5,585.4,241.5,4.699999999999999,688.5,132.5,0.0,27.74,32.63,11.44,-15.81,-19.28,1646.9,78.04,0.0,Diversified Prescribers
1000002337,OH,Internal Medicine,875.3999999999999,763.0,362467.00000000006,15,6,0.0023,103.8,57.6,55.89999999999999,146.6,0.0,332.79999999999995,178.7,0.0,6.39,38.02,16.75,193.06,-29.67,592.9,67.73,3.0,Low-Volume / Low-Growth Prescribers
1000002366,NY,Endocrinology,9951.400000000001,8639.0,4970078.92,18,8,0.0259,928.5,151.2,1079.5,2097.8,43.4,4536.0,965.3000000000001,149.7,10.85,45.58,21.08,79.13,52.37,7864.5,79.03,0.0,Diversified Prescribers
1000002371,CA,Nurse Practitioner,598.0,515.0,272623.34,13,7,0.0016,0.0,45.400000000000006,58.9,85.7,2.5,230.10000000000002,157.3,18.1,9.85,38.48,14.33,62.42,184.24,420.09999999999997,70.25,3.0,Low-Volume / Low-Growth Prescribers
1000002377,TX,Family Practice,5151.2,4448.0,2028472.4600000004,16,7,0.0134,1142.5,474.20000000000005,567.5,1140.8,0.0,823.4000000000001,931.7,71.1,11.02,15.98,22.15,79.3,333.37,3005.9,58.35,0.0,Diversified Prescribers
1000002382,FL,Nurse Practitioner,4515.299999999999,3889.0,1652058.4400000002,16,7,0.0117,856.0999999999999,372.4,344.9,566.9,14.9,1266.1000000000001,1094.0,0.0,7.64,28.04,12.56,82.32,117.79,2550.3,56.48,0.0,Diversified Prescribers
1000002392,IN,Internal Medicine,4383.5,3851.0,2604311.62,15,7,0.0114,0.0,451.6,1400.4,1390.5,26.3,355.09999999999997,622.3,137.3,31.95,8.1,31.72,62.18,33.62,3597.6,82.07,0.0,Diversified Prescribers
1000002397,CA,Endocrinology,8331.800000000001,7153.0,4775239.58,19,8,0.0216,922.3000000000001,338.2,1832.1000000000001,1568.3,13.3,3151.2000000000003,449.0,57.4,21.99,37.82,18.82,-40.57,59.88,6889.8,82.69,0.0,Diversified Prescribers
1000002413,TX,Endocrinology,1830.8,1598.0,796480.7300000001,20,8,0.0048,396.09999999999997,37.7,393.9,393.7,4.6,344.69999999999993,210.8,49.3,21.52,18.83,21.5,-27.72,-61.76,1170.0,63.91,0.0,Diversified Prescribers
1000002418,OH,Endocrinology,43497.70000000001,37800.0,24770150.799999997,21,8,0.113,6693.4,1741.1000000000001,13594.5,5015.9,196.20000000000002,10321.199999999999,5072.4,863.0,31.25,23.73,11.53,128.05,151.1,30672.699999999997,70.52,1.0,High-Volume Core Prescribers
1000002430,FL,Family Practice,670.6999999999999,582.0,388981.04,13,6,0.0017,125.4,51.8,247.20000000000002,152.4,0.0,51.9,42.0,0.0,36.86,7.74,22.72,76.43,169.79,503.30000000000007,75.04,3.0,Low-Volume / Low-Growth Prescribers
1000002438,PA,Internal Medicine,8661.400000000001,7556.0,2579664.55,12,7,0.0225,1535.0,379.6,0.0,1981.9,123.9,2248.6,2048.3,344.1,0.0,25.96,22.88,24.52,3.75,4610.1,53.23,3.0,Low-Volume / Low-Growth Prescribers
1000002474,IL,Internal Medicine,5463.099999999999,4823.0,2377724.8399999994,16,8,0.0142,465.9,683.3,633.4000000000001,1775.5,16.0,940.4999999999999,810.0,138.5,11.59,17.22,32.5,-37.6,-42.93,4032.7,73.82,0.0,Diversified Prescribers
1000002483,TN,Endocrinology,15084.199999999995,13174.0,7899595.48,21,8,0.0392,2729.2000000000003,447.20000000000005,3873.9000000000005,3212.5,46.3,3468.4,1142.3,164.39999999999998,25.68,22.99,21.3,-8.48,18.15,11002.0,72.94,0.0,Diversified Prescribers
1000002497,IN,Nurse Practitioner,1008.0000000000001,867.0,560294.63,14,7,0.0026,210.8,89.30000000000001,333.29999999999995,203.6,0.0,100.69999999999999,36.7,33.599999999999994,33.07,9.99,20.2,31.22,349.89,726.9,72.11,3.0,Low-Volume / Low-Growth Prescribers
1000002539,NC,Family Practice,5574.499999999999,4897.0,3319416.42,18,7,0.0145,693.0,768.0,1505.8,1100.8,0.0,1283.6,140.7,82.6,27.01,23.03,19.75,164.7,517.6,4658.2,83.56,0.0,Diversified Prescribers
1000002562,NC,Endocrinology,47390.30000000002,41082.0,24489513.55,22,8,0.1231,12077.3,2398.3,13632.0,7230.099999999999,262.90000000000003,8705.0,2674.7000000000003,410.0,28.77,18.37,15.26,-14.93,-1.12,31965.399999999998,67.45,1.0,High-Volume Core Prescribers
1000002566,CA,Internal Medicine,1117.9,979.0,579940.27,14,6,0.0029,343.8,110.3,363.7,148.1,0.0,110.2,41.8,0.0,32.53,9.86,13.25,52.97,45.48,732.3,65.51,3.0,Low-Volume / Low-Growth Prescribers
1000002574,PA,Internal Medicine,13986.399999999996,11918.0,6239582.1,16,7,0.0363,3027.1000000000004,647.8,3000.2,1800.2,156.8,2933.7,2420.6,0.0,21.45,20.98,12.87,-49.13,-13.23,8381.9,59.93,0.0,Diversified Prescribers
1000002575,TX,Family Practice,623.4,534.0,254430.68999999997,12,6,0.0016,85.4,101.69999999999999,70.10000000000001,111.6,0.0,120.9,133.7,0.0,11.24,19.39,17.9,-68.63,-50.78,404.29999999999995,64.85,3.0,Low-Volume / Low-Growth Prescribers
1000002581,MI,Nurse Practitioner,677.6,579.0,394010.35,12,6,0.0018,0.0,93.0,231.70000000000002,150.2,0.0,51.2,137.3,14.2,34.19,7.56,22.17,-7.57,237.47,526.1,77.64,3.0,Low-Volume / Low-Growth Prescribers
1000002584,NC,Family Practice,3769.5999999999995,3297.0,2057508.84,16,7,0.0098,648.5,233.3,874.2,1035.5,34.3,809.2,0.0,134.6,23.19,21.47,27.47,25.88,112.22,2952.2,78.32,0.0,Diversified Prescribers
1000002586,NC,Endocrinology,11676.6,10088.0,5704631.27,22,8,0.0303,2138.3,668.1000000000001,1699.7,2034.3,36.0,4133.3,775.7,191.2,14.56,35.4,17.42,17.43,136.17,8535.4,73.1,0.0,Diversified Prescribers
1000002588,FL,Internal Medicine,19374.999999999996,16924.0,7510170.110000004,19,8,0.0503,5115.299999999999,1673.4,2742.5,3150.9,140.5,3272.2999999999997,3141.7,138.4,14.15,16.89,16.26,17.1,79.94,10839.099999999999,55.94,0.0,Diversified Prescribers
1000002596,TN,Internal Medicine,3979.800000000001,3478.0,1758574.0700000003,16,8,0.0103,1046.6,78.69999999999999,1148.3,643.7,16.1,336.4,578.2,131.8,28.85,8.45,16.17,-70.19,-69.25,2207.1,55.46,3.0,Low-Volume / Low-Growth Prescribers
1000002599,MA,Endocrinology,15309.2,13451.0,9946921.33,21,8,0.0398,1030.1,999.0,5597.6,1710.7,54.4,4712.5,999.5,205.4,36.56,30.78,11.17,30.98,68.94,13019.800000000001,85.05,0.0,Diversified Prescribers
1000002606,CA,Endocrinology,1124.0,962.0,521500.99000000005,16,7,0.0029,91.0,94.30000000000001,120.4,342.09999999999997,2.3,315.29999999999995,158.60000000000002,0.0,10.71,28.05,30.44,35.44,107.46,872.0999999999999,77.59,3.0,Low-Volume / Low-Growth Prescribers
1000002611,IN,Endocrinology,2356.5,2058.0,1503152.02,20,7,0.0061,196.2,104.9,840.5,400.5,0.0,618.3000000000001,181.8,14.3,35.67,26.24,17.0,49.38,75.47,1964.2000000000003,83.35,0.0,Diversified Prescribers
1000002618,GA,Nurse Practitioner,19301.300000000003,16225.0,10404836.36,18,8,0.0501,1581.6,1454.0,4744.4,2828.2000000000003,72.30000000000001,5280.700000000001,2705.4,634.7,24.58,27.36,14.65,-9.18,76.44,14307.300000000001,74.13,0.0,Diversified Prescribers
1000002622,IL,Internal Medicine,704.7000000000002,601.0,425967.96,13,6,0.0018,0.0,51.5,249.6,164.0,2.3,100.2,137.1,0.0,35.42,14.22,23.27,-87.0,-71.24,565.3,80.22,3.0,Low-Volume / Low-Growth Prescribers
1000002648,PA,Internal Medicine,1278.8,1101.0,577983.96,16,6,0.0033,320.1,116.30000000000001,269.20000000000005,175.9,0.0,231.79999999999998,165.5,0.0,21.05,18.13,13.76,181.72,1.92,793.1999999999999,62.03,3.0,Low-Volume / Low-Growth Prescribers
1000002655,TN,Internal Medicine,3967.4,3434.0,1740385.2300000004,16,7,0.0103,797.9000000000001,189.2,324.6,785.5,8.0,1392.3,469.90000000000003,0.0,8.18,35.09,19.8,94.59,137.75,2691.6000000000004,67.84,0.0,Diversified Prescribers
1000002669,TX,Internal Medicine,1225.3,1056.0,661761.27,14,7,0.0032,250.4,105.8,317.0,301.00000000000006,0.0,199.3,36.1,15.7,25.87,16.27,24.57,129.24,399.78,923.0999999999999,75.34,3.0,Low-Volume / Low-Growth Prescribers
1000002671,MA,Internal Medicine,715.4,616.0,289361.14,12,6,0.0019,145.0,47.8,112.9,272.4,0.0,52.7,84.6,0.0,15.78,7.37,38.08,186.96,121.27,485.8,67.91,3.0,Low-Volume / Low-Growth Prescribers
1000002673,MI,Internal Medicine,15329.200000000004,13160.0,8026243.630000001,15,7,0.0398,0.0,1661.1,1797.5,1792.7,147.6,7390.5,2368.2000000000003,171.6,11.73,48.21,11.69,173.47,52.38,12641.800000000001,82.47,0.0,Diversified Prescribers
1000002682,AZ,Endocrinology,13495.099999999999,11703.0,7056179.4799999995,20,7,0.0351,1362.7,896.0,2270.2,1657.4,0.0,5418.6,1613.6,276.6,16.82,40.15,12.28,42.0,118.44,10242.199999999999,75.9,0.0,Diversified Prescribers
1000002683,MI,Internal Medicine,1070.8,914.0,564259.01,13,7,0.0028,182.60000000000002,51.1,259.3,272.0,0.0,217.0,61.0,27.799999999999997,24.22,20.27,25.4,471.51,49.92,799.4,74.65,3.0,Low-Volume / Low-Growth Prescribers
1000002699,IN,Family Practice,579.1,509.0,291044.23,16,6,0.0015,86.8,40.0,132.4,162.20000000000002,0.0,95.5,62.2,0.0,22.86,16.49,28.01,203.78,65.23,430.1,74.27,3.0,Low-Volume / Low-Growth Prescribers
1000002708,NY,Endocrinology,2556.8999999999996,2225.0,1623359.7,19,8,0.0066,123.7,136.5,855.3,562.5999999999999,2.4,668.9000000000001,189.59999999999997,17.9,33.45,26.16,22.0,16.68,32.59,2223.3,86.95,0.0,Diversified Prescribers
1000002709,AZ,Internal Medicine,5145.900000000001,4507.0,3181573.4300000006,18,8,0.0134,627.4,365.6,1585.6,1256.1,26.2,1085.8,129.2,70.0,30.81,21.1,24.41,59.36,940.95,4293.099999999999,83.43,0.0,Diversified Prescribers
1000002710,PA,Family Practice,14109.6,12487.0,5139689.299999999,14,8,0.0367,3000.0,1178.0,2288.8,3074.5,81.7,936.0,2687.9,862.6999999999999,16.22,6.63,21.79,127.83,-19.58,7477.3,52.99,0.0,Diversified Prescribers
1000002713,PA,Internal Medicine,3179.2999999999997,2833.0,2284610.82,14,6,0.0083,0.0,108.79999999999998,1447.5,846.1999999999999,0.0,454.0,249.1,73.7,45.53,14.28,26.62,-47.92,67.28,2856.5,89.85,3.0,Low-Volume / Low-Growth Prescribers
1000002721,TX,Family Practice,19124.1,16660.0,7774422.379999999,18,8,0.0497,4909.8,993.2,2531.5,5524.5,89.6,3411.0,1195.3000000000002,469.2,13.24,17.84,28.89,2.05,143.75,12460.2,65.15,0.0,Diversified Prescribers
1000002736,OH,Nephrology,5392.8,4706.0,2149118.9300000006,17,8,0.014,649.8,399.6,536.9,1975.6000000000001,30.0,882.1999999999999,802.5,116.19999999999999,9.96,16.36,36.63,193.94,-38.28,3794.3,70.36,0.0,Diversified Prescribers
1000002741,IN,Internal Medicine,4860.6,4312.0,2554935.05,18,8,0.0126,469.4,190.6,770.6,1219.3999999999999,15.0,1641.1999999999998,490.3,64.1,15.85,33.77,25.09,58.08,105.43,3821.7999999999993,78.63,0.0,Diversified Prescribers
1000002745,CA,Family Practice,920.8000000000001,794.0,441881.43000000005,16,7,0.0024,105.9,84.5,138.4,246.1,0.0,219.8,109.3,16.8,15.03,23.87,26.73,250.93,-11.6,688.8000000000001,74.8,3.0,Low-Volume / Low-Growth Prescribers
1000002766,TX,Internal Medicine,894.9000000000001,790.0,307417.75,17,8,0.0023,266.2,96.00000000000001,24.5,245.59999999999997,1.2,184.2,61.7,15.5,2.74,20.58,27.44,-4.53,23.97,550.3,61.49,3.0,Low-Volume / Low-Growth Prescribers
1000002770,FL,Endocrinology,1723.8999999999996,1494.0,1006321.25,14,7,0.0045,312.1,70.3,599.5,295.8,2.4,317.0,126.79999999999998,0.0,34.78,18.39,17.16,-21.41,-16.96,1282.6,74.4,3.0,Low-Volume / Low-Growth Prescribers
1000002777,CA,Endocrinology,12805.8,10974.0,7937314.279999999,20,7,0.0333,441.9,792.8,3322.9,2064.2000000000003,0.0,5178.6,851.8,153.6,25.95,40.44,16.12,35.43,34.23,11358.5,88.7,0.0,Diversified Prescribers
1000002778,MI,Internal Medicine,10577.5,9225.0,6979299.3100000005,14,6,0.0275,0.0,2413.2000000000003,3448.5,2627.1,49.8,1530.8000000000002,0.0,508.1,32.6,14.47,24.84,215.37,359.76,10019.6,94.73,0.0,Diversified Prescribers
1000002783,OH,Family Practice,4726.099999999999,4098.0,2066642.0000000002,16,8,0.0123,557.0,582.6,652.2,1601.0,13.1,587.6,513.2,219.4,13.8,12.43,33.88,79.97,-26.89,3423.4,72.44,0.0,Diversified Prescribers
1000002785,PA,Internal Medicine,15770.8,13658.0,7257255.129999999,20,8,0.041,2194.5,2121.8,3278.1000000000004,4068.9000000000005,65.7,1607.3000000000002,2179.3,255.2,20.79,10.19,25.8,-64.65,-63.76,11076.100000000002,70.23,0.0,Diversified Prescribers
1000002787,FL,Internal Medicine,2932.2000000000003,2559.0,1702205.54,16,7,0.0076,433.0,320.4,853.9,522.7,41.2,671.3,0.0,89.7,29.12,22.89,17.83,417.56,-45.76,2368.3,80.77,0.0,Diversified Prescribers
1000002812,FL,Family Practice,767.0000000000001,657.0,305500.38,13,8,0.002,119.7,110.19999999999999,23.4,127.39999999999999,2.2,264.90000000000003,104.3,14.9,3.05,34.54,16.61,-62.06,-81.13,525.9,68.57,3.0,Low-Volume / Low-Growth Prescribers
1000002824,CA,Internal Medicine,12471.899999999998,10802.0,8380059.14,16,7,0.0324,0.0,636.4000000000001,5248.6,3174.1,122.30000000000001,1692.0,1402.2,196.3,42.08,13.57,25.45,-19.73,23.1,10751.1,86.2,0.0,Diversified Prescribers
1000002830,TX,Internal Medicine,4603.6,4004.0,2428295.27,16,7,0.012,538.4,560.0,1213.4999999999998,586.3,0.0,871.0999999999999,719.9,114.4,26.36,18.92,12.74,607.42,103.05,3230.8999999999996,70.18,0.0,Diversified Prescribers
1000002849,IN,Internal Medicine,31711.900000000005,27536.0,11977771.37,17,8,0.0824,9684.3,2396.0,5262.6,8129.2,268.4,2716.2000000000003,2476.3,778.9,16.6,8.57,25.63,-37.28,-49.91,18504.0,58.35,1.0,High-Volume Core Prescribers
1000002853,IL,Nurse Practitioner,14893.100000000002,12837.0,9123241.78,18,7,0.0387,0.0,1357.7000000000003,3366.2,2044.5,135.10000000000002,6087.1,1311.4,591.1,22.6,40.87,13.73,-74.76,119.32,12855.5,86.32,0.0,Diversified Prescribers
1000002860,GA,Nurse Practitioner,15634.899999999998,13569.0,8877007.14,17,8,0.0406,1424.6,830.9000000000001,4288.9,4546.9,119.3,3210.8,697.9,515.6,27.43,20.54,29.08,-47.1,-50.64,12877.5,82.36,0.0,Diversified Prescribers
1000002868,TX,Internal Medicine,4683.2,4002.0,1849999.4299999997,18,8,0.0122,1209.5,149.1,498.79999999999995,966.0,14.5,1328.7,395.4,121.2,10.65,28.37,20.63,125.84,-9.14,2942.6,62.83,0.0,Diversified Prescribers
1000002870,NC,Nurse Practitioner,17992.8,14902.0,5930352.14,11,8,0.0467,4182.3,921.6,1014.5999999999999,8181.400000000001,321.2,351.8,2572.4,447.5,5.64,1.96,45.47,91.74,2.54,10469.400000000001,58.19,3.0,Low-Volume / Low-Growth Prescribers
1000002877,NY,Internal Medicine,3389.5,2987.0,1628272.89,18,7,0.0088,0.0,560.1,526.4,1155.8000000000002,31.7,479.1,593.7,42.7,15.53,14.13,34.1,-87.34,-77.22,2721.4,80.29,0.0,Diversified Prescribers
1000002879,CA,Internal Medicine,16070.499999999996,13755.0,8491164.51,17,7,0.0417,3736.6,2123.4,4761.2,2389.3999999999996,101.60000000000001,1889.8999999999999,1068.4,0.0,29.63,11.76,14.87,94.85,183.6,11163.9,69.47,0.0,Diversified Prescribers
1000002883,IL,Endocrinology,1850.6999999999998,1610.0,1210135.5,17,7,0.0048,90.6,88.6,687.0,423.8,0.0,382.5,146.3,31.9,37.12,20.67,22.9,28.34,310.53,1581.8999999999999,85.48,0.0,Diversified Prescribers
1000002884,GA,Endocrinology,11050.3,9626.0,6317621.350000001,20,8,0.0287,1010.7,464.4,2632.3,1883.8000000000002,58.9,4088.7,539.5999999999999,371.9,23.82,37.0,17.05,5.06,49.03,9069.2,82.07,0.0,Diversified Prescribers
1000002899,TX,Endocrinology,1870.8000000000002,1630.0,1128693.09,17,8,0.0049,215.3,83.69999999999999,519.3,317.1,3.5,613.3,87.9,30.7,27.76,32.78,16.95,90.59,175.02,1533.4,81.96,0.0,Diversified Prescribers
1000002906,NC,Cardiology,11505.099999999999,10002.0,6784826.710000001,16,7,0.0299,0.0,1997.9,2353.0,2514.8,102.5,3591.6,721.8,223.5,20.45,31.22,21.86,-4.83,-44.97,10457.3,90.89,0.0,Diversified Prescribers
1000002911,PA,Endocrinology,9734.699999999999,8558.0,5897089.880000001,19,8,0.0253,435.6,1055.6,2633.9,888.9000000000001,13.7,3616.6000000000004,811.5999999999999,278.8,27.06,37.15,9.13,-89.25,-71.57,8195.0,84.18,0.0,Diversified Prescribers
1000002916,FL,Family Practice,9006.4,7950.0,4858973.93,12,7,0.0234,1369.5,442.9,2385.8,2297.1,40.0,1944.7999999999997,526.3,0.0,26.49,21.59,25.51,161.11,2454.41,7070.6,78.51,3.0,Low-Volume / Low-Growth Prescribers
1000002924,PA,Internal Medicine,879.8,762.0,509727.28,14,8,0.0023,97.4,14.6,167.4,144.6,2.5,376.2,51.0,26.1,19.03,42.76,16.44,63.63,422.71,702.8000000000001,79.88,3.0,Low-Volume / Low-Growth Prescribers
1000002950,IL,Family Practice,37492.9,32167.0,13623006.510000005,18,8,0.0974,11318.599999999999,3356.9,3375.9,6820.9,308.2,8231.900000000001,3543.3999999999996,537.1,9.0,21.96,18.19,-29.49,48.95,21785.6,58.11,1.0,High-Volume Core Prescribers
1000002954,MA,Physician Assistant,9426.499999999998,8308.0,3115140.1800000006,16,8,0.0245,1553.0,967.5999999999999,1257.4,1448.1,148.0,968.5999999999999,2226.9,856.9000000000001,13.34,10.28,15.36,-72.97,-44.45,4641.7,49.24,0.0,Diversified Prescribers
1000002956,OH,Family Practice,4790.099999999999,4079.0,2994145.9000000004,17,6,0.0124,0.0,751.0,1468.8000000000002,1339.3,24.1,587.6,619.3,0.0,30.66,12.27,27.96,57.09,297.14,4146.7,86.57,0.0,Diversified Prescribers
1000002964,NY,Nurse Practitioner,4376.0,3796.0,2133912.37,20,6,0.0114,0.0,514.6999999999999,657.3,929.9000000000001,23.0,1228.6999999999998,1022.4000000000001,0.0,15.02,28.08,21.25,112.06,39.06,3330.6,76.11,0.0,Diversified Prescribers
1000002966,TN,Family Practice,17196.699999999997,14942.0,8217738.300000001,19,8,0.0447,2254.2,1195.4,2720.8999999999996,4110.2,200.0,4772.200000000001,1355.4,588.4000000000001,15.82,27.75,23.9,-48.02,14.9,12798.7,74.43,0.0,Diversified Prescribers
1000002968,OH,Physician Assistant,806.9,716.0,385519.52999999997,15,6,0.0021,0.0,94.9,81.2,365.6,0.0,156.8,81.69999999999999,26.7,10.06,19.43,45.31,-53.28,-44.76,698.5,86.57,3.0,Low-Volume / Low-Growth Prescribers
1000002974,NY,Internal Medicine,1333.1999999999998,1195.0,567065.3600000001,18,8,0.0035,348.9,118.8,208.2,298.0,2.5,237.09999999999997,104.19999999999999,15.5,15.62,17.78,22.35,53.91,11.23,862.0999999999999,64.66,3.0,Low-Volume / Low-Growth Prescribers
1000002978,MA,Family Practice,4335.999999999999,3872.0,2033301.8999999994,13,7,0.0113,425.9,227.3,645.8,1845.8,8.6,771.0,411.6,0.0,14.89,17.78,42.57,74.51,11.79,3489.8999999999996,80.49,3.0,Low-Volume / Low-Growth Prescribers
1000002983,PA,Family Practice,856.9000000000001,753.0,419036.26,16,8,0.0022,114.2,36.5,216.4,149.70000000000002,3.2,152.1,158.9,25.9,25.25,17.75,17.47,258.19,383.92,554.7,64.73,3.0,Low-Volume / Low-Growth Prescribers
1000002991,NY,Family Practice,964.5000000000001,845.0,426160.25000000006,16,7,0.0025,99.7,16.8,140.20000000000002,338.59999999999997,0.0,171.0,150.9,47.3,14.54,17.73,35.11,53.69,44.87,666.6,69.11,3.0,Low-Volume / Low-Growth Prescribers
1000003005,IN,Family Practice,16146.000000000002,14042.0,6607512.829999999,19,8,0.0419,2470.4,1980.7000000000003,1705.0,3884.4,79.4,3572.5000000000005,2225.3999999999996,228.2,10.56,22.13,24.06,-98.63,-97.71,11142.6,69.01,0.0,Diversified Prescribers
1000003007,FL,Endocrinology,35106.5,30879.0,19434013.369999997,21,8,0.0912,3719.0,1469.1,7720.700000000001,4538.099999999999,169.0,14330.300000000001,2628.7,531.6,21.99,40.82,12.93,84.12,14.22,28058.199999999997,79.92,1.0,High-Volume Core Prescribers
1000003019,CA,Family Practice,807.3000000000001,704.0,369249.77,13,6,0.0021,0.0,61.1,83.4,281.90000000000003,0.0,195.5,169.9,15.5,10.33,24.22,34.92,-38.32,-57.27,621.9000000000001,77.03,3.0,Low-Volume / Low-Growth Prescribers
1000003026,OH,Physician Assistant,5949.0,5107.0,2705836.37,16,6,0.0155,1223.6999999999998,401.2,1182.1000000000001,1865.2,0.0,598.0999999999999,678.7,0.0,19.87,10.05,31.35,-20.5,84.16,4046.6000000000004,68.02,0.0,Diversified Prescribers
1000003040,TX,Endocrinology,9897.100000000004,8553.0,5489472.6099999985,21,8,0.0257,1068.3,718.9000000000001,2462.4,1641.6000000000001,13.6,3237.1,662.7,92.5,24.88,32.71,16.59,-79.03,-77.58,8060.0,81.44,0.0,Diversified Prescribers
1000003055,PA,Physician Assistant,4223.0,3738.0,1019865.0799999998,12,6,0.011,1501.3000000000002,220.7,423.6,875.4000000000001,0.0,44.0,1158.0,0.0,10.03,1.04,20.73,-22.77,94.63,1563.7,37.03,3.0,Low-Volume / Low-Growth Prescribers
1000003057,PA,Endocrinology,13391.000000000004,11663.0,7976626.669999999,20,8,0.0348,1232.5,903.2,4096.3,1633.6000000000001,47.9,4002.5999999999995,1312.3,162.60000000000002,30.59,29.89,12.2,184.67,134.22,10635.7,79.42,0.0,Diversified Prescribers
1000003073,MI,Internal Medicine,34602.100000000006,29776.0,13190721.67,14,8,0.0899,13157.3,2715.1000000000004,7843.1,5041.6,114.8,1368.9,3050.4,1310.9,22.67,3.96,14.57,193.85,809.11,16968.7,49.04,1.0,High-Volume Core Prescribers
1000003096,TX,Cardiology,1014.5000000000002,880.0,540422.46,15,8,0.0026,94.5,34.900000000000006,200.4,331.20000000000005,2.4,257.5,81.9,11.7,19.75,25.38,32.65,-77.42,-47.73,824.0,81.22,3.0,Low-Volume / Low-Growth Prescribers
1000003097,CA,Endocrinology,30455.200000000004,26571.0,17497751.1,22,8,0.0791,1878.7,2785.6,8787.1,5817.6,324.5,6514.2,3410.2999999999997,937.2,28.85,21.39,19.1,-61.24,62.81,23904.5,78.49,1.0,High-Volume Core Prescribers
1000003107,OH,Endocrinology,1972.5,1724.0,1145396.1900000004,19,8,0.0051,213.39999999999998,43.6,683.4,320.7,2.3,444.7,184.9,79.5,34.65,22.54,16.26,-44.83,11.34,1492.3999999999999,75.66,0.0,Diversified Prescribers
1000003108,FL,Family Practice,4074.0999999999995,3547.0,2182204.19,15,6,0.0106,0.0,209.5,897.8000000000001,1464.5,13.0,746.6,742.6999999999999,0.0,22.04,18.33,35.95,49.17,25.94,3318.4,81.45,0.0,Diversified Prescribers
1000003110,FL,Family Practice,500.5,436.0,217846.31,13,7,0.0013,0.0,41.8,44.3,96.8,2.4,174.3,116.39999999999999,24.5,8.85,34.83,19.34,64.51,-29.43,357.20000000000005,71.37,3.0,Low-Volume / Low-Growth Prescribers
1000003119,NY,Internal Medicine,13142.500000000002,11397.0,7867595.28,16,7,0.0341,0.0,577.7,4058.8,2863.7000000000003,22.1,3662.3,1704.3000000000002,253.6,30.88,27.87,21.79,-73.08,-58.07,11162.500000000002,84.93,0.0,Diversified Prescribers
1000003135,CA,Family Practice,766.3,677.0,394113.99999999994,14,7,0.002,104.5,96.3,201.60000000000002,187.79999999999998,2.1,104.7,69.3,0.0,26.31,13.66,24.51,,-24.97,590.4,77.05,,
1000003145,GA,Internal Medicine,4019.2,3477.0,2071097.4900000002,18,8,0.0104,395.7,221.7,764.6,1386.7999999999997,16.2,842.5000000000001,338.0,53.7,19.02,20.96,34.5,-38.98,-46.42,3215.6,80.01,0.0,Diversified Prescribers
1000003155,MI,Family Practice,830.3,722.0,465978.19,15,7,0.0022,84.4,28.4,238.90000000000003,215.10000000000002,0.0,154.6,78.9,30.0,28.77,18.62,25.91,96.38,137.62,637.0,76.72,3.0,Low-Volume / Low-Growth Prescribers
1000003157,NC,Endocrinology,2086.8,1804.0,982936.47,18,7,0.0054,466.3,142.10000000000002,428.09999999999997,406.8,0.0,390.3,226.0,27.200000000000003,20.51,18.7,19.49,-32.5,-23.05,1367.3,65.52,0.0,Diversified Prescribers
1000003165,FL,Internal Medicine,2974.9,2625.0,1859692.42,14,6,0.0077,0.0,632.5,660.4,1014.2,21.0,573.9000000000001,0.0,72.9,22.2,19.29,34.09,-39.18,44.98,2881.0,96.84,3.0,Low-Volume / Low-Growth Prescribers
1000003182,OH,Internal Medicine,4819.499999999999,4271.0,1545797.97,15,7,0.0125,1471.8,789.6,502.49999999999994,926.3000000000002,0.0,254.6,717.9,156.8,10.43,5.28,19.22,265.18,25.78,2473.0,51.31,3.0,Low-Volume / Low-Growth Prescribers
1000003194,IN,Internal Medicine,871.6999999999999,754.0,238451.22,17,8,0.0023,361.70000000000005,34.8,87.30000000000001,202.3,2.3,39.7,107.0,36.599999999999994,10.01,4.55,23.21,236.89,109.91,364.1,41.77,3.0,Low-Volume / Low-Growth Prescribers
1000003197,GA,Nurse Practitioner,745.6,654.0,390408.33999999997,13,7,0.0019,78.7,93.10000000000001,237.6,150.4,0.0,54.6,104.30000000000001,26.9,31.87,7.32,20.17,-67.46,10.74,535.7,71.85,3.0,Low-Volume / Low-Growth Prescribers
1000003210,CA,Endocrinology,9693.800000000003,8432.0,5909402.459999999,21,8,0.0252,1352.9,507.59999999999997,3997.4000000000005,1024.1,13.6,1577.3999999999999,847.3,373.5,41.24,16.27,10.56,126.18,31.0,7106.5,73.31,0.0,Diversified Prescribers
1000003215,VA,Endocrinology,10157.7,8930.0,5811743.41,20,8,0.0264,1606.9,836.0000000000001,3137.6,1706.3,52.7,2452.5,156.0,209.7,30.89,24.14,16.8,103.42,120.12,8132.400000000001,80.06,0.0,Diversified Prescribers
1000003216,TX,Endocrinology,9343.400000000001,8177.0,5091553.430000001,19,8,0.0243,1646.9,213.4,2736.7999999999997,1587.3000000000002,15.2,2271.5999999999995,595.0,277.2,29.29,24.31,16.99,-78.38,-53.63,6809.099999999999,72.88,0.0,Diversified Prescribers
1000003218,NY,Family Practice,636.9,555.0,348810.26,16,7,0.0017,0.0,106.6,172.29999999999998,126.3,1.1,115.69999999999999,97.5,17.4,27.05,18.17,19.83,-27.52,-51.86,520.9,81.79,3.0,Low-Volume / Low-Growth Prescribers
1000003220,IL,Internal Medicine,556.9,495.0,243538.19,13,6,0.0014,0.0,52.0,16.7,256.2,0.0,136.5,83.9,11.6,3.0,24.51,46.0,-89.06,-91.27,461.4,82.85,3.0,Low-Volume / Low-Growth Prescribers
1000003233,AZ,Endocrinology,1847.1999999999996,1580.0,921802.8,19,8,0.0048,240.9,162.89999999999998,350.4,267.5,3.5,587.0000000000001,182.3,52.699999999999996,18.97,31.78,14.48,79.25,19.34,1367.8000000000002,74.05,0.0,Diversified Prescribers
1000003244,PA,Family Practice,521.5,449.0,284400.1,12,5,0.0014,0.0,52.2,90.9,104.4,0.0,179.4,94.6,0.0,17.43,34.4,20.02,1733.63,324.59,426.9,81.86,3.0,Low-Volume / Low-Growth Prescribers
1000003249,NC,Family Practice,44622.100000000006,39142.0,19747417.03,21,8,0.1159,8498.9,1839.9,10754.400000000001,9011.6,261.7,4370.0,9364.9,520.7,24.1,9.79,20.2,119.54,1.47,25975.9,58.21,1.0,High-Volume Core Prescribers
1000003296,IN,Family Practice,4827.5,4302.0,2196942.96,17,7,0.0125,1453.3,287.9,1146.3,881.8,7.1,758.8,292.29999999999995,0.0,23.75,15.72,18.27,-74.35,-56.88,3074.8,63.69,0.0,Diversified Prescribers
1000003305,CA,Internal Medicine,711.8,626.0,391292.89,13,6,0.0018,131.7,4.5,242.0,138.9,0.0,100.39999999999999,94.3,0.0,34.0,14.11,19.51,86.11,-14.74,485.79999999999995,68.25,3.0,Low-Volume / Low-Growth Prescribers
1000003330,TX,Family Practice,4002.8,3457.0,1642312.6900000002,16,8,0.0104,667.5,91.7,437.4,1866.0,13.9,594.5,284.9,46.9,10.93,14.85,46.62,86.97,10.43,2989.6000000000004,74.69,0.0,Diversified Prescribers
1000003352,AZ,Nurse Practitioner,842.6999999999999,733.0,443610.61999999994,13,6,0.0022,167.2,110.7,231.3,210.6,0.0,94.80000000000001,28.1,0.0,27.45,11.25,24.99,5.41,-43.63,647.4,76.82,3.0,Low-Volume / Low-Growth Prescribers
1000003358,CA,Family Practice,669.4,578.0,337676.31000000006,15,7,0.0017,0.0,47.9,112.6,108.8,3.3,229.0,137.89999999999998,29.9,16.82,34.21,16.25,211.7,42.34,498.3,74.44,3.0,Low-Volume / Low-Growth Prescribers
1000003359,TX,Family Practice,3881.0,3422.0,1320140.4200000002,14,8,0.0101,1230.3,333.09999999999997,165.7,823.1,8.8,929.3,262.7,128.0,4.27,23.94,21.21,-21.76,267.23,2251.2,58.01,3.0,Low-Volume / Low-Growth Prescribers
1000003360,CA,Family Practice,11725.8,9997.0,5608271.26,16,8,0.0305,1605.0,97.5,1432.8,3805.2000000000003,34.6,3755.3,748.2,247.2,12.22,32.03,32.45,94.61,129.76,9090.800000000001,77.53,0.0,Diversified Prescribers
1000003361,TX,Internal Medicine,1045.2,914.0,491898.83999999997,13,7,0.0027,334.79999999999995,23.2,259.29999999999995,273.8,0.0,110.89999999999999,30.1,13.1,24.81,10.61,26.2,325.19,57.47,667.1999999999999,63.83,3.0,Low-Volume / Low-Growth Prescribers
1000003362,CA,Family Practice,3680.3,3248.0,1315298.9299999997,15,8,0.0096,1034.6999999999998,344.3,645.6,885.8,15.3,60.1,633.9,60.6,17.54,1.63,24.07,-19.78,-83.54,1935.8,52.6,3.0,Low-Volume / Low-Growth Prescribers
1000003363,OH,Internal Medicine,1110.7,977.0,426913.82000000007,14,7,0.0029,350.8,127.0,110.9,176.7,0.0,269.6,66.2,9.5,9.98,24.27,15.91,12.34,23.19,684.2,61.6,3.0,Low-Volume / Low-Growth Prescribers
1000003368,FL,Internal Medicine,1391.5000000000002,1238.0,636168.1200000001,17,8,0.0036,163.39999999999998,147.29999999999998,219.79999999999998,219.9,6.0,337.1,269.0,29.0,15.8,24.23,15.8,-1.36,29.36,924.0999999999999,66.41,3.0,Low-Volume / Low-Growth Prescribers
1000003370,TN,Internal Medicine,989.2,851.0,382726.63,13,6,0.0026,329.4,91.6,109.5,358.69999999999993,0.0,85.0,0.0,15.0,11.07,8.59,36.26,-28.45,-51.57,644.8,65.18,3.0,Low-Volume / Low-Growth Prescribers
1000003383,MA,Internal Medicine,5573.399999999999,4773.0,2817112.92,20,8,0.0145,443.6,138.5,926.0999999999999,1088.7,42.4,2016.7999999999997,753.8,163.5,16.62,36.19,19.53,26.31,392.94,4170.099999999999,74.82,0.0,Diversified Prescribers
1000003384,CA,Endocrinology,14185.500000000004,12536.0,8435820.149999999,20,8,0.0369,1245.4,327.0,3778.7,3143.5000000000005,17.0,4724.0,886.4,63.5,26.64,33.3,22.16,58.07,84.42,11973.2,84.4,0.0,Diversified Prescribers
1000003397,PA,Nurse Practitioner,472.80000000000007,408.0,181978.72,9,7,0.0012,105.7,40.9,30.4,17.3,1.1,186.3,91.1,0.0,6.43,39.4,3.66,-56.89,-67.23,274.90000000000003,58.14,3.0,Low-Volume / Low-Growth Prescribers
1000003401,TX,Endocrinology,9535.5,8320.0,4189763.04,20,8,0.0248,1459.5,925.7,1066.8,1760.9,30.8,3011.8,1061.8,218.2,11.19,31.59,18.47,-11.36,12.35,6765.200000000001,70.95,0.0,Diversified Prescribers
1000003414,CA,Family Practice,597.8000000000001,515.0,297700.19999999995,11,6,0.0016,0.0,163.70000000000002,47.900000000000006,69.3,2.1,208.8,106.00000000000001,0.0,8.01,34.93,11.59,85.09,-17.9,489.7000000000001,81.92,3.0,Low-Volume / Low-Growth Prescribers
1000003420,NC,Family Practice,44904.90000000001,39659.0,17921856.55,19,8,0.1167,12543.3,2354.3999999999996,5123.0,15301.699999999999,363.70000000000005,5905.4,2193.7,1119.7,11.41,13.15,34.08,-26.65,-36.62,28684.5,63.88,1.0,High-Volume Core Prescribers
1000003422,TX,Family Practice,934.1999999999998,810.0,442589.12,14,7,0.0024,212.39999999999998,24.8,162.7,225.60000000000002,0.0,233.5,33.7,41.5,17.42,24.99,24.15,-57.57,8.76,646.6,69.21,3.0,Low-Volume / Low-Growth Prescribers
1000003450,VA,Internal Medicine,17251.799999999996,15283.0,11414906.15,21,7,0.0448,0.0,1407.2,7320.900000000001,3564.7000000000003,218.0,1776.4999999999998,2728.1000000000004,236.4,42.44,10.3,20.66,-11.01,390.38,14069.300000000001,81.55,0.0,Diversified Prescribers
1000003457,TN,Family Practice,5989.200000000001,5217.0,3055518.91,16,8,0.0156,1433.6,160.5,1664.8000000000002,925.9000000000001,13.5,1140.5,562.2,88.2,27.8,19.04,15.46,71.07,10.51,3891.7000000000003,64.98,0.0,Diversified Prescribers
1000003467,CA,Family Practice,650.5,559.0,390220.05,11,6,0.0017,0.0,54.3,130.4,157.39999999999998,0.0,245.49999999999997,46.1,16.8,20.05,37.74,24.2,62.33,30.71,587.5999999999999,90.33,3.0,Low-Volume / Low-Growth Prescribers
1000003474,IL,Family Practice,3556.7999999999997,3081.0,1825500.33,16,7,0.0092,0.0,476.9,939.5,951.0999999999999,22.2,176.70000000000002,740.5,249.89999999999998,26.41,4.97,26.74,6.81,87.33,2544.2,71.53,0.0,Diversified Prescribers
1000003478,MI,Internal Medicine,607.9,529.0,206327.36,12,6,0.0016,146.5,14.1,58.3,298.4,2.5,0.0,88.1,0.0,9.59,0.0,49.09,-65.88,-47.98,370.79999999999995,61.0,3.0,Low-Volume / Low-Growth Prescribers
1000003483,TX,Physician Assistant,1319.3000000000002,1138.0,492261.35,17,7,0.0034,384.6,53.7,177.9,219.99999999999997,0.0,271.5,192.3,19.3,13.48,20.58,16.68,31.64,80.65,723.0999999999999,54.81,3.0,Low-Volume / Low-Growth Prescribers
1000003496,TX,Nurse Practitioner,4655.299999999999,3991.0,1846198.95,19,8,0.0121,1131.3,141.10000000000002,732.4000000000001,569.0,12.6,1232.9,673.3,162.7,15.73,26.48,12.22,201.76,190.6,2675.4,57.47,0.0,Diversified Prescribers
1000003499,CA,Family Practice,19804.099999999995,17289.0,10290847.510000002,16,8,0.0514,5047.299999999999,832.0000000000001,5227.3,5143.5,86.8,2589.3999999999996,656.6,221.2,26.4,13.08,25.97,-13.64,178.14,13792.2,69.64,0.0,Diversified Prescribers
1000003500,GA,Internal Medicine,12422.5,10717.0,5452417.369999999,17,8,0.0323,2424.3,1478.6,3091.5,587.3,47.8,2075.9,1736.7000000000003,980.4,24.89,16.71,4.73,-63.25,-58.95,7233.3,58.23,0.0,Diversified Prescribers
1000003512,NC,Cardiology,876.4000000000001,769.0,387912.54000000004,18,7,0.0023,77.3,80.4,97.0,322.5,0.0,173.6,82.0,43.599999999999994,11.07,19.81,36.8,-47.95,-61.3,673.5,76.85,3.0,Low-Volume / Low-Growth Prescribers
1000003517,OH,Internal Medicine,47910.90000000001,41776.0,25386858.489999995,17,8,0.1245,8968.8,2777.3,15719.599999999999,7534.700000000001,174.2,6028.1,5372.700000000001,1335.5,32.81,12.58,15.73,144.06,92.02,32059.699999999997,66.92,1.0,High-Volume Core Prescribers
1000003535,CA,Endocrinology,9423.500000000002,8271.0,4598521.35,18,8,0.0245,1558.5,721.3000000000001,1391.3,1612.0,32.9,3521.9000000000005,482.5,103.1,14.76,37.37,17.11,-42.32,-29.96,7246.500000000001,76.9,0.0,Diversified Prescribers
1000003544,PA,Nurse Practitioner,681.0,583.0,238683.33999999997,13,5,0.0018,144.5,94.1,44.099999999999994,319.4,0.0,0.0,78.9,0.0,6.48,0.0,46.9,104.1,-21.47,457.59999999999997,67.2,3.0,Low-Volume / Low-Growth Prescribers
1000003545,CA,Endocrinology,2579.7,2221.0,1248708.6199999999,20,8,0.0067,356.2,140.9,255.0,431.59999999999997,2.1,1128.8000000000002,251.7,13.4,9.88,43.76,16.73,31.61,65.06,1956.3000000000002,75.83,0.0,Diversified Prescribers
1000003546,GA,Endocrinology,11765.899999999998,10122.0,5570852.659999998,21,8,0.0306,1771.6999999999998,668.6,1955.0,2761.0,24.6,3298.9,1105.3000000000002,180.8,16.62,28.04,23.47,-25.16,-27.77,8683.5,73.8,0.0,Diversified Prescribers
1000003552,VA,Family Practice,777.7999999999998,687.0,338062.54,14,6,0.002,98.2,82.5,100.10000000000001,248.49999999999997,0.0,137.0,111.5,0.0,12.87,17.61,31.95,5.08,5.52,568.1,73.04,3.0,Low-Volume / Low-Growth Prescribers
1000003573,GA,Cardiology,789.8,693.0,497498.64,12,4,0.0021,71.5,0.0,200.3,261.9,0.0,256.1,0.0,0.0,25.36,32.43,33.16,-11.13,53.81,718.3,90.95,3.0,Low-Volume / Low-Growth Prescribers
1000003575,TX,Internal Medicine,997.7,857.0,490616.57999999996,14,6,0.0026,245.1,59.0,292.40000000000003,118.0,0.0,154.7,128.50000000000003,0.0,29.31,15.51,11.83,108.22,135.07,624.1,62.55,3.0,Low-Volume / Low-Growth Prescribers
1000003584,GA,Internal Medicine,1048.5000000000002,905.0,578234.05,15,7,0.0027,131.3,112.10000000000001,246.3,146.0,0.0,290.70000000000005,93.3,28.8,23.49,27.73,13.92,76.5,32.46,795.1,75.83,3.0,Low-Volume / Low-Growth Prescribers
1000003593,VA,Family Practice,5601.800000000001,4849.0,1884304.2799999998,18,8,0.0146,1751.6000000000001,383.6,742.5,1631.3999999999999,16.1,227.8,694.8,154.0,13.25,4.07,29.12,-39.19,-17.21,2985.3,53.29,0.0,Diversified Prescribers
1000003595,IN,Family Practice,772.6000000000001,669.0,328816.82,16,8,0.002,115.5,56.900000000000006,89.1,140.7,2.3,228.29999999999998,124.29999999999998,15.5,11.53,29.55,18.21,-14.17,122.03,515.0,66.66,3.0,Low-Volume / Low-Growth Prescribers
1000003603,CA,Internal Medicine,764.7,664.0,253038.8,12,8,0.002,235.0,69.69999999999999,56.3,329.29999999999995,1.1,17.3,41.5,14.5,7.36,2.26,43.06,144.37,204.39,472.5999999999999,61.8,3.0,Low-Volume / Low-Growth Prescribers
1000003611,FL,Endocrinology,2232.0,1980.0,1407789.26,18,7,0.0058,232.7,96.99999999999999,846.2000000000002,375.90000000000003,3.2,477.70000000000005,199.3,0.0,37.91,21.4,16.84,164.95,167.34,1796.8000000000002,80.5,0.0,Diversified Prescribers
1000003612,VA,Internal Medicine,982.9000000000001,856.0,366125.49999999994,16,7,0.0026,252.79999999999998,55.7,99.9,323.29999999999995,0.0,148.9,87.4,14.9,10.16,15.15,32.89,81.19,44.64,627.8,63.87,3.0,Low-Volume / Low-Growth Prescribers
1000003622,CA,Internal Medicine,19525.100000000002,17076.0,9701036.84,20,8,0.0507,2264.3,2593.8,3891.9999999999995,5321.8,136.5,3368.2,1394.6999999999998,553.8,19.93,17.25,27.26,34.01,37.62,15175.8,77.72,0.0,Diversified Prescribers
1000003625,CA,Internal Medicine,788.8,682.0,456361.91000000003,17,7,0.002,0.0,94.3,168.39999999999998,232.9,3.4000000000000004,199.50000000000003,76.0,14.3,21.35,25.29,29.53,-43.5,10.9,695.1,88.12,3.0,Low-Volume / Low-Growth Prescribers
1000003628,MA,Family Practice,4671.599999999999,4024.0,2291126.6,17,7,0.0121,408.5,452.6,1039.1,432.2,0.0,1267.8999999999999,916.7,154.6,22.24,27.14,9.25,-45.14,-49.88,3191.7999999999997,68.32,0.0,Diversified Prescribers
1000003630,MI,Family Practice,3731.9000000000005,3275.0,1742219.4499999997,15,8,0.0097,411.9,97.8,405.0,1043.9,16.9,1360.0000000000002,251.8,144.60000000000002,10.85,36.44,27.97,208.53,20.14,2906.7000000000003,77.89,0.0,Diversified Prescribers
1000003636,NY,Physician Assistant,3041.9000000000005,2736.0,905851.05,13,6,0.0079,1457.9,165.7,222.8,680.0,0.0,449.70000000000005,0.0,65.8,7.32,14.78,22.35,64.47,-10.46,1518.2,49.91,3.0,Low-Volume / Low-Growth Prescribers
1000003639,FL,Internal Medicine,3301.8,2921.0,2100310.0900000003,13,6,0.0086,0.0,166.1,1256.6,701.8,0.0,607.0,317.4,252.89999999999998,38.06,18.38,21.26,-36.77,227.58,2731.5,82.73,3.0,Low-Volume / Low-Growth Prescribers
1000003640,CA,Internal Medicine,4544.4,3914.0,2322645.3,16,7,0.0118,1058.6,526.3000000000001,1046.2,1134.5,41.9,574.0,162.9,0.0,23.02,12.63,24.96,-37.84,104.1,3281.0,72.2,0.0,Diversified Prescribers
1000003642,NC,Internal Medicine,15694.5,13512.0,7079306.04,20,8,0.0408,2058.9,1484.7,3689.4,2884.0,73.2,1704.3,3217.5,582.5,23.51,10.86,18.38,-42.46,3.02,9762.4,62.2,0.0,Diversified Prescribers
1000003650,IL,Family Practice,965.2,842.0,408817.68,15,8,0.0025,117.5,45.6,107.1,289.3,1.1,220.0,167.2,17.4,11.1,22.79,29.97,-13.91,-62.78,662.0,68.59,3.0,Low-Volume / Low-Growth Prescribers
1000003660,VA,Internal Medicine,330.59999999999997,288.0,149904.82,11,6,0.0009,0.0,49.800000000000004,47.5,123.50000000000001,0.0,30.6,66.5,12.7,14.37,9.26,37.36,-59.55,-34.17,251.40000000000003,76.04,3.0,Low-Volume / Low-Growth Prescribers
1000003661,CA,Internal Medicine,5382.700000000001,4708.0,2883853.0,15,6,0.014,461.9,353.0,954.3,1885.8999999999999,0.0,1251.6,476.0,0.0,17.73,23.25,35.04,150.29,184.03,4444.799999999999,82.58,0.0,Diversified Prescribers
1000003664,NY,Internal Medicine,4278.4,3700.0,2567397.7299999995,13,8,0.0111,921.7,119.0,2022.0,232.2,13.3,392.7,369.0,208.5,47.26,9.18,5.43,-9.29,216.68,2765.8999999999996,64.65,3.0,Low-Volume / Low-Growth Prescribers
1000003671,AZ,Endocrinology,2040.3999999999996,1766.0,1176082.93,19,7,0.0053,89.4,123.8,475.3,413.2,0.0,734.8000000000001,188.60000000000002,15.3,23.29,36.01,20.25,142.78,76.56,1747.1000000000001,85.63,0.0,Diversified Prescribers
1000003673,FL,Endocrinology,2293.7999999999997,1993.0,1262427.14,18,7,0.006,255.7,119.69999999999999,473.1,311.20000000000005,4.6000000000000005,921.5,208.0,0.0,20.63,40.17,13.57,24.8,119.27,1825.5,79.58,0.0,Diversified Prescribers
1000003674,NC,Family Practice,1084.0000000000002,933.0,330211.0300000001,16,8,0.0028,343.6,65.7,48.1,248.0,3.4,195.6,153.3,26.3,4.44,18.04,22.88,-39.96,10.18,557.4,51.42,3.0,Low-Volume / Low-Growth Prescribers
1000003684,FL,Family Practice,3073.0,2684.0,1428048.49,13,5,0.008,583.4,459.09999999999997,367.5,910.7,0.0,752.3000000000001,0.0,0.0,11.96,24.48,29.64,-89.21,-76.81,2489.6000000000004,81.02,3.0,Low-Volume / Low-Growth Prescribers
1000003685,TX,Family Practice,24905.199999999997,21982.0,15977238.639999999,18,7,0.0647,1944.5,287.6,8552.1,6253.1,69.4,6173.299999999999,1625.1999999999998,0.0,34.34,24.79,25.11,156.09,360.4,21266.1,85.39,1.0,High-Volume Core Prescribers
1000003686,TX,Physician Assistant,3936.9,3446.0,1868259.64,16,7,0.0102,378.9,305.70000000000005,1117.0,1233.4,0.0,54.3,799.4,48.2,28.37,1.38,31.33,-62.35,-66.06,2710.4,68.85,0.0,Diversified Prescribers
1000003688,IL,Endocrinology,10608.700000000003,9009.0,5988549.57,19,8,0.0276,554.7,104.1,3738.1000000000004,1680.8999999999999,14.9,2120.3,2078.7999999999997,316.90000000000003,35.24,19.99,15.84,-57.46,27.54,7643.400000000001,72.05,0.0,Diversified Prescribers
1000003689,NY,Endocrinology,14285.3,12164.0,8077132.479999999,21,8,0.0371,1647.3999999999999,1248.7,3307.3999999999996,2076.7000000000003,23.8,4819.9,972.5999999999999,188.8,23.15,33.74,14.54,-12.1,7.14,11452.7,80.17,0.0,Diversified Prescribers
1000003692,FL,Family Practice,5092.3,4468.0,2485127.11,18,8,0.0132,541.2,471.6,759.6000000000001,1113.8000000000002,34.5,1507.9,474.1,189.6,14.92,29.61,21.87,47.86,149.24,3852.9,75.66,0.0,Diversified Prescribers
1000003693,TX,Internal Medicine,16718.800000000003,14586.0,9574889.4,17,8,0.0434,3715.2,235.9,5366.8,2633.2,137.4,3738.0000000000005,444.3,448.0,32.1,22.36,15.75,544.44,56.67,11973.900000000001,71.62,0.0,Diversified Prescribers
1000003695,FL,Endocrinology,15303.099999999999,13259.0,8717724.989999998,21,8,0.0398,2740.0,557.4,4302.7,1923.1,22.9,4728.8,845.5,182.7,28.12,30.9,12.57,378.53,111.28,11512.0,75.23,0.0,Diversified Prescribers
1000003698,OH,Physician Assistant,13228.7,11659.0,5747818.29,17,8,0.0344,1505.2,928.6,2481.1,3910.9999999999995,24.8,1297.9,2516.5,563.5999999999999,18.76,9.81,29.56,-57.21,26.62,8618.6,65.15,0.0,Diversified Prescribers
1000003700,TX,Family Practice,3985.5999999999995,3520.0,1787200.2199999997,14,6,0.0104,379.4,220.3,783.8,1195.5,0.0,532.5,874.0999999999999,0.0,19.67,13.36,30.0,-17.7,-23.85,2732.1,68.55,3.0,Low-Volume / Low-Growth Prescribers
1000003709,TX,Physician Assistant,743.6999999999999,633.0,242909.56000000006,14,7,0.0019,287.8,78.2,116.6,125.2,0.0,34.6,88.2,13.1,15.68,4.65,16.83,-92.76,-92.32,354.59999999999997,47.68,3.0,Low-Volume / Low-Growth Prescribers
1000003726,FL,Endocrinology,44927.4,39108.0,26778138.259999998,21,8,0.1167,3443.6,1967.0,13872.8,6739.6,191.20000000000002,14040.8,3339.3,1333.1000000000001,30.88,31.25,15.0,-43.15,-25.19,36620.2,81.51,1.0,High-Volume Core Prescribers
1000003734,CA,Internal Medicine,949.3,827.0,406693.72,14,7,0.0025,235.8,72.5,82.1,297.5,2.3,232.2,26.9,0.0,8.65,24.46,31.34,54.34,113.3,684.3,72.08,3.0,Low-Volume / Low-Growth Prescribers
1000003742,CA,Family Practice,4204.299999999999,3697.0,2154297.07,17,7,0.0109,0.0,185.59999999999997,853.4,879.0,19.7,1215.8999999999999,918.9,131.8,20.3,28.92,20.91,-74.71,-70.66,3133.8999999999996,74.54,0.0,Diversified Prescribers
1000003745,NC,Internal Medicine,1149.9,1008.0,555460.87,17,7,0.003,268.1,107.5,272.5,399.79999999999995,0.0,64.30000000000001,29.3,8.4,23.7,5.59,34.77,93.18,35.08,844.0999999999999,73.41,3.0,Low-Volume / Low-Growth Prescribers
1000003762,MI,Internal Medicine,4625.9000000000015,3985.0,1624459.53,17,8,0.012,557.1,641.9,273.4,1274.8,15.0,706.5,971.0999999999999,186.1,5.91,15.27,27.56,-73.51,-75.55,2896.6,62.62,0.0,Diversified Prescribers
1000003763,CA,Internal Medicine,4623.700000000001,4132.0,2350714.3699999996,17,7,0.012,1072.9,348.0,1292.8999999999999,1276.0,29.700000000000003,398.9,205.3,0.0,27.96,8.63,27.6,-53.53,-18.57,3315.7999999999997,71.71,0.0,Diversified Prescribers
1000003764,AZ,Internal Medicine,10890.1,9446.0,6302000.84,15,7,0.0283,0.0,1593.6,1794.7000000000003,3743.3,61.5,2705.2,781.9,209.9,16.48,24.84,34.37,112.58,216.07,9836.8,90.33,0.0,Diversified Prescribers
1000003769,GA,Endocrinology,2425.3999999999996,2103.0,1445459.8000000003,20,8,0.0063,331.7,99.00000000000001,778.5,432.1000000000001,2.3,660.8000000000001,102.69999999999999,18.3,32.1,27.24,17.82,-7.95,196.25,1970.4000000000003,81.24,0.0,Diversified Prescribers
1000003779,CA,Nurse Practitioner,2835.5000000000005,2410.0,1663580.7699999998,13,6,0.0074,0.0,63.4,880.5,1172.3,0.0,306.29999999999995,341.2,71.8,31.05,10.8,41.34,54.13,194.05,2422.5,85.43,3.0,Low-Volume / Low-Growth Prescribers
1000003780,FL,Internal Medicine,4124.299999999999,3622.0,2179436.66,12,6,0.0107,0.0,501.2,967.3,604.0,12.7,1088.3000000000002,950.8,0.0,23.45,26.39,14.64,43.23,97.84,3160.8,76.64,3.0,Low-Volume / Low-Growth Prescribers
1000003781,VA,Internal Medicine,20370.800000000007,18039.0,7337820.539999999,17,8,0.0529,5721.0,492.0,1784.8000000000002,3325.0000000000005,65.4,6031.900000000001,2394.3,556.4,8.76,29.61,16.32,-37.02,1.78,11633.7,57.11,0.0,Diversified Prescribers
1000003784,OH,Family Practice,4214.9,3674.0,1811588.8299999998,18,8,0.0109,591.5,346.0,814.8000000000001,1149.9,20.0,410.8,716.8000000000001,165.1,19.33,9.75,27.28,-46.55,24.86,2721.5,64.57,0.0,Diversified Prescribers
1000003787,CA,Internal Medicine,42699.399999999994,36867.0,28866001.34,15,6,0.1109,0.0,5434.5,13319.400000000001,6094.4,134.9,15719.999999999998,1996.2,0.0,31.19,36.82,14.27,-73.43,-61.03,40568.3,95.01,1.0,High-Volume Core Prescribers
1000003803,TX,Cardiology,959.5999999999999,829.0,536741.51,14,7,0.0025,109.1,121.3,265.8,320.8,0.0,81.5,43.7,17.4,27.7,8.49,33.43,-25.57,-4.61,789.4000000000001,82.26,3.0,Low-Volume / Low-Growth Prescribers
1000003807,FL,Internal Medicine,749.8,655.0,406233.93,17,7,0.0019,0.0,46.2,142.1,217.9,2.2,192.0,103.19999999999999,46.2,18.95,25.61,29.06,10.02,456.5,598.2,79.78,3.0,Low-Volume / Low-Growth Prescribers
1000003828,MA,Nurse Practitioner,886.3000000000003,787.0,358734.37,15,8,0.0023,241.9,35.5,90.00000000000001,205.6,3.2,230.9,67.6,11.6,10.15,26.05,23.2,163.4,64.84,562.0,63.41,3.0,Low-Volume / Low-Growth Prescribers
1000003831,OH,Family Practice,1031.5,883.0,264843.72,13,6,0.0027,359.09999999999997,30.0,78.8,254.70000000000002,0.0,51.400000000000006,257.5,0.0,7.64,4.98,24.69,-66.07,-15.68,414.9,40.22,3.0,Low-Volume / Low-Growth Prescribers
1000003839,AZ,Family Practice,1238.7,1069.0,666268.0800000001,15,6,0.0032,276.1,56.2,299.2,236.8,0.0,315.1,55.3,0.0,24.15,25.44,19.12,219.46,239.91,907.3,73.25,3.0,Low-Volume / Low-Growth Prescribers
1000003851,CA,Endocrinology,13547.400000000003,11674.0,7817950.55,21,8,0.0352,920.3,812.6,2758.8,2436.0,13.9,5351.1,1209.1,45.6,20.36,39.5,17.98,-7.67,77.54,11358.5,83.84,0.0,Diversified Prescribers
1000003856,FL,Internal Medicine,10335.700000000004,9020.0,4249108.520000001,15,7,0.0269,0.0,2314.8,222.2,2279.3,161.7,2746.2,2153.4,458.1,2.15,26.57,22.05,-59.7,-56.0,7562.5,73.17,0.0,Diversified Prescribers
1000003864,IL,Endocrinology,11211.999999999996,9767.0,5716252.240000001,21,8,0.0291,906.0,651.7,2576.1000000000004,2405.2000000000003,14.6,2865.7000000000003,1568.8999999999999,223.8,22.98,25.56,21.45,24.9,9.13,8498.7,75.8,0.0,Diversified Prescribers
1000003866,PA,Internal Medicine,978.2000000000002,879.0,476378.55,14,7,0.0025,198.5,38.8,248.8,47.8,0.0,239.60000000000002,190.29999999999998,14.4,25.43,24.49,4.89,36.04,93.54,575.0,58.78,3.0,Low-Volume / Low-Growth Prescribers
1000003877,TX,Nurse Practitioner,4468.099999999999,3905.0,2530108.92,17,6,0.0116,915.6999999999999,485.7,1123.1000000000001,783.1,17.6,1142.9,0.0,0.0,25.14,25.58,17.53,-30.02,197.0,3534.7999999999997,79.11,0.0,Diversified Prescribers
1000003879,NY,Internal Medicine,1057.9,926.0,393552.08,16,7,0.0027,217.6,57.9,26.6,416.20000000000005,2.2,228.60000000000002,108.8,0.0,2.51,21.61,39.34,-54.49,8.21,729.3000000000001,68.94,3.0,Low-Volume / Low-Growth Prescribers
1000003885,PA,Physician Assistant,789.5,699.0,395014.95999999996,11,6,0.0021,167.10000000000002,0.0,202.60000000000002,287.2,1.2,55.900000000000006,75.5,0.0,25.66,7.08,36.38,-24.48,145.8,545.7,69.12,3.0,Low-Volume / Low-Growth Prescribers
1000003891,CA,Internal Medicine,4726.200000000001,4079.0,1727584.5300000003,15,6,0.0123,1203.6,335.20000000000005,320.0,1870.5,0.0,586.5,410.4,0.0,6.77,12.41,39.58,-73.55,22.09,3112.2,65.85,3.0,Low-Volume / Low-Growth Prescribers
1000003894,AZ,Family Practice,955.2999999999998,829.0,523360.49,13,6,0.0025,0.0,52.7,252.70000000000002,221.50000000000003,0.0,214.6,182.0,31.8,26.45,22.46,23.19,123.83,24.94,741.5,77.62,3.0,Low-Volume / Low-Growth Prescribers
1000003903,IL,Internal Medicine,18459.699999999997,16136.0,11389351.719999999,18,8,0.048,1953.8,935.9000000000001,5366.100000000001,2778.8,26.5,6301.1,881.3,216.2,29.07,34.13,15.05,769.47,135.71,15381.900000000001,83.33,0.0,Diversified Prescribers
1000003912,FL,Endocrinology,102964.40000000002,91079.0,58432736.84,21,8,0.2675,18897.6,2373.2999999999997,30480.999999999996,11188.300000000001,378.80000000000007,31532.2,5704.2,2409.0,29.6,30.62,10.87,91.15,98.78,75574.8,73.4,1.0,High-Volume Core Prescribers
1000003920,OH,Physician Assistant,15197.500000000002,13074.0,8610786.920000002,17,8,0.0395,1413.2,337.6,4273.8,5158.900000000001,63.0,2313.5,1280.2,357.3,28.12,15.22,33.95,26.96,98.33,12083.800000000001,79.51,0.0,Diversified Prescribers
1000003924,CA,Nephrology,4863.6,4237.0,2432485.51,17,7,0.0126,572.7,438.1,997.1,793.1999999999999,16.4,1346.9,699.1999999999999,0.0,20.5,27.69,16.31,-28.5,-2.25,3575.2999999999997,73.51,0.0,Diversified Prescribers
1000003932,CA,Family Practice,3833.3,3314.0,1673702.02,17,8,0.01,537.6,367.0,641.7,1146.0,13.6,440.9,470.29999999999995,216.2,16.74,11.5,29.9,-39.96,37.61,2595.6,67.71,0.0,Diversified Prescribers
1000003940,FL,Family Practice,1015.6999999999999,892.0,416749.64999999997,14,7,0.0026,184.8,110.1,58.0,328.2,0.0,213.10000000000002,108.4,13.1,5.71,20.98,32.31,-23.02,242.07,709.4000000000001,69.84,3.0,Low-Volume / Low-Growth Prescribers
1000003955,TX,Nurse Practitioner,3079.0,2745.0,1788455.06,14,6,0.008,0.0,708.9000000000001,884.1,778.6999999999999,0.0,277.0,311.79999999999995,118.5,28.71,9.0,25.29,-54.91,-20.75,2648.7,86.02,3.0,Low-Volume / Low-Growth Prescribers
1000003977,NC,Internal Medicine,1143.2,1007.0,583141.45,13,6,0.003,322.2,182.0,279.1,251.7,2.1,106.1,0.0,0.0,24.41,9.28,22.02,22.09,225.32,818.9000000000001,71.63,3.0,Low-Volume / Low-Growth Prescribers
1000003986,CA,Endocrinology,38998.2,33787.0,23848928.049999997,21,8,0.1013,5246.200000000001,1637.6,12646.1,5518.400000000001,331.9,10553.2,2625.4,439.4,32.43,27.06,14.15,62.14,250.24,30355.300000000003,77.84,1.0,High-Volume Core Prescribers
1000003988,TX,Internal Medicine,5679.0999999999985,4978.0,2735708.09,19,8,0.0148,1107.7,33.2,1431.1,1020.4,33.9,1202.1999999999998,806.9,43.7,25.2,21.17,17.97,-13.04,30.28,3686.8999999999996,64.92,0.0,Diversified Prescribers
1000003993,IN,Endocrinology,2982.2,2556.0,1673882.93,18,7,0.0077,479.49999999999994,89.80000000000001,782.5999999999999,518.8,0.0,901.9,163.4,46.2,26.24,30.24,17.4,121.74,58.93,2293.1,76.89,0.0,Diversified Prescribers
1000003998,TX,Internal Medicine,919.5000000000001,800.0,453496.97,15,7,0.0024,101.2,44.9,181.4,211.0,0.0,242.29999999999998,127.1,11.6,19.73,26.35,22.95,-24.1,75.52,679.5999999999999,73.91,3.0,Low-Volume / Low-Growth Prescribers
1000004011,NC,Internal Medicine,3438.9999999999995,2970.0,920843.2300000002,12,8,0.0089,1166.5,365.1,285.5,361.0,30.1,413.8,752.6,64.4,8.3,12.03,10.5,-90.49,-88.63,1425.4,41.45,3.0,Low-Volume / Low-Growth Prescribers
1000004021,NY,Internal Medicine,14132.799999999997,12539.0,7787310.839999999,17,7,0.0367,1453.5,656.4000000000001,2687.7000000000003,3828.7999999999997,39.5,4743.599999999999,723.3,0.0,19.02,33.56,27.09,3.02,-24.89,11916.499999999998,84.32,0.0,Diversified Prescribers
1000004022,TX,Family Practice,33149.3,28984.0,19389192.71,16,7,0.0861,3217.5,1437.4,7722.0,8563.0,321.1,10880.0,0.0,1008.3,23.29,32.82,25.83,-54.13,-16.36,28602.4,86.28,1.0,High-Volume Core Prescribers
1000004024,IL,Family Practice,4055.9,3621.0,1845819.2000000004,16,7,0.0105,893.1,671.4000000000001,575.5,1374.2,29.8,387.9,0.0,124.0,14.19,9.56,33.88,16.38,-65.52,3009.0,74.19,0.0,Diversified Prescribers
1000004030,IN,Family Practice,625.1999999999999,531.0,283998.33999999997,14,7,0.0016,97.2,112.4,126.4,141.6,2.3,65.5,79.8,0.0,20.22,10.48,22.65,-60.32,77.12,445.9,71.32,3.0,Low-Volume / Low-Growth Prescribers
1000004033,AZ,Nephrology,1010.0,874.0,211014.63,16,8,0.0026,364.5,83.30000000000001,24.3,210.7,2.2,61.3,243.00000000000003,20.7,2.41,6.07,20.86,4.78,7.65,379.6,37.58,3.0,Low-Volume / Low-Growth Prescribers
1000004050,IN,Physician Assistant,12180.099999999999,10451.0,5781288.870000001,14,7,0.0316,2076.6,965.3000000000001,2096.8,2496.6,165.1,2958.3,1421.4,0.0,17.21,24.29,20.5,14.7,106.05,8517.0,69.93,0.0,Diversified Prescribers
1000004063,MA,Internal Medicine,34745.59999999999,31064.0,15849342.37,17,7,0.0903,0.0,3035.2,9965.699999999999,1878.5,310.9,4573.900000000001,13963.7,1017.6999999999999,28.68,13.16,5.41,-41.55,-36.5,19453.3,55.99,1.0,High-Volume Core Prescribers
1000004066,IN,Endocrinology,7223.000000000001,6321.0,3783807.05,21,8,0.0188,399.0,575.4000000000001,1953.8,1452.1,25.700000000000003,1662.3999999999999,1016.5,138.1,27.05,23.02,20.1,-49.62,-74.77,5643.700000000001,78.14,0.0,Diversified Prescribers
1000004068,PA,Family Practice,17087.899999999998,14874.0,9002588.96,18,7,0.0444,1908.6,940.4,3450.1,5681.099999999999,113.4,3177.1000000000004,1817.2,0.0,20.19,18.59,33.25,18.17,54.14,13248.7,77.53,0.0,Diversified Prescribers
1000004093,IN,Physician Assistant,922.8999999999999,794.0,503888.54,16,7,0.0024,0.0,33.5,193.4,187.0,4.5,281.20000000000005,183.90000000000003,39.4,20.96,30.47,20.26,671.91,197.4,695.1,75.32,3.0,Low-Volume / Low-Growth Prescribers
1000004098,IL,Internal Medicine,577.2,494.0,222002.80000000002,10,8,0.0015,223.9,28.1,114.1,82.6,3.3,70.8,41.6,12.8,19.77,12.27,14.31,115.23,167.51,295.59999999999997,51.21,3.0,Low-Volume / Low-Growth Prescribers
1000004101,GA,Internal Medicine,716.3,631.0,355886.57,13,7,0.0019,133.3,49.5,193.3,158.9,0.0,78.5,86.2,16.6,26.99,10.96,22.18,-25.65,12.56,480.20000000000005,67.04,3.0,Low-Volume / Low-Growth Prescribers
1000004120,VA,Internal Medicine,5006.400000000001,4263.0,2566238.47,15,6,0.013,617.1,127.2,1306.7,933.0999999999999,0.0,1080.0,942.3000000000001,0.0,26.1,21.57,18.64,90.48,197.6,3446.9999999999995,68.85,0.0,Diversified Prescribers
1000004121,TX,Internal Medicine,785.8,675.0,316453.09,12,7,0.002,196.7,56.0,124.6,166.89999999999998,0.0,120.4,107.69999999999999,13.5,15.86,15.32,21.24,-7.53,14.83,467.9,59.54,3.0,Low-Volume / Low-Growth Prescribers
1000004140,TN,Internal Medicine,30557.800000000003,26418.0,16692589.45,16,7,0.0794,0.0,3677.7,5329.900000000001,10445.3,237.7,6947.5,3474.2,445.5,17.44,22.74,34.18,-33.05,82.19,26400.4,86.39,1.0,High-Volume Core Prescribers
1000004179,TX,Internal Medicine,3868.2999999999993,3387.0,1143948.71,14,7,0.01,1450.5,107.1,447.3,892.4000000000001,16.8,276.9,677.3,0.0,11.56,7.16,23.07,9.1,647.58,1723.7000000000003,44.56,3.0,Low-Volume / Low-Growth Prescribers
1000004194,IL,Family Practice,3133.9000000000005,2792.0,1866987.9899999998,16,7,0.0081,0.0,309.90000000000003,643.0,465.1,38.9,1374.3,157.6,145.10000000000002,20.52,43.85,14.84,80.54,217.51,2792.2999999999997,89.1,0.0,Diversified Prescribers
1000004195,OH,Internal Medicine,12097.8,10419.0,5846382.86,17,8,0.0314,1263.0,952.4000000000001,2418.6,2857.2999999999997,144.70000000000002,2636.5,1511.3,314.0,19.99,21.79,23.62,-79.4,21.98,8864.8,73.28,0.0,Diversified Prescribers
1000004196,VA,Endocrinology,76040.80000000002,65895.0,37388513.31,21,8,0.1975,9658.8,5129.299999999999,10679.2,11260.3,284.7,30716.8,7584.5,727.2,14.04,40.4,14.81,-66.89,-68.52,57785.600000000006,75.99,1.0,High-Volume Core Prescribers
1000004206,MI,Family Practice,4410.200000000001,3902.0,2002759.7599999998,15,7,0.0115,559.1,565.6,857.2,1259.8,28.3,424.4,715.8,0.0,19.44,9.62,28.57,-26.59,-30.74,3107.0,70.45,3.0,Low-Volume / Low-Growth Prescribers
1000004207,PA,Internal Medicine,22141.3,19425.0,10238191.59,17,8,0.0575,3373.8999999999996,2454.5,5718.800000000001,3894.2,137.3,1796.8,4308.7,457.1,25.83,8.12,17.59,122.35,-27.41,13864.300000000003,62.62,0.0,Diversified Prescribers
1000004213,NY,Internal Medicine,13589.6,11818.0,4591862.140000001,15,8,0.0353,3930.9,3397.4,512.5,2484.7,106.4,1763.7,903.8,490.2,3.77,12.98,18.28,-71.37,-39.45,8158.3,60.03,0.0,Diversified Prescribers
1000004226,NY,Internal Medicine,3434.9000000000005,2996.0,1733194.6400000001,18,7,0.0089,546.4,352.7,771.3,387.40000000000003,0.0,1010.0999999999999,324.1,42.9,22.45,29.41,11.28,301.66,-75.77,2521.5,73.41,0.0,Diversified Prescribers
1000004227,TX,Family Practice,4630.4,3992.0,2433999.3899999997,15,7,0.012,993.9,401.0,1554.1,593.9,8.8,566.8,511.9,0.0,33.56,12.24,12.83,36.67,-45.17,3115.7999999999997,67.29,3.0,Low-Volume / Low-Growth Prescribers
1000004231,MI,Internal Medicine,4583.5,4010.0,1993454.77,15,7,0.0119,1596.6,455.59999999999997,1086.4,339.6,17.0,622.9000000000001,465.4,0.0,23.7,13.59,7.41,99.53,1728.22,2504.5,54.64,3.0,Low-Volume / Low-Growth Prescribers
1000004234,NY,Endocrinology,9100.599999999999,8016.0,4993547.160000001,21,8,0.0236,1193.3,698.2,2623.8,2380.5,62.6,1552.1999999999998,520.7,69.3,28.83,17.06,26.16,99.72,37.23,7254.7,79.72,0.0,Diversified Prescribers
1000004243,CA,Internal Medicine,6058.700000000001,5248.0,2062432.7599999998,18,7,0.0157,1720.6999999999998,292.4,598.5,1246.1999999999998,26.6,1223.3,951.0000000000001,0.0,9.88,20.19,20.57,-36.62,-37.84,3360.3999999999996,55.46,0.0,Diversified Prescribers
1000004252,TX,Internal Medicine,771.4,664.0,573347.03,13,6,0.002,0.0,36.8,346.5,57.3,1.1,227.0,102.7,0.0,44.92,29.43,7.43,68.26,407.98,667.5999999999999,86.54,3.0,Low-Volume / Low-Growth Prescribers
1000004263,MA,Internal Medicine,3868.000000000001,3339.0,2392456.2199999997,14,7,0.01,357.6,552.3,1303.5,576.8,26.0,848.2,203.6,0.0,33.7,21.93,14.91,91.13,-35.13,3280.8,84.82,3.0,Low-Volume / Low-Growth Prescribers
1000004269,TX,Physician Assistant,15635.599999999999,13680.0,8505466.09,21,8,0.0406,1534.9,1310.3,4347.1,4015.9,193.20000000000002,2573.0,1367.8000000000002,293.4,27.8,16.46,25.68,56.41,-23.84,12246.3,78.32,0.0,Diversified Prescribers
1000004291,CA,Endocrinology,2452.3,2118.0,1355359.6099999996,18,7,0.0064,366.3,105.29999999999998,765.8,386.49999999999994,0.0,508.69999999999993,306.6,13.1,31.23,20.74,15.76,-64.11,6.99,1766.3,72.03,0.0,Diversified Prescribers
1000004292,TX,Family Practice,2626.7999999999997,2243.0,1390063.92,14,8,0.0068,384.0,203.60000000000002,668.2,560.5,9.4,453.29999999999995,249.2,98.6,25.44,17.26,21.34,1342.98,568.64,1885.6,71.78,3.0,Low-Volume / Low-Growth Prescribers
1000004304,GA,Family Practice,7535.700000000001,6527.0,3045743.73,19,8,0.0196,2506.9,272.20000000000005,1435.5,1725.0,15.5,806.5,685.2,88.9,19.05,10.7,22.89,51.21,260.37,4239.2,56.25,0.0,Diversified Prescribers
1000004327,FL,Cardiology,929.5999999999999,800.0,632552.8200000001,15,7,0.0024,0.0,95.1,404.40000000000003,171.9,2.4,105.3,132.1,18.4,43.5,11.33,18.49,-18.24,68.3,776.7,83.55,3.0,Low-Volume / Low-Growth Prescribers
1000004341,TN,Endocrinology,2183.8999999999996,1897.0,1135854.7,16,7,0.0057,410.69999999999993,90.1,513.2,321.0,0.0,698.7,107.8,42.400000000000006,23.5,31.99,14.7,155.0,26.36,1623.0,74.32,3.0,Low-Volume / Low-Growth Prescribers
1000004370,IN,Internal Medicine,14429.6,12171.0,6917142.390000001,18,7,0.0375,2468.3,2021.6,2220.7,3315.8,95.2,3459.7,848.3,0.0,15.39,23.98,22.98,122.12,-6.74,11017.8,76.36,0.0,Diversified Prescribers
1000004377,FL,Family Practice,44288.4,38154.0,17728021.939999998,20,8,0.1151,8484.9,2230.3999999999996,6051.6,10398.3,223.5,8462.1,7718.200000000001,719.4,13.66,19.11,23.48,-81.3,-14.44,27142.399999999998,61.29,1.0,High-Volume Core Prescribers
1000004386,GA,Physician Assistant,4920.200000000001,4287.0,2267878.2600000002,17,7,0.0128,960.8000000000001,721.9999999999999,687.4000000000001,1056.7,18.5,1122.0,352.79999999999995,0.0,13.97,22.8,21.48,27.49,-13.79,3588.1000000000004,72.93,0.0,Diversified Prescribers
1000004401,IN,Internal Medicine,5347.0,4659.0,2756819.95,14,7,0.0139,0.0,650.4,1151.7,413.6,36.8,1597.6000000000001,1337.0,159.9,21.54,29.88,7.74,258.26,70.81,3813.3,71.32,3.0,Low-Volume / Low-Growth Prescribers
1000000133,MA,Internal Medicine,717.3,621.0,306436.07,13,6,0.0019,227.8,56.0,121.1,104.19999999999999,0.0,168.3,39.9,0.0,16.88,23.46,14.53,,,449.59999999999997,62.68,,
1000001785,IL,Nurse Practitioner,450.5,399.0,157006.90000000002,11,7,0.0012,105.1,32.2,19.7,173.10000000000002,0.0,74.3,34.0,12.1,4.37,16.49,38.42,,,299.3,66.44,,
1000004412,MA,Family Practice,1052.0,898.0,631873.3200000001,17,8,0.0027,211.9,19.6,426.7,139.5,2.3,146.7,88.1,17.2,40.56,13.94,13.26,13.82,834.81,732.5,69.63,3.0,Low-Volume / Low-Growth Prescribers
1000004418,PA,Internal Medicine,17457.300000000003,15142.0,9094768.08,18,7,0.0454,0.0,1619.8,3095.0,2929.0,96.5,6184.700000000001,3054.2,478.1,17.73,35.43,16.78,-16.1,177.91,13828.5,79.21,0.0,Diversified Prescribers
1000004420,IL,Endocrinology,32515.3,28693.0,20089423.009999998,21,8,0.0845,3683.7,2699.1,12658.400000000001,3483.6000000000004,212.5,7026.6,2206.5,544.9,38.93,21.61,10.71,-84.45,-37.43,25867.699999999997,79.56,1.0,High-Volume Core Prescribers
1000004430,NY,Family Practice,848.3999999999999,728.0,339867.59,11,7,0.0022,240.6,35.2,89.5,271.4,0.0,154.5,43.7,13.5,10.55,18.21,31.99,-42.72,-57.3,550.5999999999999,64.9,3.0,Low-Volume / Low-Growth Prescribers
1000004440,PA,Nurse Practitioner,1101.5,973.0,486815.05000000005,15,6,0.0029,224.7,108.1,138.0,322.0,0.0,218.2,90.5,0.0,12.53,19.81,29.23,63.83,19.85,786.3,71.38,3.0,Low-Volume / Low-Growth Prescribers
1000004444,FL,Internal Medicine,864.0999999999999,753.0,516751.14999999997,15,8,0.0022,114.1,125.10000000000001,301.6,162.70000000000002,2.1,93.1,49.7,15.7,34.9,10.77,18.83,64.49,62.76,682.5000000000001,78.98,3.0,Low-Volume / Low-Growth Prescribers
1000004446,AZ,Internal Medicine,919.7,815.0,411817.20999999996,12,6,0.0024,288.2,32.8,215.0,112.2,0.0,194.1,77.4,0.0,23.38,21.1,12.2,-24.77,51.14,554.1,60.25,3.0,Low-Volume / Low-Growth Prescribers
1000004458,OH,Internal Medicine,29745.0,26147.0,11766370.73,14,7,0.0773,0.0,3913.3,901.6,11279.6,129.1,5675.599999999999,7192.8,653.0,3.03,19.08,37.92,86.52,-9.35,21770.1,73.19,1.0,High-Volume Core Prescribers
1000004473,CA,Internal Medicine,886.7,781.0,517253.88,16,7,0.0023,88.1,69.9,264.09999999999997,162.7,0.0,212.1,69.6,20.2,29.78,23.92,18.35,33.4,-11.23,708.8,79.94,3.0,Low-Volume / Low-Growth Prescribers
1000004476,FL,Internal Medicine,642.5,572.0,351952.98000000004,13,6,0.0017,70.7,57.400000000000006,89.80000000000001,207.5,3.7,213.4,0.0,0.0,13.98,33.21,32.3,13.13,22.2,568.1,88.42,3.0,Low-Volume / Low-Growth Prescribers
1000004478,NC,Family Practice,3441.8,3060.0,1839969.29,14,8,0.0089,425.7,267.9,950.1000000000001,548.2,32.6,585.1,384.9,247.3,27.6,17.0,15.93,39.46,204.0,2351.3,68.32,3.0,Low-Volume / Low-Growth Prescribers
1000004492,FL,Family Practice,846.3,740.0,375976.74,14,6,0.0022,77.0,150.10000000000002,118.89999999999999,137.0,0.0,183.3,179.99999999999997,0.0,14.05,21.66,16.19,38.29,-32.07,589.3,69.63,3.0,Low-Volume / Low-Growth Prescribers
1000000008,OH,Family Practice,4232.2,3691.0,2277922.7600000002,14,6,0.011,387.4,301.3,994.8,1400.9,0.0,645.8,502.0,0.0,23.51,15.26,33.1,-46.56,8.68,3342.8,78.98,3.0,Low-Volume / Low-Growth Prescribers
1000000009,IN,Family Practice,5471.6,4787.0,2482228.1,14,7,0.0142,1625.5,443.99999999999994,809.0,764.5,0.0,1576.8,182.7,69.1,14.79,28.82,13.97,1.9,292.88,3594.3,65.69,3.0,Low-Volume / Low-Growth Prescribers
1000000011,PA,Physician Assistant,932.5,787.0,373757.80999999994,13,7,0.0024,130.6,75.6,71.7,125.3,0.0,292.6,211.3,25.4,7.69,31.38,13.44,-53.66,1054.71,565.1999999999999,60.61,3.0,Low-Volume / Low-Growth Prescribers
1000000017,MA,Internal Medicine,13459.099999999999,11635.0,5583324.32,16,7,0.035,4250.9,657.0,2162.6,4800.3,125.3,1271.5,0.0,191.5,16.07,9.45,35.67,15.02,-2.18,8891.4,66.06,0.0,Diversified Prescribers
1000000020,MA,Family Practice,718.5,618.0,334300.01999999996,13,7,0.0019,0.0,84.19999999999999,104.4,269.2,4.2,100.4,143.0,13.1,14.53,13.97,37.47,-64.01,-85.76,558.2,77.69,3.0,Low-Volume / Low-Growth Prescribers
1000000033,FL,Physician Assistant,18070.899999999998,15554.0,8409659.360000001,15,7,0.0469,3535.8,1184.3000000000002,3564.8,3749.7000000000003,0.0,3615.5,1932.3,488.5,19.73,20.01,20.75,-17.49,257.63,12114.300000000001,67.04,0.0,Diversified Prescribers
1000000036,NY,Internal Medicine,742.4,650.0,268584.1400000001,13,7,0.0019,216.2,104.19999999999999,27.4,184.39999999999998,0.0,161.0,32.8,16.4,3.69,21.69,24.84,-88.82,-78.25,477.0,64.25,3.0,Low-Volume / Low-Growth Prescribers
1000000041,IL,Internal Medicine,1014.4000000000001,878.0,405356.27,19,7,0.0026,200.60000000000002,73.8,129.50000000000003,251.0,0.0,186.7,159.70000000000002,13.1,12.77,18.4,24.74,-33.2,139.07,641.0,63.19,0.0,Diversified Prescribers
1000000046,CA,Internal Medicine,718.1999999999999,624.0,473036.92000000004,14,6,0.0019,0.0,138.3,294.2,149.5,0.0,36.9,70.6,28.7,40.96,5.14,20.82,-77.18,-55.87,618.9,86.17,3.0,Low-Volume / Low-Growth Prescribers
1000000053,MA,Nurse Practitioner,778.5999999999999,682.0,382175.71,13,6,0.002,111.7,111.8,100.19999999999999,155.0,0.0,227.9,72.0,0.0,12.87,29.27,19.91,-11.55,,594.9000000000001,76.41,3.0,Low-Volume / Low-Growth Prescribers
1000000082,AZ,Internal Medicine,865.4,749.0,380017.0800000001,14,7,0.0022,239.6,22.2,172.6,110.6,0.0,212.9,90.3,17.2,19.94,24.6,12.78,-75.36,93.06,518.3,59.89,3.0,Low-Volume / Low-Growth Prescribers
1000000087,CA,Family Practice,41706.1,36593.0,21469650.740000002,17,8,0.1083,8810.8,2683.2000000000003,10021.900000000001,10085.2,164.1,7161.3,1958.0,821.6,24.03,17.17,24.18,-55.19,176.22,29951.600000000002,71.82,1.0,High-Volume Core Prescribers
1000000096,MI,Internal Medicine,497.8,439.0,265465.76999999996,12,7,0.0013,109.0,78.30000000000001,152.29999999999998,80.5,1.2,45.5,31.0,0.0,30.59,9.14,16.17,-88.44,,356.6,71.64,3.0,Low-Volume / Low-Growth Prescribers
1000000099,FL,Endocrinology,2835.2,2424.0,1658200.47,19,7,0.0074,175.3,111.9,732.5,533.4,0.0,935.0,301.3,45.8,25.84,32.98,18.81,8.44,239.46,2312.8,81.57,0.0,Diversified Prescribers
1000000105,MA,Internal Medicine,686.4999999999999,586.0,231462.60000000006,12,8,0.0018,166.7,88.4,22.6,211.6,2.2,121.2,40.9,32.9,3.29,17.65,30.82,-72.12,-88.37,443.8,64.65,3.0,Low-Volume / Low-Growth Prescribers
1000000114,TX,Family Practice,1006.8000000000001,872.0,473313.56000000006,18,7,0.0026,172.8,75.4,137.7,297.9,0.0,229.8,79.30000000000001,13.9,13.68,22.82,29.59,44.76,140.76,740.8,73.58,3.0,Low-Volume / Low-Growth Prescribers
1000000119,TN,Internal Medicine,18281.4,15772.0,8935371.439999998,16,7,0.0475,4295.7,1317.1,4812.9,2814.6,73.4,3248.7,1719.0,0.0,26.33,17.77,15.4,4233.46,-18.93,12193.3,66.7,0.0,Diversified Prescribers
1000000124,IN,Internal Medicine,680.9000000000001,590.0,362423.20999999996,14,7,0.0018,74.1,18.6,175.2,238.60000000000002,3.7,94.3,76.4,0.0,25.73,13.85,35.04,-71.9,83.05,526.7,77.35,3.0,Low-Volume / Low-Growth Prescribers
1000000128,NC,Endocrinology,12727.6,10930.0,8349181.579999999,19,8,0.0331,414.1,445.9,4614.2,2137.0,13.9,3724.1,1231.0,147.4,36.25,29.26,16.79,-34.75,77.5,10921.199999999999,85.81,0.0,Diversified Prescribers
1000000130,CA,Internal Medicine,1202.6,1063.0,673375.01,12,6,0.0031,197.5,48.3,323.4,281.2,0.0,249.99999999999997,102.2,0.0,26.89,20.79,23.38,26.99,215.56,902.8999999999999,75.08,3.0,Low-Volume / Low-Growth Prescribers
1000000134,CA,Physician Assistant,16035.500000000004,14109.0,6330825.0600000005,17,8,0.0417,4180.2,459.0,1802.8000000000002,3253.5,120.3,3807.7999999999997,1833.1,578.8,11.24,23.75,20.29,264.01,42.04,9323.1,58.14,0.0,Diversified Prescribers
1000000136,FL,Internal Medicine,4204.999999999999,3767.0,1959190.26,18,6,0.0109,0.0,322.9,732.4000000000001,1279.8,0.0,724.5,991.2,154.2,17.42,17.23,30.44,-96.83,-92.77,3059.6000000000004,72.76,0.0,Diversified Prescribers
1000000140,IN,Physician Assistant,3635.2999999999997,3160.0,1615064.07,15,7,0.0094,1070.8,300.20000000000005,988.4,526.4000000000001,35.5,329.8,384.20000000000005,0.0,27.19,9.07,14.48,106.88,-5.43,2144.8,59.0,3.0,Low-Volume / Low-Growth Prescribers
1000000146,NC,Family Practice,748.3,640.0,433238.13,13,8,0.0019,100.8,19.4,291.2,203.5,2.3,49.2,62.2,19.7,38.91,6.57,27.19,70.2,-4.99,563.3,75.28,3.0,Low-Volume / Low-Growth Prescribers
1000000152,PA,Endocrinology,2220.2999999999997,1946.0,1267183.81,18,7,0.0058,291.2,114.7,588.9,320.5,1.1,706.4,197.5,0.0,26.52,31.82,14.43,213.27,107.26,1730.5,77.94,0.0,Diversified Prescribers
1000000157,IL,Family Practice,5358.699999999999,4650.0,3003988.5500000003,18,8,0.0139,421.0,483.90000000000003,1772.6,402.1,11.2,1086.3,1123.8000000000002,57.8,33.08,20.27,7.5,-45.81,60.69,3744.8999999999996,69.88,0.0,Diversified Prescribers
1000000163,TN,Internal Medicine,1095.3,955.0,613346.49,12,6,0.0028,129.0,72.7,221.10000000000002,256.29999999999995,0.0,338.6,77.6,0.0,20.19,30.91,23.4,172.29,44.32,888.7,81.14,3.0,Low-Volume / Low-Growth Prescribers
1000000171,MA,Endocrinology,30899.600000000006,26267.0,18615236.699999996,20,8,0.0803,3805.6,1266.6,13340.7,5645.799999999999,135.2,2732.3,3581.0,392.4,43.17,8.84,18.27,-52.44,-52.17,22985.399999999998,74.39,1.0,High-Volume Core Prescribers
1000000176,CA,Family Practice,914.3,792.0,435231.96,17,7,0.0024,94.1,108.89999999999999,205.2,250.7,0.0,90.4,146.6,18.4,22.44,9.89,27.42,47.29,87.07,655.2,71.66,3.0,Low-Volume / Low-Growth Prescribers
1000000182,IN,Physician Assistant,592.1,515.0,227187.44999999998,12,6,0.0015,226.10000000000002,76.0,83.6,52.3,0.0,120.6,0.0,33.5,14.12,20.37,8.83,-9.21,36.33,332.5,56.16,3.0,Low-Volume / Low-Growth Prescribers
1000000187,CA,Internal Medicine,1020.8999999999996,906.0,427416.11,17,6,0.0027,206.8,46.2,149.60000000000002,346.1,0.0,142.1,130.1,0.0,14.65,13.92,33.9,218.13,16.29,684.0,67.0,3.0,Low-Volume / Low-Growth Prescribers
1000000221,CA,Family Practice,3973.9999999999995,3460.0,1895977.42,16,8,0.0103,484.2,242.6,702.9000000000001,1859.3,25.3,451.70000000000005,143.4,64.6,17.69,11.37,46.79,-32.53,-28.81,3256.5,81.95,0.0,Diversified Prescribers
1000000228,MI,Nurse Practitioner,817.9,712.0,385825.77,13,7,0.0021,91.4,27.6,128.6,414.0,0.0,81.7,42.9,31.7,15.72,9.99,50.62,131.08,64.55,651.9,79.7,3.0,Low-Volume / Low-Growth Prescribers
1000000230,CA,Family Practice,5911.4,5072.0,2140940.6999999997,19,8,0.0154,1577.1000000000001,420.0,671.9000000000001,1394.8000000000002,26.2,919.2,800.1999999999999,102.0,11.37,15.55,23.6,-41.01,5.46,3405.9000000000005,57.62,0.0,Diversified Prescribers
1000000267,CA,Family Practice,819.6,702.0,316960.15,15,7,0.0021,232.7,114.1,90.4,265.0,0.0,62.2,41.6,13.6,11.03,7.59,32.33,-72.92,82.25,531.7,64.87,3.0,Low-Volume / Low-Growth Prescribers
1000000269,FL,Internal Medicine,991.0999999999999,850.0,530823.63,16,7,0.0026,83.5,55.599999999999994,220.8,317.79999999999995,0.0,219.9,79.0,14.5,22.28,22.19,32.07,120.42,-21.27,814.1,82.14,3.0,Low-Volume / Low-Growth Prescribers
1000000291,VA,Endocrinology,11586.400000000001,9919.0,6192360.9399999995,21,8,0.0301,1890.6,455.3,2357.4,1675.1,25.6,4273.299999999999,852.8,56.3,20.35,36.88,14.46,83.99,360.69,8761.099999999999,75.62,0.0,Diversified Prescribers
1000000293,FL,Internal Medicine,4576.6,4051.0,2223768.46,17,7,0.0119,520.4,524.6,1026.3,1072.6,12.9,558.3,861.5000000000001,0.0,22.42,12.2,23.44,9.3,31.83,3181.7999999999997,69.52,0.0,Diversified Prescribers
1000000294,FL,Endocrinology,43819.0,37526.0,25313950.92,22,8,0.1138,8346.400000000001,3131.7,14592.199999999999,5264.6,148.8,8880.199999999999,3152.8,302.3,33.3,20.27,12.01,58.97,58.11,31868.699999999997,72.73,1.0,High-Volume Core Prescribers
1000000295,FL,Internal Medicine,15954.900000000001,13784.0,7335039.340000001,17,8,0.0414,2010.5,1167.6,3676.7,2323.3,135.2,2722.7,3443.7,475.2,23.04,17.06,14.56,484.98,243.89,9890.3,61.99,0.0,Diversified Prescribers
1000000304,TN,Family Practice,5883.400000000001,5110.0,2336560.89,15,6,0.0153,968.5,874.0,667.0,954.8000000000001,0.0,1186.0,1233.1,0.0,11.34,20.16,16.23,46.04,99.62,3681.8,62.58,0.0,Diversified Prescribers
1000000310,TX,Internal Medicine,1006.0,880.0,489119.79,15,7,0.0026,88.2,101.1,76.8,356.8,4.6,302.2,76.30000000000001,0.0,7.63,30.04,35.47,20.08,160.71,836.9000000000001,83.19,3.0,Low-Volume / Low-Growth Prescribers
1000000316,IN,Internal Medicine,8383.0,7179.0,4104274.6900000004,13,7,0.0218,0.0,693.7,402.9,3341.7999999999997,106.4,2744.9,903.9,189.4,4.81,32.74,39.86,30.98,133.19,7183.299999999999,85.69,0.0,Diversified Prescribers
1000000322,NY,Family Practice,4741.799999999999,4105.0,2098064.1,13,6,0.0123,528.6,38.7,823.9,1251.5,0.0,1162.2,936.9000000000001,0.0,17.38,24.51,26.39,-32.99,10.81,3276.3,69.09,3.0,Low-Volume / Low-Growth Prescribers
1000000327,TX,Family Practice,1030.0,900.0,556670.6,15,7,0.0027,106.4,68.30000000000001,302.9,300.2,0.0,104.1,128.9,19.2,29.41,10.11,29.15,24.36,224.39,775.5,75.29,3.0,Low-Volume / Low-Growth Prescribers
1000000330,AZ,Internal Medicine,6656.0,5727.0,3510131.29,20,8,0.0173,1080.1,562.3,1435.0,1334.7,9.5,1612.6,465.6,156.2,21.56,24.23,20.05,3.37,322.85,4944.599999999999,74.29,0.0,Diversified Prescribers
1000000335,CA,Endocrinology,2267.7000000000003,1955.0,1356467.93,19,7,0.0059,235.4,195.1,692.4,484.79999999999995,6.0,508.4,145.60000000000002,0.0,30.53,22.42,21.38,126.98,52.15,1880.6999999999998,82.93,0.0,Diversified Prescribers
1000000342,FL,Endocrinology,39300.2,34227.0,19458516.83,22,8,0.1021,9776.1,1893.5,12146.6,6299.4,140.5,5242.5,3439.9,361.70000000000005,30.91,13.34,16.03,59.25,74.82,25582.0,65.09,1.0,High-Volume Core Prescribers
1000000343,CA,Internal Medicine,15021.4,12885.0,6597536.73,13,7,0.039,5493.200000000001,1381.4,3395.2,2266.6000000000004,76.7,1807.9,600.4,0.0,22.6,12.04,15.09,-47.06,-28.05,8851.1,58.92,0.0,Diversified Prescribers
1000000344,TX,Internal Medicine,912.4000000000001,796.0,481612.5,13,6,0.0024,80.7,46.4,163.5,424.5,0.0,162.6,34.7,0.0,17.92,17.82,46.53,-86.0,-81.21,797.0,87.35,3.0,Low-Volume / Low-Growth Prescribers
1000000367,TX,Nurse Practitioner,13454.5,11833.0,5359414.7,16,8,0.035,4270.8,710.6,1393.2,2850.4,115.7,3024.6,491.3,597.9,10.35,22.48,21.19,532.76,929.95,7978.800000000001,59.3,0.0,Diversified Prescribers
1000000371,CA,Endocrinology,1788.1999999999998,1505.0,1259732.0499999998,15,8,0.0046,204.9,54.3,686.0,72.19999999999999,2.3,710.8,44.4,13.3,38.36,39.75,4.04,125.23,157.07,1523.3,85.19,3.0,Low-Volume / Low-Growth Prescribers
1000000374,FL,Endocrinology,1447.8,1269.0,620272.06,17,8,0.0038,421.3,84.5,326.2,400.1,2.3,82.3,118.1,13.0,22.53,5.68,27.64,-75.91,-50.24,893.1,61.69,3.0,Low-Volume / Low-Growth Prescribers
1000000397,FL,Internal Medicine,4819.599999999999,4262.0,2736153.1499999994,18,7,0.0125,475.0,388.4,1232.7,1178.9,0.0,1255.1,238.3,51.2,25.58,26.04,24.46,-30.21,3.21,4055.1000000000004,84.14,0.0,Diversified Prescribers
1000000399,IN,Family Practice,762.0999999999999,648.0,302596.33999999997,14,8,0.002,139.1,24.3,80.9,176.9,2.3,200.60000000000002,106.5,31.5,10.62,26.32,23.21,6.03,-36.46,482.70000000000005,63.34,3.0,Low-Volume / Low-Growth Prescribers
1000000429,IN,Endocrinology,40696.40000000001,35092.0,25394155.200000003,22,8,0.1057,1836.4,4042.6000000000004,14102.1,6156.8,378.8,8923.4,4578.0,678.3,34.65,21.93,15.13,183.87,80.65,33224.9,81.64,1.0,High-Volume Core Prescribers
1000000431,FL,Family Practice,646.4000000000001,558.0,393242.38,14,6,0.0017,0.0,40.9,210.20000000000002,229.7,0.0,73.3,71.8,20.5,32.52,11.34,35.54,830.05,1386.61,554.0999999999999,85.72,3.0,Low-Volume / Low-Growth Prescribers
1000000432,VA,Family Practice,5532.599999999999,4884.0,2297135.97,17,8,0.0144,1425.3,162.7,699.5999999999999,1608.6,12.8,1183.4,378.1,62.1,12.65,21.39,29.07,-66.1,-69.79,3654.3,66.05,0.0,Diversified Prescribers
1000000437,IL,Family Practice,695.4,614.0,367431.11,14,6,0.0018,0.0,102.0,135.1,242.6,0.0,102.0,86.80000000000001,26.9,19.43,14.67,34.89,-34.82,-36.87,581.7,83.65,3.0,Low-Volume / Low-Growth Prescribers
1000000439,AZ,Endocrinology,12933.7,11338.0,9392486.32,20,7,0.0336,0.0,1027.2,5279.4,1812.7000000000003,49.39999999999999,3898.2,581.4,285.4,40.82,30.14,14.02,-15.99,73.98,12017.5,92.92,0.0,Diversified Prescribers
1000000441,NY,Cardiology,988.6000000000001,839.0,441689.38,15,7,0.0026,82.4,60.6,166.0,256.6,0.0,194.2,209.2,19.6,16.79,19.64,25.96,-50.22,-38.15,677.4000000000001,68.52,3.0,Low-Volume / Low-Growth Prescribers
1000000493,NC,Internal Medicine,906.4000000000001,773.0,576000.45,12,6,0.0024,100.8,86.39999999999999,273.0,121.1,0.0,280.5,44.6,0.0,30.12,30.95,13.36,96.14,,761.0,83.96,3.0,Low-Volume / Low-Growth Prescribers
1000000496,CA,Family Practice,5181.0,4551.0,1938127.1499999997,18,8,0.0135,1760.8999999999999,726.7,770.3,770.2,54.099999999999994,662.5999999999999,363.0,73.2,14.87,12.79,14.87,174.21,-12.29,2929.8,56.55,0.0,Diversified Prescribers
1000000499,OH,Cardiology,1002.7,884.0,519785.43000000005,15,6,0.0026,108.2,150.10000000000002,222.70000000000002,177.7,0.0,201.29999999999998,142.7,0.0,22.21,20.08,17.72,-36.85,-37.71,751.8,74.98,3.0,Low-Volume / Low-Growth Prescribers
1000000517,FL,Family Practice,4139.699999999999,3660.0,2307037.3200000003,14,6,0.0108,416.3,252.10000000000002,867.4,937.4,0.0,1226.2,440.29999999999995,0.0,20.95,29.62,22.64,68.45,96.26,3283.1,79.31,3.0,Low-Volume / Low-Growth Prescribers
1000000518,IL,Cardiology,3835.000000000001,3280.0,1598998.3000000003,14,7,0.01,552.0,303.3,349.0,985.0999999999999,0.0,1014.6,503.5,127.5,9.1,26.46,25.69,124.38,-74.02,2652.0,69.15,3.0,Low-Volume / Low-Growth Prescribers
1000000528,GA,Endocrinology,99514.60000000002,87482.0,60846584.15,22,8,0.2585,4272.4,8167.8,25662.9,13938.2,400.4,38264.4,7296.799999999999,1511.6999999999998,25.79,38.45,14.01,59.55,205.31,86033.3,86.45,1.0,High-Volume Core Prescribers
1000000530,FL,Family Practice,596.6999999999999,524.0,348656.51000000007,13,6,0.0016,0.0,35.099999999999994,153.10000000000002,284.1,0.0,56.9,33.3,34.2,25.66,9.54,47.61,-6.71,154.13,529.2,88.69,3.0,Low-Volume / Low-Growth Prescribers
1000000535,NY,Physician Assistant,3666.5,3223.0,1155840.76,14,7,0.0095,1260.4,192.0,169.8,992.5,41.1,625.2,385.5,0.0,4.63,17.05,27.07,85.02,-42.04,1979.5,53.99,3.0,Low-Volume / Low-Growth Prescribers
1000000541,OH,Family Practice,645.2,556.0,301167.5,10,5,0.0017,0.0,43.7,134.0,105.1,0.0,147.0,215.4,0.0,20.77,22.78,16.29,35.52,29.48,429.79999999999995,66.62,3.0,Low-Volume / Low-Growth Prescribers
1000000545,OH,Internal Medicine,847.6999999999999,744.0,413856.25,17,7,0.0022,99.3,49.3,198.5,334.7,0.0,74.60000000000001,80.30000000000001,11.0,23.42,8.8,39.48,-45.02,-87.22,657.1,77.52,3.0,Low-Volume / Low-Growth Prescribers
1000000551,AZ,Nurse Practitioner,12723.200000000003,11106.0,6370276.250000002,16,6,0.0331,1528.6,1002.1999999999999,1881.3000000000002,5536.1,92.9,2682.1000000000004,0.0,0.0,14.79,21.08,43.51,-91.17,-92.36,11101.7,87.26,0.0,Diversified Prescribers
1000000553,CA,Family Practice,3300.2,2889.0,2073669.9499999997,15,6,0.0086,0.0,458.70000000000005,829.3,1254.8999999999999,9.3,653.4000000000001,0.0,94.6,25.13,19.8,38.02,29.0,19.98,3196.3,96.85,0.0,Diversified Prescribers
1000000570,IL,Internal Medicine,5177.799999999999,4440.0,2629954.4400000004,16,8,0.0135,1476.6,202.10000000000002,1374.1999999999998,695.5999999999999,9.6,945.4000000000001,363.29999999999995,111.0,26.54,18.26,13.43,-17.64,232.04,3217.2999999999997,62.14,0.0,Diversified Prescribers
1000000572,PA,Internal Medicine,1265.7,1103.0,608158.4700000001,15,8,0.0033,464.5,49.5,381.8,170.10000000000002,2.1,148.5,38.3,10.9,30.17,11.73,13.44,2.63,246.29,749.9,59.25,3.0,Low-Volume / Low-Growth Prescribers
1000000577,TX,Physician Assistant,3264.2,2804.0,1635031.6199999999,15,6,0.0085,0.0,635.5999999999999,504.5,339.8,33.3,1095.4,655.6,0.0,15.46,33.56,10.41,-68.8,-77.06,2575.3,78.9,3.0,Low-Volume / Low-Growth Prescribers
1000000584,TX,Family Practice,15352.900000000001,13580.0,7859287.6400000015,17,8,0.0399,2200.0,390.8,3807.5,4305.9,98.0,2644.9,1407.8000000000002,498.0,24.8,17.23,28.05,16.68,920.62,11149.099999999999,72.62,0.0,Diversified Prescribers
1000000585,PA,Internal Medicine,13520.4,11872.0,7591238.14,17,7,0.0351,0.0,762.2,3101.7,3179.9,117.5,4552.9,1430.5,375.7,22.94,33.67,23.52,-67.29,-72.81,11596.699999999999,85.77,0.0,Diversified Prescribers
1000000590,CA,Endocrinology,11092.800000000005,9705.0,5594487.0,22,8,0.0288,1185.6,821.6,2731.5,2355.5,42.8,2154.3,1528.1,273.4,24.62,19.42,21.23,-76.56,-29.05,8062.900000000001,72.69,0.0,Diversified Prescribers
1000000598,NY,Internal Medicine,529.5,461.0,226760.61000000004,12,5,0.0014,0.0,89.1,66.3,193.09999999999997,0.0,33.2,147.8,0.0,12.52,6.27,36.47,106.5,80.51,381.69999999999993,72.09,3.0,Low-Volume / Low-Growth Prescribers
1000000603,FL,Endocrinology,2010.8999999999996,1732.0,1124683.5999999999,19,7,0.0052,186.10000000000002,132.8,432.29999999999995,414.6,0.0,689.9,125.4,29.8,21.5,34.31,20.62,-27.23,3.34,1669.6,83.03,0.0,Diversified Prescribers
1000000623,PA,Internal Medicine,4162.300000000001,3612.0,2517463.12,17,7,0.0108,0.0,396.1,948.9,1175.3,9.3,1217.1000000000001,351.4,64.2,22.8,29.24,28.24,176.15,265.97,3737.3999999999996,89.79,0.0,Diversified Prescribers
1000000633,CA,Internal Medicine,5207.699999999999,4462.0,2449881.51,18,8,0.0135,899.8,469.5,931.0999999999999,1456.4,31.9,908.9999999999999,409.0,101.0,17.88,17.45,27.97,-17.28,33.75,3766.0,72.32,0.0,Diversified Prescribers
1000000652,IN,Family Practice,482.1,427.0,259996.18000000002,13,6,0.0013,0.0,67.5,65.30000000000001,171.1,0.0,130.5,33.9,13.8,13.54,27.07,35.49,-36.26,26.23,434.4,90.11,3.0,Low-Volume / Low-Growth Prescribers
1000000654,NC,Internal Medicine,3055.1,2644.0,1146459.0499999998,14,8,0.0079,496.2,490.59999999999997,541.0,483.9,35.9,86.2,837.2,84.1,17.71,2.82,15.84,-79.61,-12.36,1601.6999999999998,52.43,3.0,Low-Volume / Low-Growth Prescribers
1000000659,TX,Family Practice,13283.600000000002,11492.0,5424735.39,15,7,0.0345,2988.2,853.7,1232.0,2291.5,147.8,3714.6,2055.8,0.0,9.27,27.96,17.25,-44.36,149.39,8091.8,60.92,0.0,Diversified Prescribers
1000000662,FL,Family Practice,844.3,743.0,472485.63000000006,15,7,0.0022,73.6,67.1,243.2,274.29999999999995,0.0,77.9,96.6,11.6,28.8,9.23,32.49,222.36,25.23,662.5,78.47,3.0,Low-Volume / Low-Growth Prescribers
1000000672,CA,Endocrinology,2773.4,2432.0,1637603.5600000003,21,8,0.0072,290.4,170.8,676.5999999999999,609.8,3.2,846.8,146.39999999999998,29.4,24.4,30.53,21.99,53.21,180.24,2304.0,83.07,0.0,Diversified Prescribers
1000000680,NY,Family Practice,3750.9000000000005,3250.0,2512684.6499999994,17,7,0.0097,0.0,406.9,1229.0,948.0,26.5,873.5999999999999,192.3,74.6,32.77,23.29,25.27,51.58,38.72,3457.5,92.18,0.0,Diversified Prescribers
1000000690,FL,Internal Medicine,61828.00000000001,53064.0,31445207.480000004,20,8,0.1606,5070.6,9186.7,10516.6,13841.099999999999,191.7,14018.5,7936.299999999999,1066.5,17.01,22.67,22.39,8.69,91.87,47562.9,76.93,1.0,High-Volume Core Prescribers
1000000695,AZ,Family Practice,4222.800000000001,3607.0,2028311.99,14,7,0.011,511.1,332.3,648.9000000000001,1319.5,17.4,933.7,459.9,0.0,15.37,22.11,31.25,-75.75,-64.57,3234.4,76.59,3.0,Low-Volume / Low-Growth Prescribers
1000000697,CA,Family Practice,3316.0000000000005,2841.0,1882026.5899999999,14,8,0.0086,420.8,60.1,1219.5,179.2,45.9,571.9000000000001,751.4,67.2,36.78,17.25,5.4,321.4,151.97,2030.7,61.24,3.0,Low-Volume / Low-Growth Prescribers
1000000702,NC,Internal Medicine,5819.399999999999,5042.0,3277579.62,19,8,0.0151,534.1,217.5,1765.1,1710.0,12.0,813.1999999999999,628.4,139.1,30.33,13.97,29.38,-9.63,83.65,4505.799999999999,77.43,0.0,Diversified Prescribers
1000000716,PA,Family Practice,520.0,442.0,213478.59999999998,13,6,0.0014,121.0,91.6,55.900000000000006,89.1,0.0,112.2,50.2,0.0,10.75,21.58,17.13,129.72,-54.97,348.80000000000007,67.08,3.0,Low-Volume / Low-Growth Prescribers
1000000718,TX,Endocrinology,2019.0000000000005,1739.0,978392.8900000001,20,8,0.0052,357.40000000000003,97.5,376.6,369.80000000000007,6.1,617.4,172.89999999999998,21.3,18.65,30.58,18.32,205.29,-21.32,1461.3000000000002,72.38,0.0,Diversified Prescribers
1000000726,OH,Endocrinology,46958.7,41307.0,26205456.31,22,8,0.122,6328.4,1802.8,12920.9,7896.8,239.8,12320.8,4781.6,667.6,27.52,26.24,16.82,11.55,60.38,34941.299999999996,74.41,1.0,High-Volume Core Prescribers
1000000731,NY,Family Practice,4364.6,3726.0,2414400.96,15,8,0.0113,691.7,278.29999999999995,1134.1999999999998,739.5,18.2,1124.7,153.6,224.4,25.99,25.77,16.94,160.6,150.79,3276.7,75.07,0.0,Diversified Prescribers
1000000739,NY,Internal Medicine,3118.9000000000005,2742.0,794785.39,12,7,0.0081,1352.8,0.0,441.09999999999997,569.5,16.3,49.2,433.1,256.9,14.14,1.58,18.26,-72.22,-24.61,1059.8,33.98,3.0,Low-Volume / Low-Growth Prescribers
1000000757,IL,Internal Medicine,32177.6,28034.0,15900481.539999995,16,6,0.0836,0.0,3271.6,2392.6,8810.3,430.69999999999993,12381.9,4890.5,0.0,7.44,38.48,27.38,-19.12,75.46,26856.399999999998,83.46,1.0,High-Volume Core Prescribers
1000000759,MA,Family Practice,3694.0,3178.0,1797117.0499999998,16,6,0.0096,0.0,560.9,755.0,612.5,16.0,730.4,1019.2,0.0,20.44,19.77,16.58,-72.31,-81.21,2658.8,71.98,0.0,Diversified Prescribers
1000000767,PA,Nurse Practitioner,21339.499999999996,18326.0,10013539.62,19,7,0.0554,6343.2,2362.3999999999996,4110.7,4134.7,70.9,3806.6000000000004,511.0,0.0,19.26,17.84,19.38,11.79,212.39,14414.400000000001,67.55,0.0,Diversified Prescribers
1000000769,FL,Family Practice,969.8000000000001,833.0,419933.41000000003,15,8,0.0025,186.0,39.900000000000006,121.7,252.39999999999998,3.6,242.0,110.8,13.4,12.55,24.95,26.03,-48.24,15.93,656.0,67.64,3.0,Low-Volume / Low-Growth Prescribers
1000000774,PA,Family Practice,9873.2,8538.0,5643882.819999999,15,7,0.0256,1192.6,1007.8,3857.5,1855.3,147.9,636.3000000000001,1175.8,0.0,39.07,6.44,18.79,23.21,-25.05,7356.900000000001,74.51,0.0,Diversified Prescribers
1000000780,VA,Family Practice,511.5999999999999,449.0,253666.40999999997,11,7,0.0013,0.0,116.89999999999999,75.5,171.39999999999998,2.3,68.3,57.0,20.2,14.76,13.35,33.5,71.73,-13.49,432.09999999999997,84.46,3.0,Low-Volume / Low-Growth Prescribers
1000000794,MI,Endocrinology,10412.4,8858.0,4789706.25,20,8,0.027,1737.4,1030.3999999999999,2267.7,1614.0,41.9,2043.2,1407.0,270.8,21.78,19.62,15.5,-4.13,38.11,6955.299999999999,66.8,0.0,Diversified Prescribers
1000000802,MI,Family Practice,973.4,842.0,346813.98,16,6,0.0025,171.8,0.0,109.1,217.3,0.0,206.7,239.89999999999998,28.6,11.21,21.23,22.32,-0.15,47.3,533.0999999999999,54.77,3.0,Low-Volume / Low-Growth Prescribers
1000000809,MA,Endocrinology,11439.0,9959.0,6467846.25,21,8,0.0297,1293.1,719.6999999999999,3003.3999999999996,1645.2,51.900000000000006,3383.3,1228.6000000000001,113.80000000000001,26.26,29.58,14.38,-10.25,129.85,8751.6,76.51,0.0,Diversified Prescribers
1000000816,FL,Family Practice,5037.599999999999,4365.0,2746810.48,19,7,0.0131,735.4,486.6,1251.2,954.9,0.0,1200.3,233.8,175.39999999999998,24.84,23.83,18.96,23.32,20.92,3893.0,77.28,0.0,Diversified Prescribers
1000000832,CA,Endocrinology,2073.7000000000003,1852.0,1199104.04,18,8,0.0054,286.6,93.8,601.3,343.5,1.1,548.1,152.29999999999998,47.0,29.0,26.43,16.56,48.34,868.36,1586.7,76.52,0.0,Diversified Prescribers
1000000838,IN,Family Practice,3577.5,3043.0,2472773.4299999997,12,5,0.0093,0.0,257.6,1235.8,1375.8,0.0,579.7,0.0,128.6,34.54,16.2,38.46,83.15,382.33,3448.8999999999996,96.41,3.0,Low-Volume / Low-Growth Prescribers
1000000865,VA,Internal Medicine,679.4000000000001,592.0,369941.09,15,6,0.0018,0.0,20.1,120.7,299.09999999999997,0.0,137.1,88.4,14.0,17.77,20.18,44.02,88.34,218.13,577.0,84.93,3.0,Low-Volume / Low-Growth Prescribers
1000000877,FL,Family Practice,819.1000000000001,710.0,354689.0,14,6,0.0021,218.7,38.4,101.5,234.9,0.0,183.9,41.7,0.0,12.39,22.45,28.68,77.44,,558.6999999999999,68.21,3.0,Low-Volume / Low-Growth Prescribers
1000000896,CA,Internal Medicine,4988.200000000001,4342.0,2242656.54,16,7,0.013,958.6,591.7,1172.7,994.0000000000001,20.2,459.0,792.0,0.0,23.51,9.2,19.93,142.95,8.89,3217.4,64.5,0.0,Diversified Prescribers
1000000897,PA,Nurse Practitioner,3246.4,2811.0,1589670.9200000004,11,6,0.0084,475.8,332.9,586.7,681.8,0.0,751.3,417.9,0.0,18.07,23.14,21.0,-99.05,-91.29,2352.7,72.47,3.0,Low-Volume / Low-Growth Prescribers
1000000901,VA,Endocrinology,2710.0999999999995,2389.0,1432713.0999999999,20,8,0.007,467.1,156.3,653.4,369.7,6.1,745.9000000000001,264.7,46.9,24.11,27.52,13.64,-48.3,-23.88,1925.3000000000002,71.04,0.0,Diversified Prescribers
1000000917,FL,Physician Assistant,799.8,697.0,334194.23999999993,15,8,0.0021,125.6,53.2,56.4,210.4,2.4,237.8,98.2,15.8,7.05,29.73,26.31,-66.93,-34.28,557.8,69.74,3.0,Low-Volume / Low-Growth Prescribers
1000000925,OH,Endocrinology,2419.0,2109.0,1264615.8,18,7,0.0063,375.2,130.8,581.2,294.2,0.0,767.0,260.9,9.7,24.03,31.71,12.16,-9.25,175.85,1773.2,73.3,0.0,Diversified Prescribers
1000000942,CA,Family Practice,848.7,734.0,426294.24,16,6,0.0022,128.7,0.0,193.0,266.0,3.3,174.2,83.5,0.0,22.74,20.53,31.34,92.39,-21.65,633.2,74.61,3.0,Low-Volume / Low-Growth Prescribers
1000000944,CA,Internal Medicine,958.0,839.0,442409.67000000004,17,8,0.0025,170.7,49.2,229.8,264.3,1.2,78.80000000000001,145.10000000000002,18.9,23.99,8.23,27.59,-26.62,276.77,622.1,64.94,3.0,Low-Volume / Low-Growth Prescribers
1000000947,OH,Nurse Practitioner,756.5,663.0,368585.75999999995,16,6,0.002,118.0,56.0,147.7,167.10000000000002,0.0,185.9,81.8,0.0,19.52,24.57,22.09,-0.25,-37.69,556.7,73.59,3.0,Low-Volume / Low-Growth Prescribers
1000000949,CA,Family Practice,4162.299999999999,3541.0,1976775.9900000002,12,5,0.0108,0.0,399.1,920.4,1221.5,0.0,602.5,1018.8,0.0,22.11,14.48,29.35,5.97,-48.01,3143.5,75.52,3.0,Low-Volume / Low-Growth Prescribers
1000000959,VA,Family Practice,1099.6,955.0,569884.4500000001,16,7,0.0029,114.0,98.60000000000001,184.3,335.8,0.0,271.7,77.5,17.7,16.76,24.71,30.54,152.87,1.84,890.4000000000001,80.97,3.0,Low-Volume / Low-Growth Prescribers
1000000961,TX,Family Practice,3338.4000000000005,2940.0,1281604.79,18,8,0.0087,448.9,397.7,513.5,812.7,38.099999999999994,261.2,697.4,168.9,15.38,7.82,24.34,485.78,4.95,1985.1000000000001,59.46,0.0,Diversified Prescribers
1000000966,MI,Family Practice,5152.700000000001,4450.0,2460251.1900000004,17,8,0.0134,1055.8,142.8,1223.1999999999998,1076.1999999999998,31.0,964.6,593.5999999999999,65.5,23.74,18.72,20.89,-2.62,53.51,3406.7999999999997,66.12,0.0,Diversified Prescribers
1000000978,MI,Internal Medicine,22977.699999999993,19420.0,9764302.34,14,7,0.0597,4301.5,0.0,4442.9,8897.0,95.5,2362.5,2384.7,493.6,19.34,10.28,38.72,98.81,-3.3,15702.4,68.34,0.0,Diversified Prescribers
1000000980,AZ,Internal Medicine,542.0,476.0,241606.17999999996,15,7,0.0014,0.0,56.3,82.2,230.89999999999998,3.4,36.5,107.5,25.200000000000003,15.17,6.73,42.6,-89.63,-61.91,405.9,74.89,3.0,Low-Volume / Low-Growth Prescribers
1000001013,GA,Endocrinology,2426.9999999999995,2094.0,1079283.2400000002,19,8,0.0063,334.1,178.2,305.90000000000003,486.0,4.6,758.3,313.8,46.1,12.6,31.24,20.02,11.82,23.46,1728.4,71.22,0.0,Diversified Prescribers
1000001015,MI,Physician Assistant,852.0,754.0,494543.93000000005,16,7,0.0022,74.8,62.400000000000006,235.3,205.1,0.0,204.60000000000002,25.5,44.3,27.62,24.01,24.07,12.54,-8.26,707.4000000000001,83.03,3.0,Low-Volume / Low-Growth Prescribers
1000001026,NC,Nurse Practitioner,17284.4,15224.0,7156774.17,15,8,0.0449,4081.2,905.8,2391.4,3288.7999999999997,61.5,4515.0,1584.7,456.0,13.84,26.12,19.03,-66.25,-69.82,11101.0,64.23,0.0,Diversified Prescribers
1000001031,CA,Family Practice,34684.899999999994,29801.0,15675175.699999997,19,8,0.0901,6746.200000000001,6407.3,6545.000000000001,6822.5,348.1,4195.4,2658.3,962.0999999999999,18.87,12.1,19.67,75.51,-31.83,23970.2,69.11,1.0,High-Volume Core Prescribers
1000001034,TX,Endocrinology,13363.599999999999,11478.0,8571108.01,20,7,0.0347,1505.1,563.5,5025.299999999999,2831.4,34.599999999999994,2643.1,760.5999999999999,0.0,37.6,19.78,21.19,-24.35,14.51,11063.3,82.79,0.0,Diversified Prescribers
1000001038,IL,Endocrinology,10259.699999999999,9083.0,6008527.7700000005,21,8,0.0267,983.9,846.8,2891.6,1884.3,20.2,2711.3,687.9,233.7,28.18,26.43,18.37,22.92,5.83,8334.0,81.23,0.0,Diversified Prescribers
1000001042,MA,Internal Medicine,847.3000000000002,734.0,422284.18999999994,17,6,0.0022,118.9,126.7,142.2,254.8,0.0,140.10000000000002,64.6,0.0,16.78,16.53,30.07,-49.2,308.29,663.8,78.34,3.0,Low-Volume / Low-Growth Prescribers
1000001043,TN,Family Practice,4075.4999999999995,3518.0,1928013.1200000006,18,7,0.0106,695.2,394.8,932.3999999999999,506.0,0.0,891.4000000000001,610.1,45.6,22.88,21.87,12.42,304.37,-49.79,2724.6,66.85,0.0,Diversified Prescribers
1000001051,NY,Internal Medicine,6647.999999999998,5885.0,3238798.7300000004,17,7,0.0173,1444.3,429.0,1623.1,1507.7,0.0,1146.0,440.5,57.4,24.41,17.24,22.68,55.73,0.51,4705.8,70.79,0.0,Diversified Prescribers
1000001063,FL,Internal Medicine,477.6,416.0,209709.04,13,6,0.0012,0.0,100.0,77.7,121.0,0.0,43.7,111.69999999999999,23.5,16.27,9.15,25.34,-69.66,-36.59,342.4,71.69,3.0,Low-Volume / Low-Growth Prescribers
1000001064,IN,Internal Medicine,859.6999999999999,738.0,428445.72,15,8,0.0022,109.6,102.6,149.70000000000002,230.3,3.5,174.0,42.5,47.5,17.41,20.24,26.79,489.64,268.68,656.6000000000001,76.38,3.0,Low-Volume / Low-Growth Prescribers
1000001076,NC,Internal Medicine,1401.1000000000001,1212.0,552964.81,15,7,0.0036,356.1,69.6,206.4,315.1,0.0,207.7,223.8,22.4,14.73,14.82,22.49,283.08,63.25,798.8000000000001,57.01,3.0,Low-Volume / Low-Growth Prescribers
1000001077,VA,Family Practice,3643.6,3214.0,1744342.7399999998,19,7,0.0095,386.7,499.0,592.5,860.4000000000001,0.0,905.0000000000001,353.6,46.4,16.26,24.84,23.61,-15.3,16.04,2856.9,78.41,0.0,Diversified Prescribers
1000001085,CA,Internal Medicine,5231.599999999999,4622.0,2523090.2000000007,19,8,0.0136,911.0999999999999,523.3,924.3,1399.2,13.7,1002.3999999999999,400.5,57.1,17.67,19.16,26.75,-25.8,-45.29,3849.2,73.58,0.0,Diversified Prescribers
1000001087,PA,Endocrinology,9201.8,7958.0,5645691.35,19,7,0.0239,816.8,555.3,3497.7000000000003,1976.6,0.0,1316.4,844.4000000000001,194.6,38.01,14.31,21.48,15.35,94.47,7346.0,79.83,0.0,Diversified Prescribers
1000001093,VA,Internal Medicine,12854.899999999998,11276.0,5569906.18,17,8,0.0334,2157.1,1493.3999999999999,2036.6,2802.7,96.30000000000001,2327.8,1786.5,154.5,15.84,18.11,21.8,245.99,-32.59,8660.5,67.37,0.0,Diversified Prescribers
1000001094,NY,Internal Medicine,12472.100000000002,10989.0,4912038.0,14,7,0.0324,1665.3,393.1,2135.2,4955.5,134.4,0.0,2605.8999999999996,582.7,17.12,0.0,39.73,175.58,32.66,7483.799999999999,60.0,0.0,Diversified Prescribers
1000001105,OH,Endocrinology,2652.9000000000005,2307.0,1574592.4800000004,19,8,0.0069,205.1,150.2,845.4,302.4,3.5,782.5,323.2,40.6,31.87,29.5,11.4,69.54,137.77,2080.5,78.42,0.0,Diversified Prescribers
1000001107,MA,Family Practice,4856.2,4209.0,2316750.14,14,7,0.0126,995.0,0.0,1111.0,1720.3,30.1,480.2,464.7,54.9,22.88,9.89,35.42,58.48,101.38,3311.5,68.19,3.0,Low-Volume / Low-Growth Prescribers
1000001109,PA,Endocrinology,2716.1000000000004,2326.0,1484853.8199999998,20,8,0.0071,362.9,102.69999999999999,592.9000000000001,518.2,1.1,851.0999999999999,273.40000000000003,13.8,21.83,31.34,19.08,-9.85,54.57,2064.9,76.02,0.0,Diversified Prescribers
1000001112,TN,Internal Medicine,2851.9999999999995,2454.0,1691994.7200000002,15,7,0.0074,0.0,78.0,708.6,1217.5,15.6,589.8000000000001,165.0,77.5,24.85,20.68,42.69,88.95,267.88,2593.9,90.95,0.0,Diversified Prescribers
1000001125,TN,Internal Medicine,14387.800000000001,12446.0,5202974.67,17,8,0.0374,5003.8,1118.2,2793.2999999999997,2793.1,95.39999999999999,204.1,2070.1000000000004,309.8,19.41,1.42,19.41,135.58,16.33,6908.699999999999,48.02,0.0,Diversified Prescribers
1000001130,MI,Family Practice,35288.399999999994,31101.0,15382069.02,17,8,0.0917,4121.3,2020.8999999999999,6265.9,5647.8,544.0,7088.5,7821.9000000000015,1778.1000000000001,17.76,20.09,16.0,29.53,198.37,21023.1,59.58,1.0,High-Volume Core Prescribers
1000001135,CA,Endocrinology,2464.5,2147.0,1361915.1799999997,19,7,0.0064,226.20000000000002,30.5,725.3,479.29999999999995,0.0,660.2,292.0,51.0,29.43,26.79,19.45,-77.24,-70.19,1895.3,76.9,0.0,Diversified Prescribers
1000001140,OH,Family Practice,527.5,460.0,168329.18000000002,13,8,0.0014,220.0,70.4,86.6,58.5,2.3,39.900000000000006,35.8,14.0,16.42,7.56,11.09,,-85.45,255.4,48.42,,
1000001141,AZ,Internal Medicine,3747.2,3345.0,2166909.72,18,7,0.0097,0.0,292.3,1313.1999999999998,1255.7999999999997,31.0,280.79999999999995,484.1,90.0,35.04,7.49,33.51,-75.47,-82.06,3142.0999999999995,83.85,0.0,Diversified Prescribers
1000001154,CA,Family Practice,22920.800000000003,19899.0,9036945.989999998,20,8,0.0595,7278.4,2317.4,3834.3999999999996,3875.1000000000004,135.8,2959.8,2292.8,227.1,16.73,12.91,16.91,-49.67,-64.65,12986.7,56.66,1.0,High-Volume Core Prescribers
1000001156,NC,Endocrinology,2314.3999999999996,2024.0,1451685.72,19,7,0.006,138.1,145.00000000000003,816.3,339.4,0.0,624.1,221.89999999999998,29.6,35.27,26.97,14.66,148.86,64.4,1924.8000000000002,83.17,0.0,Diversified Prescribers
1000001166,GA,Family Practice,3173.3999999999996,2701.0,1325996.6800000002,16,8,0.0082,690.0,69.4,575.0,503.3,13.2,825.0999999999999,339.4,158.0,18.12,26.0,15.86,-90.72,-86.11,1972.8,62.17,3.0,Low-Volume / Low-Growth Prescribers
1000001172,NC,Family Practice,4878.0,4285.0,1954725.51,16,6,0.0127,1463.9,619.6,633.0,1079.1,0.0,773.5,0.0,308.9,12.98,15.86,22.12,-89.42,-94.23,3105.2,63.66,0.0,Diversified Prescribers
1000001196,PA,Cardiology,4086.1000000000004,3514.0,1852340.6,20,8,0.0106,476.9,460.99999999999994,632.3,1362.7,38.800000000000004,573.8,467.5,73.1,15.47,14.04,33.35,31.15,-72.66,3029.8,74.15,0.0,Diversified Prescribers
1000001197,NY,Physician Assistant,18462.6,15875.0,8691097.8,18,8,0.048,3598.3999999999996,591.8,3550.3,4644.200000000001,203.89999999999998,3511.2,2112.2,250.6,19.23,19.02,25.15,142.76,477.11,12297.5,66.61,0.0,Diversified Prescribers
1000001216,TX,Endocrinology,8908.799999999997,7746.0,5207767.35,21,7,0.0231,553.6,729.0999999999999,2362.8,1555.3000000000002,15.2,2703.1,989.7,0.0,26.52,30.34,17.46,-41.08,35.83,7350.3,82.51,0.0,Diversified Prescribers
1000001219,TX,Internal Medicine,666.7000000000002,580.0,364650.24,15,6,0.0017,0.0,64.2,142.3,357.3,1.2,56.0,0.0,45.7,21.34,8.4,53.59,138.49,-17.52,619.8,92.97,3.0,Low-Volume / Low-Growth Prescribers
1000001228,TX,Cardiology,1116.0,973.0,594907.71,17,7,0.0029,102.4,36.0,240.60000000000002,344.2,0.0,277.1,99.8,15.9,21.56,24.83,30.84,-52.16,-38.14,897.9000000000001,80.46,3.0,Low-Volume / Low-Growth Prescribers
1000001230,TN,Nurse Practitioner,4170.9,3610.0,1778702.56,16,7,0.0108,453.9,577.3,435.0,1120.7,0.0,827.4000000000001,602.9,153.7,10.43,19.84,26.87,2.89,83.88,2960.4,70.98,0.0,Diversified Prescribers
1000001237,FL,Internal Medicine,1017.8000000000001,880.0,484066.75,15,8,0.0026,133.6,59.6,139.2,227.2,2.2,317.4,105.3,33.3,13.68,31.18,22.32,142.38,163.05,743.3999999999999,73.04,3.0,Low-Volume / Low-Growth Prescribers
1000001244,TX,Family Practice,1248.2000000000003,1084.0,519137.62,15,7,0.0032,292.6,95.9,193.3,249.7,0.0,238.49999999999997,163.7,14.5,15.49,19.11,20.0,194.24,689.91,777.3999999999999,62.28,3.0,Low-Volume / Low-Growth Prescribers
1000001252,CA,Endocrinology,1873.5,1629.0,972241.5199999998,19,7,0.0049,270.20000000000005,170.7,444.0,289.6,0.0,421.40000000000003,261.6,16.0,23.7,22.49,15.46,161.5,67.97,1325.7000000000003,70.76,0.0,Diversified Prescribers
1000001256,NC,Internal Medicine,4972.0,4346.0,1769687.23,16,7,0.0129,1064.0,162.0,769.3,1218.2,8.4,424.0,1326.1,0.0,15.47,8.53,24.5,349.01,52.3,2573.5,51.76,3.0,Low-Volume / Low-Growth Prescribers
1000001265,MI,Endocrinology,2108.7,1845.0,1180712.1900000002,19,8,0.0055,286.0,26.7,791.5999999999999,417.4,2.4,255.20000000000002,313.4,16.0,37.54,12.1,19.79,-67.03,-12.46,1490.9,70.7,0.0,Diversified Prescribers
1000001274,CA,Internal Medicine,13267.900000000003,11565.0,5407948.100000001,13,7,0.0345,3275.3999999999996,2110.0,2392.5,799.8,0.0,2083.3,2267.8,339.1,18.03,15.7,6.03,-75.77,-9.47,7385.6,55.67,0.0,Diversified Prescribers
1000001278,TN,Endocrinology,2753.1,2382.0,1612496.8499999999,18,7,0.0072,309.29999999999995,210.2,737.0,277.9,0.0,989.0,195.29999999999998,34.400000000000006,26.77,35.92,10.09,119.51,76.93,2214.1,80.42,0.0,Diversified Prescribers
1000001280,NC,Family Practice,3257.8,2826.0,1404730.56,12,7,0.0085,1030.7,291.70000000000005,851.9,215.0,16.5,515.7,336.29999999999995,0.0,26.15,15.83,6.6,255.81,371.46,1874.3,57.53,3.0,Low-Volume / Low-Growth Prescribers
1000001283,CA,Endocrinology,38464.7,33611.0,19578246.880000003,21,8,0.0999,5819.4,2044.3,8615.400000000001,6088.6,186.9,11223.6,3964.6,521.9000000000001,22.4,29.18,15.83,19.68,1.73,27971.9,72.72,1.0,High-Volume Core Prescribers
1000001285,IN,Internal Medicine,939.5,826.0,497674.73,16,8,0.0024,206.7,22.7,332.0,232.6,5.8,47.8,76.7,15.2,35.34,5.09,24.76,83.09,167.81,635.1,67.6,3.0,Low-Volume / Low-Growth Prescribers
1000001292,VA,Family Practice,914.8,794.0,364797.62,15,7,0.0024,275.7,100.4,107.1,222.79999999999998,0.0,157.4,32.1,19.3,11.71,17.21,24.36,50.93,53.41,587.6999999999999,64.24,3.0,Low-Volume / Low-Growth Prescribers
1000001300,FL,Endocrinology,34525.49999999999,29819.0,18494110.869999997,22,8,0.0897,5004.6,2216.5,9724.6,5664.299999999999,153.9,7809.0,3621.7999999999997,330.8,28.17,22.62,16.41,-67.28,-59.18,25414.399999999998,73.61,1.0,High-Volume Core Prescribers
1000001312,TN,Internal Medicine,30441.9,26628.0,14299348.349999998,18,7,0.0791,0.0,1761.1000000000001,3960.5,13839.300000000001,378.1,5131.8,4339.5,1031.6,13.01,16.86,45.46,-24.77,-39.24,24692.7,81.11,1.0,High-Volume Core Prescribers
1000001316,CA,Internal Medicine,4723.5,4127.0,2219717.0100000002,17,7,0.0123,0.0,450.9,489.80000000000007,1061.5,10.5,1529.7,976.8,204.3,10.37,32.38,22.47,47.62,-11.25,3531.9,74.77,0.0,Diversified Prescribers
1000001318,IN,Endocrinology,9083.699999999999,7891.0,4944457.6899999995,20,8,0.0236,404.3,788.0,1819.4,1937.8,14.9,2820.8,1075.6999999999998,222.79999999999998,20.03,31.05,21.33,-17.09,-5.89,7366.000000000001,81.09,0.0,Diversified Prescribers
1000001325,NY,Internal Medicine,1394.5,1200.0,453177.47000000003,18,8,0.0036,429.3,98.4,156.0,304.09999999999997,4.699999999999999,129.0,239.19999999999996,33.8,11.19,9.25,21.81,4.61,131.96,687.5,49.3,3.0,Low-Volume / Low-Growth Prescribers
1000001330,VA,Internal Medicine,4074.9,3518.0,2645416.15,15,6,0.0106,0.0,362.1,1416.5,803.2,13.3,929.7,550.1,0.0,34.76,22.82,19.71,100.57,6.6,3511.5,86.17,0.0,Diversified Prescribers
1000001334,AZ,Cardiology,1141.1999999999998,985.0,565853.52,16,7,0.003,227.60000000000002,116.9,191.4,162.2,0.0,331.9,97.1,14.1,16.77,29.08,14.21,29.81,596.17,802.3999999999999,70.31,3.0,Low-Volume / Low-Growth Prescribers
1000001338,OH,Endocrinology,2491.2,2148.0,1633550.35,18,7,0.0065,183.2,105.2,907.3,500.30000000000007,0.0,596.5,134.10000000000002,64.6,36.42,23.94,20.08,-5.02,109.8,2109.3,84.67,0.0,Diversified Prescribers
1000001348,FL,Cardiology,4369.599999999999,3727.0,2706775.8,16,7,0.0114,0.0,214.8,1391.5,1454.1,14.5,740.9999999999999,388.3,165.39999999999998,31.85,16.96,33.28,85.17,213.28,3801.4,87.0,0.0,Diversified Prescribers
1000001369,OH,Internal Medicine,4041.2,3490.0,1630992.29,15,7,0.0105,1038.5,305.5,587.7,940.0,36.7,657.3,475.5,0.0,14.54,16.26,23.26,27.06,-59.46,2490.5,61.63,3.0,Low-Volume / Low-Growth Prescribers
1000001381,OH,Internal Medicine,3877.7,3471.0,1566723.9500000002,16,7,0.0101,571.8,236.79999999999998,107.3,1248.4,0.0,1213.6,196.2,303.6,2.77,31.3,32.19,60.65,131.95,2806.1,72.37,0.0,Diversified Prescribers
1000001385,PA,Internal Medicine,902.5000000000001,782.0,422789.25,16,8,0.0023,210.2,3.2,232.5,189.4,2.2,121.5,126.39999999999999,17.1,25.76,13.46,20.99,0.23,226.1,546.6,60.57,3.0,Low-Volume / Low-Growth Prescribers
1000001387,IN,Endocrinology,108337.40000000002,94411.0,57628906.71000001,22,8,0.2814,15434.300000000001,8551.400000000001,24742.199999999997,20806.5,609.1999999999999,27790.0,10042.099999999999,361.7,22.84,25.65,19.21,149.79,78.6,81890.1,75.59,1.0,High-Volume Core Prescribers
1000001410,NY,Internal Medicine,15360.000000000002,13552.0,5449358.300000001,17,7,0.0399,4042.3,1257.0,1551.3,4765.700000000001,37.0,1507.8000000000002,2198.8999999999996,0.0,10.1,9.82,31.03,199.84,194.4,9081.800000000001,59.13,0.0,Diversified Prescribers
1000001420,CA,Internal Medicine,895.4999999999999,779.0,449295.45,11,6,0.0023,0.0,60.8,119.69999999999999,309.90000000000003,0.0,258.7,132.7,13.7,13.37,28.89,34.61,-87.02,-87.08,749.1,83.65,3.0,Low-Volume / Low-Growth Prescribers
1000001421,VA,Internal Medicine,3866.5000000000014,3345.0,1921167.1200000003,17,6,0.01,599.2,579.8,489.69999999999993,973.6999999999999,0.0,1098.8,0.0,125.3,12.67,28.42,25.18,-70.57,-69.64,3142.0,81.26,0.0,Diversified Prescribers
1000001425,GA,Physician Assistant,13277.199999999999,11473.0,6331177.39,14,7,0.0345,0.0,884.7,1114.4,4314.7,73.1,4313.700000000001,1521.3,1055.3,8.39,32.49,32.5,-39.77,-39.74,10627.5,80.04,0.0,Diversified Prescribers
1000001445,FL,Endocrinology,9817.0,8477.0,6158643.4799999995,17,7,0.0255,1636.5,720.5999999999999,4441.6,912.7,0.0,915.2,1052.5,137.9,45.24,9.32,9.3,195.77,471.73,6990.099999999999,71.2,0.0,Diversified Prescribers
1000001462,NY,Endocrinology,99778.80000000002,87446.0,56357893.97,22,8,0.2592,10570.5,6677.9,26245.8,21701.699999999997,124.1,24125.300000000003,9724.699999999999,608.8,26.3,24.18,21.75,325.91,106.45,78750.70000000001,78.93,1.0,High-Volume Core Prescribers
1000001466,IN,Cardiology,4493.0,3983.0,2988059.2299999995,16,6,0.0117,0.0,274.9,1593.1,738.4000000000001,0.0,1442.0,386.6,58.0,35.46,32.09,16.43,-30.55,1103.05,4048.4,90.1,0.0,Diversified Prescribers
1000001473,TN,Internal Medicine,469.3999999999999,408.0,209884.81,10,6,0.0012,0.0,67.3,42.099999999999994,159.1,0.0,84.1,92.1,24.7,8.97,17.92,33.89,107.14,243.63,352.6,75.12,3.0,Low-Volume / Low-Growth Prescribers
1000001482,VA,Internal Medicine,16542.6,14194.0,10033394.350000001,19,7,0.043,2113.1,1456.1999999999998,5110.400000000001,5024.1,23.0,2296.4,0.0,519.4,30.89,13.88,30.37,448.2,464.88,13887.1,83.95,0.0,Diversified Prescribers
1000001490,CA,Internal Medicine,852.3999999999999,734.0,366032.91000000003,14,7,0.0022,102.4,70.4,164.4,255.3,0.0,77.99999999999999,165.8,16.1,19.29,9.15,29.95,195.75,-36.01,568.0999999999999,66.65,3.0,Low-Volume / Low-Growth Prescribers
1000001491,IL,Internal Medicine,829.3,722.0,360538.87000000005,14,6,0.0022,212.7,95.5,125.29999999999998,261.5,0.0,113.5,0.0,20.8,15.11,13.69,31.53,201.07,-18.47,595.8,71.84,3.0,Low-Volume / Low-Growth Prescribers
1000001493,PA,Endocrinology,2465.7000000000003,2177.0,1782765.73,18,8,0.0064,103.7,191.5,1012.2,344.9,3.3,738.6999999999999,47.0,24.4,41.05,29.96,13.99,24.01,46.84,2287.3,92.76,0.0,Diversified Prescribers
1000001502,MA,Endocrinology,11405.7,9966.0,6641570.96,19,8,0.0296,868.7,736.4,3092.0,2059.0,29.2,3551.0,975.4000000000001,94.0,27.11,31.13,18.05,-26.1,-12.11,9438.4,82.75,0.0,Diversified Prescribers
1000001512,VA,Physician Assistant,1166.4999999999998,1024.0,500970.12999999995,15,7,0.003,284.1,164.9,230.8,228.3,0.0,110.4,133.89999999999998,14.1,19.79,9.46,19.57,72.99,78.93,734.4000000000001,62.96,3.0,Low-Volume / Low-Growth Prescribers
1000001520,NY,Endocrinology,13591.200000000004,11498.0,8837581.879999999,21,8,0.0353,1397.6,599.7,5579.7,1840.3,44.5,2958.6000000000004,988.4,182.4,41.05,21.77,13.54,1.26,44.15,10978.3,80.78,0.0,Diversified Prescribers
1000001525,FL,Internal Medicine,17617.9,15375.0,8057809.390000001,17,7,0.0458,1596.2,2023.2,1965.9,5963.4,76.4,3683.7000000000003,2309.1,0.0,11.16,20.91,33.85,-65.3,-74.19,13636.2,77.4,0.0,Diversified Prescribers
1000001526,MA,Internal Medicine,4098.299999999999,3561.0,1939006.7299999997,14,5,0.0106,0.0,832.7999999999998,428.2,1575.6,0.0,622.8,638.9,0.0,10.45,15.2,38.45,29.08,-51.8,3459.3999999999996,84.41,3.0,Low-Volume / Low-Growth Prescribers
1000001527,CA,Internal Medicine,844.8,720.0,317905.06,12,8,0.0022,231.70000000000002,48.800000000000004,109.6,264.5,4.3,84.8,83.6,17.5,12.97,10.04,31.31,-36.49,35.82,507.7,60.1,3.0,Low-Volume / Low-Growth Prescribers
1000001533,TX,Internal Medicine,1284.5,1123.0,584303.1699999999,19,7,0.0033,202.10000000000002,38.9,195.6,313.2,0.0,328.29999999999995,188.10000000000002,18.3,15.23,25.56,24.38,152.63,125.94,876.0,68.2,0.0,Diversified Prescribers
1000001543,TX,Internal Medicine,15554.999999999998,13619.0,7151892.4399999995,16,8,0.0404,3273.1000000000004,1460.0,3174.9,3779.8999999999996,24.0,1861.4,1458.8,522.9000000000001,20.41,11.97,24.3,-87.35,-16.24,10276.2,66.06,0.0,Diversified Prescribers
1000001549,IN,Family Practice,625.8,544.0,348360.6,13,7,0.0016,93.2,88.8,197.4,87.2,0.0,56.3,90.2,12.7,31.54,9.0,13.93,16.67,500.86,429.7,68.66,3.0,Low-Volume / Low-Growth Prescribers
1000001562,PA,Family Practice,1027.8,891.0,418363.93,14,7,0.0027,127.2,73.9,62.5,304.6,0.0,276.0,153.2,30.4,6.08,26.85,29.64,683.24,59.41,717.0,69.76,3.0,Low-Volume / Low-Growth Prescribers
1000001563,OH,Internal Medicine,910.1000000000001,792.0,309180.75,15,8,0.0024,187.5,42.3,41.1,246.6,3.6,228.7,146.0,14.3,4.52,25.13,27.1,-84.35,-80.82,558.7,61.39,3.0,Low-Volume / Low-Growth Prescribers
1000001569,TX,Internal Medicine,5114.6,4439.0,3315773.42,14,6,0.0133,429.2,709.5,2163.9,1379.6,0.0,0.0,308.6,123.80000000000001,42.31,0.0,26.97,153.62,57.59,4253.0,83.15,0.0,Diversified Prescribers
1000001575,CA,Endocrinology,28897.5,25421.0,17532351.910000004,20,7,0.0751,0.0,1863.4,5916.6,7714.1,139.7,11502.900000000001,1131.1999999999998,629.6,20.47,39.81,26.69,77.59,46.21,26997.0,93.42,1.0,High-Volume Core Prescribers
1000001576,FL,Endocrinology,100458.4,88015.0,62231482.19,20,8,0.261,7256.6,6192.099999999999,24560.9,20897.5,640.8000000000001,38062.0,1355.2,1493.3000000000002,24.45,37.89,20.8,224.86,56.64,89712.5,89.3,1.0,High-Volume Core Prescribers
1000001585,PA,Endocrinology,2247.9000000000005,1953.0,1535444.67,17,7,0.0058,113.2,107.7,859.0,380.9,0.0,687.8,84.2,15.1,38.21,30.6,16.94,-13.06,170.62,2035.4,90.55,0.0,Diversified Prescribers
1000001606,PA,Endocrinology,15135.399999999998,13002.0,10055573.4,20,8,0.0393,1476.3,591.8,5553.6,2188.5,24.0,4813.9,314.6,172.7,36.69,31.81,14.46,10.36,218.86,13147.8,86.87,0.0,Diversified Prescribers
1000001611,NY,Family Practice,16864.6,14768.0,7705626.780000001,20,8,0.0438,2058.7,1261.6999999999998,2326.0,3911.7999999999997,163.3,4176.2,2551.1,415.79999999999995,13.79,24.76,23.2,238.8,120.73,11675.699999999999,69.23,0.0,Diversified Prescribers
1000001640,PA,Internal Medicine,4240.3,3683.0,1903965.4900000002,16,7,0.011,0.0,536.0,488.8,1095.6,6.0,1092.5,874.4,147.0,11.53,25.76,25.84,-41.62,3.79,3212.9,75.77,0.0,Diversified Prescribers
1000001659,TN,Internal Medicine,4900.7,4206.0,1902742.0799999998,18,8,0.0127,1325.7,385.8,673.0,1070.0,32.4,775.6,459.0,179.2,13.73,15.83,21.83,-56.51,-52.25,2904.3999999999996,59.27,0.0,Diversified Prescribers
1000001660,TX,Family Practice,4201.099999999999,3667.0,1708761.02,13,6,0.0109,1324.8,368.9,585.0999999999999,1461.1999999999998,0.0,317.29999999999995,0.0,143.8,13.93,7.55,34.78,-64.66,226.54,2732.4999999999995,65.04,3.0,Low-Volume / Low-Growth Prescribers
1000001671,OH,Nurse Practitioner,880.8,779.0,332471.73,17,8,0.0023,238.0,60.5,128.4,92.7,3.7,202.89999999999998,123.10000000000001,31.5,14.58,23.04,10.52,-48.28,-48.79,484.49999999999994,55.01,3.0,Low-Volume / Low-Growth Prescribers
1000001675,IL,Internal Medicine,19849.1,17302.0,11529244.32,19,8,0.0516,2048.8,1116.7,5212.2,3868.9,172.1,5832.6,1229.3,368.5,26.26,29.38,19.49,112.22,89.88,16030.4,80.76,0.0,Diversified Prescribers
1000001681,TX,Cardiology,24621.3,22085.0,9816278.559999999,13,6,0.064,8178.5,4300.4,2329.7,3985.6,54.3,5772.8,0.0,0.0,9.46,23.45,16.19,-95.2,-87.6,16388.5,66.56,0.0,Diversified Prescribers
1000001704,CA,Internal Medicine,894.2000000000002,752.0,399113.35000000003,13,7,0.0023,272.2,103.9,281.9,92.0,2.3,34.0,107.9,0.0,31.53,3.8,10.29,26.75,-15.73,511.79999999999995,57.24,3.0,Low-Volume / Low-Growth Prescribers
1000001712,NY,Family Practice,14276.000000000004,12275.0,8275993.969999999,15,7,0.0371,0.0,636.8,2798.0,2889.6,130.89999999999998,5699.400000000001,1304.7,816.6,19.6,39.92,20.24,106.98,127.63,12023.800000000001,84.22,0.0,Diversified Prescribers
1000001719,TX,Internal Medicine,537.3999999999999,475.0,284131.35,8,5,0.0014,0.0,88.1,40.5,288.7,2.4,117.7,0.0,0.0,7.54,21.9,53.72,-13.19,,535.0,99.55,3.0,Low-Volume / Low-Growth Prescribers
1000001736,NC,Internal Medicine,11515.9,10276.0,4293214.97,14,8,0.0299,1664.3,1593.5,1907.6,3019.0,73.6,71.5,2545.4,641.0,16.56,0.62,26.22,1132.57,27.78,6591.6,57.24,0.0,Diversified Prescribers
1000001739,MA,Internal Medicine,823.8999999999999,719.0,479993.80999999994,13,6,0.0021,0.0,91.5,145.79999999999998,150.8,0.0,318.1,88.6,29.1,17.7,38.61,18.3,-45.47,393.05,706.2,85.71,3.0,Low-Volume / Low-Growth Prescribers
1000001746,TX,Endocrinology,44680.5,38867.0,24140998.630000003,21,8,0.1161,6119.6,1748.5,13476.599999999999,8393.900000000001,306.6,8805.1,5291.4,538.8,30.16,19.71,18.79,262.1,62.57,32424.1,72.57,1.0,High-Volume Core Prescribers
1000001748,GA,Family Practice,2931.8,2526.0,1286717.1900000002,14,6,0.0076,0.0,161.3,230.0,1095.5,0.0,789.1999999999999,471.70000000000005,184.1,7.85,26.92,37.37,80.85,3.08,2276.0,77.63,3.0,Low-Volume / Low-Growth Prescribers
1000001756,OH,Physician Assistant,707.3,629.0,353360.36,15,8,0.0018,123.5,32.6,112.5,137.70000000000002,3.6,229.0,53.9,14.5,15.91,32.38,19.47,1182.69,839.44,511.80000000000007,72.36,3.0,Low-Volume / Low-Growth Prescribers
1000001764,TN,Endocrinology,36088.3,30813.0,22518570.540000007,20,8,0.0938,2830.5,2921.3,10733.5,7198.199999999999,166.0,10412.1,1459.4,367.3,29.74,28.85,19.95,49.53,35.68,31265.1,86.64,1.0,High-Volume Core Prescribers
1000001766,VA,Family Practice,5369.799999999999,4665.0,2808475.42,17,8,0.0139,878.5,161.5,1537.7000000000003,1111.3,8.0,948.6999999999999,585.7,138.4,28.64,17.67,20.7,145.72,81.78,3759.2,70.01,0.0,Diversified Prescribers
1000001768,FL,Internal Medicine,4438.5,3867.0,1697478.8599999999,15,8,0.0115,1290.8000000000002,213.0,584.2,1298.7,13.1,683.1,245.3,110.30000000000001,13.16,15.39,29.26,145.87,-54.4,2779.0,62.61,3.0,Low-Volume / Low-Growth Prescribers
1000001769,NC,Internal Medicine,4727.099999999999,4088.0,2300361.5599999996,19,8,0.0123,416.8,519.9000000000001,838.5,726.0,43.2,1142.9,909.1,130.7,17.74,24.18,15.36,-57.96,21.94,3227.3,68.27,0.0,Diversified Prescribers
1000001776,TX,Family Practice,776.1000000000001,674.0,420195.76,12,7,0.002,0.0,62.0,93.7,315.8,2.5,214.8,57.6,29.700000000000003,12.07,27.68,40.69,364.97,77.86,686.3,88.43,3.0,Low-Volume / Low-Growth Prescribers
1000001778,TN,Internal Medicine,17404.1,15219.0,8335508.640000001,19,8,0.0452,1638.7,1422.1,4015.0999999999995,3069.7999999999997,111.6,2535.5,3910.3999999999996,700.9,23.07,14.57,17.64,-49.71,301.62,11042.499999999998,63.45,0.0,Diversified Prescribers
1000001780,TN,Endocrinology,71764.3,62484.0,39616756.62,20,7,0.1864,9046.6,3543.2999999999997,18846.1,15908.899999999998,382.2,19613.9,4423.299999999999,0.0,26.26,27.33,22.17,-60.7,-65.67,57912.2,80.7,1.0,High-Volume Core Prescribers
1000001791,NY,Family Practice,1480.1,1281.0,728387.08,18,8,0.0038,354.7,20.9,415.70000000000005,294.5,7.0,224.40000000000003,146.20000000000002,16.7,28.09,15.16,19.9,-24.41,58.23,955.5000000000001,64.56,3.0,Low-Volume / Low-Growth Prescribers
1000001794,MA,Endocrinology,2213.3999999999996,1933.0,1180000.0699999998,18,8,0.0058,285.5,156.8,354.2,256.20000000000005,1.1,967.9,179.6,12.1,16.0,43.73,11.57,-5.75,32.26,1735.1,78.39,0.0,Diversified Prescribers
1000001795,MA,Endocrinology,2271.1000000000004,1948.0,1327741.7999999998,20,7,0.0059,310.3,156.0,736.0,317.1,0.0,593.3,143.1,15.3,32.41,26.12,13.96,-48.95,-41.87,1802.4,79.36,0.0,Diversified Prescribers
1000001800,AZ,Physician Assistant,684.1,584.0,298778.47,11,6,0.0018,100.8,23.5,68.6,301.4,0.0,106.8,83.0,0.0,10.03,15.61,44.06,-60.9,-53.53,500.29999999999995,73.13,3.0,Low-Volume / Low-Growth Prescribers
1000001813,FL,Endocrinology,40601.40000000001,35852.0,18582954.22,22,8,0.1055,7480.1,1252.9,6811.000000000001,8179.7,189.1,11815.0,4690.6,183.0,16.78,29.1,20.15,282.05,364.46,28058.600000000002,69.11,1.0,High-Volume Core Prescribers
1000001819,CA,Internal Medicine,5487.4,4723.0,2192819.09,16,7,0.0143,1981.6000000000001,55.4,904.2,1304.6000000000001,0.0,884.0,273.2,84.4,16.48,16.11,23.77,82.71,60.88,3148.2000000000003,57.37,0.0,Diversified Prescribers
1000001827,NY,Physician Assistant,20592.3,18050.0,9505180.48,17,7,0.0535,5392.9,1396.8000000000002,5190.2,5354.1,0.0,1627.9,1418.4,212.0,25.2,7.91,26.0,37.27,36.2,13569.000000000002,65.89,0.0,Diversified Prescribers
1000001845,CA,Internal Medicine,18115.800000000003,15623.0,6778004.780000001,16,8,0.0471,2765.0,53.6,2116.4,6335.7,30.2,2871.9,3230.7000000000003,712.3,11.68,15.85,34.97,-21.09,-27.32,11377.6,62.8,0.0,Diversified Prescribers
1000001846,FL,Endocrinology,8919.7,7685.0,4588605.009999999,22,8,0.0232,911.2,1176.6,1530.8,2202.2000000000003,57.599999999999994,2264.6,680.3,96.4,17.16,25.39,24.69,65.35,90.72,7174.200000000001,80.43,0.0,Diversified Prescribers
1000001862,TX,Endocrinology,2502.9,2185.0,1266160.9700000002,18,8,0.0065,398.20000000000005,173.5,567.4000000000001,355.0,1.1,729.7,259.5,18.5,22.67,29.15,14.18,12.89,-23.5,1825.6000000000001,72.94,0.0,Diversified Prescribers
1000001891,NY,Internal Medicine,659.6,569.0,264468.59,14,6,0.0017,181.1,97.6,94.9,119.49999999999999,0.0,94.19999999999999,72.30000000000001,0.0,14.39,14.28,18.12,17.03,-72.52,406.2,61.58,3.0,Low-Volume / Low-Growth Prescribers
1000001895,FL,Family Practice,1016.1000000000001,881.0,558064.26,15,6,0.0026,222.6,88.0,307.3,258.9,0.0,102.7,36.6,0.0,30.24,10.11,25.48,-8.24,66.26,756.9,74.49,3.0,Low-Volume / Low-Growth Prescribers
1000001896,PA,Family Practice,935.0000000000002,790.0,304710.51,11,6,0.0024,218.20000000000002,0.0,81.2,302.2,0.0,119.30000000000001,187.8,26.3,8.68,12.76,32.32,220.38,418.92,502.7,53.76,3.0,Low-Volume / Low-Growth Prescribers
1000001900,GA,Internal Medicine,5287.100000000001,4656.0,2111881.4299999997,21,8,0.0137,1240.4,613.2,612.4,1176.8,13.8,1082.4,443.7,104.4,11.58,20.47,22.26,13.87,2.55,3484.8,65.91,0.0,Diversified Prescribers
1000001904,CA,Family Practice,4447.8,3815.0,1763649.63,17,7,0.0116,1131.8,426.9,581.2,1111.9,0.0,726.7,406.6,62.7,13.07,16.34,25.0,-20.74,-15.89,2846.7000000000003,64.0,0.0,Diversified Prescribers
1000001915,NY,Family Practice,581.6,513.0,267135.97,13,6,0.0015,0.0,52.3,26.700000000000003,275.8,0.0,131.6,78.7,16.5,4.59,22.63,47.42,-55.53,-34.27,486.40000000000003,83.63,3.0,Low-Volume / Low-Growth Prescribers
1000001919,PA,Internal Medicine,1253.8000000000002,1072.0,581040.74,18,7,0.0033,186.8,45.2,251.60000000000002,393.79999999999995,0.0,179.6,182.2,14.6,20.07,14.32,31.41,202.44,61.06,870.2,69.41,3.0,Low-Volume / Low-Growth Prescribers
1000001921,PA,Endocrinology,9826.5,8556.0,6226862.1,19,8,0.0255,952.0999999999999,169.5,3173.8999999999996,1491.5,11.8,3482.4,504.70000000000005,40.6,32.3,35.44,15.18,-20.68,-17.12,8317.3,84.64,0.0,Diversified Prescribers
1000001922,CA,Family Practice,1169.8,1027.0,503711.2699999999,14,8,0.003,278.9,133.0,85.30000000000001,249.3,1.1,361.9,46.6,13.7,7.29,30.94,21.31,-46.45,6.8,829.5,70.91,3.0,Low-Volume / Low-Growth Prescribers
1000001924,NY,Family Practice,13709.2,12124.0,6370135.13,17,7,0.0356,1474.0,972.6,2497.7,4732.900000000001,189.39999999999998,1918.1000000000001,1924.5,0.0,18.22,13.99,34.52,-79.39,-54.89,10121.300000000001,73.83,0.0,Diversified Prescribers
1000001932,MA,Family Practice,754.5000000000001,654.0,305275.21,13,6,0.002,0.0,93.3,72.5,268.5,0.0,98.2,193.20000000000002,28.799999999999997,9.61,13.02,35.59,326.55,35.77,532.5,70.58,3.0,Low-Volume / Low-Growth Prescribers
1000001937,CA,Family Practice,515.8,444.0,298857.15,10,6,0.0013,105.1,26.7,180.4,84.5,0.0,83.3,0.0,35.8,34.97,16.15,16.38,-49.43,56.55,374.9,72.68,3.0,Low-Volume / Low-Growth Prescribers
1000001941,CA,Internal Medicine,4349.4,3776.0,1910167.2899999998,18,6,0.0113,621.8,349.1,760.0,1096.6,0.0,749.5999999999999,772.3,0.0,17.47,17.23,25.21,-50.87,-8.9,2955.2999999999997,67.95,0.0,Diversified Prescribers
1000001951,VA,Internal Medicine,15332.2,13228.0,9651452.760000002,16,6,0.0398,0.0,2262.8999999999996,4128.5,5001.8,0.0,2722.9000000000005,634.3,581.8,26.93,17.76,32.62,837.22,38.45,14116.099999999999,92.07,0.0,Diversified Prescribers
1000001953,FL,Family Practice,834.4000000000001,727.0,395662.35,11,5,0.0022,190.60000000000002,59.9,75.2,278.29999999999995,0.0,230.4,0.0,0.0,9.01,27.61,33.35,58.58,203.39,643.8,77.16,3.0,Low-Volume / Low-Growth Prescribers
1000001956,OH,Family Practice,3705.5999999999995,3229.0,2028584.55,16,7,0.0096,456.7,305.3,981.3,1203.9,0.0,510.20000000000005,202.2,46.0,26.48,13.77,32.49,46.37,52.81,3000.7,80.98,0.0,Diversified Prescribers
1000001963,FL,Internal Medicine,791.1,697.0,381378.23000000004,17,8,0.0021,83.9,74.0,106.19999999999999,144.0,1.1,264.6,85.30000000000001,32.0,13.42,33.45,18.2,-47.24,17.7,588.8,74.43,3.0,Low-Volume / Low-Growth Prescribers
1000001978,IL,Nurse Practitioner,5330.9000000000015,4482.0,2506293.95,17,7,0.0138,1333.1999999999998,664.5,1088.1,1223.1,13.3,771.2,237.5,0.0,20.41,14.47,22.94,-83.5,-41.76,3746.9,70.29,0.0,Diversified Prescribers
1000001980,OH,Internal Medicine,4566.6,3959.0,1650474.15,14,6,0.0119,1459.0,125.30000000000001,1085.9,863.0999999999999,0.0,24.1,1009.1999999999999,0.0,23.78,0.53,18.9,744.15,234.21,2098.3999999999996,45.95,3.0,Low-Volume / Low-Growth Prescribers
1000002000,TX,Internal Medicine,5893.200000000001,5196.0,1964255.8500000003,15,8,0.0153,1048.8,583.4,158.0,1254.3,14.6,1445.6999999999998,1316.1,72.3,2.68,24.53,21.28,-8.63,-11.12,3441.3999999999996,58.4,3.0,Low-Volume / Low-Growth Prescribers
1000002001,CA,Internal Medicine,810.3,687.0,384377.50000000006,15,6,0.0021,0.0,51.599999999999994,118.6,301.5,0.0,163.7,161.79999999999998,13.1,14.64,20.2,37.21,94.13,130.5,635.4,78.42,3.0,Low-Volume / Low-Growth Prescribers
1000002010,CA,Endocrinology,8504.0,7368.0,5082740.1899999995,19,6,0.0221,0.0,742.4,1932.4,1848.2,48.199999999999996,3085.2999999999997,847.5,0.0,22.72,36.28,21.73,140.2,90.95,7608.299999999999,89.47,0.0,Diversified Prescribers
1000002015,TX,Internal Medicine,14475.3,12646.0,7781207.170000002,16,6,0.0376,0.0,2824.5999999999995,2437.2,2671.1000000000004,0.0,4185.1,1636.4,720.9,16.84,28.91,18.45,-28.3,-11.13,12118.0,83.72,0.0,Diversified Prescribers
1000002020,TX,Physician Assistant,4246.8,3702.0,2236722.3,17,8,0.011,536.6,407.00000000000006,1249.7,1088.7,13.1,272.4,610.4000000000001,68.9,29.43,6.41,25.64,122.35,175.65,3017.8,71.06,0.0,Diversified Prescribers
1000002046,IL,Endocrinology,2118.2000000000003,1815.0,852661.69,17,6,0.0055,411.3,112.0,248.29999999999998,377.0,0.0,599.6,370.0,0.0,11.72,28.31,17.8,8.63,7.43,1336.9,63.11,3.0,Low-Volume / Low-Growth Prescribers
1000002063,OH,Internal Medicine,11169.399999999998,9788.0,5034627.01,15,8,0.029,2067.9,624.2,2783.8,3054.5999999999995,70.5,702.9,1449.6,415.9,24.92,6.29,27.35,-22.21,4.18,7165.5,64.15,0.0,Diversified Prescribers
1000002066,GA,Internal Medicine,1012.2,862.0,597530.3,19,8,0.0026,118.3,35.3,304.5,317.1,2.2,184.20000000000002,30.8,19.8,30.08,18.2,31.33,50.63,319.03,841.1,83.1,0.0,Diversified Prescribers
1000002068,NY,Endocrinology,12176.0,10749.0,7791378.499999999,21,8,0.0316,913.2,865.8,4651.2,1717.6,43.0,2777.9,1043.8,163.5,38.2,22.81,14.11,-46.81,2.54,10012.5,82.23,0.0,Diversified Prescribers
1000002071,CA,Internal Medicine,21466.700000000004,18717.0,8958476.209999999,18,8,0.0558,5080.9,2547.1,2379.8,4382.5,26.6,4953.6,1451.0,645.2,11.09,23.08,20.42,-15.15,-41.17,14263.0,66.44,0.0,Diversified Prescribers
1000002073,MA,Nurse Practitioner,945.2,812.0,343984.39,15,7,0.0025,324.5,13.7,128.5,181.39999999999998,0.0,175.3,106.9,14.9,13.6,18.55,19.19,-81.94,-71.32,498.9,52.78,3.0,Low-Volume / Low-Growth Prescribers
1000002082,MI,Internal Medicine,952.0000000000002,831.0,419277.55,16,7,0.0025,83.3,91.8,165.8,297.1,0.0,79.7,204.3,30.0,17.42,8.37,31.21,-11.54,30.09,634.4000000000001,66.64,3.0,Low-Volume / Low-Growth Prescribers
1000002089,AZ,Internal Medicine,3117.6000000000004,2751.0,1230452.3500000003,15,7,0.0081,0.0,216.89999999999998,457.6,503.5,7.2,736.2,1041.6,154.60000000000002,14.68,23.61,16.15,-24.4,-51.77,1914.2000000000003,61.4,3.0,Low-Volume / Low-Growth Prescribers
1000002091,FL,Physician Assistant,18576.699999999997,15869.0,11165377.599999998,17,7,0.0483,3531.4,684.9,7000.599999999999,2001.4,169.7,3864.0,1324.6999999999998,0.0,37.68,20.8,10.77,153.2,206.13,13550.899999999998,72.95,0.0,Diversified Prescribers
1000002107,IL,Nurse Practitioner,5170.9,4496.0,1840438.1100000003,17,8,0.0134,1310.9,539.2,629.8,1182.9,44.7,616.0,705.0,142.39999999999998,12.18,11.91,22.88,-53.37,-43.35,2967.9,57.4,0.0,Diversified Prescribers
1000002121,NY,Internal Medicine,898.8,777.0,363873.12999999995,17,7,0.0023,197.7,39.4,83.0,282.4,0.0,202.5,83.5,10.3,9.23,22.53,31.42,363.56,43.27,607.3,67.57,3.0,Low-Volume / Low-Growth Prescribers
1000002130,NY,Endocrinology,35761.700000000004,30983.0,20479672.570000004,19,8,0.0929,5603.0,2469.6,10688.5,6834.799999999999,261.70000000000005,6488.0,2983.0,433.1,29.89,18.14,19.11,-40.62,-24.48,26480.899999999998,74.05,1.0,High-Volume Core Prescribers
1000002132,NC,Internal Medicine,904.3999999999999,773.0,355601.42,13,6,0.0023,264.70000000000005,101.9,145.5,202.9,0.0,63.2,126.19999999999999,0.0,16.09,6.99,22.43,-11.28,73.69,513.5,56.78,3.0,Low-Volume / Low-Growth Prescribers
1000002152,FL,Family Practice,793.8,706.0,376084.55000000005,15,6,0.0021,109.9,97.5,150.0,171.6,0.0,156.8,108.0,0.0,18.9,19.75,21.62,-80.67,-29.06,575.9,72.55,3.0,Low-Volume / Low-Growth Prescribers
1000002153,TX,Family Practice,4801.799999999999,4228.0,1980644.38,18,8,0.0125,1412.9,648.8,604.6,1290.2,24.700000000000003,579.5,148.9,92.2,12.59,12.07,26.87,43.9,124.95,3123.1,65.04,0.0,Diversified Prescribers
1000002156,TX,Endocrinology,25138.200000000004,21760.0,14577463.48,20,8,0.0653,3583.8999999999996,842.6999999999999,8866.4,5821.299999999999,143.7,3002.0,2557.2,321.0,35.27,11.94,23.16,87.1,175.85,18532.4,73.72,1.0,High-Volume Core Prescribers
1000002167,MI,Endocrinology,2386.7999999999997,2081.0,1518343.3900000001,19,7,0.0062,209.2,123.8,923.1999999999999,396.20000000000005,0.0,582.9,114.3,37.2,38.68,24.42,16.6,-23.09,-35.74,2026.1,84.89,0.0,Diversified Prescribers
1000002172,TX,Endocrinology,36189.50000000001,30975.0,20934441.11,20,8,0.094,4929.3,1341.8000000000002,11194.0,3331.2000000000003,121.1,11009.400000000001,3418.9999999999995,843.7,30.93,30.42,9.2,701.41,245.47,26876.4,74.27,1.0,High-Volume Core Prescribers
1000002174,CA,Internal Medicine,19491.400000000005,17054.0,6146262.13,18,8,0.0506,6076.2,1438.0,882.1999999999999,4261.8,144.5,3592.9999999999995,2904.5,191.2,4.53,18.43,21.87,-62.3,-16.13,10175.0,52.2,0.0,Diversified Prescribers
1000002197,FL,Nurse Practitioner,729.1,631.0,453222.29,13,5,0.0019,0.0,66.3,277.8,175.4,0.0,92.5,117.10000000000001,0.0,38.1,12.69,24.06,-67.76,-11.62,612.0,83.94,3.0,Low-Volume / Low-Growth Prescribers
1000002208,NC,Internal Medicine,720.4000000000001,612.0,327923.74,16,7,0.0019,111.0,41.0,114.2,244.89999999999998,2.2,140.9,66.2,0.0,15.85,19.56,34.0,0.0,-72.34,541.0,75.1,3.0,Low-Volume / Low-Growth Prescribers
1000002213,TN,Physician Assistant,1050.4,912.0,380325.33999999997,13,6,0.0027,471.9,78.5,212.3,129.0,0.0,82.9,75.8,0.0,20.21,7.89,12.28,-70.58,-70.17,502.70000000000005,47.86,3.0,Low-Volume / Low-Growth Prescribers
1000002216,CA,Family Practice,5170.7,4448.0,2209969.89,19,8,0.0134,1335.0,430.29999999999995,845.7,1600.3999999999999,19.3,609.0999999999999,195.4,135.5,16.36,11.78,30.95,310.03,26.35,3485.5,67.41,0.0,Diversified Prescribers
1000002220,MI,Family Practice,960.0,822.0,486494.58999999997,16,7,0.0025,144.7,71.3,202.8,195.89999999999998,0.0,233.3,76.8,35.2,21.13,24.3,20.41,-2.12,-10.99,703.3,73.26,3.0,Low-Volume / Low-Growth Prescribers
1000002257,OH,Internal Medicine,1109.3,964.0,399017.4099999999,16,7,0.0029,225.7,51.5,89.60000000000001,297.3,0.0,239.4,185.7,20.1,8.08,21.58,26.8,-39.12,-49.06,677.8,61.1,3.0,Low-Volume / Low-Growth Prescribers
1000002259,FL,Internal Medicine,556.0999999999999,474.0,224813.92,10,7,0.0014,122.6,54.9,48.9,135.2,0.0,126.2,37.2,31.1,8.79,22.69,24.31,-30.1,-32.57,365.2,65.67,3.0,Low-Volume / Low-Growth Prescribers
1000002264,AZ,Family Practice,3161.2000000000003,2819.0,1642424.8,14,5,0.0082,0.0,440.3,358.0,1553.1,0.0,565.1,244.7,0.0,11.32,17.88,49.13,-81.56,-66.06,2916.5,92.26,3.0,Low-Volume / Low-Growth Prescribers
1000002266,VA,Family Practice,5459.5,4729.0,2179262.7800000003,17,7,0.0142,1783.1,452.5,841.0,604.7,0.0,1149.0,510.6,118.6,15.4,21.05,11.08,-4.69,20.96,3047.2,55.81,0.0,Diversified Prescribers
1000002273,TX,Family Practice,738.1999999999999,637.0,419338.53,13,5,0.0019,0.0,83.1,217.0,285.2,0.0,28.3,124.6,0.0,29.4,3.83,38.63,148.35,12.15,613.5999999999999,83.12,3.0,Low-Volume / Low-Growth Prescribers
1000002274,NY,Physician Assistant,917.4,813.0,473619.20999999996,12,7,0.0024,231.10000000000002,88.5,244.60000000000002,131.2,0.0,164.40000000000003,31.9,25.7,26.66,17.92,14.3,184.93,166.6,628.7,68.53,3.0,Low-Volume / Low-Growth Prescribers
1000002281,PA,Internal Medicine,587.9,506.0,280699.25,14,5,0.0015,0.0,71.2,128.7,257.20000000000005,0.0,0.0,113.7,17.1,21.89,0.0,43.75,25.81,45.18,457.1,77.75,3.0,Low-Volume / Low-Growth Prescribers
1000002282,PA,Internal Medicine,37258.0,32133.0,16419554.540000003,18,8,0.0968,7665.6,4256.0,9201.099999999999,4798.0,142.6,2732.0,7623.3,839.4000000000001,24.7,7.33,12.88,-46.73,-45.07,20987.1,56.33,1.0,High-Volume Core Prescribers
1000002283,FL,Endocrinology,1732.7999999999997,1488.0,723032.3700000001,18,8,0.0045,368.3,132.3,158.60000000000002,315.0,2.2,554.5,161.6,40.3,9.15,32.0,18.18,96.82,33.76,1160.4,66.97,0.0,Diversified Prescribers
1000002295,FL,Endocrinology,1648.1000000000006,1422.0,835124.5900000001,16,7,0.0043,115.9,66.5,259.0,340.5,0.0,624.1999999999999,210.8,31.200000000000003,15.72,37.87,20.66,77.97,166.6,1290.1999999999998,78.28,3.0,Low-Volume / Low-Growth Prescribers
1000002313,AZ,Family Practice,36289.5,31143.0,15156726.269999996,19,8,0.0943,10090.4,3439.7,7064.6,7364.5,203.1,4691.200000000001,2761.1,674.9,19.47,12.93,20.29,29.95,-29.22,22560.0,62.17,1.0,High-Volume Core Prescribers
1000002314,PA,Nephrology,17297.3,14758.0,8311545.050000001,19,8,0.0449,1349.5,947.9000000000001,3931.0,4967.5,177.2,2168.4,3270.2,485.6,22.73,12.54,28.72,40.87,4.66,12014.8,69.46,0.0,Diversified Prescribers
1000002321,IL,Family Practice,5354.999999999999,4630.0,1632419.78,17,7,0.0139,1543.1999999999998,259.6,624.7,1241.9,0.0,494.3,1020.5,170.8,11.67,9.23,23.19,-13.62,-43.2,2620.5,48.94,0.0,Diversified Prescribers
1000002328,NC,Family Practice,19453.199999999997,16986.0,8585691.48,16,7,0.0505,5241.3,1100.5,2934.7000000000003,3725.1000000000004,0.0,4448.299999999999,1645.1,358.2,15.09,22.87,19.15,86.33,74.72,12208.6,62.76,0.0,Diversified Prescribers
1000002336,NY,Internal Medicine,1068.1999999999998,924.0,610304.99,16,7,0.0028,92.7,7.4,323.7,289.0,0.0,171.0,167.60000000000002,16.8,30.3,16.01,27.05,-6.3,148.04,791.0999999999999,74.06,3.0,Low-Volume / Low-Growth Prescribers
1000002345,TX,Family Practice,29516.2,25123.0,8412729.65,14,7,0.0767,4475.4,2563.2,3238.4,7614.0,174.2,833.3,10617.7,0.0,10.97,2.82,25.8,-39.73,-85.88,14248.9,48.27,1.0,High-Volume Core Prescribers
1000002353,AZ,Nurse Practitioner,3956.6000000000004,3453.0,1538990.8500000003,16,7,0.0103,607.3,415.59999999999997,633.1999999999999,1264.1,0.0,220.39999999999998,702.5999999999999,113.4,16.0,5.57,31.95,5.86,-61.95,2533.2999999999997,64.03,0.0,Diversified Prescribers
1000002363,CA,Internal Medicine,796.9,692.0,427743.93999999994,13,8,0.0021,112.2,27.8,241.2,175.7,3.5,107.9,116.00000000000001,12.6,30.27,13.54,22.05,222.02,147.03,552.6,69.34,3.0,Low-Volume / Low-Growth Prescribers
1000002367,TX,Internal Medicine,47081.49999999999,41419.0,14787210.52,16,7,0.1223,10642.7,4188.5,2011.6,13037.3,68.3,7074.7,10058.400000000001,0.0,4.27,15.03,27.69,0.64,28.64,26312.1,55.89,1.0,High-Volume Core Prescribers
1000002372,OH,Family Practice,14524.2,12483.0,5479018.249999999,15,7,0.0377,2311.7,870.6,1750.0,6869.6,35.4,170.6,2516.3,0.0,12.05,1.17,47.3,-46.75,-73.93,9660.8,66.52,0.0,Diversified Prescribers
1000002379,FL,Family Practice,959.4999999999998,846.0,375668.24,17,6,0.0025,199.39999999999998,106.6,116.5,272.70000000000005,0.0,124.80000000000001,139.5,0.0,12.14,13.01,28.42,-41.91,-35.23,620.6,64.68,3.0,Low-Volume / Low-Growth Prescribers
1000002381,TX,Nurse Practitioner,12387.8,10828.0,5955116.140000001,17,7,0.0322,0.0,517.2,2340.8,4252.900000000001,150.8,2076.1,2285.3,764.7,18.9,16.76,34.33,-36.13,125.49,9187.0,74.16,0.0,Diversified Prescribers
1000002383,PA,Internal Medicine,3332.2999999999997,2874.0,1108953.5999999999,15,8,0.0087,632.1,112.3,124.1,927.8,13.3,774.8,672.5999999999999,75.3,3.72,23.25,27.84,-61.24,-64.35,1939.0,58.19,3.0,Low-Volume / Low-Growth Prescribers
1000002386,TX,Internal Medicine,863.1999999999999,754.0,407414.67000000004,15,7,0.0022,200.4,77.2,133.8,142.4,3.5,259.9,0.0,46.0,15.5,30.11,16.5,132.59,225.68,613.3,71.05,3.0,Low-Volume / Low-Growth Prescribers
1000002390,PA,Internal Medicine,1086.3000000000002,948.0,476614.53,15,7,0.0028,236.5,88.6,292.49999999999994,198.0,0.0,58.8,199.6,12.3,26.93,5.41,18.23,127.14,38.17,637.9,58.72,3.0,Low-Volume / Low-Growth Prescribers
1000002391,IN,Endocrinology,1756.1,1527.0,895943.09,19,8,0.0046,227.6,54.7,380.59999999999997,370.6,2.3,528.1999999999999,164.8,27.3,21.67,30.08,21.1,-57.46,-33.54,1334.1,75.97,0.0,Diversified Prescribers
1000002401,TX,Endocrinology,12650.599999999999,11058.0,6944377.51,20,7,0.0329,1081.9,710.1999999999999,2480.3999999999996,1442.8,0.0,5682.3,950.4000000000001,302.6,19.61,44.92,11.4,0.57,35.24,10315.699999999999,81.54,0.0,Diversified Prescribers
1000002405,CA,Family Practice,5935.4,5124.0,3257072.04,17,8,0.0154,673.6,213.4,1691.6,1989.4,10.7,683.0,593.0999999999999,80.6,28.5,11.51,33.52,-5.97,66.69,4577.4,77.12,0.0,Diversified Prescribers
1000002408,TN,Cardiology,4393.900000000001,3827.0,2066882.3599999999,19,8,0.0114,1046.9,296.5,989.0,1010.8000000000001,17.3,649.6,295.70000000000005,88.1,22.51,14.78,23.0,-10.59,236.16,2945.9,67.05,0.0,Diversified Prescribers
1000002420,IN,Endocrinology,11622.6,10140.0,7137421.18,20,7,0.0302,901.7,886.5000000000001,4078.2,2484.2,14.3,2020.9999999999998,1236.6999999999998,0.0,35.09,17.39,21.37,-9.1,-6.93,9469.9,81.48,0.0,Diversified Prescribers
1000002421,CA,Endocrinology,2141.2999999999997,1842.0,1242371.0,19,7,0.0056,216.6,45.8,566.1,350.8,2.3,773.9,185.8,0.0,26.44,36.14,16.38,-30.21,45.89,1736.6,81.1,0.0,Diversified Prescribers
1000002433,CA,Internal Medicine,4431.7,3823.0,2611522.52,15,8,0.0115,506.3,689.9,1466.5,735.3,31.4,601.0,234.1,167.2,33.09,13.56,16.59,84.48,14.55,3492.7,78.81,0.0,Diversified Prescribers
1000002450,MI,Internal Medicine,496.9,430.0,258700.63,12,5,0.0013,83.8,0.0,108.8,210.20000000000002,0.0,78.3,0.0,15.8,21.9,15.76,42.3,12.4,-34.88,397.3,79.96,3.0,Low-Volume / Low-Growth Prescribers
1000002453,CA,Internal Medicine,569.6,480.0,349223.16,11,6,0.0015,0.0,115.4,164.60000000000002,80.4,0.0,112.5,67.8,28.9,28.9,19.75,14.12,-58.27,23.47,472.9,83.02,3.0,Low-Volume / Low-Growth Prescribers
1000002454,AZ,Family Practice,32779.8,28877.0,16928917.82,17,7,0.0852,0.0,3364.2999999999997,7143.8,9093.7,58.5,6127.400000000001,5686.2,1305.9,21.79,18.69,27.74,-23.27,-35.29,25729.2,78.49,1.0,High-Volume Core Prescribers
1000002455,FL,Endocrinology,1821.4999999999998,1588.0,916025.0299999999,20,7,0.0047,428.0,110.39999999999999,416.4,368.2,7.199999999999999,426.40000000000003,64.9,0.0,22.86,23.41,20.21,-2.63,181.04,1321.3999999999999,72.54,0.0,Diversified Prescribers
1000002461,NY,Nurse Practitioner,935.4000000000001,818.0,367976.35,16,7,0.0024,185.8,80.6,82.5,209.49999999999997,0.0,232.3,130.3,14.4,8.82,24.83,22.4,7.02,-30.25,604.9,64.67,3.0,Low-Volume / Low-Growth Prescribers
1000002465,CA,Internal Medicine,1081.3000000000002,933.0,463334.8700000001,17,8,0.0028,248.3,108.8,171.5,234.70000000000002,2.2,179.3,108.69999999999999,27.8,15.86,16.58,21.71,17.52,-14.77,694.3000000000001,64.21,3.0,Low-Volume / Low-Growth Prescribers
1000002468,NC,Internal Medicine,940.2000000000002,813.0,334068.17000000004,13,7,0.0024,311.8,88.80000000000001,74.0,105.0,0.0,245.3,84.5,30.8,7.87,26.09,11.17,355.43,-4.93,513.1,54.57,3.0,Low-Volume / Low-Growth Prescribers
1000002470,TX,Internal Medicine,895.1000000000001,771.0,360449.46,14,7,0.0023,288.5,64.9,87.3,242.6,3.2,195.4,0.0,13.2,9.75,21.83,27.1,395.13,71.98,590.2,65.94,3.0,Low-Volume / Low-Growth Prescribers
1000002473,NY,Family Practice,4215.900000000001,3681.0,1930449.4199999997,17,8,0.011,978.5999999999999,568.3,867.7,1004.2,11.8,384.9,345.7,54.7,20.58,9.13,23.82,25.84,-17.46,2825.1,67.01,0.0,Diversified Prescribers
1000002492,TX,Family Practice,4811.099999999999,4080.0,2117207.6599999997,17,7,0.0125,707.9,167.6,1166.8999999999999,871.1,0.0,813.3000000000001,942.8,141.5,24.25,16.9,18.11,-62.6,14.86,3018.8999999999996,62.75,0.0,Diversified Prescribers
1000002495,OH,Internal Medicine,5351.6,4580.0,2464521.7000000007,19,8,0.0139,962.2,687.0,1197.5,1359.0,42.2,367.7,614.6,121.4,22.38,6.87,25.39,-75.86,-70.8,3611.2,67.48,0.0,Diversified Prescribers
1000002496,NC,Family Practice,554.8,498.0,374415.08999999997,9,4,0.0014,0.0,41.4,269.59999999999997,158.3,0.0,0.0,85.5,0.0,48.59,0.0,28.53,104.0,16.85,469.29999999999995,84.59,3.0,Low-Volume / Low-Growth Prescribers
1000002498,FL,Cardiology,715.2,609.0,501523.05,12,5,0.0019,0.0,16.8,307.0,223.60000000000002,0.0,119.6,48.2,0.0,42.93,16.72,31.26,,188.19,667.0,93.26,,
1000002502,TN,Family Practice,4141.8,3674.0,1952081.35,18,8,0.0108,520.0,130.8,956.8,1134.0,31.4,531.5,618.1999999999999,219.1,23.1,12.83,27.38,134.06,546.63,2753.1,66.47,0.0,Diversified Prescribers
1000002506,IL,Nurse Practitioner,14323.1,12243.0,7263823.59,16,7,0.0372,3016.3,1697.1000000000001,3550.0,3247.0,0.0,1795.6,766.1,251.0,24.79,12.54,22.67,67.23,99.4,10289.7,71.84,0.0,Diversified Prescribers
1000002514,PA,Family Practice,3385.7999999999997,2998.0,1389684.3900000004,13,7,0.0088,581.2,159.0,173.2,1920.2999999999997,22.0,398.1,0.0,132.0,5.12,11.76,56.72,-24.84,69.14,2650.5999999999995,78.29,3.0,Low-Volume / Low-Growth Prescribers
1000002518,FL,Family Practice,3490.1000000000004,3018.0,2431087.4299999997,17,7,0.0091,0.0,468.99999999999994,1351.5,756.5,14.0,583.4,173.3,142.4,38.72,16.72,21.68,547.25,224.46,3160.4,90.55,0.0,Diversified Prescribers
1000002520,IL,Family Practice,5399.900000000001,4620.0,2373776.72,20,8,0.014,1016.2,802.2,662.8999999999999,546.2,23.8,1576.8999999999999,652.3,119.4,12.28,29.2,10.12,10.74,56.23,3588.2,66.45,0.0,Diversified Prescribers
1000002525,PA,Internal Medicine,23113.0,19892.0,10924825.620000003,18,7,0.06,4588.6,1663.6999999999998,4537.3,6231.2,0.0,4129.200000000001,1777.6,185.4,19.63,17.87,26.96,44.17,-16.23,16561.4,71.65,0.0,Diversified Prescribers
1000002529,TX,Nephrology,3529.400000000001,3054.0,1516286.9,17,8,0.0092,463.9,362.1,278.9,978.0,32.5,941.3,384.0,88.7,7.9,26.67,27.71,-2.42,-71.09,2560.2999999999997,72.54,0.0,Diversified Prescribers
1000002551,IL,Endocrinology,7587.7,6607.0,4284004.4799999995,21,8,0.0197,466.9,811.7,2665.5,1245.3000000000002,45.9,881.4,1292.3999999999999,178.60000000000002,35.13,11.62,16.41,-47.24,-44.04,5603.900000000001,73.86,0.0,Diversified Prescribers
1000002552,IN,Family Practice,10077.100000000002,8930.0,5650886.029999999,13,6,0.0262,0.0,220.0,2829.9,3550.7,0.0,1763.9,1155.2,557.4,28.08,17.5,35.24,-25.92,183.61,8364.5,83.01,0.0,Diversified Prescribers
1000002569,TX,Physician Assistant,15597.1,13954.0,6896542.4399999995,18,7,0.0405,3619.3999999999996,1678.5,3016.7,3329.7000000000003,0.0,2170.0,1313.6999999999998,469.1,19.34,13.91,21.35,248.92,47.03,10194.9,65.36,0.0,Diversified Prescribers
1000002589,CA,Family Practice,5281.3,4580.0,2618749.3499999996,19,8,0.0137,371.9,353.0,1313.9,1733.1,30.4,430.9,908.3,139.8,24.88,8.16,32.82,-25.09,-25.77,3830.9,72.54,0.0,Diversified Prescribers
1000002600,CA,Family Practice,1210.1,1058.0,586577.05,17,7,0.0031,206.6,74.8,325.5,199.1,0.0,155.9,238.29999999999998,9.9,26.9,12.88,16.45,25.76,481.31,755.3,62.42,3.0,Low-Volume / Low-Growth Prescribers
1000002601,TX,Endocrinology,45455.59999999999,39864.0,25625751.130000003,21,8,0.1181,7039.6,1120.1,11709.5,5812.200000000001,245.60000000000002,16099.0,2956.4,473.2,25.76,35.42,12.79,44.3,113.53,34740.8,76.43,1.0,High-Volume Core Prescribers
1000002603,OH,Internal Medicine,18247.600000000002,16189.0,8083340.4399999995,19,8,0.0474,4156.9,608.2,2729.2,4642.5,147.9,4016.2000000000007,1728.5,218.2,14.96,22.01,25.44,53.57,26.01,11996.1,65.74,0.0,Diversified Prescribers
1000002613,TX,Family Practice,35189.399999999994,31021.0,16271398.84,19,8,0.0914,3623.3,4776.9,4259.3,10784.2,182.8,7092.2,3533.6000000000004,937.1,12.1,20.15,30.65,-17.35,-11.99,26912.6,76.48,1.0,High-Volume Core Prescribers
1000002619,OH,Internal Medicine,1088.1,938.0,665286.3200000001,17,6,0.0028,0.0,184.0,357.0,150.5,0.0,181.6,196.9,18.1,32.81,16.69,13.83,71.18,51.49,873.1,80.24,3.0,Low-Volume / Low-Growth Prescribers
1000002621,CA,Nurse Practitioner,902.0999999999999,781.0,615085.66,14,6,0.0023,0.0,124.5,347.8,132.6,0.0,202.2,76.5,18.5,38.55,22.41,14.7,-44.47,16.1,807.1,89.47,3.0,Low-Volume / Low-Growth Prescribers
1000002625,PA,Physician Assistant,772.9999999999998,672.0,298129.55,12,6,0.002,166.8,19.3,132.7,302.90000000000003,0.0,30.0,121.3,0.0,17.17,3.88,39.18,198.03,-55.84,484.90000000000003,62.73,3.0,Low-Volume / Low-Growth Prescribers
1000002629,IN,Internal Medicine,4638.5,3942.0,2304669.6100000003,14,6,0.0121,732.8,216.9,871.5000000000001,1140.3,0.0,1331.1999999999998,345.79999999999995,0.0,18.79,28.7,24.58,52.27,141.97,3559.8999999999996,76.75,3.0,Low-Volume / Low-Growth Prescribers
1000002643,FL,Family Practice,5425.4,4721.0,3561830.7300000004,16,6,0.0141,0.0,328.8,1455.4,1202.8000000000002,0.0,1973.9999999999998,371.5,92.9,26.83,36.38,22.17,115.09,251.92,4961.0,91.44,0.0,Diversified Prescribers
1000002653,MA,Endocrinology,2179.6,1880.0,1040086.39,20,8,0.0057,396.1,184.5,439.2,560.7,1.2,384.3,196.5,17.1,20.15,17.63,25.72,-54.45,24.96,1568.7,71.97,0.0,Diversified Prescribers
1000002695,IL,Internal Medicine,946.2,845.0,335089.49999999994,14,6,0.0025,321.6,94.19999999999999,185.0,122.6,0.0,59.3,163.5,0.0,19.55,6.27,12.96,283.04,87.98,461.1,48.73,3.0,Low-Volume / Low-Growth Prescribers
1000002698,IN,Family Practice,14452.699999999999,12843.0,5610035.05,17,8,0.0375,1910.9,1061.6,1093.6000000000001,3196.7,128.8,4126.0,2092.3999999999996,842.6999999999999,7.57,28.55,22.12,-52.44,-59.87,9477.900000000001,65.58,0.0,Diversified Prescribers
1000002711,TX,Internal Medicine,772.5,685.0,314997.62,14,7,0.002,122.8,95.1,139.3,191.60000000000002,0.0,42.2,169.2,12.3,18.03,5.46,24.8,1371.88,111.4,468.20000000000005,60.61,3.0,Low-Volume / Low-Growth Prescribers
1000002726,TN,Endocrinology,2007.1,1733.0,939075.2100000001,20,8,0.0052,418.9,159.89999999999998,370.0,338.79999999999995,1.1,489.2,198.3,30.9,18.43,24.37,16.88,8.75,57.26,1357.9,67.65,0.0,Diversified Prescribers
1000002729,NY,Internal Medicine,1010.9999999999999,877.0,499846.93,18,8,0.0026,81.5,80.2,133.7,333.6,1.1,267.7,98.8,14.4,13.22,26.48,33.0,23.96,49.96,815.2,80.63,0.0,Diversified Prescribers
1000002739,NY,Endocrinology,2258.3,1971.0,1277894.7399999998,20,8,0.0059,293.3,75.9,616.3000000000001,414.7,6.7,626.4,212.5,12.5,27.29,27.74,18.36,133.41,47.6,1733.3000000000002,76.75,0.0,Diversified Prescribers
1000002742,CA,Internal Medicine,540.1,478.0,292319.78,14,7,0.0014,91.0,50.2,164.5,167.09999999999997,3.7,20.0,43.6,0.0,30.46,3.7,30.94,339.24,1002.5,401.79999999999995,74.39,3.0,Low-Volume / Low-Growth Prescribers
1000002750,TN,Internal Medicine,5936.000000000001,5080.0,3011570.83,19,7,0.0154,889.8,663.1,1359.5,1455.6,0.0,1014.7,466.5,86.8,22.9,17.09,24.52,13.26,83.31,4492.9,75.69,0.0,Diversified Prescribers
1000002754,FL,Nurse Practitioner,854.1,755.0,546820.42,15,5,0.0022,0.0,23.5,257.2,270.5,0.0,223.8,79.1,0.0,30.11,26.2,31.67,-78.24,-63.61,775.0,90.74,3.0,Low-Volume / Low-Growth Prescribers
1000002784,TX,Nurse Practitioner,2389.2999999999993,2087.0,1006556.5800000001,11,7,0.0062,589.6,478.0,557.3000000000001,92.9,0.0,307.7,190.6,173.2,23.32,12.88,3.89,107.33,53.48,1435.9,60.1,3.0,Low-Volume / Low-Growth Prescribers
1000002791,CA,Cardiology,814.0,706.0,407700.32999999996,11,6,0.0021,233.39999999999998,0.0,272.9,150.1,0.0,86.2,50.3,21.1,33.53,10.59,18.44,232.93,140.56,509.19999999999993,62.56,3.0,Low-Volume / Low-Growth Prescribers
1000002799,NC,Internal Medicine,787.3,691.0,344159.95,13,6,0.002,118.7,56.3,127.89999999999999,166.0,0.0,173.20000000000002,145.2,0.0,16.25,22.0,21.08,67.45,-53.11,523.4000000000001,66.48,3.0,Low-Volume / Low-Growth Prescribers
1000002800,CA,Family Practice,1042.6999999999998,901.0,504459.4899999998,16,8,0.0027,138.1,45.9,202.0,351.49999999999994,3.5,178.1,84.9,38.7,19.37,17.08,33.71,134.99,303.5,777.5,74.57,3.0,Low-Volume / Low-Growth Prescribers
1000002806,TN,Family Practice,4276.3,3670.0,1965966.92,16,7,0.0111,398.2,440.09999999999997,736.0999999999999,1389.6,13.2,593.9,705.2,0.0,17.21,13.89,32.5,472.59,-10.43,3159.7,73.89,0.0,Diversified Prescribers
1000002813,NY,Endocrinology,1802.6000000000001,1556.0,1066195.8700000003,19,7,0.0047,214.3,178.20000000000002,672.3,411.80000000000007,0.0,127.3,172.5,26.2,37.3,7.06,22.84,-70.19,-15.71,1389.6,77.09,0.0,Diversified Prescribers
1000002827,MI,Endocrinology,39064.99999999999,34446.0,17009607.830000006,20,8,0.1015,9019.3,2941.6,7319.3,5844.900000000001,153.60000000000002,8046.800000000001,5555.9,183.6,18.74,20.6,14.96,-30.5,-10.31,24152.600000000002,61.83,1.0,High-Volume Core Prescribers
1000002829,OH,Endocrinology,2248.1000000000004,1950.0,1247976.0700000003,19,8,0.0058,229.6,29.7,459.00000000000006,381.40000000000003,3.4,994.8,111.60000000000001,38.6,20.42,44.25,16.97,-2.0,-40.6,1864.9,82.95,0.0,Diversified Prescribers
1000002831,MA,Family Practice,15782.800000000001,13722.0,7265831.0600000005,18,7,0.041,0.0,429.3,3080.2,4113.0,151.70000000000002,2839.0000000000005,4473.9,695.7,19.52,17.99,26.06,179.2,76.46,10461.5,66.28,0.0,Diversified Prescribers
1000002833,IL,Internal Medicine,20281.2,17264.0,9320074.26,18,8,0.0527,1853.7,1441.1999999999998,2037.5,6168.0,192.89999999999998,5412.6,2172.3,1003.0,10.05,26.69,30.41,-44.84,106.48,15059.3,74.25,0.0,Diversified Prescribers
1000002837,FL,Endocrinology,28416.399999999998,24659.0,13393199.48,19,8,0.0738,4368.4,1872.0,5699.3,6633.099999999999,116.9,6220.800000000001,3112.5,393.4,20.06,21.89,23.34,-64.67,-28.99,20425.2,71.88,1.0,High-Volume Core Prescribers
1000002852,PA,Internal Medicine,17130.6,14858.0,8595019.25,21,8,0.0445,1473.6,2221.2,2284.1000000000004,4527.599999999999,101.3,4623.2,1637.6999999999998,261.9,13.33,26.99,26.43,104.21,28.4,13656.099999999999,79.72,0.0,Diversified Prescribers
1000002859,MA,Endocrinology,29347.7,25427.0,18515434.810000002,20,8,0.0762,2148.0,1671.1999999999998,9948.6,7804.6,261.9,5804.8,1491.6,217.0,33.9,19.78,26.59,124.16,51.13,25229.200000000004,85.97,1.0,High-Volume Core Prescribers
1000002865,NY,Family Practice,1250.5,1087.0,810539.43,18,7,0.0032,0.0,93.1,488.79999999999995,364.0,1.2,132.39999999999998,143.1,27.9,39.09,10.59,29.11,-15.56,18.71,1078.3,86.23,0.0,Diversified Prescribers
1000002871,NC,Physician Assistant,932.7,820.0,387134.9700000001,13,8,0.0024,263.9,46.9,261.3,128.6,2.4,39.7,166.9,23.0,28.02,4.26,13.79,6.17,11.48,476.5,51.09,3.0,Low-Volume / Low-Growth Prescribers
1000002872,CA,Nurse Practitioner,1098.5,944.0,554286.1200000001,16,7,0.0029,78.6,49.1,222.1,325.3,0.0,218.5,157.8,47.1,20.22,19.89,29.61,-12.41,-25.66,815.0,74.19,3.0,Low-Volume / Low-Growth Prescribers
1000002873,OH,Internal Medicine,4753.8,4203.0,1732679.31,15,7,0.0123,1850.3000000000002,466.79999999999995,610.6,1177.4,15.8,450.2,182.7,0.0,12.84,9.47,24.77,145.7,110.2,2705.0,56.9,3.0,Low-Volume / Low-Growth Prescribers
1000002878,OH,Family Practice,3873.8999999999996,3379.0,2014232.44,15,7,0.0101,0.0,346.1,399.8,1135.6,9.5,1465.8,445.79999999999995,71.3,10.32,37.84,29.31,-24.22,69.83,3347.2999999999997,86.41,0.0,Diversified Prescribers
1000002881,TX,Nurse Practitioner,837.4000000000001,730.0,340619.6699999999,14,7,0.0022,94.9,108.60000000000001,57.3,192.7,0.0,207.20000000000002,159.39999999999998,17.3,6.84,24.74,23.01,5.19,16.28,565.8,67.57,3.0,Low-Volume / Low-Growth Prescribers
1000002889,NY,Family Practice,764.4,662.0,309137.93000000005,15,8,0.002,136.3,74.2,109.7,257.2,10.7,67.2,83.2,25.9,14.35,8.79,33.65,-25.71,5.17,508.3,66.5,3.0,Low-Volume / Low-Growth Prescribers
1000002893,IL,Family Practice,4506.9,3921.0,2111867.86,20,7,0.0117,414.1,578.6,594.5999999999999,1313.7,15.1,993.4,597.4,0.0,13.19,22.04,29.15,161.27,39.37,3480.3,77.22,0.0,Diversified Prescribers
1000002898,GA,Internal Medicine,4808.5,4177.0,2383662.95,14,7,0.0125,480.1,261.6,787.2,863.3999999999999,0.0,1539.4,803.0,73.8,16.37,32.01,17.96,219.26,431.67,3451.6000000000004,71.78,3.0,Low-Volume / Low-Growth Prescribers
1000002903,NY,Internal Medicine,3533.4,3086.0,1705030.37,14,6,0.0092,0.0,291.9,758.3,1054.9,0.0,522.3,748.2,157.8,21.46,14.78,29.86,57.91,14.91,2627.4,74.36,3.0,Low-Volume / Low-Growth Prescribers
1000002921,GA,Family Practice,820.8,702.0,423388.46,15,6,0.0021,0.0,18.4,183.5,198.3,0.0,226.0,162.10000000000002,32.5,22.36,27.53,24.16,76.96,-12.72,626.2,76.29,3.0,Low-Volume / Low-Growth Prescribers
1000002933,TX,Internal Medicine,866.6,752.0,452157.55999999994,18,8,0.0023,104.0,105.5,173.7,174.9,1.2,213.20000000000002,77.2,16.9,20.04,24.6,20.18,-1.5,-27.29,667.3,77.0,3.0,Low-Volume / Low-Growth Prescribers
1000002937,TX,Family Practice,4122.700000000001,3576.0,1815099.75,17,7,0.0107,644.8,281.1,478.5,981.6999999999999,31.5,1086.6,618.5,0.0,11.61,26.36,23.81,-75.59,-43.01,2827.8999999999996,68.59,0.0,Diversified Prescribers
1000002944,FL,Family Practice,24887.7,21493.0,8478681.9,21,8,0.0647,9706.0,923.9,2453.8,3315.2,186.10000000000002,5755.5,2368.8,178.4,9.86,23.13,13.32,-6.98,132.15,12448.399999999998,50.02,1.0,High-Volume Core Prescribers
1000002948,NC,Internal Medicine,3515.6,3037.0,2569644.3,14,4,0.0091,0.0,264.1,1405.7,704.5,0.0,1141.3,0.0,0.0,39.98,32.46,20.04,-71.45,188.05,3515.6,100.0,0.0,Diversified Prescribers
1000002953,OH,Internal Medicine,5551.9,4904.0,1897107.8799999994,18,7,0.0144,1598.9,662.9000000000001,446.9,944.1,0.0,1057.7,599.1,242.3,8.05,19.05,17.0,-86.91,-70.68,3111.6,56.05,0.0,Diversified Prescribers
1000002977,CA,Endocrinology,53616.79999999999,45653.0,28917705.5,22,8,0.1393,10411.3,1758.6,13249.8,8899.4,132.7,14695.0,3560.2,909.8,24.71,27.41,16.6,168.16,152.07,38602.799999999996,72.0,1.0,High-Volume Core Prescribers
1000003011,VA,Internal Medicine,692.0,596.0,378272.27,13,6,0.0018,106.6,99.9,241.3,136.6,0.0,12.2,95.4,0.0,34.87,1.76,19.74,-69.66,22.36,490.0,70.81,3.0,Low-Volume / Low-Growth Prescribers
1000003017,TX,Internal Medicine,13273.6,11626.0,7437089.42,19,7,0.0345,0.0,445.0,3542.4000000000005,6403.199999999999,207.29999999999998,1266.6999999999998,1117.8,291.2,26.69,9.54,48.24,43.36,42.7,11657.3,87.82,0.0,Diversified Prescribers
1000003021,PA,Internal Medicine,3288.0,2863.0,1222739.27,16,7,0.0085,926.3,251.10000000000002,462.6,420.4,23.4,668.2,536.0,0.0,14.07,20.32,12.79,-96.63,-85.89,1802.3000000000002,54.81,3.0,Low-Volume / Low-Growth Prescribers
1000003022,IL,Family Practice,18022.100000000002,15718.0,6463510.999999999,17,8,0.0468,3709.5,57.1,894.8,6583.5,100.69999999999999,4146.8,1972.3999999999999,557.3,4.97,23.01,36.53,39.66,70.41,11682.2,64.82,0.0,Diversified Prescribers
1000003033,PA,Endocrinology,9759.300000000001,8468.0,5554843.35,17,7,0.0254,867.2,735.7,2421.3,1506.2,0.0,3134.1000000000004,1030.5,64.3,24.81,32.11,15.43,-43.82,81.23,7797.3,79.9,0.0,Diversified Prescribers
1000003036,AZ,Internal Medicine,790.7,683.0,358581.81999999995,13,7,0.0021,143.5,33.1,173.8,237.40000000000003,0.0,82.8,102.9,17.2,21.98,10.47,30.02,134.63,303.29,527.1000000000001,66.66,3.0,Low-Volume / Low-Growth Prescribers
1000003038,NY,Endocrinology,9706.5,8488.0,5991173.41,21,7,0.0252,0.0,823.1,3191.6000000000004,2131.5,20.1,2146.5,1138.3,255.4,32.88,22.11,21.96,3.17,102.89,8292.7,85.43,0.0,Diversified Prescribers
1000003041,CA,Cardiology,502.59999999999985,439.0,302077.48000000004,11,6,0.0013,0.0,36.4,104.1,97.5,3.2,208.5,52.9,0.0,20.71,41.48,19.4,-37.18,-27.41,446.5,88.84,3.0,Low-Volume / Low-Growth Prescribers
1000003044,TX,Family Practice,3855.5,3429.0,1921275.4000000001,16,7,0.01,590.1,135.0,554.5,858.6,0.0,1401.7,167.2,148.4,14.38,36.36,22.27,282.62,79.58,2949.7999999999997,76.51,0.0,Diversified Prescribers
1000003048,TN,Internal Medicine,20510.9,17471.0,11905429.91,21,7,0.0533,2244.0,1278.5,5568.9,4143.8,232.9,5595.2,1447.6,0.0,27.15,27.28,20.2,-31.43,109.39,16586.399999999998,80.87,0.0,Diversified Prescribers
1000003056,TX,Family Practice,15331.099999999999,13479.0,6467803.42,17,8,0.0398,2129.4,841.3,946.8000000000001,5017.200000000001,141.9,4139.0,1908.8000000000002,206.7,6.18,27.0,32.73,192.06,210.28,10944.300000000001,71.39,0.0,Diversified Prescribers
1000003058,IL,Endocrinology,1872.0000000000005,1603.0,1056371.9999999998,19,8,0.0049,119.9,52.7,374.29999999999995,259.3,4.6,841.3,208.3,11.6,19.99,44.94,13.85,-31.32,-4.65,1527.6,81.6,0.0,Diversified Prescribers
1000003061,NC,Endocrinology,34299.99999999999,29895.0,23900163.350000005,19,7,0.0891,0.0,2403.2999999999997,15764.2,4115.8,134.10000000000002,7266.1,4321.7,294.8,45.96,21.18,12.0,-31.98,-0.27,29549.4,86.15,1.0,High-Volume Core Prescribers
1000003065,MA,Internal Medicine,3595.5999999999995,3087.0,1818427.0800000003,16,8,0.0093,696.1,297.2,936.3000000000001,329.0,6.5,885.0999999999999,305.7,139.7,26.04,24.62,9.15,-76.62,-48.95,2447.6,68.07,0.0,Diversified Prescribers
1000003066,IN,Endocrinology,1962.8000000000002,1718.0,1104171.99,18,7,0.0051,360.9,149.39999999999998,567.8,337.7,2.3,437.3,107.4,0.0,28.93,22.28,17.21,8.9,123.23,1492.2,76.02,0.0,Diversified Prescribers
1000003074,CA,Family Practice,5001.1,4390.0,1761913.0999999999,19,7,0.013,691.7,445.4,204.0,2303.1,20.7,500.70000000000005,835.5,0.0,4.08,10.01,46.05,194.01,25.49,3453.2,69.05,0.0,Diversified Prescribers
1000003083,CA,Family Practice,652.8,573.0,357519.17999999993,13,5,0.0017,0.0,81.4,77.1,264.2,0.0,195.5,34.6,0.0,11.81,29.95,40.47,133.18,58.63,618.2,94.7,3.0,Low-Volume / Low-Growth Prescribers
1000003084,IL,Family Practice,965.7,846.0,372178.01,15,6,0.0025,243.79999999999998,23.7,139.5,177.6,0.0,212.2,168.9,0.0,14.45,21.97,18.39,53.85,-20.94,553.0,57.26,3.0,Low-Volume / Low-Growth Prescribers
1000003085,NC,Family Practice,511.1000000000001,445.0,252004.52,13,7,0.0013,76.5,40.7,116.19999999999999,193.2,3.3000000000000003,39.9,41.3,0.0,22.74,7.81,37.8,13836.36,23.73,390.0,76.31,2.0,Moderate-Volume Prescribers (Segment 2)
1000003086,NY,Internal Medicine,5283.799999999998,4592.0,1973069.2400000002,18,8,0.0137,1597.4,457.90000000000003,678.9,701.0,24.6,1137.9,543.1,143.0,12.85,21.54,13.27,-72.67,-36.9,2975.7000000000003,56.32,0.0,Diversified Prescribers
1000003087,MI,Endocrinology,10380.2,8930.0,5564589.97,20,8,0.027,1138.5,640.0999999999999,2637.3,2271.2,32.2,2469.2,945.3000000000001,246.40000000000003,25.41,23.79,21.88,-43.38,121.19,8017.8,77.24,0.0,Diversified Prescribers
1000003089,CA,Internal Medicine,2281.0,2018.0,1432323.25,14,7,0.0059,0.0,257.0,753.1,314.6,43.9,649.3,212.5,50.6,33.02,28.47,13.79,99.76,-7.34,1974.0,86.54,3.0,Low-Volume / Low-Growth Prescribers
1000003092,GA,Internal Medicine,1313.1,1134.0,753797.3099999999,17,8,0.0034,229.89999999999998,65.19999999999999,494.8,302.9,4.5,82.4,115.69999999999999,17.7,37.68,6.28,23.07,130.38,169.12,945.3000000000001,71.99,3.0,Low-Volume / Low-Growth Prescribers
1000003101,TX,Family Practice,850.7,732.0,289799.09,15,7,0.0022,192.7,40.8,106.2,166.0,0.0,129.4,183.1,32.5,12.48,15.21,19.51,-88.62,-91.9,442.40000000000003,52.0,3.0,Low-Volume / Low-Growth Prescribers
1000003111,TX,Internal Medicine,4332.5,3916.0,1623456.4900000002,15,8,0.0113,1467.1,133.4,874.0,890.7,14.6,457.3,398.0,97.4,20.17,10.56,20.56,-57.06,-53.75,2355.4,54.37,3.0,Low-Volume / Low-Growth Prescribers
1000003124,IL,Family Practice,528.5,455.0,256493.39,13,5,0.0014,0.0,79.7,87.19999999999999,106.3,0.0,132.8,122.5,0.0,16.5,25.13,20.11,19.41,7.55,406.0,76.82,3.0,Low-Volume / Low-Growth Prescribers
1000003125,NC,Family Practice,17055.7,14660.0,8857083.760000002,15,7,0.0443,1716.6,1764.4,4090.7,6512.4,152.9,1375.1,1443.6,0.0,23.98,8.06,38.18,92.23,-31.39,13742.599999999999,80.57,0.0,Diversified Prescribers
1000003134,NC,Internal Medicine,849.4,740.0,388660.76,13,6,0.0022,220.7,118.2,166.1,255.0,0.0,44.9,44.5,0.0,19.55,5.29,30.02,-55.9,16.47,584.2,68.78,3.0,Low-Volume / Low-Growth Prescribers
1000003143,FL,Internal Medicine,819.6999999999999,699.0,312016.02,16,8,0.0021,94.7,96.69999999999999,46.2,264.09999999999997,1.2,140.0,158.6,18.2,5.64,17.08,32.22,-44.52,-35.92,547.0,66.73,3.0,Low-Volume / Low-Growth Prescribers
1000003158,PA,Family Practice,978.9999999999999,880.0,373964.4,16,8,0.0025,99.8,28.0,124.8,381.4,2.4,84.1,243.10000000000002,15.4,12.75,8.59,38.96,6.33,1057.28,618.3,63.16,3.0,Low-Volume / Low-Growth Prescribers
1000003162,MI,Internal Medicine,4581.1,3975.0,2669151.09,18,8,0.0119,614.8,127.7,1530.6,1210.5,15.5,603.3,427.5,51.2,33.41,13.17,26.42,53.31,252.9,3472.0999999999995,75.79,0.0,Diversified Prescribers
1000003163,PA,Internal Medicine,621.1000000000001,534.0,269733.05000000005,12,7,0.0016,90.4,56.0,69.0,70.7,0.0,227.39999999999998,88.2,19.4,11.11,36.61,11.38,-74.71,-67.17,423.09999999999997,68.12,3.0,Low-Volume / Low-Growth Prescribers
1000003164,FL,Endocrinology,2886.6,2466.0,1717862.96,21,8,0.0075,441.7,97.60000000000001,969.0999999999999,527.1,3.3,696.6999999999999,124.4,26.700000000000003,33.57,24.14,18.26,84.71,20.67,2290.4999999999995,79.35,0.0,Diversified Prescribers
1000003166,NC,Physician Assistant,18150.4,15889.0,7294454.119999999,19,8,0.0472,4906.799999999999,1224.0,2896.2999999999997,5224.7,58.1,1949.7,1636.2,254.6,15.96,10.74,28.79,56.46,-27.51,11294.7,62.23,0.0,Diversified Prescribers
1000003167,GA,Endocrinology,42579.2,37196.0,26717775.14,21,8,0.1106,3429.4,1702.4,13514.099999999999,5614.299999999999,127.1,14978.099999999999,2955.0999999999995,258.7,31.74,35.18,13.19,27.15,156.64,35808.899999999994,84.1,1.0,High-Volume Core Prescribers
1000003175,OH,Internal Medicine,4460.6,3833.0,2269772.7,18,7,0.0116,451.5,196.7,960.1,1268.9,23.4,1006.8,553.2,0.0,21.52,22.57,28.45,235.85,7.28,3432.5,76.95,0.0,Diversified Prescribers
1000003189,TN,Family Practice,3933.7,3469.0,1991561.0499999998,17,7,0.0102,0.0,276.9,1021.8,721.1000000000001,19.6,707.6999999999999,1144.6,42.0,25.98,17.99,18.33,-55.33,-40.05,2727.5,69.34,0.0,Diversified Prescribers
1000003200,VA,Internal Medicine,953.0,828.0,345095.22,14,7,0.0025,273.6,114.4,69.6,188.2,0.0,203.2,90.9,13.1,7.3,21.32,19.75,-51.12,-80.2,575.3999999999999,60.38,3.0,Low-Volume / Low-Growth Prescribers
1000003203,FL,Nurse Practitioner,17378.700000000004,15163.0,12414742.219999999,18,7,0.0451,0.0,2517.9,6031.0,1995.6999999999998,133.4,5931.299999999999,595.4,174.0,34.7,34.13,11.48,-41.27,-8.14,16475.899999999998,94.81,0.0,Diversified Prescribers
1000003222,CA,Endocrinology,2356.0,2002.0,1299686.7599999998,18,7,0.0061,443.70000000000005,187.5,701.5,345.3,0.0,486.20000000000005,160.3,31.5,29.78,20.64,14.66,93.64,158.56,1720.5,73.03,0.0,Diversified Prescribers
1000003225,CA,Nurse Practitioner,5052.2,4337.0,1961887.83,15,8,0.0131,1481.7,158.4,520.5,1419.1,30.099999999999998,936.6000000000001,347.3,158.5,10.3,18.54,28.09,-8.41,251.87,3034.6000000000004,60.06,3.0,Low-Volume / Low-Growth Prescribers
1000003227,NY,Internal Medicine,994.5000000000001,874.0,493483.01,14,7,0.0026,172.89999999999998,77.8,149.90000000000003,286.09999999999997,0.0,241.6,49.0,17.2,15.07,24.29,28.77,208.85,103.16,755.4,75.96,3.0,Low-Volume / Low-Growth Prescribers
1000003228,IN,Endocrinology,11147.6,9649.0,7975982.43,20,8,0.029,493.3,630.4,5660.9,1184.9,48.7,2061.1,950.9000000000001,117.4,50.78,18.49,10.63,12.51,134.36,9537.3,85.55,0.0,Diversified Prescribers
1000003229,IL,Internal Medicine,812.5000000000001,704.0,383388.79000000004,14,5,0.0021,0.0,77.6,103.1,261.1,0.0,209.2,161.5,0.0,12.69,25.75,32.14,-59.18,-68.93,651.0,80.12,3.0,Low-Volume / Low-Growth Prescribers
1000003238,NC,Family Practice,1083.1000000000001,963.0,416430.99,15,6,0.0028,340.7,21.0,174.0,251.5,0.0,181.39999999999998,114.5,0.0,16.06,16.75,23.22,28.31,-27.2,627.9,57.97,3.0,Low-Volume / Low-Growth Prescribers
1000003241,TX,Internal Medicine,609.6999999999999,528.0,212097.96999999997,12,7,0.0016,205.3,45.7,85.9,142.4,0.0,45.400000000000006,62.5,22.5,14.09,7.45,23.36,74.22,-48.3,319.4,52.39,3.0,Low-Volume / Low-Growth Prescribers
1000003243,FL,Family Practice,9266.3,8106.0,5253660.4,17,6,0.0241,0.0,861.4,1667.9999999999998,3929.3,122.6,1967.3,717.7,0.0,18.0,21.23,42.4,275.13,359.97,8426.0,90.93,0.0,Diversified Prescribers
1000003246,TX,Internal Medicine,1141.4,973.0,479007.4400000001,16,7,0.003,108.5,90.4,169.6,325.20000000000005,0.0,177.8,251.39999999999998,18.5,14.86,15.58,28.49,-19.77,-13.9,763.0,66.85,3.0,Low-Volume / Low-Growth Prescribers
1000003247,MI,Internal Medicine,942.0999999999999,819.0,470757.1,14,6,0.0024,131.8,0.0,194.7,137.10000000000002,0.0,310.8,139.5,28.2,20.67,32.99,14.55,-16.25,116.59,642.6,68.21,3.0,Low-Volume / Low-Growth Prescribers
1000003252,CA,Family Practice,22898.6,19994.0,8969466.09,18,8,0.0595,6386.4,1242.0,2515.2,4355.2,118.0,5459.2,1737.8,1084.8,10.98,23.84,19.02,-22.58,-3.46,13571.599999999999,59.27,0.0,Diversified Prescribers
1000003270,PA,Internal Medicine,12852.0,11135.0,6078787.74,17,8,0.0334,1775.0,3009.8,2011.8000000000002,2281.2,105.9,2189.3,1212.7,266.3,15.65,17.03,17.75,65.54,49.33,9492.1,73.86,0.0,Diversified Prescribers
1000003291,TX,Nurse Practitioner,4691.5,3983.0,1281062.9300000002,14,7,0.0122,2225.0,929.2,357.9,715.5,0.0,133.20000000000002,256.8,73.9,7.63,2.84,15.25,151.34,-11.9,2135.8,45.52,3.0,Low-Volume / Low-Growth Prescribers
1000003294,GA,Physician Assistant,1028.7,885.0,397695.88,17,8,0.0027,253.5,78.4,87.5,388.4,2.4,141.5,60.400000000000006,16.6,8.51,13.76,37.76,745.94,102.98,695.8,67.64,3.0,Low-Volume / Low-Growth Prescribers
1000003319,IL,Family Practice,38995.8,34428.0,20952346.68,17,7,0.1013,2718.8,2727.2000000000003,6500.799999999999,10466.300000000001,0.0,12929.9,2565.7,1087.1,16.67,33.16,26.84,50.88,56.15,32624.199999999997,83.66,1.0,High-Volume Core Prescribers
1000003325,TN,Family Practice,15541.8,13447.0,6501528.070000002,21,8,0.0404,2307.1,1366.1,1872.8000000000002,3853.3,92.1,3402.4,2434.0,214.0,12.05,21.89,24.79,99.0,51.84,10494.600000000002,67.52,0.0,Diversified Prescribers
1000003327,FL,Internal Medicine,525.5,454.0,235330.13999999998,11,6,0.0014,105.7,121.39999999999999,109.9,109.0,0.0,23.6,55.900000000000006,0.0,20.91,4.49,20.74,-73.76,-41.95,363.9,69.25,3.0,Low-Volume / Low-Growth Prescribers
1000003355,NY,Endocrinology,1612.9,1399.0,911709.6000000001,17,7,0.0042,98.5,102.69999999999999,514.3000000000001,305.29999999999995,0.0,319.7,249.1,23.299999999999997,31.89,19.82,18.93,59.41,15.53,1242.0,77.0,0.0,Diversified Prescribers
1000003390,TX,Internal Medicine,3952.5999999999995,3480.0,1899120.79,15,7,0.0103,0.0,628.2,581.7,1096.5,13.2,765.6,778.9,88.5,14.72,19.37,27.74,-17.0,54.57,3072.0,77.72,0.0,Diversified Prescribers
1000003396,GA,Family Practice,4260.799999999999,3669.0,1488208.21,15,7,0.0111,1110.0,315.0,548.3000000000001,483.2,0.0,807.4000000000001,819.4,177.5,12.87,18.95,11.34,1093.85,-10.47,2153.9,50.55,3.0,Low-Volume / Low-Growth Prescribers
1000003399,MA,Family Practice,752.4000000000001,665.0,337362.52,17,7,0.002,0.0,136.3,90.2,249.5,3.4,100.2,159.7,13.1,11.99,13.32,33.16,37.9,-37.93,576.2,76.58,3.0,Low-Volume / Low-Growth Prescribers
1000003419,NY,Endocrinology,2345.5,2063.0,1438943.3699999999,18,7,0.0061,148.7,67.3,801.2,425.5,0.0,626.3,242.7,33.8,34.16,26.7,18.14,5.17,-20.17,1920.3,81.87,0.0,Diversified Prescribers
1000003427,MA,Family Practice,4130.5,3529.0,1536566.84,16,8,0.0107,615.4,418.0,171.8,1344.4,34.2,744.3,682.2,120.2,4.16,18.02,32.55,246.56,166.62,2678.5,64.85,0.0,Diversified Prescribers
1000003429,TX,Family Practice,6051.699999999999,5282.0,2020023.1300000001,20,8,0.0157,1612.1999999999998,340.59999999999997,469.6,1673.8999999999999,25.3,958.6999999999999,855.1,116.3,7.76,15.84,27.66,-42.09,-50.4,3442.7999999999997,56.89,0.0,Diversified Prescribers
1000003430,TN,Family Practice,28265.500000000004,24831.0,15597346.54,15,8,0.0734,2748.3,1111.1,7722.7,4703.8,236.39999999999998,8188.3,1731.6,1823.3000000000002,27.32,28.97,16.64,979.35,-6.1,21725.899999999998,76.86,1.0,High-Volume Core Prescribers
1000003433,FL,Internal Medicine,3917.9999999999995,3408.0,1623892.1200000003,16,7,0.0102,592.8,475.4,572.0999999999999,1069.9,0.0,441.09999999999997,695.8000000000001,70.9,14.6,11.26,27.31,-66.18,-0.52,2558.5,65.3,0.0,Diversified Prescribers
1000003437,OH,Family Practice,1077.7,908.0,645384.26,12,6,0.0028,223.0,73.19999999999999,332.9,189.8,0.0,224.20000000000002,34.6,0.0,30.89,20.8,17.61,77.16,46.6,820.0999999999999,76.1,3.0,Low-Volume / Low-Growth Prescribers
1000003440,NY,Internal Medicine,12051.5,10560.0,4993086.9799999995,14,8,0.0313,3025.7,1771.6,2728.2,1606.7,154.60000000000002,585.2,1387.2,792.3,22.64,4.86,13.33,115.41,11.22,6691.7,55.53,0.0,Diversified Prescribers
1000003446,OH,Family Practice,3730.9000000000005,3222.0,2010691.5699999998,18,8,0.0097,641.6,459.70000000000005,1266.4,441.8,35.5,379.0,418.4,88.5,33.94,10.16,11.84,-12.47,320.34,2546.9000000000005,68.27,0.0,Diversified Prescribers
1000003461,FL,Endocrinology,38288.19999999999,33737.0,24805152.540000003,19,7,0.0995,0.0,756.2999999999998,13083.599999999999,6955.200000000001,332.4,12719.5,3232.1,1209.1000000000001,34.17,33.22,18.17,147.77,145.99,33514.6,87.53,1.0,High-Volume Core Prescribers
1000003465,CA,Family Practice,1009.5000000000001,883.0,418584.45,15,8,0.0026,83.6,139.1,90.6,109.20000000000002,1.2,305.6,261.8,18.4,8.97,30.27,10.82,10.99,10.88,644.5000000000001,63.84,3.0,Low-Volume / Low-Growth Prescribers
1000003475,TX,Family Practice,606.1999999999999,533.0,273971.1,15,6,0.0016,0.0,61.8,65.5,224.50000000000003,0.0,110.70000000000002,129.60000000000002,14.1,10.81,18.26,37.03,-78.94,,462.5,76.29,3.0,Low-Volume / Low-Growth Prescribers
1000003503,IN,Endocrinology,14626.599999999999,12560.0,8899870.439999998,21,8,0.038,2092.2,665.2,5513.199999999999,1967.2999999999997,4.5,2958.2,1295.2999999999997,130.7,37.69,20.22,13.45,22.07,281.97,11103.899999999998,75.92,0.0,Diversified Prescribers
1000003514,NC,Nurse Practitioner,19208.699999999997,16613.0,7521456.020000001,17,7,0.0499,5794.400000000001,1932.4,2547.6,3137.2,122.0,3533.0,2142.1,0.0,13.26,18.39,16.33,43.13,287.49,11150.2,58.05,0.0,Diversified Prescribers
1000003524,TX,Endocrinology,2424.4000000000005,2087.0,1473744.58,19,8,0.0063,122.4,77.2,735.0000000000001,369.0,2.4,790.3,310.0,18.1,30.32,32.6,15.22,64.72,155.05,1971.5000000000002,81.32,0.0,Diversified Prescribers
1000003530,FL,Internal Medicine,749.9,644.0,399064.97,14,7,0.0019,73.4,92.4,135.60000000000002,203.20000000000002,0.0,159.5,45.6,40.2,18.08,21.27,27.1,28.67,272.5,590.7,78.77,3.0,Low-Volume / Low-Growth Prescribers
1000003537,TN,Internal Medicine,4998.8,4282.0,2190986.8000000003,13,6,0.013,1278.3,1145.3,641.3000000000001,603.5999999999999,0.0,976.2,354.1,0.0,12.83,19.53,12.07,-9.43,-47.77,3366.4,67.34,3.0,Low-Volume / Low-Growth Prescribers
1000003540,VA,Internal Medicine,718.9000000000001,636.0,292757.60000000003,13,7,0.0019,110.4,55.400000000000006,43.9,237.0,0.0,176.0,75.30000000000001,20.9,6.11,24.48,32.97,456.43,15.05,512.3,71.26,3.0,Low-Volume / Low-Growth Prescribers
1000003542,CA,Endocrinology,41685.399999999994,35891.0,24332601.740000002,21,8,0.1083,6918.799999999999,2363.6,13846.3,5505.200000000001,254.1,9955.1,2331.0,511.29999999999995,33.22,23.88,13.21,66.81,154.91,31670.2,75.97,1.0,High-Volume Core Prescribers
1000003548,MA,Internal Medicine,3685.9,3121.0,2124072.8499999996,13,7,0.0096,0.0,851.8000000000001,1082.3000000000002,634.0,18.3,402.70000000000005,488.0,208.8,29.36,10.93,17.2,-64.03,-57.78,2970.8,80.6,3.0,Low-Volume / Low-Growth Prescribers
1000003553,GA,Internal Medicine,3794.5,3286.0,1507045.53,17,8,0.0099,1225.9,253.9,718.5,835.4999999999999,31.8,298.9,191.8,238.2,18.94,7.88,22.02,-42.11,-83.87,2106.7999999999997,55.52,0.0,Diversified Prescribers
1000003555,NY,Family Practice,3388.9000000000005,2906.0,1798715.32,13,6,0.0088,0.0,141.9,786.7,502.20000000000005,0.0,1128.6000000000001,673.3,156.2,23.21,33.3,14.82,-73.53,-46.21,2559.4000000000005,75.52,3.0,Low-Volume / Low-Growth Prescribers
1000003578,NY,Family Practice,1048.6,917.0,673916.85,13,7,0.0027,87.0,109.7,329.4,114.7,0.0,346.59999999999997,31.8,29.4,31.41,33.05,10.94,155.51,115.23,900.4000000000001,85.87,3.0,Low-Volume / Low-Growth Prescribers
1000003579,PA,Internal Medicine,876.2,750.0,475338.19,14,6,0.0023,93.0,45.400000000000006,194.60000000000002,366.5,0.0,144.0,32.7,0.0,22.21,16.43,41.83,37.0,21.04,750.5,85.65,3.0,Low-Volume / Low-Growth Prescribers
1000003582,TX,Internal Medicine,16234.1,13944.0,8013454.6899999995,19,8,0.0422,1404.4,1339.8,2466.6000000000004,2673.9,54.2,5929.0,2098.4,267.8,15.19,36.52,16.47,-69.05,-63.16,12409.3,76.44,0.0,Diversified Prescribers
1000003583,CA,Nurse Practitioner,18369.000000000004,15645.0,10099062.35,16,7,0.0477,3036.4,390.8,4701.4,5679.299999999999,0.0,3522.9999999999995,832.4,205.7,25.59,19.18,30.92,816.36,364.13,14294.499999999998,77.82,0.0,Diversified Prescribers
1000003597,TX,Internal Medicine,3900.3999999999996,3365.0,1543687.64,16,8,0.0101,566.7,525.9,254.7,1217.8999999999999,21.9,696.7,418.3,198.29999999999998,6.53,17.86,31.23,77.44,25.25,2695.2,69.1,0.0,Diversified Prescribers
1000003598,PA,Internal Medicine,3258.7000000000007,2828.0,1553407.5799999998,15,7,0.0085,0.0,605.6,496.90000000000003,1150.3000000000002,29.6,304.1,516.1,156.1,15.25,9.33,35.3,-84.54,-85.38,2556.9,78.46,3.0,Low-Volume / Low-Growth Prescribers
1000003606,TX,Family Practice,2776.8,2369.0,1681038.9100000001,16,8,0.0072,375.6,152.79999999999998,1143.0,454.9,21.1,302.1,226.1,101.2,41.16,10.88,16.38,1011.27,520.86,2052.7999999999997,73.93,0.0,Diversified Prescribers
1000003610,PA,Family Practice,649.1,566.0,366766.62,12,6,0.0017,0.0,31.8,92.4,185.5,0.0,271.1,42.4,25.9,14.24,41.77,28.58,-3.29,58.12,580.8,89.48,3.0,Low-Volume / Low-Growth Prescribers
1000003615,FL,Endocrinology,11325.099999999999,9801.0,6810742.600000001,20,8,0.0294,1206.9,450.7,3712.4,1585.0,13.7,3231.9,1041.3,83.2,32.78,28.54,14.0,782.09,86.5,8980.0,79.29,0.0,Diversified Prescribers
1000003617,TX,Nurse Practitioner,784.1000000000001,689.0,316102.87,14,7,0.002,111.2,20.1,126.70000000000002,329.30000000000007,2.2,34.2,160.4,0.0,16.16,4.36,42.0,-57.69,37.75,510.30000000000007,65.08,3.0,Low-Volume / Low-Growth Prescribers
1000003620,FL,Family Practice,4814.499999999999,4257.0,2377384.97,17,8,0.0125,601.8,315.40000000000003,789.8000000000001,824.5000000000001,25.5,1558.9,456.0,242.6,16.4,32.38,17.13,-41.99,105.7,3488.6000000000004,72.46,0.0,Diversified Prescribers
1000003651,TN,Internal Medicine,515.4,451.0,250972.16999999995,14,5,0.0013,0.0,0.0,95.8,251.39999999999998,0.0,68.2,87.2,12.8,18.59,13.23,48.78,-61.49,-2.42,415.4,80.6,3.0,Low-Volume / Low-Growth Prescribers
1000003658,NY,Family Practice,3359.2,2904.0,1809410.3099999998,18,7,0.0087,0.0,159.3,841.4,697.1,17.9,908.0,513.9,221.60000000000002,25.05,27.03,20.75,310.2,-11.48,2605.8,77.57,0.0,Diversified Prescribers
1000003659,AZ,Nurse Practitioner,12738.1,11186.0,6088356.560000001,17,7,0.0331,1380.3,1221.6,3018.2,2570.1000000000004,66.3,1720.0,2761.6,0.0,23.69,13.5,20.18,-25.9,679.72,8529.9,66.96,0.0,Diversified Prescribers
1000003676,TX,Endocrinology,2202.2,1936.0,1222199.6900000002,20,8,0.0057,113.8,219.2,611.7,447.2,1.2,488.50000000000006,301.09999999999997,19.5,27.78,22.18,20.31,206.23,-11.56,1766.6000000000001,80.22,0.0,Diversified Prescribers
1000003677,MI,Internal Medicine,13176.0,11562.0,5714227.1899999995,17,7,0.0342,4443.2,1358.4,2150.0,2540.8,111.4,1946.1,626.1,0.0,16.32,14.77,19.28,60.2,645.17,7995.3,60.68,0.0,Diversified Prescribers
1000003702,IN,Internal Medicine,16273.800000000001,13833.0,7421895.23,18,8,0.0423,3366.3,846.0,4274.0,2216.0,88.5,2167.1000000000004,3052.3,263.6,26.26,13.32,13.62,358.08,17.74,9503.1,58.4,0.0,Diversified Prescribers
1000003706,CA,Family Practice,1180.5,1040.0,529172.97,15,8,0.0031,215.7,60.699999999999996,118.2,351.6,2.4,307.3,75.80000000000001,48.8,10.01,26.03,29.78,-15.62,44.43,837.8,70.97,3.0,Low-Volume / Low-Growth Prescribers
1000003733,OH,Internal Medicine,1054.1,901.0,507775.72000000003,16,6,0.0027,206.60000000000002,28.0,108.1,260.0,0.0,405.2,46.2,0.0,10.26,38.44,24.67,294.45,362.33,801.3,76.02,3.0,Low-Volume / Low-Growth Prescribers
1000003747,OH,Internal Medicine,16441.1,14278.0,7800989.35,14,7,0.0427,3356.9,369.7,2336.9,4506.1,251.59999999999997,4751.099999999999,868.8,0.0,14.21,28.9,27.41,-22.29,8.42,11963.8,72.77,0.0,Diversified Prescribers
1000003755,TN,Internal Medicine,15992.600000000004,13750.0,10133185.27,19,7,0.0415,0.0,1335.2,5530.9,5367.4,186.2,1620.0,1756.2,196.7,34.58,10.13,33.56,278.99,141.82,13853.5,86.62,0.0,Diversified Prescribers
1000003774,IL,Family Practice,4733.999999999999,4098.0,2731083.41,19,8,0.0123,456.9,538.0,1273.7999999999997,1204.2,14.9,876.3,195.2,174.7,26.91,18.51,25.44,36.03,69.69,3892.2999999999993,82.22,0.0,Diversified Prescribers
1000003786,PA,Family Practice,825.2,721.0,381282.65,14,7,0.0021,219.7,18.7,207.5,196.0,0.0,84.0,83.2,16.1,25.15,10.18,23.75,-60.62,-38.37,506.2,61.34,3.0,Low-Volume / Low-Growth Prescribers
1000003792,CA,Family Practice,11985.699999999997,10499.0,7419815.109999999,14,8,0.0311,1674.0,536.9,5334.400000000001,758.8,71.7,1732.4,1474.6,402.9,44.51,14.45,6.33,589.98,228.29,8362.5,69.77,0.0,Diversified Prescribers
1000003793,TX,Family Practice,32226.100000000006,27262.0,16069970.830000002,19,7,0.0837,0.0,6114.5,4369.3,9196.699999999999,164.8,6758.6,5136.9,485.3,13.56,20.97,28.54,-23.98,62.74,26439.1,82.04,1.0,High-Volume Core Prescribers
1000003798,CA,Endocrinology,7274.800000000001,6367.0,3730891.4999999995,22,8,0.0189,644.9,642.4,1339.3999999999999,1909.4,23.5,2070.7,377.2,267.3,18.41,28.46,26.25,-40.87,26.29,5961.9,81.95,0.0,Diversified Prescribers
1000003804,CA,Internal Medicine,24515.600000000002,21495.0,12014959.8,20,8,0.0637,6497.9,1046.5,6739.900000000001,4458.3,136.3,3189.3,2201.7,245.7,27.49,13.01,18.19,161.48,16.08,15434.0,62.96,1.0,High-Volume Core Prescribers
1000003806,TX,Internal Medicine,972.0999999999997,840.0,349027.94999999995,18,8,0.0025,109.0,90.0,136.20000000000002,300.09999999999997,4.6,34.2,281.5,16.5,14.01,3.52,30.87,-34.52,-67.62,560.5,57.66,3.0,Low-Volume / Low-Growth Prescribers
1000003810,PA,Family Practice,807.9000000000001,705.0,303694.98000000004,14,6,0.0021,261.5,12.8,102.7,193.9,0.0,150.7,86.30000000000001,0.0,12.71,18.65,24.0,48.51,1.74,460.1,56.95,3.0,Low-Volume / Low-Growth Prescribers
1000003812,CA,Internal Medicine,1039.8999999999999,904.0,556727.07,17,6,0.0027,0.0,125.5,211.3,303.09999999999997,0.0,216.7,146.6,36.7,20.32,20.84,29.15,52.75,-13.82,856.5999999999999,82.37,3.0,Low-Volume / Low-Growth Prescribers
1000003834,AZ,Internal Medicine,702.8,610.0,371746.25,15,6,0.0018,103.7,80.5,169.5,141.3,0.0,144.8,63.0,0.0,24.12,20.6,20.11,1455.06,248.61,536.1,76.28,3.0,Low-Volume / Low-Growth Prescribers
1000003838,PA,Physician Assistant,1026.0999999999997,912.0,408085.45999999996,16,7,0.0027,219.3,46.599999999999994,137.7,354.79999999999995,0.0,106.30000000000001,143.5,17.9,13.42,10.36,34.58,-47.42,208.69,645.4,62.9,3.0,Low-Volume / Low-Growth Prescribers
1000003841,IL,Endocrinology,12176.400000000005,10533.0,7406189.05,21,8,0.0316,1082.1,1321.3,4536.2,1786.8000000000002,20.1,2145.0,1068.5,216.40000000000003,37.25,17.62,14.67,-64.13,-43.84,9789.3,80.4,0.0,Diversified Prescribers
1000003850,TN,Internal Medicine,895.7,772.0,524883.95,14,7,0.0023,123.2,105.6,316.5,220.09999999999997,3.5,45.9,80.9,0.0,35.34,5.12,24.57,173.39,85.48,688.0999999999999,76.82,3.0,Low-Volume / Low-Growth Prescribers
1000003867,AZ,Family Practice,961.3,829.0,555042.0200000001,14,6,0.0025,0.0,95.4,190.10000000000002,213.4,2.4,333.8,126.19999999999999,0.0,19.78,34.72,22.2,6.53,61.72,832.7,86.62,3.0,Low-Volume / Low-Growth Prescribers
1000003869,CA,Endocrinology,10957.599999999999,9715.0,5515418.180000001,20,8,0.0285,2196.9,804.3,3169.5,1435.6999999999998,74.2,1734.5,1351.3000000000002,191.2,28.93,15.83,13.1,182.31,119.84,7144.0,65.2,0.0,Diversified Prescribers
1000003872,NY,Endocrinology,2317.3,2047.0,1570062.77,19,8,0.006,200.2,133.5,903.4000000000001,384.1,1.1,566.1999999999999,73.0,55.8,38.99,24.43,16.58,42.91,89.07,1987.1999999999998,85.75,0.0,Diversified Prescribers
1000003878,OH,Internal Medicine,3615.6,3171.0,1444080.82,14,8,0.0094,886.6,164.6,484.8,1631.1999999999998,27.1,137.0,232.4,51.9,13.41,3.79,45.12,147.78,-50.13,2417.6,66.87,3.0,Low-Volume / Low-Growth Prescribers
1000003886,VA,Nurse Practitioner,871.6000000000001,758.0,327425.85000000003,14,7,0.0023,117.2,88.9,18.1,441.8,0.0,87.0,106.0,12.6,2.08,9.98,50.69,-16.11,16.84,635.8,72.95,3.0,Low-Volume / Low-Growth Prescribers
1000003904,PA,Nurse Practitioner,17268.0,15120.0,10137375.71,20,7,0.0449,1347.2,1515.2,3978.4,3163.7999999999997,151.5,5761.799999999999,1350.1,0.0,23.04,33.37,18.32,27.43,54.04,14419.199999999999,83.5,0.0,Diversified Prescribers
1000003911,VA,Internal Medicine,32090.699999999997,28344.0,7438203.580000001,14,8,0.0834,13305.199999999999,510.0,2743.9,7651.400000000001,475.2,880.8000000000001,3895.5,2628.7,8.55,2.74,23.84,1060.21,-41.81,11786.100000000002,36.73,1.0,High-Volume Core Prescribers
1000003915,CA,Internal Medicine,3028.5999999999995,2660.0,1310742.32,14,6,0.0079,0.0,274.4,267.90000000000003,1297.6,0.0,528.3000000000001,417.6,242.8,8.85,17.44,42.84,-38.94,-63.06,2368.2,78.19,3.0,Low-Volume / Low-Growth Prescribers
1000003919,TX,Family Practice,4751.0,4096.0,2057967.94,16,8,0.0123,1340.1,648.9000000000001,864.1999999999999,340.7,36.7,960.3,445.1,115.0,18.19,20.21,7.17,300.32,136.95,2814.1,59.23,0.0,Diversified Prescribers
1000003921,TX,Internal Medicine,748.9000000000001,655.0,387411.68000000005,18,8,0.0019,82.5,90.5,142.70000000000002,183.0,3.3,181.9,31.4,33.6,19.05,24.29,24.44,75.69,-22.33,598.1,79.86,3.0,Low-Volume / Low-Growth Prescribers
1000003922,TX,Family Practice,4958.200000000001,4333.0,2612360.95,19,7,0.0129,426.3,504.7,751.1000000000001,1785.3000000000002,0.0,1247.6000000000001,150.9,92.3,15.15,25.16,36.01,95.2,123.91,4288.700000000001,86.5,0.0,Diversified Prescribers
1000003928,FL,Family Practice,4878.700000000001,4323.0,2435776.9299999997,15,5,0.0127,1106.9,638.2,831.8,1190.1000000000001,0.0,1111.7,0.0,0.0,17.05,22.79,24.39,729.24,350.16,3771.8,77.31,0.0,Diversified Prescribers
1000003936,PA,Internal Medicine,4168.000000000001,3587.0,1392103.32,13,7,0.0108,1215.9,437.90000000000003,584.0,231.5,0.0,758.4999999999999,784.3,155.9,14.01,18.2,5.55,-66.49,-54.29,2011.9,48.27,3.0,Low-Volume / Low-Growth Prescribers
1000003938,NC,Endocrinology,2416.7,2085.0,1556013.4,18,7,0.0063,255.20000000000002,138.6,930.0,333.1,0.0,538.0,175.3,46.5,38.48,22.26,13.78,-45.35,10.08,1939.6999999999998,80.26,0.0,Diversified Prescribers
1000003943,NY,Internal Medicine,19702.5,17116.0,9827039.43,19,8,0.0512,3217.1,1504.3000000000002,3981.3999999999996,4312.299999999999,36.8,4682.5,1741.8000000000002,226.3,20.21,23.77,21.89,-46.7,-19.96,14480.5,73.5,0.0,Diversified Prescribers
1000003964,VA,Endocrinology,2105.2,1844.0,1277133.29,17,7,0.0055,251.20000000000002,95.0,783.5,428.29999999999995,0.0,342.1,169.8,35.3,37.22,16.25,20.34,-0.49,32.93,1648.8999999999999,78.33,0.0,Diversified Prescribers
1000003970,TX,Cardiology,5092.1,4415.0,2278036.47,15,7,0.0132,1871.0,429.59999999999997,1419.8000000000002,0.0,28.700000000000003,746.5,471.3,125.19999999999999,27.88,14.66,0.0,-43.13,52.17,2595.9,50.98,3.0,Low-Volume / Low-Growth Prescribers
1000003976,CA,Internal Medicine,678.3,583.0,390943.0299999999,12,6,0.0018,0.0,14.0,230.1,48.3,0.0,206.7,146.7,32.5,33.92,30.47,7.12,-23.18,280.4,499.09999999999997,73.58,3.0,Low-Volume / Low-Growth Prescribers
1000003983,IN,Internal Medicine,12052.999999999998,10344.0,6239325.87,17,7,0.0313,2082.0,2251.7000000000003,3087.3999999999996,2738.8999999999996,88.0,938.3,866.7,0.0,25.62,7.78,22.72,-49.02,-45.27,9016.3,74.81,0.0,Diversified Prescribers
1000004016,VA,Nurse Practitioner,18805.699999999997,16474.0,9610013.95,19,8,0.0489,3342.3,1816.0,3907.8,2383.6,69.7,5342.0,1766.7000000000003,177.6,20.78,28.41,12.67,-69.34,586.89,13449.4,71.52,0.0,Diversified Prescribers
1000004023,NY,Family Practice,3371.2999999999993,2930.0,1802369.3699999996,16,8,0.0088,511.9,429.4,953.6,200.3,20.1,845.1000000000001,164.8,246.1,28.29,25.07,5.94,-73.97,-39.41,2428.4000000000005,72.03,0.0,Diversified Prescribers
1000004028,GA,Family Practice,965.4,839.0,428962.7799999999,13,6,0.0025,222.5,97.6,98.7,299.90000000000003,0.0,234.39999999999998,0.0,12.3,10.22,24.28,31.06,-29.66,-16.04,730.5999999999999,75.68,3.0,Low-Volume / Low-Growth Prescribers
1000004029,NC,Internal Medicine,865.9000000000001,737.0,554918.81,17,6,0.0022,0.0,111.30000000000001,266.6,195.39999999999998,2.2,228.1,62.3,0.0,30.79,26.34,22.57,-39.57,-2.66,801.4,92.55,3.0,Low-Volume / Low-Growth Prescribers
1000004031,CA,Internal Medicine,924.0,805.0,381720.42000000004,17,8,0.0024,137.9,109.0,68.39999999999999,256.3,2.2,204.9,125.6,19.7,7.4,22.18,27.74,186.81,111.55,638.6,69.11,3.0,Low-Volume / Low-Growth Prescribers
1000004040,OH,Nurse Practitioner,4199.6,3677.0,1138753.73,16,8,0.0109,1653.0,269.8,167.5,1440.6,7.3,292.4,154.6,214.39999999999998,3.99,6.96,34.3,5.96,-82.81,2170.3,51.68,3.0,Low-Volume / Low-Growth Prescribers
1000004047,NY,Family Practice,5237.1,4681.0,2319613.2600000002,18,8,0.0136,1531.2,249.0,1045.7,1211.6,27.9,760.8,311.4,99.5,19.97,14.53,23.13,68.56,94.36,3267.1,62.38,0.0,Diversified Prescribers
1000004049,CA,Internal Medicine,3745.4000000000005,3247.0,1764790.0999999999,14,7,0.0097,420.8,514.0,398.8,499.1,0.0,1438.0,150.1,324.59999999999997,10.65,38.39,13.33,20.04,26.79,2849.9,76.09,3.0,Low-Volume / Low-Growth Prescribers
1000004079,CA,Internal Medicine,19115.200000000004,16727.0,7762930.9399999995,19,7,0.0497,3999.2,1595.5,2062.9,6122.5,106.3,3145.2,2083.6,0.0,10.79,16.45,32.03,-44.73,-5.95,12926.1,67.62,0.0,Diversified Prescribers
1000004085,PA,Endocrinology,2363.2000000000003,2073.0,1381169.0799999998,19,7,0.0061,313.1,180.1,619.1,427.3,0.0,724.8,72.80000000000001,26.0,26.2,30.67,18.08,-63.16,29.63,1951.3,82.57,0.0,Diversified Prescribers
1000004095,IL,Internal Medicine,17913.6,15602.0,5545427.299999999,15,8,0.0465,3417.9,1195.6,1205.9,7040.4,123.5,569.3,3133.6,1227.4,6.73,3.18,39.3,-33.53,57.37,10011.2,55.89,0.0,Diversified Prescribers
1000004104,PA,Internal Medicine,5683.4,4950.0,2377164.55,18,8,0.0148,1182.9,488.1,616.8,1110.0,12.9,1547.6,632.7,92.4,10.85,27.23,19.53,-51.05,-15.1,3762.4999999999995,66.2,0.0,Diversified Prescribers
1000004108,NC,Nurse Practitioner,34559.8,30229.0,16358231.909999996,17,7,0.0898,7645.4,4432.799999999999,5329.9,11466.5,223.7,4944.2,0.0,517.3,15.42,14.31,33.18,-6.61,-36.3,26173.399999999998,75.73,1.0,High-Volume Core Prescribers
1000004127,MA,Physician Assistant,6301.500000000001,5520.0,2995672.5,17,7,0.0164,998.9000000000001,357.1,1269.1,1372.7,0.0,1343.1000000000001,823.7,136.89999999999998,20.14,21.31,21.78,-22.73,28.43,4342.0,68.9,0.0,Diversified Prescribers
1000004150,TX,Endocrinology,2248.7000000000003,1974.0,1097890.9100000001,18,6,0.0058,438.90000000000003,166.1,377.9,325.9,0.0,742.3,197.6,0.0,16.81,33.01,14.49,155.9,27.47,1612.1999999999998,71.69,0.0,Diversified Prescribers
1000004155,PA,Endocrinology,1949.6999999999994,1676.0,1001906.5200000003,18,8,0.0051,342.90000000000003,101.20000000000002,485.6,238.5,3.4,562.1,160.3,55.699999999999996,24.91,28.83,12.23,2.87,-26.2,1387.4,71.16,0.0,Diversified Prescribers
1000004163,PA,Internal Medicine,776.4,674.0,371082.57,13,6,0.002,97.5,79.9,73.69999999999999,172.3,0.0,294.3,58.7,0.0,9.49,37.91,22.19,-67.9,-21.57,620.2,79.88,3.0,Low-Volume / Low-Growth Prescribers
1000004166,GA,Internal Medicine,1175.3999999999999,1017.0,597427.7699999999,18,7,0.0031,89.3,95.3,285.0,242.5,5.800000000000001,207.9,249.6,0.0,24.25,17.69,20.63,-45.85,9.1,830.6999999999999,70.67,3.0,Low-Volume / Low-Growth Prescribers
1000004182,TX,Family Practice,958.6,840.0,469415.30999999994,12,5,0.0025,204.6,0.0,246.0,330.19999999999993,0.0,97.0,80.8,0.0,25.66,10.12,34.45,-79.84,203.23,673.1999999999999,70.23,3.0,Low-Volume / Low-Growth Prescribers
1000004197,OH,Internal Medicine,4966.400000000001,4312.0,2296425.9799999995,19,8,0.0129,1047.4,407.29999999999995,988.3,591.8,12.7,1224.9,616.7,77.3,19.9,24.66,11.92,-62.54,647.74,3212.3,64.68,0.0,Diversified Prescribers
1000004209,GA,Endocrinology,49009.20000000001,43160.0,27749845.11,20,8,0.1273,8885.699999999999,1671.4,15155.599999999999,3712.6000000000004,130.8,14158.5,4859.6,435.0,30.92,28.89,7.58,-21.78,154.78,34698.1,70.8,1.0,High-Volume Core Prescribers
1000004218,MA,Family Practice,19594.7,17013.0,6128944.880000001,14,7,0.0509,9541.5,1034.4,2259.5,4280.9,95.4,1763.0,620.0,0.0,11.53,9.0,21.85,-53.06,105.95,9337.8,47.65,0.0,Diversified Prescribers
1000004225,GA,Family Practice,1006.0,906.0,468267.79000000004,17,7,0.0026,237.7,118.7,277.1,190.5,0.0,59.099999999999994,103.6,19.3,27.54,5.87,18.94,-78.64,-37.32,645.4000000000001,64.16,3.0,Low-Volume / Low-Growth Prescribers
1000004241,NY,Internal Medicine,1192.2,1050.0,379196.70999999996,16,7,0.0031,437.5,49.6,93.1,301.3,0.0,153.1,102.5,55.1,7.81,12.84,25.27,95.69,16.61,597.1,50.08,3.0,Low-Volume / Low-Growth Prescribers
1000004253,TX,Internal Medicine,700.5,603.0,376134.49999999994,14,7,0.0018,123.5,47.8,205.0,77.6,0.0,160.9,73.0,12.7,29.26,22.97,11.08,-23.88,275.68,491.29999999999995,70.14,3.0,Low-Volume / Low-Growth Prescribers
1000004275,CA,Family Practice,1029.3,892.0,378102.0900000001,16,8,0.0027,212.2,80.8,155.7,232.2,2.1,105.7,231.2,9.4,15.13,10.27,22.56,21.96,55.18,574.4,55.8,3.0,Low-Volume / Low-Growth Prescribers
1000004285,PA,Family Practice,28515.5,25039.0,17079381.96,15,7,0.0741,3406.8,2455.4,8843.8,8710.900000000001,348.59999999999997,4054.3,0.0,695.7,31.01,14.22,30.55,172.42,-35.07,24064.4,84.39,1.0,High-Volume Core Prescribers
1000004290,MA,Internal Medicine,4189.700000000001,3614.0,2745799.98,16,7,0.0109,0.0,571.8000000000001,1762.4,1126.4,13.6,205.3,462.1,48.1,42.07,4.9,26.88,187.34,49.2,3665.9,87.5,0.0,Diversified Prescribers
1000004319,FL,Internal Medicine,4548.5,3973.0,2318039.65,19,7,0.0118,0.0,673.3000000000001,484.90000000000003,1193.8999999999999,43.2,1404.6,569.9000000000001,178.7,10.66,30.88,26.25,-66.33,-45.95,3756.7,82.59,0.0,Diversified Prescribers
1000004321,VA,Physician Assistant,635.5,562.0,249709.34,13,8,0.0017,83.9,48.1,94.3,180.89999999999998,2.2,53.8,157.3,15.0,14.84,8.47,28.47,-83.15,-71.48,377.09999999999997,59.34,3.0,Low-Volume / Low-Growth Prescribers
1000004322,CA,Family Practice,3678.5,3207.0,1993099.35,15,6,0.0096,522.9,300.1,961.5,1442.9,0.0,294.90000000000003,0.0,156.2,26.14,8.02,39.23,-79.08,-65.38,2999.4,81.54,0.0,Diversified Prescribers
1000004338,IN,Internal Medicine,957.4000000000001,806.0,307484.47000000003,13,6,0.0025,281.7,37.1,131.6,263.1,0.0,43.5,200.4,0.0,13.75,4.54,27.48,2.09,128.82,475.3,49.64,3.0,Low-Volume / Low-Growth Prescribers
1000004349,CA,Family Practice,5807.300000000001,5062.0,2031131.7699999998,17,7,0.0151,1075.0,518.7,232.2,2083.8999999999996,17.4,915.7,964.4,0.0,4.0,15.77,35.88,22.52,-16.41,3750.5,64.58,0.0,Diversified Prescribers
1000004353,GA,Physician Assistant,5704.099999999999,4898.0,2696448.06,16,7,0.0148,1322.3,499.4,891.6,1167.9,0.0,1542.3000000000002,206.0,74.6,15.63,27.04,20.47,7.85,-4.22,4101.200000000001,71.9,0.0,Diversified Prescribers
1000004358,OH,Family Practice,15970.5,14164.0,8940545.77,19,7,0.0415,0.0,1037.9,4678.8,5638.900000000001,84.3,1204.1,2289.3,1037.2,29.3,7.54,35.31,46.51,81.67,12559.7,78.64,0.0,Diversified Prescribers
1000004359,OH,Internal Medicine,634.9,561.0,330984.37000000005,13,7,0.0016,0.0,93.80000000000001,98.9,240.39999999999998,3.6,126.4,41.3,30.5,15.58,19.91,37.86,-31.45,-31.73,559.5,88.12,3.0,Low-Volume / Low-Growth Prescribers
1000004364,CA,Internal Medicine,691.4,595.0,457250.5900000001,10,6,0.0018,0.0,17.7,256.1,88.8,1.2,195.8,131.8,0.0,37.04,28.32,12.84,457.87,337.93,558.4,80.76,3.0,Low-Volume / Low-Growth Prescribers
1000004374,IN,Internal Medicine,4948.0,4253.0,1965723.65,17,7,0.0129,509.9,649.9,352.1,1840.3,18.2,702.8,874.8000000000001,0.0,7.12,14.2,37.19,41.78,14.34,3545.1000000000004,71.65,0.0,Diversified Prescribers
1000004376,CA,Internal Medicine,20307.0,17698.0,7565804.729999999,19,8,0.0528,3574.3999999999996,1214.3,1640.8999999999999,5962.4,139.9,3774.1,3588.0,413.0,8.08,18.59,29.36,-10.07,48.81,12591.7,62.01,0.0,Diversified Prescribers
1000004378,NY,Endocrinology,14682.400000000001,12821.0,7699212.9,21,8,0.0381,2430.7000000000003,1001.3999999999999,3300.2,1653.0,52.9,4905.9,1151.5,186.79999999999998,22.48,33.41,11.26,16.35,22.19,10860.499999999998,73.97,0.0,Diversified Prescribers
1000004380,OH,Endocrinology,2417.7999999999993,2113.0,1490156.1999999997,19,8,0.0063,103.1,166.1,694.6999999999999,382.90000000000003,3.7,745.0,309.8,12.5,28.73,30.81,15.84,83.23,186.42,1988.6999999999998,82.25,0.0,Diversified Prescribers
1000004389,CA,Endocrinology,1618.1000000000001,1438.0,1031700.3900000001,17,7,0.0042,120.2,121.2,472.70000000000005,472.6,2.4,379.1,0.0,49.9,29.21,23.43,29.21,77.26,509.33,1445.6000000000001,89.34,0.0,Diversified Prescribers
1000004404,OH,Cardiology,909.1,797.0,388779.35,16,6,0.0024,109.9,111.0,147.4,310.0,0.0,81.4,149.39999999999998,0.0,16.21,8.95,34.1,56.44,20.65,649.8,71.48,3.0,Low-Volume / Low-Growth Prescribers
1000001143,FL,Family Practice,643.2,544.0,285201.5899999999,13,6,0.0017,109.1,37.699999999999996,91.1,207.0,0.0,165.3,33.0,0.0,14.16,25.7,32.18,,,501.09999999999997,77.91,,
1000001304,NY,Family Practice,768.9999999999999,669.0,365688.5299999999,12,8,0.002,163.89999999999998,60.4,228.5,133.20000000000002,2.2,75.4,91.6,13.8,29.71,9.8,17.32,,,497.5,64.69,,
1000001740,IN,Family Practice,909.6,792.0,351194.26,12,7,0.0024,284.8,64.7,95.1,195.70000000000002,2.2,208.7,58.400000000000006,0.0,10.46,22.94,21.51,,,564.1999999999999,62.03,,
1000004436,CA,Internal Medicine,1006.0,857.0,595193.19,16,7,0.0026,197.8,55.1,363.5,246.3,0.0,82.5,48.2,12.6,36.13,8.2,24.48,159.99,646.28,747.4000000000001,74.29,3.0,Low-Volume / Low-Growth Prescribers
1000004449,OH,Family Practice,472.0000000000001,412.0,232415.05,11,5,0.0012,0.0,54.5,65.9,177.5,0.0,90.0,84.1,0.0,13.96,19.07,37.61,214.97,-39.28,387.9,82.18,3.0,Low-Volume / Low-Growth Prescribers
1000004452,CA,Family Practice,15876.2,13866.0,9383300.899999999,17,6,0.0412,0.0,1129.0,4472.599999999999,4905.200000000001,31.7,2965.4,2372.3,0.0,28.17,18.68,30.9,33.04,64.45,13472.2,84.86,0.0,Diversified Prescribers
1000004457,TN,Endocrinology,2282.1,1977.0,1364386.17,21,8,0.0059,117.5,66.2,718.7,402.4,3.5,636.0,322.8,15.0,31.49,27.87,17.63,-14.36,34.16,1823.3000000000002,79.9,0.0,Diversified Prescribers
1000004461,IL,Internal Medicine,945.8,816.0,323555.62,13,6,0.0025,257.1,78.8,42.099999999999994,298.0,0.0,172.2,97.6,0.0,4.45,18.21,31.51,-61.24,-81.93,591.0999999999999,62.5,3.0,Low-Volume / Low-Growth Prescribers
1000004465,NC,Internal Medicine,2999.8,2632.0,1502515.6499999997,14,7,0.0078,0.0,153.9,483.8,512.8,20.1,1109.0,622.4,97.80000000000001,16.13,36.97,17.09,150.29,580.73,2259.5,75.32,3.0,Low-Volume / Low-Growth Prescribers
1000004467,MI,Endocrinology,38847.1,33741.0,19599724.1,20,7,0.1009,9273.2,2172.7,9833.0,5182.799999999999,186.10000000000002,10089.099999999999,2110.2,0.0,25.31,25.97,13.34,-73.51,-63.41,27277.6,70.22,1.0,High-Volume Core Prescribers
1000004475,IL,Internal Medicine,1165.3,1003.0,580131.55,15,8,0.003,180.7,92.69999999999999,104.3,310.09999999999997,2.3,412.90000000000003,35.2,27.1,8.95,35.43,26.61,-13.15,82.63,920.0,78.95,3.0,Low-Volume / Low-Growth Prescribers
1000000003,CA,Family Practice,4051.7000000000003,3527.0,2527706.75,16,5,0.0105,0.0,464.4,1269.7,872.0,0.0,873.3,572.3,0.0,31.34,21.55,21.52,146.16,85.31,3479.4,85.88,0.0,Diversified Prescribers
1000000005,FL,Endocrinology,1831.9,1616.0,1229418.31,17,8,0.0048,101.8,126.79999999999998,781.9000000000001,237.6,3.3,353.29999999999995,181.7,45.5,42.68,19.29,12.97,-10.46,188.28,1499.6,81.86,0.0,Diversified Prescribers
1000000012,CA,Family Practice,578.6,500.0,216550.92,8,4,0.0015,0.0,18.5,0.0,86.1,0.0,259.5,214.5,0.0,0.0,44.85,14.88,9.47,26.38,364.1,62.93,3.0,Low-Volume / Low-Growth Prescribers
1000000021,OH,Endocrinology,32374.399999999998,28189.0,18520743.8,20,8,0.0841,1620.3,2429.1000000000004,10731.5,3938.1000000000004,96.4,7212.1,5591.6,755.3,33.15,22.28,12.16,-28.5,84.73,24310.799999999996,75.09,1.0,High-Volume Core Prescribers
1000000023,OH,Internal Medicine,933.1999999999998,814.0,515549.23,17,7,0.0024,128.2,80.6,188.70000000000002,224.1,0.0,258.9,33.4,19.3,20.22,27.74,24.01,95.01,337.33,752.3000000000001,80.62,3.0,Low-Volume / Low-Growth Prescribers
1000000032,TX,Endocrinology,1939.9,1664.0,1046617.56,18,7,0.005,385.9,85.1,515.0,235.5,0.0,551.1,153.7,13.6,26.55,28.41,12.14,145.15,213.62,1386.6999999999998,71.48,0.0,Diversified Prescribers
1000000064,TX,Internal Medicine,5498.1,4692.0,2293815.2799999993,19,8,0.0143,393.7,754.8000000000001,631.3,1538.4,13.4,912.0,1195.1,59.4,11.48,16.59,27.98,168.66,33.24,3836.5,69.78,0.0,Diversified Prescribers
1000000073,MI,Family Practice,5377.700000000001,4659.0,1790424.7100000004,19,8,0.014,1306.5,570.3,123.1,853.8,47.3,1512.8000000000002,893.5,70.4,2.29,28.13,15.88,63.02,13.57,3060.0,56.9,0.0,Diversified Prescribers
1000000086,NY,Family Practice,576.0,502.0,263585.81,14,6,0.0015,0.0,69.6,56.9,253.29999999999998,2.5,90.9,102.8,0.0,9.88,15.78,43.98,14.33,282.08,470.7,81.72,3.0,Low-Volume / Low-Growth Prescribers
1000000089,GA,Internal Medicine,5015.800000000001,4313.0,2127927.8600000003,17,7,0.013,450.1,262.0,875.3000000000001,1690.5,0.0,491.90000000000003,1037.2,208.8,17.45,9.81,33.7,54.67,163.24,3319.7,66.18,0.0,Diversified Prescribers
1000000094,NY,Family Practice,3896.6999999999994,3355.0,2284068.0900000003,14,7,0.0101,0.0,96.2,1218.4,1287.5,41.8,653.3,306.9,292.59999999999997,31.27,16.77,33.04,33.03,-53.89,3255.4,83.54,3.0,Low-Volume / Low-Growth Prescribers
1000000112,PA,Physician Assistant,3917.6999999999994,3360.0,1803539.15,16,6,0.0102,571.4,414.9,754.2,1176.1000000000001,0.0,536.2,464.9,0.0,19.25,13.69,30.02,1.93,83.14,2881.4000000000005,73.55,0.0,Diversified Prescribers
1000000117,MA,Internal Medicine,43528.100000000006,36612.0,15812357.720000003,16,7,0.1131,16402.1,2424.7,5898.299999999999,9310.4,245.5,6199.900000000001,3047.2,0.0,13.55,14.24,21.39,-41.08,-56.28,23833.300000000003,54.75,1.0,High-Volume Core Prescribers
1000000121,MI,Nurse Practitioner,4171.4,3690.0,1550649.41,18,7,0.0108,1243.1,254.6,442.1,1772.0,15.7,255.3,188.6,0.0,10.6,6.12,42.48,147.98,1.46,2724.0,65.3,0.0,Diversified Prescribers
1000000138,MI,Internal Medicine,4655.900000000001,4070.0,1835215.71,17,8,0.0121,1394.4,274.0,698.3,564.3,14.0,1131.1,367.5,212.3,15.0,24.29,12.12,73.81,309.83,2667.7,57.3,0.0,Diversified Prescribers
1000000142,TN,Internal Medicine,34853.4,30118.0,18823095.319999997,18,8,0.0905,6804.700000000001,3628.3,11161.0,5682.700000000001,144.4,3901.5,2626.2,904.6,32.02,11.19,16.3,17.6,151.4,24373.5,69.93,1.0,High-Volume Core Prescribers
1000000165,GA,Family Practice,12727.5,10925.0,5846293.700000001,15,8,0.0331,1771.0,1586.7,2632.2,3062.9,38.4,1546.5,1729.0,360.8,20.68,12.15,24.07,-33.49,-66.98,8828.3,69.36,0.0,Diversified Prescribers
1000000169,GA,Family Practice,802.1,705.0,359812.69,12,7,0.0021,99.6,0.0,132.29999999999998,173.70000000000002,2.2,213.8,167.4,13.1,16.49,26.66,21.66,16.21,-3.56,519.8000000000001,64.8,3.0,Low-Volume / Low-Growth Prescribers
1000000177,VA,Internal Medicine,12275.7,10753.0,4760653.6,19,8,0.0319,1817.7,1047.2,1360.0,3828.7999999999997,112.9,1751.6,1989.5,368.0,11.08,14.27,31.19,90.16,4.49,7987.6,65.07,0.0,Diversified Prescribers
1000000178,NC,Physician Assistant,5314.700000000001,4616.0,1804024.4500000002,16,8,0.0138,1638.1,211.3,295.4,1731.8,28.4,883.7,475.5,50.5,5.56,16.63,32.59,-65.18,133.15,3122.2,58.75,0.0,Diversified Prescribers
1000000181,TX,Endocrinology,11402.399999999998,10053.0,6389026.02,19,7,0.0296,554.7,934.9000000000001,2571.7,2435.1,0.0,3563.2,1217.0,125.80000000000001,22.55,31.25,21.36,47.68,40.04,9504.9,83.36,0.0,Diversified Prescribers
1000000183,FL,Nurse Practitioner,4291.099999999999,3760.0,1894749.2400000002,18,8,0.0111,507.0,404.6,485.3,1069.3,12.3,1047.6,490.7,274.29999999999995,11.31,24.41,24.92,-24.43,944.2,3006.8,70.07,0.0,Diversified Prescribers
1000000195,MA,Internal Medicine,853.7,747.0,393782.9799999999,16,6,0.0022,0.0,53.0,83.19999999999999,349.8,0.0,199.39999999999998,108.7,59.6,9.75,23.36,40.97,224.87,227.03,685.4,80.29,3.0,Low-Volume / Low-Growth Prescribers
1000000207,TX,Family Practice,3399.3000000000006,2908.0,1293901.3,16,8,0.0088,607.6,453.8,224.8,1397.7,12.8,314.40000000000003,200.9,187.3,6.61,9.25,41.12,-11.92,-40.44,2390.7,70.33,0.0,Diversified Prescribers
1000000218,NY,Family Practice,9644.2,8303.0,4799626.52,13,7,0.0251,0.0,1926.9,2006.7,1639.0,44.4,1540.0,2329.2,158.0,20.81,15.97,16.99,-43.53,-23.93,7112.6,73.75,0.0,Diversified Prescribers
1000000226,IN,Cardiology,2003.1,1722.0,990267.6899999998,12,6,0.0052,0.0,273.5,402.6,766.5,26.2,93.5,440.8,0.0,20.1,4.67,38.27,164.3,-23.56,1536.1,76.69,3.0,Low-Volume / Low-Growth Prescribers
1000000231,CA,Internal Medicine,1166.1,999.0,594943.54,14,6,0.003,127.9,110.0,280.4,216.0,0.0,231.5,200.3,0.0,24.05,19.85,18.52,-46.67,-35.22,837.9,71.85,3.0,Low-Volume / Low-Growth Prescribers
1000000238,NY,Family Practice,2924.3,2548.0,1593972.5899999999,12,7,0.0076,483.8,0.0,765.1999999999999,477.4,24.6,756.5,218.9,197.89999999999998,26.17,25.87,16.33,1129.76,528.88,1999.1,68.36,3.0,Low-Volume / Low-Growth Prescribers
1000000240,GA,Physician Assistant,1053.2,929.0,411935.57000000007,14,7,0.0027,235.89999999999998,21.7,55.900000000000006,439.90000000000003,1.1,216.7,82.0,0.0,5.31,20.58,41.77,170.23,-1.96,734.2,69.71,3.0,Low-Volume / Low-Growth Prescribers
1000000254,MA,Endocrinology,39961.3,35005.0,24580866.659999996,20,8,0.1038,5079.4,3198.0,14048.499999999998,3770.5999999999995,289.0,10257.1,3087.5999999999995,231.1,35.16,25.67,9.44,-23.79,56.18,31274.199999999997,78.26,1.0,High-Volume Core Prescribers
1000000271,NY,Family Practice,2985.9,2603.0,1943974.5400000003,13,6,0.0078,0.0,486.40000000000003,1173.1000000000001,744.9000000000001,18.7,248.7,314.1,0.0,39.29,8.33,24.95,-49.91,-56.23,2653.1000000000004,88.85,3.0,Low-Volume / Low-Growth Prescribers
1000000280,CA,Nurse Practitioner,4024.1999999999994,3484.0,1129733.62,15,7,0.0105,1188.7,88.3,392.5,1023.1999999999999,12.1,384.69999999999993,934.7000000000002,0.0,9.75,9.56,25.43,267.2,-40.69,1888.6999999999998,46.93,3.0,Low-Volume / Low-Growth Prescribers
1000000298,CA,Family Practice,16281.600000000004,14030.0,6725250.86,18,8,0.0423,2129.9,2206.6,1623.2,4426.4,83.6,3009.3999999999996,2538.2,264.3,9.97,18.48,27.19,825.05,-68.24,11265.599999999999,69.19,0.0,Diversified Prescribers
1000000309,TN,Internal Medicine,825.4000000000001,713.0,367617.4,10,6,0.0021,210.4,87.9,130.5,166.8,0.0,152.5,77.30000000000001,0.0,15.81,18.48,20.21,343.98,238.59,537.7,65.14,3.0,Low-Volume / Low-Growth Prescribers
1000000320,FL,Internal Medicine,985.5,861.0,389500.80000000005,15,8,0.0026,184.8,45.8,96.80000000000001,139.4,2.2,308.9,181.10000000000002,26.5,9.82,31.34,14.15,966.8,132.03,590.9,59.96,3.0,Low-Volume / Low-Growth Prescribers
1000000334,IL,Endocrinology,2378.7000000000003,2081.0,1346571.8399999999,19,8,0.0062,341.5,159.40000000000003,568.0,398.3,3.3,763.3,128.0,16.9,23.88,32.09,16.74,158.61,115.53,1889.0,79.41,0.0,Diversified Prescribers
1000000357,IN,Family Practice,973.9,837.0,649223.25,12,5,0.0025,0.0,56.5,306.0,170.6,0.0,357.5,83.30000000000001,0.0,31.42,36.71,17.52,159.19,106.81,890.6,91.45,3.0,Low-Volume / Low-Growth Prescribers
1000000358,IN,Physician Assistant,20134.399999999998,17427.0,8131883.5600000005,15,7,0.0523,5208.299999999999,1444.0,3426.0,4396.1,161.0,2859.3,2639.7,0.0,17.02,14.2,21.83,9.93,-17.56,12125.400000000001,60.22,0.0,Diversified Prescribers
1000000360,OH,Internal Medicine,5529.900000000001,4759.0,2468706.41,19,8,0.0144,1096.2,561.4,806.3,1364.9,12.8,1125.9,485.90000000000003,76.5,14.58,20.36,24.68,16.58,-6.9,3858.5,69.78,0.0,Diversified Prescribers
1000000365,NC,Internal Medicine,3463.399999999999,3029.0,1840637.4300000002,18,6,0.009,0.0,362.5,464.5,1294.6999999999998,26.200000000000003,968.2,347.29999999999995,0.0,13.41,27.96,37.38,178.63,36.63,3089.8999999999996,89.22,0.0,Diversified Prescribers
1000000373,TX,Family Practice,20643.699999999997,18009.0,10030893.81,15,7,0.0536,5824.0,2511.0,4977.9,4533.4,76.5,2280.8,0.0,440.1,24.11,11.05,21.96,-49.03,108.74,14303.1,69.29,0.0,Diversified Prescribers
1000000375,NC,Internal Medicine,1022.0999999999999,891.0,471424.23,13,7,0.0027,142.2,112.8,96.3,288.9,0.0,277.1,71.69999999999999,33.1,9.42,27.11,28.27,-49.23,22.55,775.1,75.83,3.0,Low-Volume / Low-Growth Prescribers
1000000380,TX,Endocrinology,2133.2,1845.0,1275081.89,20,8,0.0055,229.6,127.29999999999998,625.4,477.8,2.1,519.4,119.3,32.3,29.32,24.35,22.4,89.93,619.14,1749.8999999999999,82.03,0.0,Diversified Prescribers
1000000387,GA,Endocrinology,2345.5,2037.0,1100242.8599999999,19,8,0.0061,452.9,148.20000000000002,413.5,414.1,9.8,637.7,234.59999999999997,34.7,17.63,27.19,17.66,22.59,-13.3,1613.5,68.79,0.0,Diversified Prescribers
1000000394,NY,Internal Medicine,490.4,432.0,240775.23,10,6,0.0013,113.7,59.2,106.3,60.6,0.0,109.5,41.1,0.0,21.68,22.33,12.36,-64.45,71.2,335.6,68.43,3.0,Low-Volume / Low-Growth Prescribers
1000000398,CA,Family Practice,6942.5,5998.0,3648242.2800000003,18,7,0.018,1566.8000000000002,699.8,1610.8,1624.8000000000002,39.099999999999994,1223.7,177.5,0.0,23.2,17.63,23.4,41.1,27.22,5159.1,74.31,0.0,Diversified Prescribers
1000000404,IN,Internal Medicine,496.2,429.0,183695.81,14,8,0.0013,105.0,82.2,14.8,139.5,2.2,95.30000000000001,37.2,20.0,2.98,19.21,28.11,35.6,-8.16,331.8,66.87,3.0,Low-Volume / Low-Growth Prescribers
1000000408,MI,Nurse Practitioner,1075.1999999999998,952.0,482008.89999999997,18,8,0.0028,239.5,85.5,241.2,110.1,1.2,185.5,197.2,15.0,22.43,17.25,10.24,323.19,143.84,622.3000000000001,57.88,3.0,Low-Volume / Low-Growth Prescribers
1000000410,MA,Internal Medicine,524.3,452.0,140023.72999999998,10,5,0.0014,207.0,42.5,42.4,157.1,0.0,0.0,75.30000000000001,0.0,8.09,0.0,29.96,78.04,-58.01,242.0,46.16,3.0,Low-Volume / Low-Growth Prescribers
1000000419,FL,Family Practice,3413.8999999999996,3016.0,1544055.8499999999,16,8,0.0089,553.8,85.7,711.9,1233.6999999999998,13.0,375.20000000000005,388.9,51.7,20.85,10.99,36.14,301.0,3384.64,2406.5,70.49,0.0,Diversified Prescribers
1000000420,VA,Family Practice,16485.4,14408.0,9109957.21,19,7,0.0428,0.0,827.0,4270.1,4865.1,87.9,3349.8999999999996,2707.2,378.2,25.9,20.32,29.51,60.43,137.45,13312.1,80.75,0.0,Diversified Prescribers
1000000426,PA,Internal Medicine,657.2,578.0,218802.61,12,6,0.0017,204.8,17.4,122.19999999999999,173.0,0.0,0.0,118.80000000000001,21.0,18.59,0.0,26.32,316.55,343.37,312.6,47.57,3.0,Low-Volume / Low-Growth Prescribers
1000000427,TX,Nurse Practitioner,13981.899999999998,12071.0,8159614.140000001,17,6,0.0363,0.0,441.0,3466.6,5407.3,74.1,3028.8999999999996,1564.0,0.0,24.79,21.66,38.67,-46.99,-19.35,12343.8,88.28,0.0,Diversified Prescribers
1000000434,PA,Endocrinology,2459.8,2141.0,1594602.1299999997,18,8,0.0064,192.1,135.7,974.9000000000001,223.8,1.1,637.6,263.8,30.799999999999997,39.63,25.92,9.1,122.37,135.07,1972.0,80.17,0.0,Diversified Prescribers
1000000448,AZ,Internal Medicine,878.2,768.0,506754.60000000003,14,7,0.0023,84.5,102.6,220.4,308.1,2.4,121.1,39.1,0.0,25.1,13.79,35.08,393.97,113.94,752.2,85.65,3.0,Low-Volume / Low-Growth Prescribers
1000000461,TX,Family Practice,978.3000000000002,851.0,502939.71,17,7,0.0025,112.9,80.9,210.5,102.10000000000001,0.0,290.9,158.6,22.4,21.52,29.74,10.44,-58.4,-5.51,684.4,69.96,3.0,Low-Volume / Low-Growth Prescribers
1000000479,CA,Internal Medicine,1174.1,1034.0,577624.14,14,8,0.0031,205.60000000000002,146.7,365.2,179.4,3.2,51.9,208.8,13.3,31.1,4.42,15.28,161.42,198.1,743.1999999999999,63.3,3.0,Low-Volume / Low-Growth Prescribers
1000000483,TN,Family Practice,13269.599999999999,11714.0,4908430.75,17,8,0.0345,3937.7000000000003,1127.5,1557.6,2610.2,40.6,2332.1000000000004,1231.9,432.0,11.74,17.57,19.67,687.48,33.26,7627.400000000001,57.48,0.0,Diversified Prescribers
1000000484,IL,Family Practice,13442.799999999997,11680.0,3974262.8600000003,14,7,0.0349,4432.700000000001,1929.3000000000002,0.0,4401.400000000001,60.2,1501.9,847.0,270.3,0.0,11.17,32.74,-52.52,-79.08,7832.6,58.27,0.0,Diversified Prescribers
1000000500,NY,Family Practice,6656.5999999999985,5769.0,2802470.7500000005,17,8,0.0173,606.8,663.9000000000001,849.9,2043.9,9.3,903.8,1458.1999999999998,120.80000000000001,12.77,13.58,30.7,6.23,65.65,4461.5,67.02,0.0,Diversified Prescribers
1000000503,FL,Family Practice,13798.5,11776.0,5908196.320000001,15,7,0.0358,2009.5,991.2,1854.4,3781.5,61.9,2719.4,2380.6000000000004,0.0,13.44,19.71,27.41,-70.61,-5.27,9346.5,67.74,0.0,Diversified Prescribers
1000000510,TX,Family Practice,3531.9,3081.0,1889450.13,15,6,0.0092,0.0,606.4,453.5,938.2,15.5,1179.8000000000002,338.5,0.0,12.84,33.4,26.56,301.58,65.75,3177.9000000000005,89.98,0.0,Diversified Prescribers
1000000520,NC,Family Practice,476.5,422.0,263785.44,11,5,0.0012,0.0,41.900000000000006,159.6,134.8,0.0,0.0,106.19999999999999,34.0,33.49,0.0,28.29,119.16,85.71,336.3,70.58,3.0,Low-Volume / Low-Growth Prescribers
1000000525,IL,Internal Medicine,3646.7,3161.0,1219856.7799999998,15,8,0.0095,1082.9,318.5,456.4,777.3,12.0,446.9,410.9,141.8,12.52,12.25,21.32,-93.03,-95.65,1999.1,54.82,3.0,Low-Volume / Low-Growth Prescribers
1000000531,IL,Nephrology,10188.6,9030.0,5976260.2700000005,13,6,0.0265,2008.5,77.2,3406.8,1832.5,69.9,2793.7,0.0,0.0,33.44,27.42,17.99,-56.17,-37.45,8110.2,79.6,0.0,Diversified Prescribers
1000000533,OH,Internal Medicine,14290.1,12603.0,6539572.43,16,8,0.0371,3849.8,967.3000000000001,3926.4,903.1,214.70000000000002,2072.6,2076.8999999999996,279.3,27.48,14.5,6.32,119.37,-30.43,7869.400000000001,55.07,0.0,Diversified Prescribers
1000000534,TX,Family Practice,3815.4999999999995,3299.0,1687435.8800000004,16,7,0.0099,0.0,389.90000000000003,357.90000000000003,1888.5,26.6,371.1,731.5,50.0,9.38,9.73,49.5,-46.47,240.32,3007.4,78.82,0.0,Diversified Prescribers
1000000540,MI,Physician Assistant,799.4999999999999,698.0,323568.09,16,7,0.0021,129.1,82.3,83.0,192.4,0.0,164.0,112.4,36.3,10.38,20.51,24.07,-38.47,-58.15,521.7,65.25,3.0,Low-Volume / Low-Growth Prescribers
1000000544,OH,Family Practice,660.1999999999999,565.0,240399.11,11,7,0.0017,219.7,42.0,119.80000000000001,69.1,0.0,103.3,70.1,36.2,18.15,15.65,10.47,302.2,-41.51,334.20000000000005,50.62,3.0,Low-Volume / Low-Growth Prescribers
1000000547,IL,Family Practice,617.9000000000001,546.0,341227.04000000004,14,6,0.0016,0.0,17.9,94.7,189.2,0.0,231.89999999999998,68.7,15.5,15.33,37.53,30.62,183.11,46.66,533.6999999999999,86.37,3.0,Low-Volume / Low-Growth Prescribers
1000000593,CA,Internal Medicine,755.6999999999999,668.0,315954.55000000005,16,8,0.002,179.3,83.1,124.5,191.2,2.5,114.3,46.1,14.7,16.47,15.13,25.3,-74.25,-80.67,513.0999999999999,67.9,3.0,Low-Volume / Low-Growth Prescribers
1000000596,TN,Family Practice,3629.8999999999996,3099.0,965741.8200000001,14,8,0.0094,893.8,288.1,203.7,1116.1,14.6,87.5,921.5,104.6,5.61,2.41,30.75,-18.34,-60.86,1695.3999999999999,46.71,3.0,Low-Volume / Low-Growth Prescribers
1000000601,OH,Internal Medicine,15681.599999999999,13452.0,7519867.290000001,19,8,0.0407,2958.3,1510.5,3247.8,5801.200000000001,91.19999999999999,1136.8000000000002,517.1,418.70000000000005,20.71,7.25,36.99,-58.46,-29.77,11696.300000000001,74.59,0.0,Diversified Prescribers
1000000621,IN,Internal Medicine,1097.1999999999998,941.0,459429.42000000004,17,7,0.0029,248.10000000000002,67.6,267.5,202.8,0.0,48.0,234.7,28.5,24.38,4.37,18.48,33.1,429.96,585.9000000000001,53.4,3.0,Low-Volume / Low-Growth Prescribers
1000000665,VA,Endocrinology,15598.2,13549.0,9816510.61,22,8,0.0405,1042.1999999999998,529.1,4447.7,2001.4,38.2,6033.1,1458.5,48.0,28.51,38.68,12.83,17.98,284.89,13011.3,83.42,0.0,Diversified Prescribers
1000000670,NY,Endocrinology,10951.8,9493.0,5640113.079999999,20,8,0.0285,1212.1,548.1,2522.5,2258.0,23.0,2903.2000000000003,1413.3000000000002,71.6,23.03,26.51,20.62,100.52,20.14,8231.800000000001,75.16,0.0,Diversified Prescribers
1000000673,CA,Internal Medicine,641.7,562.0,378394.41,15,7,0.0017,0.0,115.7,204.0,66.19999999999999,3.5,145.60000000000002,94.0,12.7,31.79,22.69,10.32,-51.37,-31.57,531.5,82.83,3.0,Low-Volume / Low-Growth Prescribers
1000000678,IL,Physician Assistant,5153.400000000001,4473.0,2404747.62,17,7,0.0134,1271.2,134.3,1378.9,1136.2,31.3,367.8,833.6999999999999,0.0,26.76,7.14,22.05,52.15,59.85,3017.2,58.55,0.0,Diversified Prescribers
1000000685,IN,Internal Medicine,4337.9,3765.0,2441109.28,19,7,0.0113,582.1,647.5999999999999,892.5,1166.0,24.7,967.4,0.0,57.6,20.57,22.3,26.88,29.16,6860.32,3673.5,84.68,0.0,Diversified Prescribers
1000000689,FL,Internal Medicine,19219.199999999997,16887.0,8052479.289999999,16,8,0.0499,3862.5,2561.8,2797.7,4677.3,84.7,2173.0,2835.2999999999997,226.9,14.56,11.31,24.34,59.76,340.34,12209.8,63.53,0.0,Diversified Prescribers
1000000701,VA,Endocrinology,2034.4999999999998,1729.0,914466.03,18,7,0.0053,589.1,68.3,487.1,417.80000000000007,0.0,314.4,143.6,14.2,23.94,15.45,20.54,-56.33,-57.19,1287.6,63.29,0.0,Diversified Prescribers
1000000719,CA,Family Practice,3062.7999999999993,2612.0,1373011.0300000005,15,8,0.008,566.4,582.4,423.7,777.7,16.0,464.09999999999997,180.9,51.6,13.83,15.15,25.39,48.77,-2.13,2247.8999999999996,73.39,3.0,Low-Volume / Low-Growth Prescribers
1000000720,FL,Physician Assistant,17935.7,15467.0,5970906.98,19,8,0.0466,7023.799999999999,1232.1999999999998,2074.0,1961.9,138.7,3728.2000000000003,1241.5,535.4000000000001,11.56,20.79,10.94,-90.68,-69.89,8996.300000000001,50.16,0.0,Diversified Prescribers
1000000723,FL,Family Practice,4278.1,3641.0,1981615.1699999997,13,7,0.0111,457.6,195.2,620.9,1247.5,0.0,1177.1000000000001,417.6,162.2,14.51,27.51,29.16,90.64,32.03,3240.7,75.75,3.0,Low-Volume / Low-Growth Prescribers
1000000733,NY,Internal Medicine,12933.2,11221.0,7693750.04,18,6,0.0336,0.0,1332.0,3187.1,6057.400000000001,163.2,1629.1000000000001,564.4,0.0,24.64,12.6,46.84,95.42,699.88,12205.6,94.37,0.0,Diversified Prescribers
1000000734,PA,Internal Medicine,5138.2,4456.0,2062561.9300000002,18,8,0.0133,724.8,422.9,461.40000000000003,1622.8999999999999,22.8,943.8,708.5999999999999,231.0,8.98,18.37,31.58,250.64,225.57,3451.0,67.16,0.0,Diversified Prescribers
1000000738,CA,Internal Medicine,882.8,761.0,342196.74,17,6,0.0023,207.8,49.599999999999994,111.1,189.5,0.0,166.9,157.89999999999998,0.0,12.58,18.91,21.47,-30.23,-29.75,517.1,58.57,3.0,Low-Volume / Low-Growth Prescribers
1000000740,VA,Internal Medicine,872.1,760.0,341135.87,16,7,0.0023,208.7,54.6,119.0,167.3,0.0,173.0,121.2,28.299999999999997,13.65,19.84,19.18,-57.07,32.14,513.9000000000001,58.93,3.0,Low-Volume / Low-Growth Prescribers
1000000742,PA,Family Practice,24132.399999999998,20924.0,12973973.030000001,17,7,0.0627,3623.3999999999996,1887.8,3249.3,6264.6,57.8,8728.5,0.0,321.0,13.46,36.17,25.96,67.39,196.31,20130.199999999997,83.42,0.0,Diversified Prescribers
1000000744,GA,Internal Medicine,737.0,648.0,274607.55000000005,13,8,0.0019,240.1,57.5,100.30000000000001,212.39999999999998,2.4,55.7,55.6,13.0,13.61,7.56,28.82,-34.44,-9.79,425.9,57.79,3.0,Low-Volume / Low-Growth Prescribers
1000000746,AZ,Internal Medicine,12133.9,10512.0,4925323.370000001,18,8,0.0315,2201.9,1450.5,875.2,4054.7,47.8,2331.8,906.7,265.3,7.21,19.22,33.42,78.67,32.54,8712.2,71.8,0.0,Diversified Prescribers
1000000750,NY,Endocrinology,2389.3,2063.0,1441880.4300000002,19,8,0.0062,341.5,90.5,759.4,254.00000000000003,2.2,747.0,178.8,15.9,31.78,31.26,10.63,101.28,213.82,1850.9,77.47,0.0,Diversified Prescribers
1000000785,GA,Nurse Practitioner,17742.1,15463.0,6577512.399999999,20,8,0.0461,1582.9,1346.6,1356.3,5841.700000000001,140.10000000000002,2813.0,4201.2,460.3,7.64,15.85,32.93,376.16,39.24,11357.6,64.01,0.0,Diversified Prescribers
1000000787,CA,Internal Medicine,955.6999999999999,827.0,370783.14,14,7,0.0025,343.4,141.3,115.7,129.1,0.0,180.0,32.8,13.4,12.11,18.83,13.51,447.8,472.04,566.1,59.23,3.0,Low-Volume / Low-Growth Prescribers
1000000789,GA,Physician Assistant,723.6000000000001,634.0,377320.07,15,7,0.0019,0.0,41.4,144.0,241.79999999999998,3.7,162.9,113.19999999999999,16.6,19.9,22.51,33.42,59.68,6.01,590.0999999999999,81.55,3.0,Low-Volume / Low-Growth Prescribers
1000000803,MA,Family Practice,4532.5,3996.0,2104198.8800000004,19,7,0.0118,504.2,136.7,699.4,1954.3,20.3,664.5999999999999,553.0,0.0,15.43,14.66,43.12,-64.78,415.73,3455.0,76.23,0.0,Diversified Prescribers
1000000805,IL,Family Practice,13804.099999999999,12174.0,7624482.5,19,8,0.0359,1733.3,1300.3000000000002,2876.0,3623.3999999999996,207.9,3085.4,515.7,462.1,20.83,22.35,26.25,49.41,1382.73,10885.099999999999,78.85,0.0,Diversified Prescribers
1000000833,FL,Endocrinology,84732.8,74173.0,44979785.93000001,21,8,0.2201,6882.5,5899.7,18073.1,20661.7,361.4,23095.100000000002,7101.7,2657.6000000000004,21.33,27.26,24.38,16.45,117.82,67729.59999999999,79.93,1.0,High-Volume Core Prescribers
1000000845,IL,Internal Medicine,3950.1000000000004,3411.0,2153691.74,18,7,0.0103,0.0,293.59999999999997,793.0999999999999,1018.0,9.5,1238.5,511.1,86.3,20.08,31.35,25.77,-86.07,-79.63,3343.2,84.64,0.0,Diversified Prescribers
1000000869,TX,Physician Assistant,958.9,842.0,413360.43000000005,13,8,0.0025,198.2,55.5,212.8,269.7,2.3,46.3,159.3,14.8,22.19,4.83,28.13,-61.81,375.0,584.3,60.93,3.0,Low-Volume / Low-Growth Prescribers
1000000874,PA,Endocrinology,11119.3,9683.0,6097217.8100000005,20,8,0.0289,1571.4,584.0,2505.6,2227.2,32.099999999999994,3601.7999999999997,415.29999999999995,181.89999999999998,22.53,32.39,20.03,0.04,43.44,8918.599999999999,80.21,0.0,Diversified Prescribers
1000000884,NC,Family Practice,768.5999999999999,670.0,320810.51999999996,14,6,0.002,198.3,22.4,200.3,125.19999999999999,0.0,76.4,146.0,0.0,26.06,9.94,16.29,9.09,103.35,424.3,55.2,3.0,Low-Volume / Low-Growth Prescribers
1000000887,VA,Internal Medicine,16537.399999999998,14346.0,4739271.460000001,16,7,0.043,4966.799999999999,1100.6,1056.6,4367.599999999999,62.699999999999996,1624.3000000000002,3358.7999999999997,0.0,6.39,9.82,26.41,-78.72,-85.41,8149.099999999999,49.28,0.0,Diversified Prescribers
1000000908,FL,Internal Medicine,544.1,468.0,246183.96000000002,14,5,0.0014,0.0,42.599999999999994,123.6,214.5,3.3000000000000003,0.0,160.1,0.0,22.72,0.0,39.42,-30.92,79.43,380.7,69.97,3.0,Low-Volume / Low-Growth Prescribers
1000000912,MI,Family Practice,651.9000000000001,569.0,419380.8300000001,14,5,0.0017,0.0,97.7,234.0,157.3,0.0,85.7,77.19999999999999,0.0,35.9,13.15,24.13,133.14,0.25,574.7,88.16,3.0,Low-Volume / Low-Growth Prescribers
1000000916,FL,Internal Medicine,963.1,833.0,478437.09999999986,13,6,0.0025,84.9,0.0,135.10000000000002,407.7,0.0,229.6,79.2,26.6,14.03,23.84,42.33,-14.2,46.08,772.4000000000001,80.2,3.0,Low-Volume / Low-Growth Prescribers
1000000929,GA,Internal Medicine,17558.900000000005,15172.0,10088724.55,20,7,0.0456,1530.3,2248.4,4658.0,4393.6,74.4,2959.4,1694.8,0.0,26.53,16.85,25.02,509.49,535.4,14259.4,81.21,0.0,Diversified Prescribers
1000000970,GA,Family Practice,763.8,659.0,350143.2,12,6,0.002,176.9,85.7,176.4,235.9,0.0,0.0,38.5,50.4,23.1,0.0,30.89,850.66,512.29,498.0,65.2,3.0,Low-Volume / Low-Growth Prescribers
1000000974,CA,Endocrinology,12274.200000000003,10692.0,6464097.279999998,21,8,0.0319,2212.1,689.8,3475.2000000000003,1494.7,27.1,2933.6000000000004,1376.3999999999999,65.3,28.31,23.9,12.18,-67.86,-47.66,8593.300000000001,70.01,0.0,Diversified Prescribers
1000000991,MI,Family Practice,935.4999999999999,802.0,436111.12000000005,16,7,0.0024,138.4,49.8,214.0,266.4,0.0,98.5,118.5,49.9,22.88,10.53,28.48,-80.99,-59.65,628.7,67.2,3.0,Low-Volume / Low-Growth Prescribers
1000001000,IL,Internal Medicine,940.9000000000001,813.0,295422.50999999995,12,6,0.0024,399.7,97.5,52.699999999999996,140.6,0.0,180.1,70.3,0.0,5.6,19.14,14.94,20.62,97.55,470.9,50.05,3.0,Low-Volume / Low-Growth Prescribers
1000001005,TX,Family Practice,12797.899999999998,10785.0,4938217.55,16,8,0.0332,2665.6,1926.4,1611.1999999999998,2821.6,48.0,1705.0,1478.9,541.2,12.59,13.32,22.05,406.52,12.94,8064.200000000001,63.01,0.0,Diversified Prescribers
1000001018,CA,Nurse Practitioner,623.3,531.0,281091.7,12,6,0.0016,0.0,44.4,114.0,270.7,0.0,29.5,153.4,11.3,18.29,4.73,43.43,-9.19,-20.98,458.6,73.58,3.0,Low-Volume / Low-Growth Prescribers
1000001019,NC,Endocrinology,2458.2,2150.0,1501287.1700000002,19,7,0.0064,205.10000000000002,222.5,749.1,389.8,0.0,703.4999999999999,176.20000000000002,12.0,30.47,28.62,15.86,173.15,86.32,2064.9,84.0,0.0,Diversified Prescribers
1000001037,MA,Family Practice,968.1999999999999,835.0,390266.60000000003,12,6,0.0025,212.0,63.300000000000004,46.9,283.59999999999997,0.0,295.7,66.69999999999999,0.0,4.84,30.54,29.29,-7.82,-44.89,689.5,71.21,3.0,Low-Volume / Low-Growth Prescribers
1000001040,CA,Internal Medicine,16531.4,14512.0,7599639.280000001,17,8,0.0429,1320.6,884.3,2394.5,2200.5,116.4,5441.6,3842.9,330.6,14.48,32.92,13.31,77.95,233.5,10920.9,66.06,0.0,Diversified Prescribers
1000001083,GA,Nurse Practitioner,3462.2,2997.0,1940813.6,15,7,0.009,0.0,267.4,837.9,637.9,9.9,967.7,554.2,187.2,24.2,27.95,18.42,795.46,93.92,2710.9,78.3,3.0,Low-Volume / Low-Growth Prescribers
1000001089,NC,Internal Medicine,1122.2,966.0,307336.35,13,7,0.0029,414.2,66.9,160.89999999999998,150.6,0.0,41.1,272.1,16.4,14.34,3.66,13.42,-33.38,66.1,419.5,37.38,3.0,Low-Volume / Low-Growth Prescribers
1000001090,FL,Physician Assistant,982.0999999999999,852.0,497157.93999999994,15,7,0.0026,103.8,56.699999999999996,302.5,156.7,0.0,117.5,187.4,57.5,30.8,11.96,15.96,291.17,15.39,633.4,64.49,3.0,Low-Volume / Low-Growth Prescribers
1000001095,PA,Endocrinology,2336.7000000000003,2057.0,1130233.62,20,7,0.0061,437.19999999999993,166.8,545.8,423.50000000000006,0.0,501.3,230.0,32.1,23.36,21.45,18.12,45.82,-8.86,1637.3999999999999,70.07,0.0,Diversified Prescribers
1000001098,NC,Family Practice,1008.2,882.0,563219.3300000001,18,7,0.0026,79.2,124.69999999999999,272.7,259.20000000000005,0.0,134.7,119.9,17.8,27.05,13.36,25.71,170.18,64.07,791.3,78.49,0.0,Diversified Prescribers
1000001104,CA,Nephrology,4597.099999999999,3959.0,1973791.7800000003,18,8,0.0119,692.1,816.4000000000001,621.3,1348.7000000000003,47.5,495.2,406.4,169.5,13.52,10.77,29.34,13.34,-50.69,3281.6000000000004,71.38,0.0,Diversified Prescribers
1000001111,NC,Internal Medicine,1259.7,1085.0,413648.11999999994,12,7,0.0033,489.4,114.4,94.3,334.3,1.2,152.3,73.8,0.0,7.49,12.09,26.54,-39.64,-36.5,695.3,55.2,3.0,Low-Volume / Low-Growth Prescribers
1000001119,TX,Endocrinology,40037.7,34750.0,22097487.53,19,7,0.104,7800.7,1731.8999999999999,12142.0,4338.299999999999,103.0,9858.9,4062.9000000000005,0.0,30.33,24.62,10.84,-33.63,41.04,28071.100000000002,70.11,1.0,High-Volume Core Prescribers
1000001124,CA,Family Practice,1035.3,899.0,308025.4000000001,14,6,0.0027,327.5,144.0,74.3,104.5,0.0,167.5,217.5,0.0,7.18,16.18,10.09,239.53,32.29,490.3,47.36,3.0,Low-Volume / Low-Growth Prescribers
1000001126,NY,Endocrinology,11717.5,10236.0,6846088.4,19,7,0.0304,1238.5,340.79999999999995,3620.7,2313.5,72.30000000000001,2955.9,1175.8000000000002,0.0,30.9,25.23,19.74,83.75,249.25,9230.900000000001,78.78,0.0,Diversified Prescribers
1000001132,TX,Endocrinology,11156.000000000002,9716.0,6720376.37,20,8,0.029,1539.0,234.0,3623.7,2050.2000000000003,39.2,2968.4999999999995,494.8,206.6,32.48,26.61,18.38,299.69,200.24,8876.4,79.57,0.0,Diversified Prescribers
1000001142,FL,Family Practice,10920.8,9484.0,5127572.470000001,17,7,0.0284,0.0,1740.5,1843.9,2479.7,157.3,2052.0,1924.4,723.0,16.88,18.79,22.71,214.23,-9.05,8116.099999999999,74.32,0.0,Diversified Prescribers
1000001162,AZ,Internal Medicine,5316.0,4669.0,3170674.5599999996,21,8,0.0138,476.1,397.50000000000006,1604.5,801.1999999999999,26.5,1215.6,716.0999999999999,78.5,30.18,22.87,15.07,63.97,370.93,4018.7999999999997,75.6,0.0,Diversified Prescribers
1000001170,TN,Family Practice,3727.6,3331.0,1714865.52,19,8,0.0097,386.6,284.7,813.8999999999999,799.3000000000001,13.5,566.5,816.4000000000001,46.7,21.83,15.2,21.44,-85.16,-81.73,2464.4,66.11,0.0,Diversified Prescribers
1000001171,FL,Cardiology,803.0999999999999,703.0,489524.3999999999,14,6,0.0021,0.0,64.2,196.60000000000002,239.19999999999996,0.0,246.10000000000002,41.9,15.1,24.48,30.64,29.78,34.98,-9.24,746.1,92.9,3.0,Low-Volume / Low-Growth Prescribers
1000001173,FL,Internal Medicine,900.6,788.0,384724.6,12,6,0.0023,228.7,31.4,160.7,263.3,0.0,150.1,66.4,0.0,17.84,16.67,29.24,-84.37,-85.1,605.5,67.23,3.0,Low-Volume / Low-Growth Prescribers
1000001175,CA,Internal Medicine,665.3,575.0,354491.29,12,6,0.0017,0.0,28.2,102.9,208.7,0.0,228.29999999999995,82.80000000000001,14.4,15.47,34.32,31.37,400.27,128.62,568.0999999999999,85.39,3.0,Low-Volume / Low-Growth Prescribers
1000001177,TX,Endocrinology,10651.7,9295.0,7144131.660000002,20,7,0.0277,0.0,754.8,3569.9,2623.8,17.7,2953.7999999999997,575.3,156.4,33.51,27.73,24.63,-0.01,65.36,9902.3,92.96,0.0,Diversified Prescribers
1000001187,IN,Endocrinology,34486.7,30076.0,16653911.270000001,20,8,0.0896,8972.1,2972.9000000000005,10686.599999999999,5626.1,212.8,2364.3,2932.8,719.1,30.99,6.86,16.31,-38.07,-19.07,21649.9,62.78,1.0,High-Volume Core Prescribers
1000001195,FL,Nurse Practitioner,16918.399999999998,14744.0,6799053.28,20,8,0.044,4177.1,1269.5,2313.5,5070.5,115.5,2080.8,1513.8,377.70000000000005,13.67,12.3,29.97,34.33,7.11,10734.3,63.45,0.0,Diversified Prescribers
1000001200,FL,Family Practice,2397.2,2068.0,1193049.53,16,6,0.0062,0.0,515.6,280.70000000000005,692.8000000000001,17.2,557.0,333.9,0.0,11.71,23.24,28.9,-90.02,-91.71,2046.1000000000004,85.35,0.0,Diversified Prescribers
1000001203,TX,Internal Medicine,1110.9,978.0,580001.39,18,8,0.0029,140.0,77.6,213.3,256.2,3.5,318.6,85.6,16.1,19.2,28.68,23.06,-77.75,-40.2,865.7,77.93,0.0,Diversified Prescribers
1000001205,FL,Family Practice,743.3000000000001,632.0,306890.24,15,7,0.0019,113.2,102.7,77.30000000000001,230.10000000000002,1.1,120.9,98.0,0.0,10.4,16.27,30.96,53.96,32.52,531.0,71.44,3.0,Low-Volume / Low-Growth Prescribers
1000001215,FL,Internal Medicine,14186.800000000001,12525.0,7131627.539999998,19,8,0.0369,1360.0,1761.8,3088.2,2882.0,50.5,2974.5,1528.1999999999998,541.6,21.77,20.97,20.31,-82.34,-78.25,10706.5,75.47,0.0,Diversified Prescribers
1000001229,IN,Internal Medicine,653.4000000000001,568.0,343461.36,17,6,0.0017,0.0,57.7,131.4,251.60000000000002,3.3000000000000003,100.9,108.5,0.0,20.11,15.44,38.51,3.76,22.87,541.6,82.89,3.0,Low-Volume / Low-Growth Prescribers
1000001233,IL,Endocrinology,8766.800000000001,7850.0,5204810.44,19,8,0.0228,839.0999999999999,823.8000000000001,2854.7,2682.9,13.3,1175.9,118.7,258.4,32.56,13.41,30.6,-66.46,34.91,7537.299999999999,85.98,0.0,Diversified Prescribers
1000001239,PA,Internal Medicine,1322.7,1154.0,688080.85,17,7,0.0034,200.89999999999998,153.8,291.4,331.79999999999995,0.0,208.5,120.19999999999999,16.1,22.03,15.76,25.09,48.35,111.36,985.5,74.51,3.0,Low-Volume / Low-Growth Prescribers
1000001246,NC,Endocrinology,2147.3999999999996,1890.0,1078930.3599999996,20,7,0.0056,343.1,126.19999999999999,538.4,556.6999999999999,0.0,325.1,227.29999999999998,30.6,25.07,15.14,25.92,-2.45,128.57,1546.4,72.01,0.0,Diversified Prescribers
1000001251,AZ,Internal Medicine,1138.2,989.0,718267.79,16,6,0.003,0.0,46.8,358.2,306.29999999999995,0.0,263.1,145.5,18.3,31.47,23.12,26.91,17.87,39.41,974.3999999999999,85.61,3.0,Low-Volume / Low-Growth Prescribers
1000001291,NC,Endocrinology,2758.6000000000004,2396.0,1858081.92,18,7,0.0072,198.4,83.1,1157.0,434.00000000000006,0.0,656.6,216.10000000000002,13.4,41.94,23.8,15.73,-18.02,-1.98,2330.7,84.49,0.0,Diversified Prescribers
1000001302,FL,Endocrinology,2192.4000000000005,1902.0,1176911.28,19,7,0.0057,213.3,114.3,526.5,458.0,0.0,616.5,221.0,42.8,24.01,28.12,20.89,-8.3,4.98,1715.3,78.24,0.0,Diversified Prescribers
1000001303,AZ,Internal Medicine,26889.399999999998,22999.0,9025855.08,13,8,0.0699,8006.299999999999,369.2,2895.6000000000004,7404.6,164.89999999999998,3557.6,2941.1,1550.1,10.77,13.23,27.54,105.15,532.49,14227.0,52.91,0.0,Diversified Prescribers
1000001306,FL,Family Practice,14896.400000000003,13007.0,8535642.25,16,7,0.0387,0.0,2644.0,5154.6,3259.8,114.00000000000001,534.0,2795.7000000000003,394.3,34.6,3.58,21.88,-30.46,-48.42,11592.400000000001,77.82,0.0,Diversified Prescribers
1000001326,NC,Internal Medicine,4078.0,3573.0,2509324.04,16,7,0.0106,0.0,215.20000000000002,1003.6,1538.4,31.3,1011.5999999999999,199.1,78.8,24.61,24.81,37.72,-52.12,5.1,3768.7999999999997,92.42,0.0,Diversified Prescribers
1000001331,PA,Family Practice,2910.3,2518.0,1299043.71,11,6,0.0076,733.7,172.3,421.90000000000003,1116.5,0.0,348.79999999999995,0.0,117.1,14.5,11.99,38.36,-24.27,147.91,2059.5,70.77,3.0,Low-Volume / Low-Growth Prescribers
1000001349,PA,Endocrinology,11973.100000000002,10390.0,5595954.549999999,21,8,0.0311,2313.3,857.8,2096.5,1917.4,16.9,3347.5,1354.3,69.4,17.51,27.96,16.01,43.65,10.73,8219.2,68.65,0.0,Diversified Prescribers
1000001354,NY,Internal Medicine,4172.900000000001,3565.0,1675970.9700000002,17,8,0.0108,1084.3,330.90000000000003,480.2,1014.6999999999999,7.6,856.8000000000002,170.0,228.39999999999998,11.51,20.53,24.32,16.45,-13.41,2682.6000000000004,64.29,0.0,Diversified Prescribers
1000001374,NY,Internal Medicine,35571.200000000004,30692.0,17385625.06,17,8,0.0924,3223.0,2404.7,7489.299999999999,10546.3,448.70000000000005,5710.7,5041.4,707.1,21.05,16.05,29.65,-46.98,-29.4,26151.0,73.52,1.0,High-Volume Core Prescribers
1000001393,TX,Internal Medicine,4219.7,3612.0,2325678.9,13,5,0.011,0.0,576.9,1136.4,1080.9,0.0,489.1,936.4,0.0,26.93,11.59,25.62,47.76,14.04,3283.3,77.81,3.0,Low-Volume / Low-Growth Prescribers
1000001397,FL,Internal Medicine,6204.5999999999985,5373.0,3139070.7,20,8,0.0161,1117.0,285.7,1163.6999999999998,2024.0,11.0,1233.5,191.7,178.0,18.76,19.88,32.62,183.01,639.72,4706.9,75.86,0.0,Diversified Prescribers
1000001399,IL,Family Practice,3867.8999999999996,3361.0,1585203.35,15,8,0.01,408.8,383.0,389.5,977.5999999999999,21.8,903.8,531.3,252.09999999999997,10.07,23.37,25.27,147.6,45.77,2653.8999999999996,68.61,3.0,Low-Volume / Low-Growth Prescribers
1000001407,MI,Family Practice,3596.499999999999,3096.0,1974053.52,14,8,0.0093,438.5,279.9,1056.6,608.8,26.7,805.1,249.2,131.7,29.38,22.39,16.93,20.66,-14.9,2750.3999999999996,76.47,3.0,Low-Volume / Low-Growth Prescribers
1000001422,TX,Endocrinology,12216.8,10578.0,8284170.789999999,19,6,0.0317,0.0,598.8000000000001,4388.4,1367.8999999999999,0.0,4295.1,1363.5,203.1,35.92,35.16,11.2,533.34,305.57,10650.199999999999,87.18,0.0,Diversified Prescribers
1000001427,NC,Physician Assistant,16479.0,14325.0,10314559.799999999,18,7,0.0428,0.0,465.1,4657.6,5731.900000000001,53.5,4205.2,1137.7,228.0,28.26,25.52,34.78,-21.57,108.35,15059.8,91.39,0.0,Diversified Prescribers
1000001428,OH,Family Practice,891.8000000000001,777.0,348566.54000000004,16,7,0.0023,73.7,55.599999999999994,70.8,223.4,1.1,241.8,225.4,0.0,7.94,27.11,25.05,7.21,-39.23,591.6,66.34,3.0,Low-Volume / Low-Growth Prescribers
1000001433,VA,Family Practice,3608.8,3098.0,1696384.3600000003,20,7,0.0094,0.0,428.40000000000003,301.3,1355.3000000000002,20.7,840.8999999999999,602.9,59.3,8.35,23.3,37.56,-0.68,676.27,2925.9,81.08,0.0,Diversified Prescribers
1000001434,NY,Endocrinology,43722.200000000004,38472.0,27078673.4,21,8,0.1136,3190.1,2624.4,11486.999999999998,6604.3,345.90000000000003,16681.4,1613.5,1175.6,26.27,38.15,15.11,293.17,179.6,37397.100000000006,85.53,1.0,High-Volume Core Prescribers
1000001453,OH,Family Practice,12578.7,10786.0,5540315.67,16,7,0.0327,1630.5,551.6,1548.9999999999998,5450.3,25.2,1945.2000000000003,1426.9,0.0,12.31,15.46,43.33,104.93,164.03,9496.1,75.49,0.0,Diversified Prescribers
1000001476,CA,Family Practice,827.9999999999999,721.0,241286.87000000005,13,8,0.0022,271.6,61.300000000000004,94.69999999999999,181.7,1.1,32.0,172.29999999999998,13.3,11.44,3.86,21.94,1091.73,84.52,369.7,44.65,3.0,Low-Volume / Low-Growth Prescribers
1000001479,OH,Internal Medicine,555.3,473.0,283752.19,10,5,0.0014,127.0,25.7,155.7,210.9,0.0,36.0,0.0,0.0,28.04,6.48,37.98,200.0,275.0,428.29999999999995,77.13,3.0,Low-Volume / Low-Growth Prescribers
1000001486,IL,Internal Medicine,658.2,567.0,352767.55000000005,13,6,0.0017,0.0,59.9,95.5,251.1,0.0,186.79999999999998,39.3,25.6,14.51,28.38,38.15,-47.36,-48.48,593.3,90.14,3.0,Low-Volume / Low-Growth Prescribers
1000001494,CA,Family Practice,3419.7,2979.0,2158233.11,13,7,0.0089,0.0,310.5,946.6000000000001,800.4,20.9,1006.0,161.0,174.3,27.68,29.42,23.41,-8.95,148.89,3063.5000000000005,89.58,3.0,Low-Volume / Low-Growth Prescribers
1000001500,NC,Internal Medicine,1096.1,955.0,600246.25,18,7,0.0028,80.1,93.9,259.2,315.09999999999997,0.0,210.49999999999997,125.4,11.9,23.65,19.2,28.75,61.04,64.44,878.6999999999998,80.17,0.0,Diversified Prescribers
1000001508,OH,Family Practice,5253.800000000001,4522.0,2754769.4299999997,18,7,0.0136,707.2,430.3,1561.8,1156.6,0.0,562.3,737.7,97.9,29.73,10.7,22.01,-23.9,248.75,3711.0,70.63,0.0,Diversified Prescribers
1000001509,TX,Family Practice,699.5999999999999,617.0,309719.8,14,7,0.0018,97.8,37.1,125.6,182.0,0.0,135.1,106.6,15.4,17.95,19.31,26.01,-45.96,-47.16,479.8,68.58,3.0,Low-Volume / Low-Growth Prescribers
1000001514,PA,Internal Medicine,5090.9,4381.0,2173851.59,17,7,0.0132,1097.6,704.2,556.4,1071.4,0.0,1149.5,408.6,103.2,10.93,22.58,21.05,142.58,24.22,3481.5000000000005,68.39,0.0,Diversified Prescribers
1000001515,MI,Endocrinology,9552.1,8456.0,5775635.879999999,20,8,0.0248,425.0,547.8,3267.6000000000004,1785.8000000000002,31.9,2438.7,920.2,135.1,34.21,25.53,18.7,93.83,-24.52,8039.900000000001,84.17,0.0,Diversified Prescribers
1000001559,TN,Nurse Practitioner,33461.4,29365.0,20499163.0,18,6,0.0869,0.0,2089.7,10049.0,12672.300000000001,316.5,3776.8,4557.1,0.0,30.03,11.29,37.87,337.66,98.22,28587.800000000003,85.44,1.0,High-Volume Core Prescribers
1000001574,FL,Internal Medicine,14129.599999999999,12379.0,4790386.35,18,8,0.0367,4393.9,1651.0,1810.8999999999999,3440.0,67.9,596.0999999999999,1987.2,182.6,12.82,4.22,24.35,131.2,152.13,7498.0,53.07,0.0,Diversified Prescribers
1000001587,TX,Internal Medicine,21297.1,18600.0,9615379.08,19,7,0.0553,4122.9,2514.0,3272.9,3980.0,131.20000000000002,4815.2,2460.9,0.0,15.37,22.61,18.69,-5.99,-54.17,14582.1,68.47,0.0,Diversified Prescribers
1000001591,MI,Nephrology,2761.7,2343.0,1410515.98,15,7,0.0072,0.0,313.9,623.7,799.2,6.4,416.99999999999994,436.4,165.10000000000002,22.58,15.1,28.94,33.36,484.76,2153.8,77.99,3.0,Low-Volume / Low-Growth Prescribers
1000001592,FL,Endocrinology,11216.9,9765.0,7186808.0600000005,18,7,0.0291,1043.6,861.4,3876.7,1900.1,46.5,3075.2999999999997,413.3,0.0,34.56,27.42,16.94,73.0,5.31,9713.5,86.6,0.0,Diversified Prescribers
1000001599,MA,Nurse Practitioner,3760.300000000001,3314.0,1302609.12,13,7,0.0098,1215.6,337.5,78.7,801.7,0.0,1017.7,142.8,166.3,2.09,27.06,21.32,-21.78,145.38,2235.6000000000004,59.45,3.0,Low-Volume / Low-Growth Prescribers
1000001602,FL,Internal Medicine,4526.8,3799.0,2128286.8800000004,17,7,0.0118,632.1,583.8000000000001,1026.5,1004.8,0.0,491.5,571.3,216.79999999999998,22.68,10.86,22.2,,531.4,3106.6000000000004,68.63,,
1000001607,CA,Family Practice,11032.3,9389.0,4510669.61,15,8,0.0287,2426.0,1320.2,2514.6000000000004,1152.7,39.9,1281.7,1980.3,316.9,22.79,11.62,10.45,191.34,-13.24,6269.2,56.83,0.0,Diversified Prescribers
1000001614,FL,Internal Medicine,1103.6999999999998,943.0,411820.69999999995,17,7,0.0029,209.3,41.2,141.0,314.7,0.0,174.6,206.49999999999997,16.4,12.78,15.82,28.51,233.18,89.18,671.5,60.84,3.0,Low-Volume / Low-Growth Prescribers
1000001631,MI,Internal Medicine,4812.1,4222.0,1387969.15,15,7,0.0125,1510.1,505.09999999999997,319.4,589.1,13.1,763.5999999999999,1111.6999999999998,0.0,6.64,15.87,12.24,125.22,315.73,2177.2,45.24,3.0,Low-Volume / Low-Growth Prescribers
1000001636,NY,Internal Medicine,3619.0,3182.0,1719039.0899999999,17,6,0.0094,0.0,608.5,123.7,1126.4,0.0,1259.8,342.9,157.7,3.42,34.81,31.12,41.5,44.55,3118.4,86.17,0.0,Diversified Prescribers
1000001642,CA,Internal Medicine,3466.2000000000007,3002.0,1698409.8600000003,15,7,0.009,580.0,424.5,727.0000000000001,1282.6000000000001,15.7,332.4,0.0,104.0,20.97,9.59,37.0,-43.85,-62.71,2766.5,79.81,0.0,Diversified Prescribers
1000001644,AZ,Endocrinology,2384.6,2068.0,1430941.88,17,7,0.0062,440.9,67.6,783.9000000000001,268.4,0.0,691.6,103.3,28.9,32.87,29.0,11.26,31.46,191.41,1811.5,75.97,0.0,Diversified Prescribers
1000001647,PA,Family Practice,10684.9,9376.0,4976403.630000001,14,8,0.0278,1750.0,1378.8,2216.3999999999996,3383.7999999999997,80.89999999999999,727.7,667.2,480.1,20.74,6.81,31.67,-75.33,-49.22,7706.699999999999,72.13,0.0,Diversified Prescribers
1000001648,OH,Family Practice,39020.3,33879.0,17097154.370000005,16,8,0.1014,8047.9,3472.9,2418.8,9135.8,144.3,13315.0,1346.9,1138.7,6.2,34.12,23.41,0.2,82.2,28342.5,72.64,1.0,High-Volume Core Prescribers
1000001656,MI,Internal Medicine,3891.2000000000003,3431.0,1808262.92,16,7,0.0101,1005.8,663.5,786.0999999999999,613.8000000000001,13.6,591.3,217.1,0.0,20.2,15.2,15.77,-41.9,-23.54,2654.7,68.22,0.0,Diversified Prescribers
1000001677,TX,Internal Medicine,4662.699999999999,4091.0,2613422.1999999997,15,7,0.0121,551.3,178.4,1203.7,1420.3,20.2,933.2,355.6,0.0,25.82,20.01,30.46,260.25,-6.98,3735.6000000000004,80.12,0.0,Diversified Prescribers
1000001678,TX,Endocrinology,2492.8,2151.0,1398173.57,20,8,0.0065,281.7,47.5,740.6999999999999,496.40000000000003,3.4,577.0,315.59999999999997,30.5,29.71,23.15,19.91,-17.74,11.56,1861.6,74.68,0.0,Diversified Prescribers
1000001688,CA,Family Practice,18806.4,16274.0,8768404.01,17,7,0.0489,3625.5,913.8000000000001,2780.0,7093.0,37.3,2993.9,1362.9,0.0,14.78,15.92,37.72,501.9,268.96,13780.7,73.28,0.0,Diversified Prescribers
1000001694,GA,Internal Medicine,16079.6,14053.0,7600511.299999999,15,7,0.0418,2145.3,2029.1,2133.1,3444.7,236.0,3831.3,2260.1,0.0,13.27,23.83,21.42,26.39,128.53,11438.2,71.13,0.0,Diversified Prescribers
1000001716,TX,Endocrinology,1844.1999999999998,1585.0,1167367.8499999999,19,8,0.0048,91.3,134.2,586.9,252.5,3.5,580.5,131.8,63.5,31.82,31.48,13.69,-46.36,70.82,1554.1000000000001,84.27,0.0,Diversified Prescribers
1000001723,NY,Endocrinology,31468.2,27135.0,20291460.130000003,20,8,0.0817,1368.5,2250.2999999999997,11405.8,5571.6,114.2,6892.7,3229.4999999999995,635.6,36.25,21.9,17.71,130.59,68.14,26120.4,83.01,1.0,High-Volume Core Prescribers
1000001734,NY,Endocrinology,2423.2,2098.0,1708910.04,19,7,0.0063,92.8,104.7,1081.0,413.30000000000007,0.0,538.2,181.1,12.1,44.61,22.21,17.06,163.81,46.99,2137.2000000000003,88.2,0.0,Diversified Prescribers
1000001738,MA,Internal Medicine,815.1,701.0,364453.44999999995,16,7,0.0021,125.4,54.0,172.7,207.3,1.1,110.1,144.5,0.0,21.19,13.51,25.43,-66.4,-44.03,544.0999999999999,66.75,3.0,Low-Volume / Low-Growth Prescribers
1000001745,OH,Internal Medicine,4211.1,3662.0,2007546.5600000003,14,6,0.0109,0.0,623.5,1149.5,194.7,0.0,716.3,1373.3999999999999,153.7,27.3,17.01,4.62,-70.72,-63.48,2684.0,63.74,3.0,Low-Volume / Low-Growth Prescribers
1000001750,PA,Internal Medicine,3659.8999999999996,3166.0,1635864.87,16,7,0.0095,554.7,223.8,467.6,1178.7,13.0,862.5999999999999,359.5,0.0,12.78,23.57,32.21,-9.74,-1.81,2732.7,74.67,0.0,Diversified Prescribers
1000001752,FL,Endocrinology,10888.7,9424.0,6399057.6,20,8,0.0283,964.9,350.29999999999995,3275.7000000000003,2091.8,9.3,2947.0,975.0,274.7,30.08,27.06,19.21,-51.54,101.87,8664.800000000001,79.58,0.0,Diversified Prescribers
1000001758,TN,Endocrinology,1981.6000000000001,1739.0,1120561.95,17,7,0.0051,251.70000000000002,57.1,600.9,393.69999999999993,0.0,470.4,150.0,57.8,30.32,23.74,19.87,206.34,46.28,1522.1,76.81,0.0,Diversified Prescribers
1000001772,CA,Nurse Practitioner,4013.7999999999993,3444.0,1840892.4799999997,16,7,0.0104,662.9,268.6,453.7,1512.8,6.7,923.0,186.1,0.0,11.3,23.0,37.69,-71.84,-47.33,3158.1000000000004,78.68,0.0,Diversified Prescribers
1000001779,TX,Nurse Practitioner,1125.4,979.0,466710.9800000001,13,6,0.0029,330.7,56.5,242.9,156.7,0.0,180.60000000000002,158.0,0.0,21.58,16.05,13.92,-71.54,-59.21,636.7,56.58,3.0,Low-Volume / Low-Growth Prescribers
1000001787,NY,Family Practice,1377.3999999999999,1218.0,640550.1799999999,16,7,0.0036,326.2,98.39999999999999,298.0,340.6,0.0,180.7,122.2,11.3,21.63,13.12,24.73,-5.67,37.58,917.7,66.63,3.0,Low-Volume / Low-Growth Prescribers
1000001810,NY,Family Practice,6180.0,5383.0,3929211.7,15,6,0.0161,0.0,929.0,2204.6,1378.6999999999998,0.0,766.1,845.0,56.6,35.67,12.4,22.31,23.26,98.57,5278.4,85.41,0.0,Diversified Prescribers
1000001823,FL,Family Practice,802.5,720.0,316462.32999999996,15,8,0.0021,207.7,37.6,115.9,199.5,3.3,123.0,84.19999999999999,31.3,14.44,15.33,24.86,-70.18,139.21,476.0,59.31,3.0,Low-Volume / Low-Growth Prescribers
1000001826,VA,Endocrinology,2412.1,2073.0,1514553.3800000001,19,7,0.0063,126.1,45.1,788.4,319.1,0.0,806.3,290.40000000000003,36.7,32.69,33.43,13.23,120.11,175.54,1958.8999999999996,81.21,0.0,Diversified Prescribers
1000001828,PA,Family Practice,13597.0,11785.0,3921797.8999999994,14,7,0.0353,4227.0,592.9,1185.9,4481.099999999999,104.69999999999999,398.2,2607.2,0.0,8.72,2.93,32.96,-75.87,-48.75,6658.099999999999,48.97,0.0,Diversified Prescribers
1000001829,CA,Internal Medicine,4679.9,4027.0,1611233.97,17,8,0.0122,1669.6,604.3,406.79999999999995,1098.3999999999999,11.6,624.3,179.3,85.6,8.69,13.34,23.47,-4.8,-4.53,2733.7999999999997,58.42,0.0,Diversified Prescribers
1000001830,CA,Cardiology,877.1,765.0,321401.16,14,7,0.0023,205.10000000000002,112.80000000000001,102.6,201.39999999999998,0.0,99.3,143.9,12.0,11.7,11.32,22.96,-2.91,-71.56,516.0999999999999,58.84,3.0,Low-Volume / Low-Growth Prescribers
1000001833,PA,Family Practice,737.5,644.0,370868.76000000007,14,5,0.0019,0.0,0.0,149.4,314.1,0.0,117.5,106.8,49.7,20.26,15.93,42.59,-68.87,63.05,581.0,78.78,3.0,Low-Volume / Low-Growth Prescribers
1000001842,NC,Internal Medicine,14475.599999999999,12433.0,9552185.95,15,6,0.0376,0.0,345.9,5114.200000000001,4722.0,29.8,3028.0,1235.6999999999998,0.0,35.33,20.92,32.62,32.77,793.05,13210.1,91.26,0.0,Diversified Prescribers
1000001857,PA,Internal Medicine,731.8999999999999,631.0,464971.37,15,5,0.0019,0.0,57.599999999999994,214.3,209.89999999999998,0.0,168.5,81.6,0.0,29.28,23.02,28.68,163.53,1132.65,650.3,88.85,3.0,Low-Volume / Low-Growth Prescribers
1000001858,IN,Nurse Practitioner,19700.800000000003,17095.0,8564206.260000002,18,8,0.0512,3358.7,1259.0,2732.9,2145.0,26.4,5980.200000000001,3705.7,492.9,13.87,30.36,10.89,52.59,1571.04,12117.1,61.51,0.0,Diversified Prescribers
1000001880,OH,Family Practice,743.8,640.0,415615.4700000001,13,7,0.0019,103.8,58.7,188.6,165.3,0.0,179.89999999999998,33.1,14.4,25.36,24.19,22.22,296.26,358.93,592.5,79.66,3.0,Low-Volume / Low-Growth Prescribers
1000001889,IL,Nephrology,488.19999999999993,432.0,228913.20000000004,7,5,0.0013,0.0,99.0,29.799999999999997,102.80000000000001,0.0,163.2,93.4,0.0,6.1,33.43,21.06,16.1,-7.2,394.8,80.87,3.0,Low-Volume / Low-Growth Prescribers
1000001894,VA,Internal Medicine,4499.4,3946.0,2108457.04,18,7,0.0117,1057.6,219.2,762.2,1314.8,22.8,1030.7,0.0,92.1,16.94,22.91,29.22,-21.92,-66.02,3326.9,73.94,0.0,Diversified Prescribers
1000001910,CA,Internal Medicine,704.0999999999999,616.0,352762.5900000001,15,7,0.0018,0.0,156.8,95.5,222.0,3.5,128.8,68.80000000000001,28.7,13.56,18.29,31.53,-30.22,-23.1,603.1,85.66,3.0,Low-Volume / Low-Growth Prescribers
1000001927,MI,Internal Medicine,5811.599999999999,5044.0,2686500.97,13,7,0.0151,1292.2,241.3,1228.1000000000001,294.4,0.0,1758.3999999999999,901.0,96.2,21.13,30.26,5.07,49.49,12.77,3522.2000000000003,60.61,3.0,Low-Volume / Low-Growth Prescribers
1000001934,MI,Family Practice,4487.799999999999,3932.0,2310816.92,15,7,0.0117,549.3,303.5,958.7,641.2,0.0,1316.1,419.0,300.0,21.36,29.33,14.29,29.08,160.24,3219.5,71.74,0.0,Diversified Prescribers
1000001943,CA,Family Practice,980.3,868.0,493648.86000000004,14,8,0.0025,118.0,62.0,179.6,261.3,2.4,216.8,122.4,17.8,18.32,22.12,26.66,339.71,996.59,719.7,73.42,3.0,Low-Volume / Low-Growth Prescribers
1000001966,IL,Internal Medicine,894.1999999999999,789.0,521009.82999999996,16,7,0.0023,0.0,50.4,210.3,311.8,4.6,208.9,77.3,30.9,23.52,23.36,34.87,-13.33,-38.19,781.4000000000001,87.39,3.0,Low-Volume / Low-Growth Prescribers
1000001967,CA,Internal Medicine,5092.4,4344.0,2661043.9,17,6,0.0132,1171.8,428.3,1141.3,1332.2,0.0,892.0999999999999,0.0,126.69999999999999,22.41,17.52,26.16,-36.33,-17.85,3793.8999999999996,74.5,0.0,Diversified Prescribers
1000001973,VA,Internal Medicine,3832.8,3305.0,1853907.3,15,6,0.01,0.0,357.5,508.20000000000005,971.1,14.4,1213.8,767.8,0.0,13.26,31.67,25.34,-22.92,-45.05,3050.6,79.59,0.0,Diversified Prescribers
1000001975,IN,Physician Assistant,4291.999999999999,3722.0,1757978.73,16,7,0.0111,0.0,441.30000000000007,440.0,1714.5,21.3,353.7,1102.9,218.29999999999998,10.25,8.24,39.95,80.79,114.99,2949.5,68.72,0.0,Diversified Prescribers
1000001985,PA,Endocrinology,1632.6,1428.0,793912.3099999999,20,8,0.0042,320.4,107.10000000000002,354.7,318.40000000000003,3.5,371.29999999999995,97.30000000000001,59.900000000000006,21.73,22.74,19.5,120.08,96.62,1151.5,70.53,0.0,Diversified Prescribers
1000001995,CA,Family Practice,1108.0,967.0,512457.94999999995,18,7,0.0029,245.3,86.6,208.1,233.1,0.0,197.39999999999998,110.4,27.1,18.78,17.82,21.04,216.77,234.35,725.2,65.45,3.0,Low-Volume / Low-Growth Prescribers
1000002006,MI,Internal Medicine,3327.6,2855.0,1770105.5900000003,13,6,0.0086,0.0,106.2,732.6,885.8999999999999,0.0,960.5,510.0,132.4,22.02,28.86,26.62,60.12,30.74,2685.2,80.69,3.0,Low-Volume / Low-Growth Prescribers
1000002008,TN,Endocrinology,7750.3,6824.0,5091765.59,19,8,0.0201,558.0,680.4000000000001,3602.9000000000005,1084.1,14.2,933.6999999999999,800.4000000000001,76.6,46.49,12.05,13.99,188.69,24.97,6301.1,81.3,0.0,Diversified Prescribers
1000002017,GA,Nurse Practitioner,16457.600000000002,14505.0,6815616.800000001,20,8,0.0428,3984.5,918.6999999999999,2682.5,4912.5,232.20000000000002,1839.0,1433.1,455.1,16.3,11.17,29.85,93.85,-48.63,10352.7,62.91,0.0,Diversified Prescribers
1000002021,TX,Family Practice,719.1999999999999,633.0,365276.1,13,7,0.0019,0.0,146.0,76.2,273.70000000000005,2.2,135.9,73.3,11.9,10.6,18.9,38.06,-12.91,27.96,631.8000000000001,87.85,3.0,Low-Volume / Low-Growth Prescribers
1000002024,CA,Internal Medicine,3311.1999999999994,2881.0,1428236.33,13,7,0.0086,557.0,751.8,215.0,1019.0999999999999,13.3,693.9000000000001,0.0,61.1,6.49,20.96,30.78,45.46,-47.94,2679.8,80.93,3.0,Low-Volume / Low-Growth Prescribers
1000002029,TN,Family Practice,901.7,776.0,455033.5,13,7,0.0023,91.0,185.39999999999998,240.0,220.7,0.0,24.4,109.4,30.799999999999997,26.62,2.71,24.48,-0.81,-3.05,670.5,74.36,3.0,Low-Volume / Low-Growth Prescribers
1000002031,IN,Family Practice,639.6,562.0,280923.58999999997,11,6,0.0017,136.2,84.5,173.6,62.7,0.0,43.2,139.39999999999998,0.0,27.14,6.75,9.8,-53.2,6.63,364.0,56.91,3.0,Low-Volume / Low-Growth Prescribers
1000002034,CA,Family Practice,11431.5,10055.0,6207309.229999999,13,7,0.0297,0.0,76.2,2626.4,1458.4,232.3,4418.700000000001,2341.8,277.7,22.98,38.65,12.76,-64.84,-30.22,8579.7,75.05,0.0,Diversified Prescribers
1000002041,AZ,Family Practice,5692.9,5030.0,3026187.62,19,7,0.0148,1194.9,265.9,1895.6999999999998,899.7,21.8,747.6999999999999,667.2,0.0,33.3,13.13,15.8,3.46,208.28,3809.0,66.91,0.0,Diversified Prescribers
1000002049,PA,Endocrinology,2341.5,2008.0,1318943.7499999998,19,8,0.0061,398.40000000000003,130.3,676.3,397.40000000000003,2.2,592.9,129.89999999999998,14.1,28.88,25.32,16.97,-4.32,115.35,1796.8999999999999,76.74,0.0,Diversified Prescribers
1000002050,FL,Internal Medicine,720.1,639.0,317065.16000000003,14,6,0.0019,191.6,37.8,145.7,227.4,0.0,75.9,41.7,0.0,20.23,10.54,31.58,-91.59,-88.11,486.79999999999995,67.6,3.0,Low-Volume / Low-Growth Prescribers
1000002058,MI,Family Practice,743.4000000000002,654.0,168521.72,12,7,0.0019,335.70000000000005,62.6,36.4,124.8,0.0,47.0,119.70000000000002,17.2,4.9,6.32,16.79,61.91,-37.02,270.8,36.43,3.0,Low-Volume / Low-Growth Prescribers
1000002069,NY,Internal Medicine,4954.0,4256.0,2761304.04,17,8,0.0129,607.5,177.79999999999998,1309.3,1409.7,7.3,1022.9999999999999,282.20000000000005,137.2,26.43,20.65,28.46,1128.15,71.62,3919.8,79.12,0.0,Diversified Prescribers
1000002080,MA,Endocrinology,80267.3,69648.0,43848210.18,22,8,0.2085,8752.0,4338.0,21945.1,14913.6,482.59999999999997,19926.9,8361.199999999999,1547.9,27.34,24.83,18.58,146.0,30.57,61123.6,76.15,1.0,High-Volume Core Prescribers
1000002095,FL,Family Practice,729.0,628.0,290873.73,14,7,0.0019,0.0,156.9,35.400000000000006,194.89999999999998,2.4,132.79999999999998,173.2,33.4,4.86,18.22,26.74,164.56,52.28,520.0,71.33,3.0,Low-Volume / Low-Growth Prescribers
1000002098,IN,Family Practice,3175.7999999999997,2813.0,1912993.79,16,7,0.0083,0.0,469.0,878.3,1373.9,33.1,159.5,156.4,105.6,27.66,5.02,43.26,-44.37,31.63,2880.7,90.71,0.0,Diversified Prescribers
1000002099,OH,Internal Medicine,21948.300000000007,19160.0,7970773.35,14,7,0.057,0.0,1522.9,1748.0,6222.199999999999,196.7,4281.0,6391.5,1586.0000000000002,7.96,19.5,28.35,-73.6,43.47,13774.099999999999,62.76,0.0,Diversified Prescribers
1000002124,AZ,Cardiology,934.1,805.0,458420.68,18,8,0.0024,118.0,118.1,231.5,282.0,2.2,42.7,126.4,13.2,24.78,4.57,30.19,21.74,57.45,674.3,72.19,3.0,Low-Volume / Low-Growth Prescribers
1000002129,GA,Internal Medicine,17025.300000000003,14953.0,5431207.2299999995,18,8,0.0442,6618.700000000001,1811.2,2483.7,3181.4,150.4,340.7,2072.3,366.9,14.59,2.0,18.69,-45.12,-2.3,7817.0,45.91,0.0,Diversified Prescribers
1000002140,MI,Family Practice,13063.900000000001,11571.0,5555036.68,17,7,0.0339,1525.5,844.2,1335.5,4947.9,83.2,2302.9,2024.7,0.0,10.22,17.63,37.87,-4.2,195.05,9430.5,72.19,0.0,Diversified Prescribers
1000002148,GA,Internal Medicine,17815.7,15312.0,5886639.659999999,19,7,0.0463,5942.6,1655.0,2623.7999999999997,2592.2,289.0,1862.3999999999999,2850.7000000000003,0.0,14.73,10.45,14.55,-72.15,-82.1,8733.4,49.02,0.0,Diversified Prescribers
1000002154,TX,Endocrinology,33500.3,29690.0,22088298.21,18,8,0.087,1901.1,1780.1999999999998,10166.8,3318.9000000000005,251.7,13887.2,1648.7,545.7,30.35,41.45,9.91,120.14,230.43,29153.100000000002,87.02,1.0,High-Volume Core Prescribers
1000002157,FL,Internal Medicine,524.1,461.0,367124.68000000005,12,5,0.0014,0.0,47.6,207.6,235.20000000000002,0.0,20.8,0.0,12.9,39.61,3.97,44.88,423.2,133.94,511.20000000000005,97.54,3.0,Low-Volume / Low-Growth Prescribers
1000002162,FL,Internal Medicine,12051.000000000002,10540.0,3238009.7599999993,15,7,0.0313,4023.4,1085.1999999999998,0.0,2929.3,43.5,1982.0,648.8,1338.8,0.0,16.45,24.31,-56.79,-44.99,5996.5,49.76,0.0,Diversified Prescribers
1000002171,AZ,Endocrinology,9527.3,8319.0,4919165.67,20,8,0.0248,1012.9000000000001,742.7,1845.6000000000001,2111.0,18.9,2799.5,845.3,151.39999999999998,19.37,29.38,22.16,61.34,4.64,7498.8,78.71,0.0,Diversified Prescribers
1000002196,NC,Internal Medicine,13220.8,11648.0,3877678.46,15,8,0.0343,4344.299999999999,2026.9999999999998,796.2,2214.8999999999996,23.7,1398.6000000000001,1895.1,521.0,6.02,10.58,16.75,-79.3,-13.42,6436.7,48.69,0.0,Diversified Prescribers
1000002201,MI,Endocrinology,2078.7999999999997,1802.0,1194504.2599999998,18,7,0.0054,122.1,96.69999999999999,490.2,407.29999999999995,0.0,744.5999999999999,206.1,11.8,23.58,35.82,19.59,-18.26,41.61,1738.8,83.64,0.0,Diversified Prescribers
1000002209,IN,Nurse Practitioner,976.9000000000001,838.0,505391.51999999996,13,7,0.0025,164.39999999999998,82.2,278.90000000000003,243.4,0.0,116.30000000000001,42.6,49.099999999999994,28.55,11.91,24.92,-83.52,-85.75,720.8000000000001,73.78,3.0,Low-Volume / Low-Growth Prescribers
1000002243,MA,Nephrology,6583.999999999998,5824.0,2598191.19,18,8,0.0171,1991.6,698.8,1134.5,1371.1,8.9,644.8,659.4,74.9,17.23,9.79,20.82,-62.86,-49.5,3849.2,58.46,0.0,Diversified Prescribers
1000002276,MI,Family Practice,935.5000000000002,805.0,346955.06999999995,14,7,0.0024,235.89999999999998,99.9,168.3,153.7,4.6000000000000005,94.3,178.8,0.0,17.99,10.08,16.43,-42.24,-70.21,516.2,55.18,3.0,Low-Volume / Low-Growth Prescribers
1000002306,MI,Endocrinology,61504.999999999985,53153.0,27044689.289999995,21,8,0.1598,9753.2,2418.8,10215.0,19863.2,461.1,11092.099999999999,5948.700000000001,1752.9,16.61,18.03,32.3,0.26,-15.92,43589.1,70.87,1.0,High-Volume Core Prescribers
1000002311,CA,Nurse Practitioner,5315.400000000001,4594.0,2182428.789999999,18,7,0.0138,984.7,187.8,404.6,2298.1000000000004,15.5,964.8000000000001,459.9,0.0,7.61,18.15,43.23,46.93,-3.77,3855.3,72.53,0.0,Diversified Prescribers
1000002323,VA,Internal Medicine,948.3000000000002,840.0,377148.0799999999,16,7,0.0025,94.5,70.3,106.4,263.9,0.0,164.3,213.8,35.1,11.22,17.33,27.83,4.5,26.85,604.9000000000001,63.79,3.0,Low-Volume / Low-Growth Prescribers
1000002324,TX,Family Practice,12834.2,11273.0,7430804.9,16,6,0.0333,0.0,1203.1,1833.9,5171.9,116.5,3907.8,601.0,0.0,14.29,30.45,40.3,99.15,617.61,12116.7,94.41,0.0,Diversified Prescribers
1000002338,TX,Endocrinology,37133.70000000001,31643.0,19752119.230000004,21,8,0.0965,4654.5,3336.9,9714.400000000001,5604.800000000001,163.8,8076.7,4910.8,671.8000000000001,26.16,21.75,15.09,43.88,187.44,26732.800000000003,71.99,1.0,High-Volume Core Prescribers
1000002347,PA,Internal Medicine,556.2,475.0,333165.0,13,4,0.0014,0.0,56.1,139.1,304.59999999999997,0.0,56.400000000000006,0.0,0.0,25.01,10.14,54.76,52.45,-73.93,556.1999999999999,100.0,3.0,Low-Volume / Low-Growth Prescribers
1000002373,FL,Internal Medicine,4425.799999999999,3878.0,1992551.2699999998,16,8,0.0115,476.2,55.1,633.5999999999999,1175.8999999999999,14.9,1264.6999999999998,750.9,54.5,14.32,28.58,26.57,235.82,-20.71,3129.2999999999993,70.71,0.0,Diversified Prescribers
1000002378,MI,Internal Medicine,535.0999999999999,469.0,227929.33999999997,11,6,0.0014,0.0,0.0,39.4,172.4,2.4,174.60000000000002,113.1,33.2,7.36,32.63,32.22,-98.09,-98.33,386.40000000000003,72.21,3.0,Low-Volume / Low-Growth Prescribers
1000002384,IN,Internal Medicine,425.7999999999999,370.0,240580.50000000003,9,5,0.0011,0.0,17.5,54.4,115.70000000000002,0.0,202.5,0.0,35.7,12.78,47.56,27.17,323.55,101.65,390.1,91.62,3.0,Low-Volume / Low-Growth Prescribers
1000002385,IN,Family Practice,4720.1,4124.0,2377923.32,13,6,0.0123,0.0,737.0,339.0,2043.5,0.0,1193.3,186.8,220.5,7.18,25.28,43.29,40.63,-7.32,4312.8,91.37,3.0,Low-Volume / Low-Growth Prescribers
1000002406,TX,Internal Medicine,572.1,509.0,249827.47,14,7,0.0015,101.5,22.8,104.6,149.0,2.2,78.6,113.4,0.0,18.28,13.74,26.04,11.09,602.21,355.0,62.05,3.0,Low-Volume / Low-Growth Prescribers
1000002428,GA,Internal Medicine,891.0999999999999,774.0,407268.68999999994,15,7,0.0023,167.8,112.7,140.5,272.5,1.2,132.7,63.7,0.0,15.77,14.89,30.58,-71.11,-62.79,658.4,73.89,3.0,Low-Volume / Low-Growth Prescribers
1000002431,CA,Family Practice,4736.5,4076.0,1684940.48,15,7,0.0123,1057.3,217.70000000000002,289.0,1512.1,0.0,1061.0,412.79999999999995,186.6,6.1,22.4,31.92,184.8,-9.38,3079.8,65.02,3.0,Low-Volume / Low-Growth Prescribers
1000002439,FL,Endocrinology,37302.2,32875.0,20016300.740000002,21,8,0.0969,5136.200000000001,1701.6999999999998,10374.800000000001,6413.9,115.19999999999999,8144.6,4403.0,1012.8,27.81,21.83,17.19,-40.28,160.96,26635.0,71.4,1.0,High-Volume Core Prescribers
1000002447,TX,Internal Medicine,5005.5,4391.0,2070200.31,20,8,0.013,1019.7,464.5,733.9000000000001,959.1999999999999,7.2,1078.1,663.2,79.7,14.66,21.54,19.16,-86.86,-86.05,3235.7,64.64,0.0,Diversified Prescribers
1000002479,CA,Family Practice,16780.7,14613.0,6019596.760000001,16,7,0.0436,3880.0,2614.5,1329.1,5934.8,0.0,1075.7,1460.4,486.2,7.92,6.41,35.37,93.0,17.04,10954.1,65.28,0.0,Diversified Prescribers
1000002480,TX,Internal Medicine,4618.6,4037.0,2720150.1399999997,20,7,0.012,0.0,488.6,1334.9,897.6,26.6,1065.2,678.1,127.6,28.9,23.06,19.43,8.48,13.93,3786.3,81.98,0.0,Diversified Prescribers
1000002486,NY,Internal Medicine,783.5,689.0,310953.39999999997,13,7,0.002,221.3,74.4,101.4,201.8,0.0,116.6,48.5,19.5,12.94,14.88,25.76,-3.92,-11.37,494.2,63.08,3.0,Low-Volume / Low-Growth Prescribers
1000002505,NY,Endocrinology,43011.5,37278.0,21378361.630000003,20,8,0.1117,5976.8,1430.0000000000002,7582.900000000001,8163.0,349.8,13520.099999999999,4752.6,1236.3,17.63,31.43,18.98,142.78,50.41,30696.0,71.37,1.0,High-Volume Core Prescribers
1000002508,TX,Nurse Practitioner,651.1,557.0,423322.95,12,5,0.0017,0.0,24.7,285.0,150.2,0.0,71.80000000000001,119.4,0.0,43.77,11.03,23.07,5.18,747.47,531.7,81.66,3.0,Low-Volume / Low-Growth Prescribers
1000002530,NC,Family Practice,36497.5,32737.0,12843171.14,20,8,0.0948,8049.2,2552.9,5522.799999999999,7353.3,427.6,3507.6,8645.800000000001,438.3,15.13,9.61,20.15,-18.76,-46.6,18936.6,51.88,1.0,High-Volume Core Prescribers
1000002535,TN,Family Practice,16224.000000000002,14236.0,5573930.8,19,8,0.0421,3704.6,1336.3,986.5,3894.9,25.0,3100.3999999999996,2621.2,555.1,6.08,19.11,24.01,-86.88,-78.96,9318.1,57.43,0.0,Diversified Prescribers
1000002538,IL,Family Practice,5053.799999999999,4413.0,2320312.77,15,8,0.0131,1091.6999999999998,306.3,1153.0,921.5000000000001,10.9,735.8,538.4,296.2,22.81,14.56,18.23,178.72,-3.78,3116.6,61.67,3.0,Low-Volume / Low-Growth Prescribers
1000002547,CA,Internal Medicine,16666.800000000003,14364.0,7201437.66,14,7,0.0433,3377.0,1591.1,2888.7,5494.9,111.4,1128.5,2075.2,0.0,17.33,6.77,32.97,10.53,21.83,11103.199999999999,66.62,0.0,Diversified Prescribers
1000002555,CA,Physician Assistant,6031.900000000001,5257.0,2848670.6799999997,19,7,0.0157,1661.3000000000002,408.5,1527.4,980.3,17.9,796.9,639.6,0.0,25.32,13.21,16.25,51.75,8.54,3713.1000000000004,61.56,0.0,Diversified Prescribers
1000002560,IN,Family Practice,5449.000000000001,4762.0,1915940.44,18,7,0.0142,1467.6,251.90000000000003,700.3000000000001,965.0,0.0,1014.8,903.4,146.0,12.85,18.62,17.71,112.14,-34.42,2932.0,53.81,0.0,Diversified Prescribers
1000002565,OH,Internal Medicine,767.6,673.0,329988.48,13,7,0.002,88.3,51.2,90.1,406.5,0.0,42.8,38.6,50.1,11.74,5.58,52.96,-7.28,-45.72,590.5999999999999,76.94,3.0,Low-Volume / Low-Growth Prescribers
1000002567,PA,Internal Medicine,4114.1,3663.0,2358895.6100000003,16,8,0.0107,441.0,321.5,1040.8,665.5,54.2,1023.5,390.5,177.1,25.3,24.88,16.18,2.82,91.25,3051.3,74.17,0.0,Diversified Prescribers
1000002568,TX,Family Practice,896.4000000000001,772.0,235910.32,11,6,0.0023,353.1,0.0,54.2,309.79999999999995,2.2,52.7,124.4,0.0,6.05,5.88,34.56,291.41,-26.22,416.69999999999993,46.49,3.0,Low-Volume / Low-Growth Prescribers
1000002573,CA,Internal Medicine,738.1,653.0,238956.61999999997,14,8,0.0019,255.3,42.2,86.30000000000001,102.2,4.3,117.8,117.49999999999999,12.5,11.69,15.96,13.85,-77.24,38.62,348.5,47.22,3.0,Low-Volume / Low-Growth Prescribers
1000002576,OH,Cardiology,5369.2,4654.0,2202689.5400000005,19,8,0.0139,580.9,415.79999999999995,376.3,1711.8999999999999,15.8,1320.1,899.8,48.6,7.01,24.59,31.88,7.9,-33.14,3824.0999999999995,71.22,0.0,Diversified Prescribers
1000002582,NY,Internal Medicine,11914.400000000001,10186.0,6985968.41,17,6,0.031,0.0,1786.5,2470.4,2182.8,113.7,3866.3,1494.7,0.0,20.73,32.45,18.32,48.12,140.05,10306.0,86.5,0.0,Diversified Prescribers
1000002583,PA,Internal Medicine,3156.7,2807.0,1326208.5799999998,16,8,0.0082,478.8,537.6,366.20000000000005,785.7,17.2,555.8,275.5,139.9,11.6,17.61,24.89,562.48,34.27,2245.3,71.13,0.0,Diversified Prescribers
1000002591,IN,Family Practice,19269.0,16619.0,8244703.38,17,8,0.0501,3813.9,330.8,2237.1,4577.6,127.7,5503.400000000001,2371.4,307.1,11.61,28.56,23.76,-10.78,419.97,12648.900000000001,65.64,0.0,Diversified Prescribers
1000002595,OH,Family Practice,17190.1,15050.0,7952898.750000002,15,6,0.0447,3491.2,2067.1000000000004,4465.5,3136.6000000000004,0.0,1514.0,2515.7000000000003,0.0,25.98,8.81,18.25,-70.63,-73.02,11183.2,65.06,0.0,Diversified Prescribers
1000002623,MA,Nurse Practitioner,918.1999999999998,798.0,463662.03,13,5,0.0024,246.70000000000002,67.7,274.90000000000003,280.09999999999997,0.0,0.0,48.8,0.0,29.94,0.0,30.51,392.0,914.43,622.7,67.82,3.0,Low-Volume / Low-Growth Prescribers
1000002624,NY,Internal Medicine,934.6999999999998,818.0,310763.2700000001,16,8,0.0024,214.0,42.4,83.10000000000001,242.3,2.2,161.6,167.4,21.7,8.89,17.29,25.92,-7.94,-77.76,529.4,56.64,3.0,Low-Volume / Low-Growth Prescribers
1000002635,MI,Family Practice,631.5,558.0,306077.98000000004,11,5,0.0016,0.0,57.300000000000004,57.0,168.1,0.0,228.0,121.10000000000001,0.0,9.03,36.1,26.62,43.37,2.43,510.4,80.82,3.0,Low-Volume / Low-Growth Prescribers
1000002639,CA,Family Practice,3126.0,2774.0,1660684.14,15,6,0.0081,0.0,278.3,885.9,932.8000000000001,0.0,299.5,626.0,103.5,28.34,9.58,29.84,-53.86,-24.18,2396.5,76.66,3.0,Low-Volume / Low-Growth Prescribers
1000002672,NY,Family Practice,919.6,790.0,286273.43000000005,13,6,0.0024,342.0,0.0,126.5,222.9,0.0,69.10000000000001,134.4,24.7,13.76,7.51,24.24,-51.24,33.64,418.5,45.51,3.0,Low-Volume / Low-Growth Prescribers
1000002676,VA,Internal Medicine,452.80000000000007,401.0,151564.17,10,5,0.0012,0.0,30.5,55.599999999999994,172.59999999999997,0.0,0.0,166.20000000000002,27.9,12.28,0.0,38.12,-52.2,-23.92,258.69999999999993,57.13,3.0,Low-Volume / Low-Growth Prescribers
1000002681,NY,Family Practice,975.6000000000001,843.0,429174.07999999996,16,8,0.0025,253.1,81.9,261.7,162.4,2.3,54.099999999999994,130.60000000000002,29.5,26.82,5.55,16.65,28.2,99.63,560.0999999999999,57.41,3.0,Low-Volume / Low-Growth Prescribers
1000002705,TX,Family Practice,3148.5,2709.0,1488030.7000000002,17,8,0.0082,416.1,283.0,579.7,958.7,8.7,613.4,179.2,109.7,18.41,19.48,30.45,108.83,-5.68,2434.8,77.33,0.0,Diversified Prescribers
1000002706,TX,Endocrinology,41628.200000000004,36399.0,24027841.939999998,21,8,0.1081,5890.6,1325.2,12413.3,7120.900000000001,99.0,10906.1,3488.2999999999997,384.8,29.82,26.2,17.11,47.17,101.22,31765.500000000004,76.31,1.0,High-Volume Core Prescribers
1000002716,IL,Family Practice,798.5999999999999,703.0,364361.15,14,6,0.0021,212.5,55.099999999999994,181.3,216.7,0.0,91.30000000000001,41.7,0.0,22.7,11.43,27.13,111.01,20.36,544.4000000000001,68.17,3.0,Low-Volume / Low-Growth Prescribers
1000002724,MA,Internal Medicine,5332.9000000000015,4596.0,2096506.6600000001,16,8,0.0139,1117.5,322.09999999999997,561.5,1368.4,33.8,1086.9,645.6999999999999,197.0,10.53,20.38,25.66,-39.63,13.58,3338.9,62.61,0.0,Diversified Prescribers
1000002752,FL,Internal Medicine,4919.200000000001,4291.0,2080988.4000000004,13,6,0.0128,839.3,301.9,378.5,1094.7,0.0,1579.6,725.2,0.0,7.69,32.11,22.25,-14.7,-15.62,3354.7,68.2,3.0,Low-Volume / Low-Growth Prescribers
1000002758,GA,Family Practice,18866.9,16705.0,7476983.529999999,18,8,0.049,5012.5,1378.7000000000003,2275.7999999999997,3492.2,35.8,4402.8,1118.3,1150.8000000000002,12.06,23.34,18.51,-46.16,11.38,11549.5,61.22,0.0,Diversified Prescribers
1000002764,AZ,Endocrinology,10369.8,9018.0,6450762.859999999,20,8,0.0269,631.1,549.0,3004.1000000000004,1957.6,6.2,3399.5,677.3,145.0,28.97,32.78,18.88,94.39,161.55,8910.2,85.92,0.0,Diversified Prescribers
1000002775,MA,Internal Medicine,1312.1,1141.0,564250.25,18,8,0.0034,242.9,80.3,236.7,224.8,1.1,255.9,254.8,15.6,18.04,19.5,17.13,-62.11,49.01,797.7,60.8,3.0,Low-Volume / Low-Growth Prescribers
1000002776,FL,Endocrinology,1491.9,1307.0,637410.33,16,7,0.0039,323.70000000000005,66.8,260.8,257.6,4.5,360.0,218.5,0.0,17.48,24.13,17.27,-45.13,-42.81,945.1999999999999,63.36,3.0,Low-Volume / Low-Growth Prescribers
1000002782,TX,Cardiology,4195.900000000001,3621.0,1705378.4300000002,13,6,0.0109,892.5,563.8,730.3,1491.8999999999999,19.4,0.0,498.0,0.0,17.41,0.0,35.56,130.16,36.07,2786.0,66.4,3.0,Low-Volume / Low-Growth Prescribers
1000002790,GA,Family Practice,12143.800000000001,10616.0,5908627.42,15,6,0.0315,0.0,1636.8,1894.0,3384.0,0.0,2618.6,1513.8,1096.6,15.6,21.56,27.87,172.22,12.86,9533.400000000001,78.5,0.0,Diversified Prescribers
1000002793,PA,Internal Medicine,902.5000000000001,787.0,588270.5700000001,15,6,0.0023,0.0,0.0,286.5,273.5,2.2,242.3,58.2,39.8,31.75,26.85,30.3,9.0,70.59,802.3,88.9,3.0,Low-Volume / Low-Growth Prescribers
1000002794,TX,Internal Medicine,3134.2,2707.0,1345623.14,14,8,0.0081,561.2,490.59999999999997,587.7,1180.4,17.7,40.6,187.3,68.7,18.75,1.3,37.66,63.18,5.54,2299.3,73.36,3.0,Low-Volume / Low-Growth Prescribers
1000002810,VA,Internal Medicine,30027.1,25968.0,13585618.729999999,16,7,0.078,0.0,4200.5,5132.0,7453.2,107.5,4629.2,7160.1,1344.6,17.09,15.42,24.82,17.64,-49.22,21414.9,71.32,1.0,High-Volume Core Prescribers
1000002815,VA,Family Practice,4234.9,3701.0,2170205.15,18,8,0.011,1181.4,271.3,1481.0000000000002,341.8,33.9,430.9,417.79999999999995,76.8,34.97,10.17,8.07,-62.85,-41.67,2525.0000000000005,59.62,0.0,Diversified Prescribers
1000002832,IN,Endocrinology,36635.29999999999,32169.0,17148494.79,21,8,0.0952,5270.5,4037.8,7717.299999999999,5031.800000000001,106.9,8056.199999999999,5904.8,510.0,21.07,21.99,13.73,-69.46,-49.74,24843.1,67.81,1.0,High-Volume Core Prescribers
1000002841,NY,Family Practice,4380.9,3886.0,1982066.8099999998,15,8,0.0114,1184.9,107.4,783.8000000000001,1120.0,21.700000000000003,828.1,217.6,117.4,17.89,18.9,25.57,54.22,291.05,2839.3,64.81,3.0,Low-Volume / Low-Growth Prescribers
1000002843,PA,Physician Assistant,2508.1,2185.0,973261.8600000001,13,8,0.0065,488.0,42.3,118.3,960.8999999999999,24.799999999999997,628.6,180.7,64.5,4.72,25.06,38.31,22.83,-57.37,1750.1,69.78,3.0,Low-Volume / Low-Growth Prescribers
1000002848,GA,Family Practice,749.4000000000001,650.0,344046.41000000003,16,6,0.0019,119.2,68.69999999999999,57.5,328.3,0.0,157.79999999999998,0.0,17.9,7.67,21.06,43.81,-28.94,-59.5,612.3,81.71,3.0,Low-Volume / Low-Growth Prescribers
1000002867,OH,Family Practice,1024.7,907.0,628055.72,14,6,0.0027,0.0,20.1,275.6,284.1,0.0,301.0,127.7,16.2,26.9,29.37,27.73,290.78,136.14,880.8000000000001,85.96,3.0,Low-Volume / Low-Growth Prescribers
1000002874,CA,Family Practice,14043.8,12091.0,6691730.4399999995,17,6,0.0365,1684.4,0.0,2517.8,4478.1,135.1,2847.0,2381.4,0.0,17.93,20.27,31.89,192.36,297.27,9842.900000000001,70.09,0.0,Diversified Prescribers
1000002887,VA,Internal Medicine,625.3,547.0,206792.39999999997,16,7,0.0016,85.8,81.2,60.5,189.1,0.0,38.400000000000006,156.1,14.2,9.68,6.14,30.24,-60.08,-69.21,369.20000000000005,59.04,3.0,Low-Volume / Low-Growth Prescribers
1000002902,OH,Endocrinology,10596.399999999998,9329.0,6113686.880000001,20,8,0.0275,1052.0,813.2000000000002,2932.2999999999997,1364.2999999999997,10.2,3037.4,1179.6999999999998,207.3,27.67,28.66,12.88,557.94,222.12,8147.199999999999,76.89,0.0,Diversified Prescribers
1000002926,CA,Family Practice,1086.9,926.0,492160.75,15,6,0.0028,182.3,176.9,157.7,204.4,0.0,213.60000000000002,152.0,0.0,14.51,19.65,18.81,66.29,174.42,752.6,69.24,3.0,Low-Volume / Low-Growth Prescribers
1000002932,TX,Endocrinology,2415.9,2092.0,1327549.93,19,7,0.0063,324.5,92.7,661.4,529.7,0.0,520.4,260.59999999999997,26.6,27.38,21.54,21.93,70.59,88.56,1804.2,74.68,0.0,Diversified Prescribers
1000002935,MA,Endocrinology,1802.9,1575.0,872248.23,18,8,0.0047,343.5,150.1,423.09999999999997,238.7,2.3,441.7,162.70000000000002,40.8,23.47,24.5,13.24,-81.64,-78.69,1253.6,69.53,0.0,Diversified Prescribers
1000002939,CA,Endocrinology,13250.700000000003,11312.0,6803523.199999999,22,8,0.0344,1681.3,886.0999999999998,2957.7999999999997,1844.9,35.599999999999994,3750.1,1969.9,125.0,22.32,28.3,13.92,84.45,255.98,9438.9,71.23,0.0,Diversified Prescribers
1000002940,NC,Internal Medicine,871.3,755.0,475324.3,15,7,0.0023,185.39999999999998,84.0,238.70000000000002,192.39999999999998,0.0,118.7,38.4,13.7,27.4,13.62,22.08,57.48,145.74,633.8,72.74,3.0,Low-Volume / Low-Growth Prescribers
1000002967,NC,Family Practice,1060.6000000000001,921.0,455375.28,14,6,0.0028,222.60000000000002,41.9,95.2,350.0,0.0,271.29999999999995,79.6,0.0,8.98,25.58,33.0,207.53,69.51,758.3999999999999,71.51,3.0,Low-Volume / Low-Growth Prescribers
1000002971,CA,Endocrinology,2674.2999999999997,2350.0,1717297.0800000003,18,6,0.0069,306.20000000000005,122.9,966.6,437.4,0.0,674.9,166.3,0.0,36.14,25.24,16.36,28.34,68.67,2201.8,82.33,0.0,Diversified Prescribers
1000002973,IL,Family Practice,2750.5,2402.0,1460924.6400000001,15,7,0.0071,450.0,140.0,845.1,513.8,13.1,558.8,229.7,0.0,30.73,20.32,18.68,98.74,-1.62,2057.7,74.81,3.0,Low-Volume / Low-Growth Prescribers
1000002985,NC,Physician Assistant,4316.7,3718.0,2036319.33,16,7,0.0112,935.0999999999999,145.0,1142.9,982.9000000000001,12.0,402.59999999999997,696.2,0.0,26.48,9.33,22.77,65.64,377.6,2673.4,61.93,0.0,Diversified Prescribers
1000002986,NY,Endocrinology,2930.0,2554.0,1907440.6199999999,18,7,0.0076,249.10000000000002,155.8,1076.6,453.2,0.0,770.9000000000001,179.4,45.0,36.74,26.31,15.47,-38.43,88.98,2456.5,83.84,0.0,Diversified Prescribers
1000002997,TN,Internal Medicine,889.3000000000001,768.0,426861.2,17,7,0.0023,100.0,151.5,177.60000000000002,254.1,1.1,89.6,115.4,0.0,19.97,10.08,28.57,163.28,-19.25,672.8000000000001,75.66,3.0,Low-Volume / Low-Growth Prescribers
1000003009,IN,Endocrinology,87214.09999999999,75434.0,51061391.14,21,8,0.2266,5674.7,4655.5,28184.700000000004,15892.3,467.5,18533.6,12243.500000000002,1562.3,32.32,21.25,18.22,19.5,277.14,67266.1,77.13,1.0,High-Volume Core Prescribers
1000003015,TN,Internal Medicine,2211.5,1893.0,1363351.0,13,6,0.0057,0.0,238.1,702.8,701.8,16.1,326.1,226.6,0.0,31.78,14.75,31.73,148.46,143.3,1968.8,89.03,3.0,Low-Volume / Low-Growth Prescribers
1000003020,NY,Internal Medicine,3587.7999999999993,3132.0,1818164.49,15,8,0.0093,503.0,317.29999999999995,756.4000000000001,659.3000000000001,29.2,895.9,279.7,147.0,21.08,24.97,18.38,-18.95,-32.83,2628.9,73.27,3.0,Low-Volume / Low-Growth Prescribers
1000003025,OH,Internal Medicine,481.3,415.0,171406.64,12,6,0.0013,109.5,0.0,78.3,189.70000000000002,3.5,0.0,86.9,13.4,16.27,0.0,39.41,146.24,839.49,268.0,55.68,3.0,Low-Volume / Low-Growth Prescribers
1000003029,TX,Family Practice,1023.4,880.0,496724.37,15,7,0.0027,334.8,118.6,296.2,127.5,0.0,84.8,48.6,12.9,28.94,8.29,12.46,48.19,352.77,627.1,61.28,3.0,Low-Volume / Low-Growth Prescribers
1000003035,GA,Internal Medicine,2889.6000000000004,2531.0,1369385.82,17,7,0.0075,0.0,262.8,314.1,677.5,8.7,981.2,577.1,68.2,10.87,33.96,23.45,867.6,134.63,2235.6000000000004,77.37,0.0,Diversified Prescribers
1000003039,NY,Internal Medicine,618.6999999999999,556.0,279327.52999999997,12,6,0.0016,0.0,97.5,98.5,262.5,0.0,16.0,126.30000000000001,17.9,15.92,2.59,42.43,-11.19,22.42,474.5,76.69,3.0,Low-Volume / Low-Growth Prescribers
1000003052,NC,Internal Medicine,3963.7999999999993,3430.0,1397989.9400000002,15,8,0.0103,869.2,264.7,338.6,1382.6,27.3,465.5,561.7,54.2,8.54,11.74,34.88,-48.19,-69.5,2451.3999999999996,61.84,3.0,Low-Volume / Low-Growth Prescribers
1000003060,MI,Internal Medicine,30730.799999999996,27201.0,18523765.790000003,18,7,0.0798,0.0,4609.4,8118.299999999999,2614.0,214.2,9526.5,4245.4,1403.0,26.42,31.0,8.51,-6.36,8.86,24868.199999999997,80.92,1.0,High-Volume Core Prescribers
1000003078,IN,Endocrinology,2316.9,2007.0,1409759.06,18,6,0.006,419.70000000000005,60.300000000000004,714.6999999999999,217.10000000000002,0.0,773.2,131.89999999999998,0.0,30.85,33.37,9.37,198.75,176.82,1765.3000000000002,76.19,0.0,Diversified Prescribers
1000003082,CA,Internal Medicine,734.1,638.0,339372.2,15,7,0.0019,102.4,95.3,133.4,123.9,0.0,144.8,104.7,29.6,18.17,19.72,16.88,241.28,33.6,497.4000000000001,67.76,3.0,Low-Volume / Low-Growth Prescribers
1000003091,TN,Physician Assistant,587.6999999999999,500.0,347266.4599999999,13,7,0.0015,0.0,113.19999999999999,222.0,46.0,1.1,59.5,130.60000000000002,15.3,37.77,10.12,7.83,-64.34,-16.96,440.7,74.99,3.0,Low-Volume / Low-Growth Prescribers
1000003100,NC,Endocrinology,13555.099999999999,11640.0,7224499.61,21,8,0.0352,1382.1999999999998,1077.6999999999998,2762.3999999999996,1860.5,36.099999999999994,4907.0,1315.2,214.0,20.38,36.2,13.73,-16.84,32.96,10607.599999999999,78.26,0.0,Diversified Prescribers
1000003102,OH,Nurse Practitioner,48242.49999999999,42547.0,25285263.209999993,19,7,0.1253,9606.0,4388.900000000001,13269.099999999999,10093.0,64.3,7230.9,3590.3,0.0,27.51,14.99,20.92,-30.82,27.37,34981.9,72.51,1.0,High-Volume Core Prescribers
1000003104,FL,Internal Medicine,1099.0,958.0,536196.75,15,7,0.0029,174.5,17.1,245.10000000000002,321.59999999999997,0.0,174.0,117.1,49.6,22.3,15.83,29.26,39.16,304.54,757.8,68.95,3.0,Low-Volume / Low-Growth Prescribers
1000003109,TX,Family Practice,1100.8999999999999,949.0,425549.26999999996,15,7,0.0029,381.0,114.80000000000001,154.9,292.2,0.0,100.19999999999999,44.3,13.5,14.07,9.1,26.54,-21.11,-32.94,662.0999999999999,60.14,3.0,Low-Volume / Low-Growth Prescribers
1000003112,IN,Family Practice,849.8,737.0,312144.55,16,6,0.0022,252.2,104.4,59.7,228.5,0.0,142.20000000000002,62.8,0.0,7.03,16.73,26.89,392.2,192.99,534.8000000000001,62.93,3.0,Low-Volume / Low-Growth Prescribers
1000003113,NY,Endocrinology,29969.800000000007,26024.0,15408910.59,18,8,0.0779,3154.0,1831.3,7240.800000000001,2556.7,167.4,9898.0,4324.9,796.7,24.16,33.03,8.53,16.24,24.6,21526.800000000003,71.83,1.0,High-Volume Core Prescribers
1000003115,PA,Nurse Practitioner,776.6000000000001,682.0,443921.35,14,6,0.002,0.0,109.80000000000001,118.80000000000001,140.5,3.2,329.3,75.0,0.0,15.3,42.4,18.09,-14.43,-22.65,698.4000000000001,89.93,3.0,Low-Volume / Low-Growth Prescribers
1000003118,VA,Internal Medicine,20626.6,17516.0,11774424.149999999,19,8,0.0536,3218.8,1065.0,6410.0,3355.8,152.1,4132.200000000001,2021.6,271.1,31.08,20.03,16.27,8.39,80.85,14963.0,72.54,0.0,Diversified Prescribers
1000003120,MA,Internal Medicine,836.3,733.0,292250.25000000006,13,7,0.0022,227.3,39.0,146.5,171.9,0.0,67.6,171.6,12.4,17.52,8.08,20.55,-91.1,-88.54,425.0,50.82,3.0,Low-Volume / Low-Growth Prescribers
1000003123,GA,Internal Medicine,45250.200000000004,38858.0,19316624.849999998,16,8,0.1176,15764.3,2407.0,11011.199999999999,8546.0,46.2,3194.5,3482.2000000000003,798.8,24.33,7.06,18.89,148.74,45.71,25158.699999999997,55.6,1.0,High-Volume Core Prescribers
1000003129,MI,Family Practice,6048.700000000001,5280.0,3102577.8299999996,19,8,0.0157,1163.3,1050.4,1447.6999999999998,1026.0,30.6,786.9,462.70000000000005,81.1,23.93,13.01,16.96,492.67,66.01,4311.0,71.27,0.0,Diversified Prescribers
1000003133,VA,Internal Medicine,1168.9,1018.0,550992.04,18,8,0.003,206.3,58.400000000000006,205.2,234.6,2.3,289.5,142.9,29.700000000000003,17.55,24.77,20.07,58.6,65.99,787.7,67.39,3.0,Low-Volume / Low-Growth Prescribers
1000003140,PA,Internal Medicine,5346.6,4682.0,2465072.73,19,8,0.0139,449.9,156.5,683.1999999999999,1683.5000000000002,20.700000000000003,1531.5,655.1,166.2,12.78,28.64,31.49,-71.75,-48.31,4054.7,75.84,0.0,Diversified Prescribers
1000003144,TX,Internal Medicine,4046.8999999999996,3554.0,1780216.6199999999,15,8,0.0105,872.8,170.7,616.4000000000001,1050.7,14.7,841.9,420.1,59.6,15.23,20.8,25.96,-38.86,-46.75,2679.7000000000003,66.22,3.0,Low-Volume / Low-Growth Prescribers
1000003169,FL,Internal Medicine,932.0,820.0,334438.31,14,6,0.0024,210.7,33.8,128.7,302.8,0.0,61.699999999999996,194.3,0.0,13.81,6.62,32.49,212.11,170.86,527.0,56.55,3.0,Low-Volume / Low-Growth Prescribers
1000003173,IL,Endocrinology,65190.799999999996,55760.0,21248493.169999998,19,8,0.1694,10636.7,4412.5,5757.8,17486.5,302.7,8350.5,14993.3,3250.8,8.83,12.81,26.82,1.39,-42.87,36007.3,55.23,1.0,High-Volume Core Prescribers
1000003178,CA,Family Practice,4964.9,4263.0,2468371.87,16,8,0.0129,484.7,482.4,935.2,1146.3,18.2,1167.8,676.5,53.8,18.84,23.52,23.09,-9.82,8.03,3731.7,75.16,0.0,Diversified Prescribers
1000003179,CA,Family Practice,1000.9,870.0,397404.39,17,8,0.0026,254.89999999999998,104.4,99.0,162.6,4.6,255.39999999999998,80.9,39.1,9.89,25.52,16.25,-59.06,68.93,621.4,62.08,3.0,Low-Volume / Low-Growth Prescribers
1000003187,FL,Internal Medicine,2986.5000000000005,2601.0,1396161.8199999998,18,7,0.0078,0.0,446.3,397.69999999999993,886.0,12.0,617.5,477.5,149.5,13.32,20.68,29.67,-67.03,-78.96,2347.5,78.6,0.0,Diversified Prescribers
1000003201,MI,Internal Medicine,12516.5,10898.0,6291608.34,11,6,0.0325,3270.9,1205.6999999999998,2945.6,1436.5,0.0,3277.8,0.0,380.0,23.53,26.19,11.48,-75.72,-82.05,8865.599999999999,70.83,3.0,Low-Volume / Low-Growth Prescribers
1000003204,CA,Family Practice,719.1999999999999,619.0,265312.51,12,7,0.0019,84.1,17.5,51.1,180.9,0.0,183.6,188.29999999999998,13.7,7.11,25.53,25.15,13.28,173.62,433.1,60.22,3.0,Low-Volume / Low-Growth Prescribers
1000003206,IL,Nurse Practitioner,13178.999999999998,11458.0,6138069.599999999,16,7,0.0342,1730.5,1978.6000000000001,1361.4,3637.0000000000005,80.5,3356.8,0.0,1034.1999999999998,10.33,25.47,27.6,-94.96,-92.47,10333.800000000001,78.41,0.0,Diversified Prescribers
1000003230,IL,Internal Medicine,5640.0,4798.0,1723946.4,17,7,0.0147,2199.0,506.70000000000005,69.3,1191.8999999999999,26.7,1276.0,370.4,0.0,1.23,22.62,21.13,-11.57,27.85,3043.8999999999996,53.97,0.0,Diversified Prescribers
1000003256,FL,Family Practice,393.70000000000005,347.0,184122.76,12,6,0.001,0.0,0.0,70.19999999999999,103.60000000000001,4.4,91.5,109.0,15.0,17.83,23.24,26.31,132.67,129.41,265.3,67.39,3.0,Low-Volume / Low-Growth Prescribers
1000003260,OH,Internal Medicine,37960.69999999999,33280.0,11468173.27,17,8,0.0986,10332.2,3685.2999999999997,3044.6000000000004,7707.1,223.8,4741.0,7705.7,521.0,8.02,12.49,20.3,567.53,42.69,19178.0,50.52,1.0,High-Volume Core Prescribers
1000003278,MA,Internal Medicine,6030.8,5357.0,2591389.3099999996,16,8,0.0157,1538.6999999999998,273.0,844.9,1102.7,10.5,1500.8000000000002,672.7,87.5,14.01,24.89,18.28,734.55,85.3,3721.4000000000005,61.71,0.0,Diversified Prescribers
1000003288,CA,Nurse Practitioner,958.7,838.0,380607.43999999994,14,7,0.0025,201.3,34.7,101.0,357.99999999999994,0.0,147.7,99.2,16.8,10.54,15.41,37.34,282.45,3.36,641.3999999999999,66.9,3.0,Low-Volume / Low-Growth Prescribers
1000003307,TN,Endocrinology,65102.30000000001,56310.0,37044614.400000006,19,7,0.1691,0.0,7714.900000000001,11661.2,16400.0,363.8,22171.3,4948.2,1842.9,17.91,34.06,25.19,117.77,101.34,57947.4,89.01,1.0,High-Volume Core Prescribers
1000003320,FL,Internal Medicine,4088.5,3592.0,2213889.54,16,7,0.0106,0.0,185.4,1152.7,901.9000000000001,33.6,810.1,797.1,207.70000000000002,28.19,19.81,22.06,10.41,-8.28,3050.1000000000004,74.6,0.0,Diversified Prescribers
1000003332,TX,Endocrinology,34397.700000000004,29895.0,21598856.55,20,7,0.0894,0.0,1428.0,8953.199999999999,7839.0,265.2,12631.6,2178.9,1101.8,26.03,36.72,22.79,107.74,82.59,30851.8,89.69,1.0,High-Volume Core Prescribers
1000003339,MA,Family Practice,751.8000000000003,664.0,264088.12,15,6,0.002,218.7,104.9,61.099999999999994,194.5,0.0,88.80000000000001,83.8,0.0,8.13,11.81,25.87,896.85,63.57,449.3,59.76,3.0,Low-Volume / Low-Growth Prescribers
1000003349,CA,Internal Medicine,968.2000000000002,845.0,379175.6500000001,14,6,0.0025,314.29999999999995,36.7,121.8,141.6,0.0,273.8,80.0,0.0,12.58,28.28,14.63,7.36,90.22,573.9,59.27,3.0,Low-Volume / Low-Growth Prescribers
1000003356,NY,Family Practice,13042.9,11548.0,7630495.49,15,6,0.0339,0.0,2213.1,2851.5,3733.9,0.0,2580.4,1455.2,208.8,21.86,19.78,28.63,-24.9,169.66,11378.9,87.24,0.0,Diversified Prescribers
1000003364,FL,Physician Assistant,3487.2000000000003,2999.0,1409840.0299999996,15,7,0.0091,366.1,178.5,440.70000000000005,1257.3,0.0,542.9000000000001,553.4,148.3,12.64,15.57,36.05,-81.27,-70.54,2419.4,69.38,3.0,Low-Volume / Low-Growth Prescribers
1000003377,NY,Internal Medicine,3635.3,3190.0,1695203.31,17,8,0.0094,524.7,250.5,629.0,787.0,36.5,801.3000000000001,517.5,88.8,17.3,22.04,21.65,779.85,1093.85,2467.8,67.88,0.0,Diversified Prescribers
1000003378,NC,Endocrinology,9951.8,8787.0,5239829.06,21,8,0.0259,1227.6,207.20000000000002,2531.8,1819.1999999999998,22.6,2618.0,1406.3000000000002,119.1,25.44,26.31,18.28,20.29,67.13,7176.2,72.11,0.0,Diversified Prescribers
1000003385,TN,Nurse Practitioner,941.7000000000003,833.0,402095.9800000001,14,7,0.0024,175.9,77.30000000000001,34.9,272.5,1.1,328.0,52.0,0.0,3.71,34.83,28.94,-40.92,-12.14,712.7,75.68,3.0,Low-Volume / Low-Growth Prescribers
1000003386,TX,Internal Medicine,20707.199999999997,17628.0,7396200.66,19,8,0.0538,6169.9,1132.4,2570.8,3246.9,151.6,3799.5,3363.2,272.9,12.42,18.35,15.68,7.26,64.2,10749.6,51.91,0.0,Diversified Prescribers
1000003395,TN,Nephrology,640.2,558.0,320763.9800000001,13,6,0.0017,103.7,83.5,155.9,235.9,0.0,19.5,41.7,0.0,24.35,3.05,36.85,128.92,94.19,494.79999999999995,77.29,3.0,Low-Volume / Low-Growth Prescribers
1000003407,AZ,Nephrology,824.0999999999999,715.0,340487.24,16,7,0.0021,80.7,103.10000000000001,105.0,228.5,0.0,109.89999999999999,167.8,29.1,12.74,13.34,27.73,47.28,67.23,546.5,66.31,3.0,Low-Volume / Low-Growth Prescribers
1000003418,CA,Internal Medicine,11166.3,9834.0,4286501.859999999,17,7,0.029,2072.8,1269.1000000000001,1695.1999999999998,3790.9,101.3,262.0,1975.0,0.0,15.18,2.35,33.95,10.35,-11.16,7017.200000000001,62.84,0.0,Diversified Prescribers
1000003421,GA,Family Practice,3701.9,3190.0,1975482.2000000002,14,6,0.0096,0.0,145.20000000000002,375.70000000000005,1482.6000000000001,0.0,1372.6000000000001,260.3,65.5,10.15,37.08,40.05,-38.01,61.39,3376.1000000000004,91.2,3.0,Low-Volume / Low-Growth Prescribers
1000003431,MI,Nephrology,936.5,814.0,385875.69000000006,15,6,0.0024,192.2,82.7,121.10000000000001,265.0,0.0,130.6,144.89999999999998,0.0,12.93,13.95,28.3,99.64,30.25,599.4,64.0,3.0,Low-Volume / Low-Growth Prescribers
1000003436,PA,Internal Medicine,4498.2,3925.0,1802650.7500000002,18,8,0.0117,1126.1,433.2,354.7,1332.1999999999998,32.2,980.0,140.1,99.7,7.89,21.79,29.62,170.88,7.16,3100.1,68.92,0.0,Diversified Prescribers
1000003438,FL,Physician Assistant,377.70000000000005,327.0,238491.69999999998,10,5,0.001,0.0,37.9,141.89999999999998,166.9,6.0,0.0,0.0,25.0,37.57,0.0,44.19,-78.86,-86.39,346.7,91.79,3.0,Low-Volume / Low-Growth Prescribers
1000003441,NC,Internal Medicine,2780.8,2361.0,1338728.3699999999,12,6,0.0072,0.0,375.79999999999995,207.5,1033.4,0.0,688.7,402.0,73.4,7.46,24.77,37.16,-92.92,-82.4,2305.4,82.9,3.0,Low-Volume / Low-Growth Prescribers
1000003444,NY,Cardiology,1050.6,918.0,469990.7100000001,13,8,0.0027,94.9,149.1,24.700000000000003,389.3,3.2,292.9,78.30000000000001,18.2,2.35,27.88,37.06,14.98,122.78,856.0,81.48,3.0,Low-Volume / Low-Growth Prescribers
1000003471,NC,Family Practice,4319.5,3711.0,1874317.6099999999,13,8,0.0112,1211.7,206.8,1062.3,425.7,5.5,723.6,614.7,69.2,24.59,16.75,9.86,5.02,0.33,2418.4,55.99,3.0,Low-Volume / Low-Growth Prescribers
1000003473,IN,Family Practice,471.9,428.0,142045.02000000002,10,6,0.0012,121.9,79.1,35.8,91.1,0.0,43.7,100.3,0.0,7.59,9.26,19.3,94.02,20.64,249.7,52.91,3.0,Low-Volume / Low-Growth Prescribers
1000003487,PA,Endocrinology,2477.1000000000004,2165.0,1405552.1500000001,19,7,0.0064,218.5,161.8,514.4000000000001,384.9,0.0,1028.8,139.5,29.2,20.77,41.53,15.54,90.49,62.52,2089.9,84.37,0.0,Diversified Prescribers
1000003494,CA,Family Practice,723.9000000000001,624.0,369575.42,13,7,0.0019,96.9,47.9,195.8,156.0,0.0,115.80000000000001,93.19999999999999,18.3,27.05,16.0,21.55,771.19,667.06,515.5,71.21,3.0,Low-Volume / Low-Growth Prescribers
1000003501,GA,Family Practice,768.4,677.0,540436.0700000001,10,5,0.002,0.0,99.0,354.5,243.70000000000002,0.0,0.0,54.9,16.3,46.13,0.0,31.72,50.3,155.22,697.2,90.73,3.0,Low-Volume / Low-Growth Prescribers
1000003504,IL,Nurse Practitioner,876.8999999999999,772.0,371545.77,12,7,0.0023,293.79999999999995,73.69999999999999,233.59999999999997,62.0,0.0,74.69999999999999,123.19999999999999,15.9,26.64,8.52,7.07,712.07,29.48,443.99999999999994,50.63,3.0,Low-Volume / Low-Growth Prescribers
1000003527,TX,Family Practice,547.6,484.0,155994.84,10,6,0.0014,209.2,37.2,28.5,115.9,0.0,78.9,77.9,0.0,5.2,14.41,21.17,-30.9,-42.38,260.5,47.57,3.0,Low-Volume / Low-Growth Prescribers
1000003534,AZ,Internal Medicine,1087.5,945.0,419788.89999999997,14,7,0.0028,253.5,53.400000000000006,117.3,232.6,0.0,265.6,135.29999999999998,29.8,10.79,24.42,21.39,-26.19,25.55,668.9000000000001,61.51,3.0,Low-Volume / Low-Growth Prescribers
1000003551,TX,Endocrinology,2245.4,1960.0,1242245.46,20,7,0.0058,338.1,144.4,633.6,251.3,0.0,604.0,262.2,11.8,28.22,26.9,11.19,-46.78,321.16,1633.3,72.74,0.0,Diversified Prescribers
1000003556,FL,Internal Medicine,3652.7999999999997,3186.0,1199914.29,16,7,0.0095,635.5,401.1,234.6,1309.9,27.5,124.5,919.7,0.0,6.42,3.41,35.86,197.28,4169.35,2070.1000000000004,56.67,3.0,Low-Volume / Low-Growth Prescribers
1000003558,PA,Endocrinology,38111.600000000006,33186.0,22113411.240000002,22,8,0.099,3662.5,1659.9,9410.0,7549.3,112.9,13282.1,2231.5,203.4,24.69,34.85,19.81,-34.32,-16.15,31901.3,83.7,1.0,High-Volume Core Prescribers
1000003562,IN,Endocrinology,12580.8,10876.0,7007549.34,21,8,0.0327,2105.5,559.3,3633.0,967.3,29.5,4212.599999999999,853.5,220.10000000000002,28.88,33.48,7.69,28.05,199.27,9372.199999999999,74.5,0.0,Diversified Prescribers
1000003566,PA,Family Practice,4832.500000000001,4140.0,2516786.0700000003,17,8,0.0126,707.8,437.40000000000003,928.7,1001.0,31.2,1227.1,411.8,87.5,19.22,25.39,20.71,12.5,93.3,3594.2000000000003,74.38,0.0,Diversified Prescribers
1000003569,OH,Nurse Practitioner,741.8000000000001,633.0,211846.40000000002,12,8,0.0019,238.2,67.7,46.0,135.5,2.5,95.7,130.0,26.2,6.2,12.9,18.27,-59.6,-36.82,344.9,46.5,3.0,Low-Volume / Low-Growth Prescribers
1000003574,TN,Nurse Practitioner,2724.6,2391.0,1195788.0999999999,16,6,0.0071,0.0,435.59999999999997,440.70000000000005,558.5999999999999,0.0,511.49999999999994,621.0999999999999,157.1,16.17,18.77,20.5,-69.31,-84.16,1946.3999999999999,71.44,3.0,Low-Volume / Low-Growth Prescribers
1000003581,TX,Family Practice,10102.0,8863.0,5168206.569999999,13,7,0.0262,1405.5,951.5,2031.6,1915.2,146.6,2349.8,1301.8000000000002,0.0,20.11,23.26,18.96,43.01,720.19,7248.099999999999,71.75,0.0,Diversified Prescribers
1000003587,GA,Family Practice,16323.099999999999,14296.0,6145448.26,16,8,0.0424,3199.5,1238.1,1297.6000000000001,3952.1,204.90000000000003,3043.5,2852.7,534.7,7.95,18.65,24.21,134.21,174.08,9531.300000000001,58.39,0.0,Diversified Prescribers
1000003594,IL,Internal Medicine,1063.2,898.0,477131.73000000004,16,7,0.0028,188.10000000000002,22.5,138.0,310.0,0.0,281.1,96.3,27.200000000000003,12.98,26.44,29.16,183.56,75.35,751.6,70.69,3.0,Low-Volume / Low-Growth Prescribers
1000003600,AZ,Endocrinology,2237.6000000000004,1931.0,1354389.21,19,7,0.0058,239.1,169.8,673.8,413.0,0.0,535.9,185.29999999999998,20.7,30.11,23.95,18.46,565.77,202.51,1792.4999999999998,80.11,0.0,Diversified Prescribers
1000003605,OH,Internal Medicine,2521.1,2206.0,1277757.55,15,8,0.0065,356.2,332.90000000000003,596.7,565.7,9.6,337.29999999999995,191.3,131.4,23.67,13.38,22.44,65.62,280.6,1832.6000000000001,72.69,3.0,Low-Volume / Low-Growth Prescribers
1000003609,MI,Physician Assistant,18068.7,15591.0,10456510.57,19,8,0.0469,3172.8999999999996,1756.4,6769.5,4628.400000000001,153.0,834.5,548.4,205.6,37.47,4.62,25.62,13.21,-40.15,13988.8,77.42,0.0,Diversified Prescribers
1000003616,MI,Internal Medicine,882.3,787.0,370332.35,13,7,0.0023,109.3,26.2,25.299999999999997,369.3,0.0,246.0,74.7,31.5,2.87,27.88,41.86,,1077.2,666.8,75.58,,
1000003618,TX,Family Practice,1131.6000000000001,981.0,437297.38,17,7,0.0029,248.8,42.8,131.7,327.3,0.0,193.6,169.39999999999998,18.0,11.64,17.11,28.92,-18.13,37.91,695.4,61.45,3.0,Low-Volume / Low-Growth Prescribers
1000003635,CA,Internal Medicine,852.5,751.0,509702.47,14,4,0.0022,0.0,0.0,208.5,361.3,0.0,203.7,79.0,0.0,24.46,23.89,42.38,184.76,369.63,773.5,90.73,3.0,Low-Volume / Low-Growth Prescribers
1000003637,VA,Endocrinology,46978.6,41459.0,27160975.810000002,21,8,0.122,6633.7,3448.2999999999997,14596.899999999998,3379.3999999999996,194.2,13378.5,4480.3,867.3,31.07,28.48,7.19,-46.37,-11.18,34803.1,74.08,1.0,High-Volume Core Prescribers
1000003643,NY,Internal Medicine,36330.7,31740.0,16828845.400000002,19,7,0.0944,4796.9,1869.8999999999999,7570.400000000001,12968.0,184.39999999999998,4095.2,4845.9,0.0,20.84,11.27,35.69,369.56,36.52,26503.5,72.95,1.0,High-Volume Core Prescribers
1000003655,TX,Internal Medicine,686.1,611.0,230712.90999999997,14,8,0.0018,109.1,83.9,62.199999999999996,155.70000000000002,1.2,87.39999999999999,166.4,20.2,9.07,12.74,22.69,482.72,-41.62,389.20000000000005,56.73,3.0,Low-Volume / Low-Growth Prescribers
1000003678,CA,Family Practice,5866.299999999999,5102.0,2618224.48,17,7,0.0152,1100.7,891.0,461.7,1667.5,0.0,1504.1,178.3,63.0,7.87,25.64,28.43,-12.86,-54.48,4524.3,77.12,0.0,Diversified Prescribers
1000003683,VA,Internal Medicine,698.2,599.0,362018.25999999995,14,7,0.0018,127.0,70.19999999999999,178.3,158.0,0.0,114.80000000000001,30.9,19.0,25.54,16.44,22.63,27.68,213.32,521.3,74.66,3.0,Low-Volume / Low-Growth Prescribers
1000003687,IN,Internal Medicine,792.6,687.0,453578.06,15,6,0.0021,0.0,103.70000000000002,217.20000000000002,266.2,0.0,94.8,94.6,16.1,27.4,11.96,33.59,-55.63,-57.54,681.9000000000001,86.03,3.0,Low-Volume / Low-Growth Prescribers
1000003696,NC,Physician Assistant,681.9000000000001,585.0,276276.06,16,8,0.0018,85.3,87.5,81.1,180.2,2.5,99.39999999999999,112.80000000000001,33.1,11.89,14.58,26.43,38.84,-65.21,448.2,65.73,3.0,Low-Volume / Low-Growth Prescribers
1000003708,FL,Internal Medicine,5028.8,4267.0,2592262.21,18,7,0.0131,1094.3,298.3,1500.2,1164.9,0.0,443.3,324.1,203.7,29.83,8.82,23.16,816.99,273.52,3406.7000000000003,67.74,0.0,Diversified Prescribers
1000003713,IL,Family Practice,3328.2000000000003,2902.0,1694844.2199999997,17,8,0.0086,462.0,750.8000000000001,916.8,656.4000000000001,47.2,26.4,258.7,209.9,27.55,0.79,19.72,-18.87,138.7,2350.4,70.62,0.0,Diversified Prescribers
1000003714,NY,Nephrology,970.5999999999998,835.0,478266.6499999999,16,6,0.0025,0.0,24.1,168.70000000000002,358.1,0.0,213.7,140.6,65.39999999999999,17.38,22.02,36.89,-37.17,-26.86,764.6,78.78,3.0,Low-Volume / Low-Growth Prescribers
1000003717,FL,Endocrinology,8592.9,7436.0,5902734.640000001,20,7,0.0223,0.0,441.79999999999995,3105.3,1719.3,44.900000000000006,2633.8,521.9,125.9,36.14,30.65,20.01,112.87,134.7,7900.200000000001,91.94,0.0,Diversified Prescribers
1000003718,FL,Internal Medicine,4255.299999999999,3728.0,2318264.99,15,7,0.0111,0.0,358.8,785.8999999999999,1774.8000000000002,29.799999999999997,666.8,484.9,154.3,18.47,15.67,41.71,122.16,760.97,3586.3,84.28,0.0,Diversified Prescribers
1000003719,MI,Internal Medicine,1178.2,1026.0,580666.3400000001,15,8,0.0031,143.9,31.6,243.5,228.3,1.1,300.79999999999995,189.5,39.5,20.67,25.53,19.38,9.17,37.25,804.2,68.26,3.0,Low-Volume / Low-Growth Prescribers
1000003728,OH,Endocrinology,8996.700000000003,7910.0,4853837.569999999,21,8,0.0234,392.8,571.0999999999999,1849.1,2000.4,13.0,3152.8,884.5000000000001,133.0,20.55,35.04,22.23,163.9,50.72,7573.4,84.18,0.0,Diversified Prescribers
1000003750,IN,Nurse Practitioner,901.0999999999999,790.0,347682.0,15,7,0.0023,95.5,33.0,133.6,315.7,0.0,59.7,247.79999999999998,15.8,14.83,6.63,35.03,56.57,253.32,542.0,60.15,3.0,Low-Volume / Low-Growth Prescribers
1000003756,TX,Internal Medicine,714.1999999999999,624.0,334612.3500000001,14,7,0.0019,75.4,16.8,121.9,189.10000000000002,0.0,193.5,88.5,29.0,17.07,27.09,26.48,-64.21,-30.57,521.3,72.99,3.0,Low-Volume / Low-Growth Prescribers
1000003759,AZ,Family Practice,560.5,508.0,255966.09,14,7,0.0015,82.1,38.2,112.5,206.60000000000002,0.0,45.6,29.2,46.3,20.07,8.14,36.86,-35.17,152.04,402.90000000000003,71.88,3.0,Low-Volume / Low-Growth Prescribers
1000003760,CA,Endocrinology,2062.6,1776.0,1169267.78,16,7,0.0054,219.39999999999998,175.1,469.30000000000007,383.6,0.0,660.1000000000001,137.9,17.2,22.75,32.0,18.6,774.12,137.1,1688.1,81.84,3.0,Low-Volume / Low-Growth Prescribers
1000003778,NY,Family Practice,13506.199999999999,11790.0,6293733.75,14,7,0.0351,1566.7,372.40000000000003,3219.9,3878.1000000000004,85.1,1478.1999999999998,2905.8,0.0,23.84,10.94,28.71,-74.04,-79.87,8948.6,66.26,0.0,Diversified Prescribers
1000003790,VA,Internal Medicine,905.5,778.0,390388.42000000004,13,6,0.0024,209.3,59.7,103.69999999999999,125.5,0.0,295.0,112.30000000000001,0.0,11.45,32.58,13.86,22.56,13.27,583.9,64.48,3.0,Low-Volume / Low-Growth Prescribers
1000003799,TN,Family Practice,4949.5,4287.0,2170294.16,17,8,0.0129,1076.7,491.80000000000007,502.7,1310.6000000000001,46.1,1187.5,240.1,94.0,10.16,23.99,26.48,191.51,14.29,3492.6000000000004,70.56,0.0,Diversified Prescribers
1000003801,TX,Physician Assistant,1050.1999999999998,918.0,590620.94,16,7,0.0027,80.5,82.50000000000001,286.59999999999997,363.3,0.0,116.9,94.7,25.7,27.29,11.13,34.59,113.61,72.97,849.3,80.87,3.0,Low-Volume / Low-Growth Prescribers
1000003816,MA,Internal Medicine,18976.699999999997,16852.0,8458564.370000001,16,8,0.0493,4945.5,1580.6,2985.9,3578.0,22.8,4205.9,1197.1,460.9,15.73,22.16,18.85,22.62,1520.93,12350.4,65.08,0.0,Diversified Prescribers
1000003818,TN,Family Practice,2111.2,1881.0,1553242.9000000004,13,6,0.0055,0.0,178.79999999999998,1150.7,649.3,15.0,61.2,0.0,56.2,54.5,2.9,30.76,-63.86,-90.18,2040.0,96.63,3.0,Low-Volume / Low-Growth Prescribers
1000003821,GA,Internal Medicine,5849.7,5047.0,2197717.5399999996,19,7,0.0152,1941.1000000000001,848.6999999999999,645.0999999999999,1434.4,0.0,694.3,220.3,65.8,11.03,11.87,24.52,1.3,191.36,3622.5,61.93,0.0,Diversified Prescribers
1000003824,CA,Internal Medicine,10189.8,8832.0,3720676.29,13,7,0.0265,2228.8,177.2,211.3,3165.3999999999996,0.0,3028.0,1168.9,210.2,2.07,29.72,31.06,-48.31,-46.67,6581.9,64.59,3.0,Low-Volume / Low-Growth Prescribers
1000003836,IN,Physician Assistant,19244.399999999998,16813.0,9755994.879999999,19,7,0.05,5024.0,878.9999999999999,5189.9,3704.3,177.0,3158.3,1111.9,0.0,26.97,16.41,19.25,61.33,166.04,12931.5,67.2,0.0,Diversified Prescribers
1000003847,CA,Family Practice,19717.400000000005,17298.0,9478714.99,19,7,0.0512,1780.4,3053.7,2995.0,7286.5,88.1,2652.5,1861.1999999999998,0.0,15.19,13.45,36.95,-33.31,-10.87,15987.7,81.08,0.0,Diversified Prescribers
1000003853,IL,Physician Assistant,3282.4999999999995,2826.0,1354347.43,16,8,0.0085,649.8,487.70000000000005,375.9,1019.7,46.2,373.40000000000003,237.8,92.0,11.45,11.38,31.06,117.71,148.29,2256.7,68.75,0.0,Diversified Prescribers
1000003855,FL,Endocrinology,2550.4000000000005,2186.0,1712450.8399999999,18,8,0.0066,209.0,101.3,959.6,314.6,3.3,810.4000000000001,123.20000000000002,29.0,37.63,31.78,12.34,-14.93,-14.79,2185.9,85.71,0.0,Diversified Prescribers
1000003860,AZ,Family Practice,802.5,685.0,380728.10000000003,14,7,0.0021,119.7,52.900000000000006,143.4,176.1,0.0,220.99999999999997,77.6,11.8,17.87,27.54,21.94,90.84,334.56,593.4,73.94,3.0,Low-Volume / Low-Growth Prescribers
1000003871,NY,Internal Medicine,12064.0,10411.0,7634311.5600000005,15,7,0.0313,0.0,1061.6,3462.1,2689.5,41.4,3758.7000000000003,827.3,223.4,28.7,31.16,22.29,1091.26,60.52,10971.9,90.95,0.0,Diversified Prescribers
1000003890,OH,Family Practice,4351.999999999999,3848.0,1870608.4400000004,15,7,0.0113,684.0,691.8,620.9000000000001,1377.6,0.0,344.8,511.0,121.9,14.27,7.92,31.65,-84.66,-70.71,3035.1,69.74,3.0,Low-Volume / Low-Growth Prescribers
1000003908,PA,Family Practice,8517.0,7501.0,5809225.4,15,7,0.0221,0.0,121.7,3522.0,612.1,94.1,2513.5,1253.3,400.29999999999995,41.35,29.51,7.19,133.21,466.31,6769.3,79.48,0.0,Diversified Prescribers
1000003909,NY,Internal Medicine,14722.599999999999,12709.0,8067725.910000001,18,8,0.0382,1779.8,759.0,4344.4,3353.6000000000004,37.7,2224.3,2033.4,190.4,29.51,15.11,22.78,-53.72,-12.09,10681.3,72.55,0.0,Diversified Prescribers
1000003925,FL,Endocrinology,1703.4,1514.0,1087523.99,17,7,0.0044,76.4,68.7,553.5,300.7,0.0,556.2,132.79999999999998,15.1,32.49,32.65,17.65,-57.67,-5.6,1479.1000000000001,86.83,0.0,Diversified Prescribers
1000003930,TX,Physician Assistant,6046.1,5212.0,3735595.02,17,7,0.0157,427.7,146.6,2010.7,2231.8,0.0,814.3999999999999,344.1,70.8,33.26,13.47,36.91,37.13,167.56,5203.5,86.06,0.0,Diversified Prescribers
1000003934,VA,Internal Medicine,4531.8,3967.0,2966180.5299999993,16,6,0.0118,0.0,601.7,1841.1000000000001,1096.4,0.0,368.5,474.90000000000003,149.2,40.63,8.13,24.19,-45.37,-11.95,3907.7000000000003,86.23,0.0,Diversified Prescribers
1000003939,NY,Internal Medicine,617.5999999999999,535.0,293171.25,12,6,0.0016,110.7,18.2,70.0,166.5,0.0,224.6,27.6,0.0,11.33,36.37,26.96,380.77,-35.61,479.3,77.61,3.0,Low-Volume / Low-Growth Prescribers
1000003942,NC,Endocrinology,2761.2999999999997,2402.0,1459358.1400000001,18,7,0.0072,389.4,111.5,538.5,615.5,0.0,919.6999999999999,138.20000000000002,48.5,19.5,33.31,22.29,-39.3,-11.24,2185.2,79.14,0.0,Diversified Prescribers
1000003944,TX,Endocrinology,2118.4,1817.0,1327200.69,17,7,0.0055,119.9,88.1,758.0,361.59999999999997,0.0,577.0999999999999,183.10000000000002,30.6,35.78,27.24,17.07,-27.77,18.08,1784.7999999999997,84.25,0.0,Diversified Prescribers
1000003947,TN,Family Practice,1073.7,933.0,584853.8300000001,12,6,0.0028,214.39999999999998,101.89999999999999,335.3,387.4,2.4,0.0,32.3,0.0,31.23,0.0,36.08,77.68,307.81,824.5999999999999,76.8,3.0,Low-Volume / Low-Growth Prescribers
1000003948,CA,Endocrinology,42614.200000000004,36997.0,28429502.1,19,8,0.1107,1962.2,99.8,16928.7,5805.799999999999,80.0,13644.000000000002,3210.6000000000004,883.1,39.73,32.02,13.62,122.42,57.33,36478.3,85.6,1.0,High-Volume Core Prescribers
1000003952,GA,Cardiology,2471.4,2162.0,1392918.92,14,7,0.0064,0.0,79.6,821.7,575.7,10.9,453.1,407.0,123.4,33.25,18.33,23.29,89.89,-7.96,1930.1000000000001,78.1,3.0,Low-Volume / Low-Growth Prescribers
1000003956,NC,Physician Assistant,36130.7,30781.0,20829296.09,18,8,0.0939,3978.4,1707.6,12173.2,11943.9,144.5,3874.8999999999996,1889.5,418.7,33.69,10.72,33.06,60.44,56.9,29699.6,82.2,1.0,High-Volume Core Prescribers
1000003957,NY,Internal Medicine,8515.499999999998,7209.0,4898605.789999999,12,6,0.0221,0.0,780.6,3453.7,1847.6999999999998,226.0,0.0,1855.0,352.5,40.56,0.0,21.7,-41.03,-42.13,6082.0,71.42,3.0,Low-Volume / Low-Growth Prescribers
1000003982,IN,Internal Medicine,787.3,680.0,422689.98,15,7,0.002,113.4,65.3,181.4,275.29999999999995,0.0,101.6,34.6,15.7,23.04,12.9,34.97,-28.93,377.46,623.5999999999999,79.21,3.0,Low-Volume / Low-Growth Prescribers
1000003992,PA,Family Practice,996.3,861.0,300052.26000000007,15,7,0.0026,422.9,0.0,147.1,111.1,1.1,156.8,124.0,33.3,14.76,15.74,11.15,-39.88,-58.83,415.0,41.65,3.0,Low-Volume / Low-Growth Prescribers
1000003996,VA,Internal Medicine,4330.400000000001,3859.0,1658573.4,16,8,0.0112,858.0999999999999,425.1,820.8999999999999,1049.5,23.7,98.69999999999999,971.0,83.4,18.96,2.28,24.24,-0.29,151.35,2394.2,55.29,3.0,Low-Volume / Low-Growth Prescribers
1000004007,OH,Internal Medicine,31747.799999999996,27984.0,12714389.689999998,17,8,0.0825,8396.2,4687.7,3190.8999999999996,1521.4,145.3,9279.0,4161.799999999999,365.5,10.05,29.23,4.79,76.35,118.07,18679.0,58.84,1.0,High-Volume Core Prescribers
1000004010,TX,Endocrinology,11706.600000000002,10238.0,6420713.99,20,8,0.0304,1368.6000000000001,600.6999999999999,2339.9999999999995,1508.1,12.7,4832.9,974.7,68.9,19.99,41.28,12.88,-1.24,90.12,9281.699999999999,79.29,0.0,Diversified Prescribers
1000004017,IN,Nurse Practitioner,5506.2,4750.0,2325815.54,17,7,0.0143,1236.6,548.1,721.4000000000001,1268.1000000000001,0.0,1140.1000000000001,522.5,69.4,13.1,20.71,23.03,21.58,-40.19,3677.7000000000007,66.79,0.0,Diversified Prescribers
1000004027,AZ,Endocrinology,2608.0,2199.0,1662722.77,17,7,0.0068,281.9,71.6,1016.1999999999999,302.3,3.7,664.8,267.5,0.0,38.96,25.49,11.59,57.7,366.99,2054.9,78.79,0.0,Diversified Prescribers
1000004035,FL,Cardiology,4277.700000000001,3719.0,1684102.8100000003,16,7,0.0111,1129.4,160.3,571.9000000000001,1379.2,0.0,474.5,456.1,106.3,13.37,11.09,32.24,-41.6,269.9,2585.9,60.45,0.0,Diversified Prescribers
1000004038,PA,Family Practice,5685.5999999999985,4917.0,2042791.4200000004,17,7,0.0148,1721.6,421.6,741.0999999999999,1026.4,0.0,1038.0,664.3,72.6,13.03,18.26,18.05,-82.87,-86.84,3227.1,56.76,0.0,Diversified Prescribers
1000004041,NC,Internal Medicine,4190.6,3670.0,2001455.4200000002,17,7,0.0109,523.9,120.8,878.3999999999999,1088.6,0.0,868.0,563.2,147.7,20.96,20.71,25.98,-51.7,30.59,2955.7999999999997,70.53,0.0,Diversified Prescribers
1000004043,NC,Family Practice,19035.299999999996,16928.0,9421071.53,17,7,0.0495,3854.6000000000004,1174.7,4014.2,2941.5,146.60000000000002,4912.4,1991.3000000000002,0.0,21.09,25.81,15.45,-92.14,142.45,13042.8,68.52,0.0,Diversified Prescribers
1000004045,IL,Internal Medicine,3967.6999999999994,3364.0,2177708.92,15,5,0.0103,0.0,505.4,580.1999999999999,1204.7,0.0,1318.7,358.7,0.0,14.62,33.24,30.36,25.66,12.82,3609.0,90.96,0.0,Diversified Prescribers
1000004046,AZ,Internal Medicine,1161.8000000000002,1030.0,502081.86999999994,14,7,0.003,99.1,104.0,167.09999999999997,348.49999999999994,0.0,201.00000000000003,227.2,14.9,14.38,17.3,30.0,-71.34,-64.09,820.5999999999999,70.63,3.0,Low-Volume / Low-Growth Prescribers
1000004059,TN,Nephrology,969.1,851.0,405528.12999999995,15,7,0.0025,213.5,47.3,154.4,116.6,0.0,249.2,171.7,16.4,15.93,25.71,12.03,-19.11,64.81,567.5,58.56,3.0,Low-Volume / Low-Growth Prescribers
1000004069,FL,Nurse Practitioner,5539.500000000001,4686.0,2588345.8599999994,18,8,0.0144,696.8,121.8,1100.5,1726.2999999999997,14.1,971.7000000000002,775.3,133.0,19.87,17.54,31.16,133.8,-19.18,3920.3,70.77,0.0,Diversified Prescribers
1000004077,TX,Internal Medicine,4442.599999999999,3850.0,2038093.0499999998,17,7,0.0115,1045.0,457.4,1103.5,1294.3,36.9,0.0,442.4,63.1,24.84,0.0,29.13,-56.76,453.6,2855.2,64.27,0.0,Diversified Prescribers
1000004081,MI,Internal Medicine,764.0000000000001,657.0,284256.0399999999,16,6,0.002,208.9,35.2,86.1,252.3,0.0,95.2,86.30000000000001,0.0,11.27,12.46,33.02,-52.07,61.53,468.8,61.36,3.0,Low-Volume / Low-Growth Prescribers
1000004091,CA,Internal Medicine,870.8,767.0,310381.13999999996,14,7,0.0023,343.79999999999995,77.7,136.4,204.2,2.2,71.9,34.6,0.0,15.66,8.26,23.45,-47.84,-69.06,490.2,56.29,3.0,Low-Volume / Low-Growth Prescribers
1000004099,NC,Endocrinology,12370.7,10590.0,7747590.069999999,17,8,0.0321,1266.2,530.4000000000001,3863.2000000000003,662.8,34.3,4518.5,1350.1000000000001,145.2,31.23,36.53,5.36,67.49,390.45,9574.9,77.4,0.0,Diversified Prescribers
1000004106,GA,Physician Assistant,1028.0,883.0,648076.68,14,6,0.0027,84.7,29.7,309.1,266.2,0.0,293.7,44.6,0.0,30.07,28.57,25.89,-73.35,48.43,898.7,87.42,3.0,Low-Volume / Low-Growth Prescribers
1000004123,TN,Nurse Practitioner,3749.5,3266.0,2085312.6300000001,17,7,0.0097,509.9,242.10000000000002,1256.6,656.8999999999999,40.400000000000006,472.79999999999995,570.8000000000001,0.0,33.51,12.61,17.52,-86.76,50.71,2628.3999999999996,70.1,0.0,Diversified Prescribers
1000004136,AZ,Family Practice,12474.5,10787.0,5943822.569999999,19,7,0.0324,0.0,1300.0,1164.2,4496.9,118.39999999999999,3319.2999999999997,1802.1,273.6,9.33,26.61,36.05,-60.91,-34.61,10280.4,82.41,0.0,Diversified Prescribers
1000004169,AZ,Endocrinology,10175.099999999999,9000.0,6890414.9,19,8,0.0264,463.3,660.4000000000001,4643.5,2221.4,30.6,1378.4,578.1,199.4,45.64,13.55,21.83,-45.3,66.02,8903.699999999999,87.5,0.0,Diversified Prescribers
1000004173,TX,Internal Medicine,16828.3,14569.0,8734670.34,17,8,0.0437,4081.6000000000004,1275.9,5129.6,1518.3000000000002,127.89999999999999,2344.1000000000004,1421.1,929.8,30.48,13.93,9.02,51.29,487.05,10267.900000000001,61.02,0.0,Diversified Prescribers
1000004177,GA,Family Practice,5171.099999999999,4501.0,2176818.4699999997,18,7,0.0134,884.1,647.8000000000001,546.3,1598.9,35.3,885.1,573.6,0.0,10.56,17.12,30.92,-35.03,-28.89,3678.1000000000004,71.13,0.0,Diversified Prescribers
1000004183,OH,Internal Medicine,768.2,657.0,325934.21,12,4,0.002,0.0,120.2,85.8,377.0,0.0,0.0,185.2,0.0,11.17,0.0,49.08,245.25,-11.36,583.0,75.89,3.0,Low-Volume / Low-Growth Prescribers
1000004200,IN,Nurse Practitioner,654.2,564.0,403713.35,12,7,0.0017,90.3,29.5,272.9,186.3,1.1,42.4,31.7,0.0,41.72,6.48,28.48,-79.46,11.01,531.0999999999999,81.18,3.0,Low-Volume / Low-Growth Prescribers
1000004202,FL,Endocrinology,9819.300000000001,8589.0,5496616.13,17,8,0.0255,1146.3000000000002,383.6,2620.5,2410.8,29.1,2231.0,804.5,193.5,26.69,22.72,24.55,-26.11,140.88,7645.900000000001,77.87,0.0,Diversified Prescribers
1000004205,PA,Internal Medicine,18660.2,15969.0,11170438.119999997,20,8,0.0485,1639.5,997.4000000000001,5920.8,6238.3,115.7,2001.5,1194.9,552.0999999999999,31.73,10.73,33.43,63.08,314.4,15158.0,81.23,0.0,Diversified Prescribers
1000004214,MA,Family Practice,452.2,394.0,221966.03,13,7,0.0012,0.0,48.0,121.50000000000001,110.69999999999999,2.2,33.3,123.39999999999999,13.1,26.87,7.36,24.48,952.29,182.95,313.5,69.33,3.0,Low-Volume / Low-Growth Prescribers
1000004219,PA,Internal Medicine,1097.6,949.0,531037.5599999999,17,7,0.0029,92.8,105.3,151.6,236.7,0.0,332.09999999999997,148.5,30.6,13.81,30.26,21.57,-61.7,-6.89,825.6999999999998,75.23,3.0,Low-Volume / Low-Growth Prescribers
1000004223,NY,Family Practice,17146.300000000003,14818.0,6540392.489999999,18,8,0.0445,3325.5,1513.5,1726.9,5185.6,197.79999999999998,2668.1000000000004,1931.8000000000002,597.1,10.07,15.56,30.24,-71.05,-79.82,11094.1,64.7,0.0,Diversified Prescribers
1000004232,TX,Internal Medicine,13798.099999999999,12092.0,5347497.89,15,7,0.0358,4111.4,1252.2,1083.3000000000002,3965.4000000000005,87.8,2664.7000000000003,633.3,0.0,7.85,19.31,28.74,-8.25,417.13,8965.600000000002,64.98,0.0,Diversified Prescribers
1000004233,PA,Nurse Practitioner,809.8,705.0,360277.59,18,8,0.0021,94.4,93.7,83.0,288.1,4.4,147.0,84.6,14.6,10.25,18.15,35.58,516.63,450.32,611.8,75.55,3.0,Low-Volume / Low-Growth Prescribers
1000004236,NY,Endocrinology,2117.1000000000004,1858.0,1429461.17,18,7,0.0055,123.3,133.4,869.8000000000001,321.0,0.0,485.4,147.1,37.099999999999994,41.08,22.93,15.16,268.88,163.08,1809.6000000000001,85.48,0.0,Diversified Prescribers
1000004242,NY,Family Practice,846.3,735.0,335683.7399999999,16,7,0.0022,96.7,91.10000000000001,96.30000000000001,198.8,0.0,166.4,165.2,31.8,11.38,19.66,23.49,57.58,24.71,552.6000000000001,65.3,3.0,Low-Volume / Low-Growth Prescribers
1000004251,TX,Endocrinology,12430.5,10712.0,6387597.16,22,8,0.0323,2533.8,1258.9,3078.1000000000004,2130.1,23.2,2478.9,860.3,67.2,24.76,19.94,17.14,-1.44,31.01,8946.0,71.97,0.0,Diversified Prescribers
1000004274,IN,Family Practice,6111.799999999999,5211.0,2751372.1399999997,17,8,0.0159,824.2,352.90000000000003,672.3000000000001,1449.4,32.1,1813.0000000000002,920.5999999999999,47.3,11.0,29.66,23.71,34.3,40.22,4287.6,70.15,0.0,Diversified Prescribers
1000004280,TX,Endocrinology,41310.90000000001,36708.0,27975587.96,21,7,0.1073,0.0,2234.0,16983.0,7298.4,266.5,8707.2,4633.0,1188.8,41.11,21.08,17.67,60.8,167.47,35222.6,85.26,1.0,High-Volume Core Prescribers
1000004284,IL,Internal Medicine,2777.3999999999996,2355.0,740543.77,12,7,0.0072,914.7,134.6,64.1,687.9000000000001,7.5,478.4,490.2,0.0,2.31,17.22,24.77,-6.48,-80.14,1365.0,49.15,3.0,Low-Volume / Low-Growth Prescribers
1000004300,MI,Endocrinology,9790.5,8574.0,6144488.760000001,21,8,0.0254,398.0,939.4999999999999,3157.0,1275.1,55.4,3108.4,667.5,189.60000000000002,32.25,31.75,13.02,53.07,95.13,8480.0,86.61,0.0,Diversified Prescribers
1000004301,TX,Physician Assistant,859.1000000000001,725.0,402349.15,12,6,0.0022,115.6,109.79999999999998,257.7,66.0,0.0,77.2,232.79999999999998,0.0,30.0,8.99,7.68,-87.42,-92.75,510.69999999999993,59.45,3.0,Low-Volume / Low-Growth Prescribers
1000004305,TN,Endocrinology,11426.399999999998,9847.0,6048143.869999999,21,8,0.0297,1267.5,690.2,2298.6000000000004,2091.2,43.4,3812.1000000000004,989.0999999999999,234.29999999999998,20.12,33.36,18.3,44.76,84.39,8892.1,77.82,0.0,Diversified Prescribers
1000004311,NY,Physician Assistant,4119.4,3554.0,2358295.8099999996,18,6,0.0107,0.0,578.3,1084.0,1060.5,0.0,617.3000000000001,704.5,74.8,26.31,14.99,25.74,639.24,182.13,3340.1000000000004,81.08,0.0,Diversified Prescribers
1000004323,CA,Internal Medicine,5976.099999999999,5111.0,2989965.5299999993,18,8,0.0155,988.2,539.4000000000001,1242.4,1809.1999999999998,19.4,807.4,452.3,117.8,20.79,13.51,30.27,-5.01,87.45,4398.4,73.6,0.0,Diversified Prescribers
1000004340,OH,Internal Medicine,12312.599999999999,10614.0,4316654.5600000005,15,8,0.032,3302.5,1681.1,595.0,4650.0,67.30000000000001,1044.8,691.7,280.2,4.83,8.49,37.77,-37.97,-63.78,7970.9,64.74,0.0,Diversified Prescribers
1000004342,TX,Family Practice,826.0,714.0,483700.08999999997,14,6,0.0021,0.0,84.8,320.4,193.60000000000002,0.0,14.6,190.7,21.9,38.79,1.77,23.44,542.49,135.52,613.4000000000001,74.26,3.0,Low-Volume / Low-Growth Prescribers
1000004347,NC,Internal Medicine,920.4999999999998,808.0,410422.22000000003,13,7,0.0024,219.1,5.3,123.3,277.0,0.0,256.2,25.7,13.9,13.39,27.83,30.09,217.62,108.65,661.8,71.9,3.0,Low-Volume / Low-Growth Prescribers
1000004356,TX,Internal Medicine,935.6000000000003,826.0,408966.2200000001,14,7,0.0024,219.3,103.4,102.1,290.7,1.1,186.49999999999997,0.0,32.5,10.91,19.93,31.07,-5.07,517.81,682.7,72.97,3.0,Low-Volume / Low-Growth Prescribers
1000004362,MA,Family Practice,1292.7999999999997,1130.0,457016.14,15,7,0.0034,318.3,27.2,207.0,354.5,0.0,109.1,247.89999999999998,28.799999999999997,16.01,8.44,27.42,272.54,11.26,697.8,53.98,3.0,Low-Volume / Low-Growth Prescribers
1000004368,NC,Endocrinology,33412.200000000004,28487.0,17778310.31,21,8,0.0868,5172.1,2303.5,9883.0,6894.9,255.6,5046.8,3229.6000000000004,626.7,29.58,15.1,20.64,1.64,65.27,24128.199999999997,72.21,1.0,High-Volume Core Prescribers
1000004396,FL,Internal Medicine,3324.5,2891.0,1441542.57,15,7,0.0086,470.7,359.29999999999995,365.0,452.20000000000005,14.5,1033.8000000000002,629.0,0.0,10.98,31.1,13.6,47.15,400.41,2210.3,66.49,3.0,Low-Volume / Low-Growth Prescribers
1000004402,AZ,Internal Medicine,598.1000000000001,523.0,496977.07999999996,10,3,0.0016,0.0,0.0,359.9,117.80000000000001,0.0,120.4,0.0,0.0,60.17,20.13,19.7,-63.36,2.78,598.0999999999999,100.0,3.0,Low-Volume / Low-Growth Prescribers
1000004403,MI,Internal Medicine,3174.7999999999997,2826.0,1404234.18,14,7,0.0082,501.0,394.20000000000005,507.00000000000006,417.9,31.1,812.0,511.59999999999997,0.0,15.97,25.58,13.16,-53.53,-78.21,2131.1,67.13,3.0,Low-Volume / Low-Growth Prescribers
1000001898,PA,Internal Medicine,675.9,589.0,269860.94,16,7,0.0018,113.1,89.80000000000001,133.0,124.19999999999999,0.0,54.5,131.4,29.9,19.68,8.06,18.38,,,401.5,59.4,,
