npi,specialty,state,cluster,segment_name,total_fills,yoy_growth,brand_share
1000004411,Endocrinology,MI,0.0,Diversified Prescribers,1959.6,-21.24,82.81
1000004416,Internal Medicine,IL,3.0,Low-Volume / Low-Growth Prescribers,704.8,23.11,54.27
1000004422,Family Practice,OH,0.0,Diversified Prescribers,20616.6,-20.39,64.5
1000004429,Family Practice,VA,3.0,Low-Volume / Low-Growth Prescribers,1024.9,-48.81,62.05
1000004435,Internal Medicine,NC,1.0,High-Volume Core Prescribers,39509.00000000001,160.0,81.56
1000004442,Internal Medicine,MA,0.0,Diversified Prescribers,17384.0,-76.3,70.61
1000004445,Cardiology,MA,0.0,Diversified Prescribers,16824.699999999997,83.57,88.36
1000004448,Internal Medicine,TX,0.0,Diversified Prescribers,13631.5,36.04,79.1
1000004459,Internal Medicine,TN,3.0,Low-Volume / Low-Growth Prescribers,719.6,-12.48,45.78
1000004462,Nephrology,PA,3.0,Low-Volume / Low-Growth Prescribers,569.0999999999999,-41.01,50.13
1000004470,Nurse Practitioner,CA,3.0,Low-Volume / Low-Growth Prescribers,588.9,-45.95,54.03
1000004477,Internal Medicine,GA,3.0,Low-Volume / Low-Growth Prescribers,3776.2,272.06,74.01
1000004479,Family Practice,FL,0.0,Diversified Prescribers,13515.100000000002,-47.07,59.7
1000004486,Endocrinology,NY,0.0,Diversified Prescribers,9281.899999999998,-33.89,83.59
1000004495,Family Practice,IL,3.0,Low-Volume / Low-Growth Prescribers,680.7,510.85,65.02
1000004497,Endocrinology,VA,0.0,Diversified Prescribers,2970.1,290.72,68.92
1000000014,Internal Medicine,IL,3.0,Low-Volume / Low-Growth Prescribers,900.9000000000002,-59.52,66.41
1000000038,Family Practice,CA,0.0,Diversified Prescribers,5402.3,-13.19,62.6
1000000058,Endocrinology,IN,0.0,Diversified Prescribers,2788.2000000000003,3.61,71.33
1000000060,Internal Medicine,GA,0.0,Diversified Prescribers,15339.599999999997,39.83,80.92
1000000061,Internal Medicine,FL,0.0,Diversified Prescribers,13944.199999999995,120.99,86.84
1000000066,Endocrinology,TX,0.0,Diversified Prescribers,1459.1,569.91,79.08
1000000070,Family Practice,PA,0.0,Diversified Prescribers,13701.8,475.28,66.07
1000000071,Internal Medicine,NC,0.0,Diversified Prescribers,13435.2,112.83,83.2
1000000083,Endocrinology,MI,1.0,High-Volume Core Prescribers,38125.600000000006,64.04,76.68
1000000113,Family Practice,CA,0.0,Diversified Prescribers,3788.9,47.67,57.91
1000000122,Internal Medicine,TX,0.0,Diversified Prescribers,6095.900000000001,-35.86,69.06
1000000123,Endocrinology,GA,1.0,High-Volume Core Prescribers,39013.2,53.32,79.43
1000000137,Family Practice,NC,3.0,Low-Volume / Low-Growth Prescribers,715.4000000000001,-82.14,46.35
1000000148,Endocrinology,MA,0.0,Diversified Prescribers,9984.9,163.57,73.61
1000000154,Cardiology,NY,3.0,Low-Volume / Low-Growth Prescribers,497.7,-46.17,85.31
1000000166,Internal Medicine,CA,0.0,Diversified Prescribers,14175.500000000004,125.73,77.68
1000000167,Internal Medicine,TN,3.0,Low-Volume / Low-Growth Prescribers,792.0999999999999,-38.35,84.61
1000000185,Family Practice,NY,0.0,Diversified Prescribers,6588.200000000001,35.02,60.47
1000000192,Nurse Practitioner,FL,0.0,Diversified Prescribers,15761.0,-32.25,94.97
1000000198,Nurse Practitioner,CA,3.0,Low-Volume / Low-Growth Prescribers,3334.1,1.96,64.46
1000000206,Endocrinology,AZ,0.0,Diversified Prescribers,12175.6,-50.17,82.79
1000000208,Endocrinology,TN,1.0,High-Volume Core Prescribers,38708.600000000006,90.91,85.66
1000000217,Family Practice,VA,0.0,Diversified Prescribers,18136.9,350.85,67.87
1000000220,Family Practice,FL,3.0,Low-Volume / Low-Growth Prescribers,795.6,-37.39,64.71
1000000237,Endocrinology,FL,0.0,Diversified Prescribers,1704.2,-30.67,67.89
1000000246,Internal Medicine,TX,0.0,Diversified Prescribers,5696.4,196.16,68.98
1000000248,Physician Assistant,NY,3.0,Low-Volume / Low-Growth Prescribers,916.8,-63.17,71.77
1000000260,Family Practice,PA,0.0,Diversified Prescribers,4970.0,-19.87,67.02
1000000275,Internal Medicine,TN,3.0,Low-Volume / Low-Growth Prescribers,937.0,-1.77,57.61
1000000283,Endocrinology,FL,0.0,Diversified Prescribers,2195.7000000000003,168.48,77.6
1000000284,Family Practice,NY,0.0,Diversified Prescribers,14428.1,-91.68,49.16
1000000286,Internal Medicine,MA,3.0,Low-Volume / Low-Growth Prescribers,4093.6,274.87,48.92
1000000292,Family Practice,CA,0.0,Diversified Prescribers,3146.7999999999997,-3.26,87.72
1000000303,Family Practice,TX,0.0,Diversified Prescribers,5058.200000000001,-15.23,64.7
1000000312,Endocrinology,CA,0.0,Diversified Prescribers,8917.4,-66.41,89.13
1000000313,Physician Assistant,IL,3.0,Low-Volume / Low-Growth Prescribers,1024.4,-71.28,71.82
1000000326,Internal Medicine,GA,0.0,Diversified Prescribers,11310.100000000002,-9.03,71.73
1000000331,Family Practice,MI,0.0,Diversified Prescribers,15166.4,50.03,47.29
1000000339,Endocrinology,FL,0.0,Diversified Prescribers,11496.0,21.37,73.34
1000000352,Family Practice,MI,0.0,Diversified Prescribers,15601.399999999998,-85.02,66.92
1000000363,Internal Medicine,FL,3.0,Low-Volume / Low-Growth Prescribers,1111.5000000000002,-70.08,71.21
1000000364,Physician Assistant,FL,3.0,Low-Volume / Low-Growth Prescribers,935.1,17.83,72.84
1000000369,Endocrinology,AZ,0.0,Diversified Prescribers,11288.399999999996,-38.44,66.3
1000000385,Family Practice,MA,0.0,Diversified Prescribers,13554.2,15.03,74.28
1000000388,Family Practice,CA,0.0,Diversified Prescribers,3473.2000000000003,-41.22,96.39
1000000400,Endocrinology,CA,0.0,Diversified Prescribers,11836.0,129.1,79.47
1000000403,Family Practice,FL,3.0,Low-Volume / Low-Growth Prescribers,1277.1,1315.41,60.39
1000000409,Endocrinology,IL,0.0,Diversified Prescribers,13739.1,52.78,81.08
1000000412,Physician Assistant,IL,0.0,Diversified Prescribers,14766.2,-0.36,80.06
1000000415,Internal Medicine,IN,3.0,Low-Volume / Low-Growth Prescribers,853.7999999999998,60.02,64.37
1000000443,Internal Medicine,NY,3.0,Low-Volume / Low-Growth Prescribers,604.3000000000001,128.93,94.7
1000000457,Internal Medicine,NC,0.0,Diversified Prescribers,14011.2,-53.02,80.99
1000000463,Family Practice,MI,0.0,Diversified Prescribers,4991.9,-53.2,92.26
1000000465,Internal Medicine,TX,1.0,High-Volume Core Prescribers,30114.2,-80.92,59.75
1000000473,Nurse Practitioner,GA,3.0,Low-Volume / Low-Growth Prescribers,736.8999999999999,-76.0,82.1
1000000487,Internal Medicine,OH,3.0,Low-Volume / Low-Growth Prescribers,733.6,453.32,61.95
1000000509,Family Practice,NY,3.0,Low-Volume / Low-Growth Prescribers,864.8000000000001,-81.82,51.92
1000000538,Internal Medicine,GA,3.0,Low-Volume / Low-Growth Prescribers,883.6999999999999,72.37,77.62
1000000549,Family Practice,IL,1.0,High-Volume Core Prescribers,34269.3,11.86,62.22
1000000552,Internal Medicine,TX,0.0,Diversified Prescribers,4196.900000000001,-13.09,87.53
1000000560,Family Practice,IN,0.0,Diversified Prescribers,13752.4,216.26,71.6
1000000561,Internal Medicine,IN,3.0,Low-Volume / Low-Growth Prescribers,911.7,167.61,79.16
1000000567,Internal Medicine,FL,0.0,Diversified Prescribers,13994.5,33.05,88.88
1000000568,Nurse Practitioner,IN,3.0,Low-Volume / Low-Growth Prescribers,3148.4000000000005,-54.82,57.02
1000000575,Physician Assistant,IL,3.0,Low-Volume / Low-Growth Prescribers,451.50000000000006,-95.38,74.15
1000000576,Endocrinology,OH,0.0,Diversified Prescribers,10984.7,125.86,74.78
1000000583,Internal Medicine,TX,3.0,Low-Volume / Low-Growth Prescribers,560.6999999999999,155.06,70.34
1000000588,Endocrinology,OH,0.0,Diversified Prescribers,1910.9,-40.1,85.26
1000000599,Endocrinology,CA,0.0,Diversified Prescribers,2225.9,23.13,91.41
1000000600,Endocrinology,PA,0.0,Diversified Prescribers,2865.4,-39.01,82.31
1000000602,Endocrinology,OH,0.0,Diversified Prescribers,2163.5,-60.31,80.44
1000000610,Endocrinology,VA,0.0,Diversified Prescribers,11863.9,264.09,85.87
1000000653,Family Practice,MI,3.0,Low-Volume / Low-Growth Prescribers,660.6,675.21,55.42
1000000663,Internal Medicine,PA,3.0,Low-Volume / Low-Growth Prescribers,922.4,-5.47,69.9
1000000668,Internal Medicine,TX,0.0,Diversified Prescribers,4934.1,3.69,61.8
1000000669,Internal Medicine,MI,0.0,Diversified Prescribers,15502.700000000004,-79.26,56.4
1000000693,Internal Medicine,IN,0.0,Diversified Prescribers,15592.7,-80.0,74.25
1000000698,Endocrinology,NY,0.0,Diversified Prescribers,12157.900000000003,-40.24,72.18
1000000706,Internal Medicine,AZ,3.0,Low-Volume / Low-Growth Prescribers,994.6,-4.69,65.03
1000000707,Family Practice,NY,0.0,Diversified Prescribers,5831.200000000001,112.48,63.31
1000000714,Internal Medicine,NY,3.0,Low-Volume / Low-Growth Prescribers,5176.599999999999,-22.59,50.24
1000000721,Internal Medicine,PA,0.0,Diversified Prescribers,5611.699999999999,150.56,69.72
1000000724,Family Practice,NY,3.0,Low-Volume / Low-Growth Prescribers,662.9000000000001,-11.7,75.23
1000000727,Family Practice,MA,3.0,Low-Volume / Low-Growth Prescribers,1025.8000000000002,87.98,75.98
1000000728,Internal Medicine,TX,3.0,Low-Volume / Low-Growth Prescribers,1067.8,-76.69,59.66
1000000737,Family Practice,NC,3.0,Low-Volume / Low-Growth Prescribers,896.0,4.43,70.35
1000000741,Internal Medicine,NY,3.0,Low-Volume / Low-Growth Prescribers,930.1,-73.09,71.39
1000000752,Family Practice,GA,0.0,Diversified Prescribers,4529.0,8.82,81.54
1000000760,Endocrinology,TX,1.0,High-Volume Core Prescribers,37394.00000000001,41.9,73.7
1000000761,Internal Medicine,TN,3.0,Low-Volume / Low-Growth Prescribers,829.4,-10.12,74.75
1000000771,Nurse Practitioner,CA,3.0,Low-Volume / Low-Growth Prescribers,941.5,19.98,80.46
1000000773,Internal Medicine,AZ,3.0,Low-Volume / Low-Growth Prescribers,3283.5000000000005,38.38,81.52
1000000791,Family Practice,TX,3.0,Low-Volume / Low-Growth Prescribers,3782.1,92.38,55.08
1000000807,Physician Assistant,NY,0.0,Diversified Prescribers,3464.6,3589.42,81.78
1000000813,Physician Assistant,VA,0.0,Diversified Prescribers,18184.5,-93.8,78.72
1000000814,Nurse Practitioner,PA,1.0,High-Volume Core Prescribers,49611.5,-62.72,68.01
1000000822,Internal Medicine,NY,0.0,Diversified Prescribers,3733.8,-43.22,72.68
1000000842,Endocrinology,CA,0.0,Diversified Prescribers,2692.1000000000004,52.39,79.41
1000000848,Internal Medicine,PA,0.0,Diversified Prescribers,4824.000000000001,-81.77,70.65
1000000866,Endocrinology,OH,0.0,Diversified Prescribers,11319.6,26.01,76.16
1000000873,Internal Medicine,AZ,3.0,Low-Volume / Low-Growth Prescribers,844.4000000000003,-81.39,56.3
1000000909,Internal Medicine,IL,3.0,Low-Volume / Low-Growth Prescribers,689.1999999999999,-30.41,85.77
1000000920,Nurse Practitioner,TX,3.0,Low-Volume / Low-Growth Prescribers,783.8,93.14,78.4
1000000927,Internal Medicine,TX,1.0,High-Volume Core Prescribers,33747.6,-73.58,73.04
1000000936,Endocrinology,TX,0.0,Diversified Prescribers,12321.7,42.42,70.99
1000000946,Endocrinology,FL,0.0,Diversified Prescribers,2377.9,-6.5,62.64
1000000960,Endocrinology,AZ,0.0,Diversified Prescribers,12172.5,40.89,88.02
1000000968,Family Practice,TN,3.0,Low-Volume / Low-Growth Prescribers,3504.9000000000005,-19.98,73.21
1000000977,Endocrinology,GA,1.0,High-Volume Core Prescribers,39591.5,100.65,70.02
1000000983,Endocrinology,GA,1.0,High-Volume Core Prescribers,39934.6,100.51,72.37
1000000997,Endocrinology,MA,1.0,High-Volume Core Prescribers,42245.399999999994,114.74,75.6
1000000998,Physician Assistant,IL,3.0,Low-Volume / Low-Growth Prescribers,1055.2,-46.39,65.36
1000001004,Family Practice,FL,0.0,Diversified Prescribers,4969.299999999999,21.64,67.97
1000001011,Cardiology,IN,0.0,Diversified Prescribers,4685.700000000001,-10.98,66.3
1000001012,Physician Assistant,MA,0.0,Diversified Prescribers,17116.800000000003,-51.56,59.53
1000001017,Family Practice,MI,3.0,Low-Volume / Low-Growth Prescribers,970.3,312.72,67.18
1000001033,Endocrinology,AZ,1.0,High-Volume Core Prescribers,34532.29999999999,-14.19,79.38
1000001047,Endocrinology,CA,0.0,Diversified Prescribers,1803.8000000000004,-55.11,84.5
1000001048,Nurse Practitioner,TX,0.0,Diversified Prescribers,9947.0,112.82,59.04
1000001050,Nurse Practitioner,FL,0.0,Diversified Prescribers,8279.2,-63.09,86.97
1000001052,Physician Assistant,IN,0.0,Diversified Prescribers,12411.9,0.92,88.96
1000001053,Family Practice,OH,3.0,Low-Volume / Low-Growth Prescribers,4895.000000000001,-38.36,71.41
1000001069,Internal Medicine,VA,0.0,Diversified Prescribers,17831.8,221.95,65.96
1000001071,Internal Medicine,CA,0.0,Diversified Prescribers,14448.2,-6.07,74.74
1000001079,Physician Assistant,NY,1.0,High-Volume Core Prescribers,42705.899999999994,-45.36,71.11
1000001086,Family Practice,NY,0.0,Diversified Prescribers,5213.5,-17.78,85.42
1000001092,Family Practice,CA,3.0,Low-Volume / Low-Growth Prescribers,877.7999999999997,-92.81,75.39
1000001113,Internal Medicine,TX,0.0,Diversified Prescribers,6198.7,130.14,76.02
1000001114,Family Practice,NY,3.0,Low-Volume / Low-Growth Prescribers,756.1999999999999,18.98,76.16
1000001122,Nurse Practitioner,TN,0.0,Diversified Prescribers,17640.399999999998,135.56,45.14
1000001128,Internal Medicine,IL,0.0,Diversified Prescribers,4656.9,208.93,60.28
1000001153,Family Practice,FL,3.0,Low-Volume / Low-Growth Prescribers,1037.1,-55.04,84.79
1000001204,Internal Medicine,IN,3.0,Low-Volume / Low-Growth Prescribers,908.5,137.67,66.12
1000001222,Internal Medicine,AZ,1.0,High-Volume Core Prescribers,36309.8,257.7,65.51
1000001231,Internal Medicine,FL,3.0,Low-Volume / Low-Growth Prescribers,1051.0,-58.37,56.96
1000001243,Nurse Practitioner,VA,3.0,Low-Volume / Low-Growth Prescribers,699.8,228.78,83.15
1000001245,Family Practice,GA,1.0,High-Volume Core Prescribers,52195.59999999999,-26.57,69.98
1000001261,Family Practice,IN,0.0,Diversified Prescribers,5671.3,34.02,92.25
1000001269,Internal Medicine,IN,3.0,Low-Volume / Low-Growth Prescribers,3900.9,31.69,67.33
1000001277,Cardiology,TX,0.0,Diversified Prescribers,17502.3,177.24,57.29
1000001286,Endocrinology,FL,0.0,Diversified Prescribers,7968.300000000001,13.35,77.47
1000001317,Family Practice,OH,3.0,Low-Volume / Low-Growth Prescribers,1248.0,219.61,68.7
1000001345,Internal Medicine,TX,3.0,Low-Volume / Low-Growth Prescribers,4936.599999999999,19.36,65.88
1000001347,Internal Medicine,MI,0.0,Diversified Prescribers,14422.5,387.04,71.88
1000001351,Family Practice,VA,0.0,Diversified Prescribers,3663.7,70.35,88.08
1000001360,Nurse Practitioner,PA,0.0,Diversified Prescribers,14091.199999999995,-97.52,61.33
1000001366,Family Practice,MI,0.0,Diversified Prescribers,13083.2,60.97,86.02
1000001367,Nurse Practitioner,TX,3.0,Low-Volume / Low-Growth Prescribers,960.2,2598.37,58.87
1000001370,Cardiology,TX,3.0,Low-Volume / Low-Growth Prescribers,954.0,-8.02,75.93
1000001376,Internal Medicine,MA,3.0,Low-Volume / Low-Growth Prescribers,1151.0,119.42,62.32
1000001384,Family Practice,PA,0.0,Diversified Prescribers,16522.199999999997,-34.0,72.37
1000001390,Internal Medicine,GA,0.0,Diversified Prescribers,16246.4,181.01,77.6
1000001417,Endocrinology,NC,0.0,Diversified Prescribers,2422.6999999999994,-1.73,84.69
1000001429,Nurse Practitioner,MA,0.0,Diversified Prescribers,8498.0,-75.38,60.47
1000001437,Family Practice,TX,0.0,Diversified Prescribers,4256.8,-49.35,77.09
1000001441,Endocrinology,TX,1.0,High-Volume Core Prescribers,35757.200000000004,-6.59,72.25
1000001452,Nurse Practitioner,AZ,0.0,Diversified Prescribers,18264.9,142.32,63.08
1000001456,Family Practice,FL,3.0,Low-Volume / Low-Growth Prescribers,878.1,50.0,48.17
1000001460,Internal Medicine,NY,3.0,Low-Volume / Low-Growth Prescribers,3318.1999999999994,15.96,59.45
1000001468,Nurse Practitioner,IN,0.0,Diversified Prescribers,21719.999999999996,-51.19,64.92
1000001469,Family Practice,TN,0.0,Diversified Prescribers,4004.099999999999,-53.0,63.42
1000001470,Family Practice,AZ,3.0,Low-Volume / Low-Growth Prescribers,4262.5,-25.09,56.61
1000001472,Nurse Practitioner,AZ,0.0,Diversified Prescribers,11482.6,1153.87,86.01
1000001474,Internal Medicine,FL,0.0,Diversified Prescribers,5497.199999999999,22.87,70.45
1000001488,Internal Medicine,NC,0.0,Diversified Prescribers,5052.8,-59.14,64.4
1000001506,Family Practice,IL,3.0,Low-Volume / Low-Growth Prescribers,3885.4,145.21,58.73
1000001531,Family Practice,FL,0.0,Diversified Prescribers,16527.6,66.11,81.59
1000001535,Endocrinology,TX,0.0,Diversified Prescribers,11572.3,34.9,78.33
1000001545,Internal Medicine,MI,3.0,Low-Volume / Low-Growth Prescribers,4597.0,-77.25,40.3
1000001546,Family Practice,CA,1.0,High-Volume Core Prescribers,31300.599999999995,-17.96,70.15
1000001571,Endocrinology,FL,1.0,High-Volume Core Prescribers,44568.7,-21.74,83.65
1000001572,Family Practice,TX,3.0,Low-Volume / Low-Growth Prescribers,878.8000000000002,-39.88,78.0
1000001586,Family Practice,MI,3.0,Low-Volume / Low-Growth Prescribers,1090.2,28.51,57.52
1000001594,Family Practice,TX,0.0,Diversified Prescribers,14034.7,273.18,69.59
1000001610,Nurse Practitioner,VA,0.0,Diversified Prescribers,4130.599999999999,75.86,67.36
1000001616,Nephrology,NC,0.0,Diversified Prescribers,16515.300000000003,-82.04,56.12
1000001618,Internal Medicine,FL,3.0,Low-Volume / Low-Growth Prescribers,782.7,249.63,75.41
1000001624,Endocrinology,AZ,1.0,High-Volume Core Prescribers,83192.10000000002,-52.34,78.01
1000001625,Family Practice,AZ,0.0,Diversified Prescribers,3726.499999999999,753.35,64.8
1000001632,Family Practice,IL,3.0,Low-Volume / Low-Growth Prescribers,1094.1,133.38,68.74
1000001633,Family Practice,CA,3.0,Low-Volume / Low-Growth Prescribers,1123.3,-33.55,70.05
1000001639,Physician Assistant,AZ,3.0,Low-Volume / Low-Growth Prescribers,1142.6999999999996,-23.24,49.63
1000001661,Internal Medicine,FL,3.0,Low-Volume / Low-Growth Prescribers,661.1000000000001,20.67,84.44
1000001662,Nurse Practitioner,TX,0.0,Diversified Prescribers,19451.1,-59.28,62.06
1000001665,Nurse Practitioner,PA,3.0,Low-Volume / Low-Growth Prescribers,611.3000000000001,-28.33,48.63
1000001672,Nurse Practitioner,CA,3.0,Low-Volume / Low-Growth Prescribers,633.4000000000001,239.22,64.84
1000001687,Internal Medicine,FL,3.0,Low-Volume / Low-Growth Prescribers,873.8,164.92,79.23
1000001702,Internal Medicine,IN,3.0,Low-Volume / Low-Growth Prescribers,723.5999999999999,-84.85,89.47
1000001717,Family Practice,NY,3.0,Low-Volume / Low-Growth Prescribers,905.6,1.07,74.69
1000001727,Nephrology,VA,3.0,Low-Volume / Low-Growth Prescribers,3929.499999999999,191.61,68.5
1000001747,Internal Medicine,AZ,0.0,Diversified Prescribers,14207.6,-66.2,65.38
1000001751,Internal Medicine,TX,3.0,Low-Volume / Low-Growth Prescribers,2316.8999999999996,-93.68,63.54
1000001777,Internal Medicine,NY,0.0,Diversified Prescribers,3827.700000000001,-83.9,73.42
1000001799,Endocrinology,FL,0.0,Diversified Prescribers,2452.1,-88.94,82.05
1000001807,Internal Medicine,NY,3.0,Low-Volume / Low-Growth Prescribers,1080.4,11.47,70.83
1000001820,Internal Medicine,OH,0.0,Diversified Prescribers,4267.1,290.23,70.2
1000001825,Internal Medicine,TX,3.0,Low-Volume / Low-Growth Prescribers,3922.599999999999,-85.6,68.96
1000001834,Family Practice,TX,0.0,Diversified Prescribers,4791.5,-60.84,71.4
1000001836,Endocrinology,TX,0.0,Diversified Prescribers,15418.4,103.18,81.36
1000001849,Family Practice,GA,3.0,Low-Volume / Low-Growth Prescribers,910.3,-10.54,67.97
1000001859,Family Practice,NC,0.0,Diversified Prescribers,4267.400000000001,75.08,63.3
1000001876,Family Practice,MI,0.0,Diversified Prescribers,4874.200000000001,-4.79,69.23
1000001883,Family Practice,TX,3.0,Low-Volume / Low-Growth Prescribers,2458.5,102.58,72.81
1000001892,Family Practice,MI,0.0,Diversified Prescribers,15301.4,-11.54,71.96
1000001903,Endocrinology,MA,0.0,Diversified Prescribers,7525.8,114.46,88.2
1000001907,Internal Medicine,FL,0.0,Diversified Prescribers,4958.0,-47.97,69.09
1000001908,Internal Medicine,IL,0.0,Diversified Prescribers,14507.1,-56.79,51.48
1000001911,Nurse Practitioner,FL,0.0,Diversified Prescribers,4740.2,-60.17,73.1
1000001917,Family Practice,IN,3.0,Low-Volume / Low-Growth Prescribers,4148.299999999999,241.46,52.43
1000001920,Family Practice,VA,3.0,Low-Volume / Low-Growth Prescribers,4522.5,-29.58,78.18
1000001933,Family Practice,IL,0.0,Diversified Prescribers,14685.3,14.97,63.53
1000001939,Endocrinology,IL,0.0,Diversified Prescribers,2026.3000000000009,-3.09,74.88
1000001952,Family Practice,NY,3.0,Low-Volume / Low-Growth Prescribers,690.0,-35.46,75.94
1000001959,Family Practice,FL,0.0,Diversified Prescribers,10587.999999999998,-72.36,69.45
1000001962,Family Practice,IN,0.0,Diversified Prescribers,4954.200000000001,29.49,61.99
1000001971,Family Practice,TN,0.0,Diversified Prescribers,20250.8,61.84,82.78
1000001981,Family Practice,PA,0.0,Diversified Prescribers,4435.4,169.61,87.55
1000001984,Endocrinology,TX,0.0,Diversified Prescribers,2129.5,0.67,76.09
1000001994,Family Practice,VA,0.0,Diversified Prescribers,10902.3,-79.99,85.79
1000001996,Physician Assistant,NY,0.0,Diversified Prescribers,20735.9,-71.29,43.33
1000002002,Nurse Practitioner,PA,3.0,Low-Volume / Low-Growth Prescribers,3399.8999999999996,-69.8,86.99
1000002004,Internal Medicine,CA,3.0,Low-Volume / Low-Growth Prescribers,782.7,-33.05,63.54
1000002013,Endocrinology,AZ,0.0,Diversified Prescribers,2766.9999999999995,-17.63,84.37
1000002023,Endocrinology,TX,0.0,Diversified Prescribers,9349.8,111.62,84.14
1000002026,Family Practice,CA,3.0,Low-Volume / Low-Growth Prescribers,772.9,73.98,86.23
1000002036,Endocrinology,NC,0.0,Diversified Prescribers,9507.100000000002,434.4,84.08
1000002037,Endocrinology,MA,0.0,Diversified Prescribers,2163.8,-28.89,73.26
1000002044,Nurse Practitioner,PA,3.0,Low-Volume / Low-Growth Prescribers,501.5999999999999,-63.71,84.47
1000002045,Family Practice,CA,3.0,Low-Volume / Low-Growth Prescribers,4950.399999999999,-61.89,53.91
1000002051,Internal Medicine,IL,3.0,Low-Volume / Low-Growth Prescribers,693.9,299.4,55.35
1000002053,Physician Assistant,CA,0.0,Diversified Prescribers,20049.4,50.91,63.92
1000002059,Internal Medicine,VA,0.0,Diversified Prescribers,6065.9,18.17,55.28
1000002061,Internal Medicine,FL,3.0,Low-Volume / Low-Growth Prescribers,747.4,682.22,70.79
1000002064,Endocrinology,TX,0.0,Diversified Prescribers,2027.8,55.5,85.79
1000002074,Nurse Practitioner,CA,3.0,Low-Volume / Low-Growth Prescribers,1417.6,48.75,62.87
1000002075,Nurse Practitioner,GA,3.0,Low-Volume / Low-Growth Prescribers,3418.6000000000004,1320.51,83.86
1000002076,Internal Medicine,IN,3.0,Low-Volume / Low-Growth Prescribers,4559.7,98.16,43.76
1000002094,Internal Medicine,MI,0.0,Diversified Prescribers,4268.1,332.86,58.59
1000002111,Internal Medicine,MI,3.0,Low-Volume / Low-Growth Prescribers,960.5,323.18,80.01
1000002117,Family Practice,NY,0.0,Diversified Prescribers,4122.5,-24.24,77.83
1000002122,Physician Assistant,PA,3.0,Low-Volume / Low-Growth Prescribers,708.0999999999999,-30.77,65.0
1000002125,Family Practice,TX,3.0,Low-Volume / Low-Growth Prescribers,4636.1,-7.14,56.36
1000002127,Endocrinology,GA,0.0,Diversified Prescribers,1878.2000000000007,75.99,82.23
1000002134,Family Practice,NC,0.0,Diversified Prescribers,4479.4,-16.25,70.75
1000002135,Nurse Practitioner,FL,3.0,Low-Volume / Low-Growth Prescribers,863.3,-12.52,83.91
1000002145,Family Practice,NY,0.0,Diversified Prescribers,4854.099999999999,-23.04,62.33
1000002158,Internal Medicine,CA,0.0,Diversified Prescribers,4942.5,-2.67,72.4
1000002164,Internal Medicine,MA,3.0,Low-Volume / Low-Growth Prescribers,595.3,-64.78,62.09
1000002165,Cardiology,MI,3.0,Low-Volume / Low-Growth Prescribers,3993.3,3.47,68.84
1000002168,Family Practice,TX,0.0,Diversified Prescribers,4812.700000000001,-3.45,67.31
1000002179,Internal Medicine,IL,3.0,Low-Volume / Low-Growth Prescribers,840.9000000000002,-66.8,61.45
1000002185,Physician Assistant,CA,1.0,High-Volume Core Prescribers,32005.999999999993,268.94,84.24
1000002189,Family Practice,CA,0.0,Diversified Prescribers,4286.300000000001,-43.76,82.17
1000002195,Internal Medicine,MI,3.0,Low-Volume / Low-Growth Prescribers,916.3,-61.87,66.94
1000002200,Cardiology,OH,3.0,Low-Volume / Low-Growth Prescribers,788.9,-52.49,56.83
1000002218,Nurse Practitioner,TX,0.0,Diversified Prescribers,3584.4,-60.35,83.47
1000002223,Internal Medicine,NY,0.0,Diversified Prescribers,18474.199999999997,7.26,63.0
1000002229,Internal Medicine,AZ,0.0,Diversified Prescribers,5119.200000000001,-15.31,65.59
1000002236,Nurse Practitioner,IN,0.0,Diversified Prescribers,4381.9,2844.42,73.27
1000002240,Family Practice,TX,3.0,Low-Volume / Low-Growth Prescribers,986.5,34.58,69.31
1000002242,Family Practice,OH,3.0,Low-Volume / Low-Growth Prescribers,814.5999999999999,4.53,72.65
1000002247,Family Practice,CA,3.0,Low-Volume / Low-Growth Prescribers,954.0,-61.76,67.77
1000002248,Family Practice,VA,3.0,Low-Volume / Low-Growth Prescribers,663.1,-68.94,64.77
1000002251,Nurse Practitioner,IL,0.0,Diversified Prescribers,5023.9,118.87,53.6
1000002265,Family Practice,IN,1.0,High-Volume Core Prescribers,25283.700000000004,72.51,59.47
1000002267,Family Practice,TX,3.0,Low-Volume / Low-Growth Prescribers,626.9000000000001,192.83,75.24
1000002277,Internal Medicine,PA,0.0,Diversified Prescribers,4819.9,157.22,76.22
1000002280,Internal Medicine,FL,3.0,Low-Volume / Low-Growth Prescribers,967.1,-11.23,66.95
1000002312,Internal Medicine,CA,0.0,Diversified Prescribers,4457.7,-27.9,83.21
1000002316,Internal Medicine,TX,0.0,Diversified Prescribers,5367.399999999999,-58.77,76.49
1000002339,Internal Medicine,VA,0.0,Diversified Prescribers,4599.8,0.66,87.61
1000002341,Endocrinology,TX,0.0,Diversified Prescribers,2062.7999999999997,9.14,76.84
1000002360,Endocrinology,CA,1.0,High-Volume Core Prescribers,43166.29999999999,-28.21,79.83
1000002361,Internal Medicine,IN,0.0,Diversified Prescribers,4568.6,148.13,72.25
1000002375,Internal Medicine,NY,0.0,Diversified Prescribers,5391.5,358.29,99.78
1000002376,Internal Medicine,TX,3.0,Low-Volume / Low-Growth Prescribers,3369.0,-64.59,78.81
1000002399,Family Practice,NY,0.0,Diversified Prescribers,2953.8,76.75,75.31
1000002402,Internal Medicine,CA,0.0,Diversified Prescribers,15286.3,85.68,75.31
1000002403,Internal Medicine,NC,3.0,Low-Volume / Low-Growth Prescribers,2738.9,-72.18,78.94
1000002412,Internal Medicine,TX,3.0,Low-Volume / Low-Growth Prescribers,398.3,-97.27,62.89
1000002424,Internal Medicine,OH,0.0,Diversified Prescribers,14171.9,-2.07,63.7
1000002426,Endocrinology,NY,0.0,Diversified Prescribers,1551.4,-6.22,79.43
1000002432,Cardiology,NY,1.0,High-Volume Core Prescribers,30953.6,-82.14,73.31
1000002440,Internal Medicine,AZ,3.0,Low-Volume / Low-Growth Prescribers,934.6999999999998,78.53,67.28
1000002445,Internal Medicine,MI,0.0,Diversified Prescribers,10116.2,-39.38,82.3
1000002463,Family Practice,NC,3.0,Low-Volume / Low-Growth Prescribers,1052.1999999999998,-30.2,72.86
1000002464,Family Practice,FL,0.0,Diversified Prescribers,4474.1,404.74,68.98
1000002469,Internal Medicine,PA,0.0,Diversified Prescribers,17155.200000000004,-50.67,46.79
1000002477,Family Practice,TN,3.0,Low-Volume / Low-Growth Prescribers,3404.5000000000005,102.1,54.44
1000002478,Endocrinology,MI,0.0,Diversified Prescribers,2319.3,47.67,65.4
1000002484,Internal Medicine,TN,3.0,Low-Volume / Low-Growth Prescribers,1265.1,-18.26,74.17
1000002507,Internal Medicine,CA,3.0,Low-Volume / Low-Growth Prescribers,938.9999999999998,-53.5,69.33
1000002515,Physician Assistant,MA,3.0,Low-Volume / Low-Growth Prescribers,3088.7999999999997,-64.28,65.54
1000002527,Physician Assistant,VA,0.0,Diversified Prescribers,16601.9,-4.26,60.93
1000002532,Internal Medicine,OH,0.0,Diversified Prescribers,16371.000000000002,167.62,82.96
1000002533,Endocrinology,OH,0.0,Diversified Prescribers,2300.3,13.56,83.72
1000002541,Family Practice,NY,3.0,Low-Volume / Low-Growth Prescribers,607.9000000000001,-63.43,67.59
1000002545,Internal Medicine,NY,3.0,Low-Volume / Low-Growth Prescribers,2971.4,-63.02,68.64
1000002546,Endocrinology,GA,0.0,Diversified Prescribers,12672.4,-52.65,76.59
1000002548,Internal Medicine,TX,0.0,Diversified Prescribers,5368.6,-13.69,67.11
1000002549,Endocrinology,PA,1.0,High-Volume Core Prescribers,55026.2,-33.2,79.35
1000002553,Physician Assistant,PA,3.0,Low-Volume / Low-Growth Prescribers,4096.700000000001,-57.72,49.71
1000002559,Internal Medicine,IN,0.0,Diversified Prescribers,19070.9,60.27,76.94
1000002563,Endocrinology,MI,0.0,Diversified Prescribers,11552.499999999998,-16.76,73.35
1000002571,Nurse Practitioner,NY,0.0,Diversified Prescribers,3164.4,14.7,90.13
1000002577,Family Practice,NC,0.0,Diversified Prescribers,11553.3,-14.51,56.73
1000002602,Family Practice,VA,0.0,Diversified Prescribers,12127.4,-84.44,68.65
1000002605,Internal Medicine,CA,0.0,Diversified Prescribers,11295.7,69.99,70.66
1000002608,Family Practice,MA,0.0,Diversified Prescribers,1006.8,-69.78,65.5
1000002612,Internal Medicine,NY,3.0,Low-Volume / Low-Growth Prescribers,929.9,-20.07,60.47
1000002626,Endocrinology,CA,1.0,High-Volume Core Prescribers,30374.0,196.4,70.86
1000002627,Family Practice,FL,3.0,Low-Volume / Low-Growth Prescribers,3973.4,162.04,69.92
1000002631,Family Practice,PA,0.0,Diversified Prescribers,8098.099999999999,3.99,99.03
1000002641,Endocrinology,CA,1.0,High-Volume Core Prescribers,31616.700000000008,314.47,92.42
1000002642,Family Practice,MI,0.0,Diversified Prescribers,4988.199999999999,30.23,64.73
1000002679,Internal Medicine,PA,3.0,Low-Volume / Low-Growth Prescribers,1217.0,-44.0,50.22
1000002687,Internal Medicine,NY,0.0,Diversified Prescribers,4292.6,291.71,67.59
1000002697,Internal Medicine,MI,0.0,Diversified Prescribers,14643.7,-26.53,59.03
1000002712,Internal Medicine,FL,3.0,Low-Volume / Low-Growth Prescribers,4489.0,-78.92,43.7
1000002718,Nurse Practitioner,IN,3.0,Low-Volume / Low-Growth Prescribers,904.4,-28.74,60.32
1000002725,Internal Medicine,VA,0.0,Diversified Prescribers,4480.099999999999,211.68,56.37
1000002737,Internal Medicine,MA,0.0,Diversified Prescribers,3713.9,-82.88,70.79
1000002743,Endocrinology,IL,1.0,High-Volume Core Prescribers,112456.09999999998,-8.78,75.11
1000002759,Endocrinology,PA,0.0,Diversified Prescribers,9575.8,-24.84,86.38
1000002761,Endocrinology,TX,0.0,Diversified Prescribers,1996.5,-42.0,80.23
1000002762,Family Practice,NC,0.0,Diversified Prescribers,4189.599999999999,-64.5,76.86
1000002767,Internal Medicine,NY,3.0,Low-Volume / Low-Growth Prescribers,807.7,-57.34,71.09
1000002788,Physician Assistant,IN,0.0,Diversified Prescribers,5312.9,13.3,56.35
1000002797,Family Practice,PA,0.0,Diversified Prescribers,4105.799999999999,4.34,65.42
1000002803,Physician Assistant,MA,1.0,High-Volume Core Prescribers,28821.5,-64.71,62.25
1000002808,Internal Medicine,AZ,3.0,Low-Volume / Low-Growth Prescribers,878.4000000000001,-35.41,50.43
1000002819,Internal Medicine,IN,3.0,Low-Volume / Low-Growth Prescribers,829.0999999999999,8.89,76.48
1000002825,Nurse Practitioner,TX,3.0,Low-Volume / Low-Growth Prescribers,671.6999999999999,-55.68,66.26
1000002826,Family Practice,TX,3.0,Low-Volume / Low-Growth Prescribers,897.3000000000001,-89.5,69.16
1000002835,Nurse Practitioner,TX,3.0,Low-Volume / Low-Growth Prescribers,1010.6,378.54,73.85
1000002836,Nephrology,CA,0.0,Diversified Prescribers,5564.8,-40.3,79.32
1000002839,Internal Medicine,IL,3.0,Low-Volume / Low-Growth Prescribers,929.5,-66.57,81.03
1000002842,Nurse Practitioner,GA,0.0,Diversified Prescribers,15859.700000000004,23.88,71.36
1000002845,Internal Medicine,FL,3.0,Low-Volume / Low-Growth Prescribers,660.8,251.47,62.98
1000002913,Physician Assistant,TN,0.0,Diversified Prescribers,12789.5,664.58,86.63
1000002929,Internal Medicine,NC,3.0,Low-Volume / Low-Growth Prescribers,682.3999999999999,242.72,81.73
1000002934,Family Practice,CA,3.0,Low-Volume / Low-Growth Prescribers,705.6,1.4,56.49
1000002936,Family Practice,TX,0.0,Diversified Prescribers,14295.1,57.45,91.25
1000002938,Physician Assistant,FL,3.0,Low-Volume / Low-Growth Prescribers,1048.0,-13.74,58.43
1000002945,Endocrinology,GA,1.0,High-Volume Core Prescribers,28171.000000000004,-15.68,70.1
1000002946,Internal Medicine,IL,3.0,Low-Volume / Low-Growth Prescribers,686.1,-27.91,78.81
1000002952,Family Practice,FL,3.0,Low-Volume / Low-Growth Prescribers,619.9,-17.58,87.5
1000002955,Family Practice,VA,0.0,Diversified Prescribers,17509.6,-10.1,65.2
1000002975,Endocrinology,PA,1.0,High-Volume Core Prescribers,50692.3,-28.2,80.96
1000002979,Cardiology,PA,3.0,Low-Volume / Low-Growth Prescribers,995.7,1544.67,79.71
1000002984,Internal Medicine,NY,3.0,Low-Volume / Low-Growth Prescribers,722.3000000000001,117.38,79.75
1000002988,Family Practice,OH,0.0,Diversified Prescribers,18106.700000000004,75.37,73.12
1000002992,Internal Medicine,FL,1.0,High-Volume Core Prescribers,43162.29999999999,-75.51,90.24
1000002998,Internal Medicine,TX,0.0,Diversified Prescribers,22385.5,41.22,71.59
1000002999,Nurse Practitioner,NC,3.0,Low-Volume / Low-Growth Prescribers,829.2000000000003,-59.91,80.91
1000003000,Family Practice,IL,0.0,Diversified Prescribers,4017.7999999999993,27.93,61.61
1000003002,Internal Medicine,CA,3.0,Low-Volume / Low-Growth Prescribers,877.2999999999998,104.45,71.21
1000003006,Nurse Practitioner,NY,0.0,Diversified Prescribers,4143.3,41.64,80.44
1000003010,Internal Medicine,TN,1.0,High-Volume Core Prescribers,29304.6,-46.3,60.2
1000003012,Internal Medicine,CA,0.0,Diversified Prescribers,16291.399999999998,31.77,59.78
1000003028,Family Practice,NC,3.0,Low-Volume / Low-Growth Prescribers,2515.0,68.98,71.6
1000003047,Internal Medicine,TX,1.0,High-Volume Core Prescribers,32853.4,283.95,60.56
1000003053,Internal Medicine,PA,0.0,Diversified Prescribers,21395.1,32.9,63.02
1000003059,Physician Assistant,AZ,0.0,Diversified Prescribers,4967.700000000001,312.13,62.24
1000003067,Physician Assistant,CA,1.0,High-Volume Core Prescribers,35048.00000000001,47.74,74.14
1000003072,Internal Medicine,TX,3.0,Low-Volume / Low-Growth Prescribers,843.8999999999999,15.77,61.97
1000003081,Nurse Practitioner,NY,3.0,Low-Volume / Low-Growth Prescribers,4558.1,503.34,71.93
1000003105,Internal Medicine,NC,0.0,Diversified Prescribers,10746.1,338.02,79.25
1000003130,Family Practice,PA,0.0,Diversified Prescribers,4495.7,241.24,67.68
1000003132,Physician Assistant,FL,3.0,Low-Volume / Low-Growth Prescribers,896.5,-16.73,85.28
1000003137,Family Practice,OH,3.0,Low-Volume / Low-Growth Prescribers,3327.5,-14.99,75.85
1000003141,Physician Assistant,FL,1.0,High-Volume Core Prescribers,43327.40000000001,438.13,74.12
1000003148,Family Practice,FL,3.0,Low-Volume / Low-Growth Prescribers,678.6,9.69,82.3
1000003149,Internal Medicine,OH,3.0,Low-Volume / Low-Growth Prescribers,611.0,1468.67,87.51
1000003150,Family Practice,CA,0.0,Diversified Prescribers,5583.9,34.93,58.04
1000003152,Family Practice,CA,3.0,Low-Volume / Low-Growth Prescribers,520.7,262.68,70.48
1000003156,Physician Assistant,GA,3.0,Low-Volume / Low-Growth Prescribers,903.0,-49.94,68.53
1000003171,Internal Medicine,IL,0.0,Diversified Prescribers,10880.7,-14.4,83.43
1000003172,Endocrinology,MA,0.0,Diversified Prescribers,2683.0999999999995,-51.96,75.98
1000003176,Family Practice,MI,3.0,Low-Volume / Low-Growth Prescribers,972.9,507.33,57.9
1000003180,Endocrinology,IN,0.0,Diversified Prescribers,1992.8,136.18,77.88
1000003183,Internal Medicine,PA,0.0,Diversified Prescribers,4088.199999999999,-9.88,69.21
1000003186,Internal Medicine,MI,0.0,Diversified Prescribers,5469.3,-36.52,62.75
1000003192,Physician Assistant,TX,0.0,Diversified Prescribers,23136.0,6.47,73.58
1000003198,Endocrinology,FL,3.0,Low-Volume / Low-Growth Prescribers,2130.1,20.07,79.78
1000003202,Internal Medicine,NC,3.0,Low-Volume / Low-Growth Prescribers,514.8,325.26,55.77
1000003213,Family Practice,PA,1.0,High-Volume Core Prescribers,43627.70000000001,22.84,58.26
1000003219,Family Practice,VA,3.0,Low-Volume / Low-Growth Prescribers,1100.4999999999998,-13.64,76.29
1000003224,Endocrinology,IN,1.0,High-Volume Core Prescribers,36528.7,80.26,82.23
1000003237,Physician Assistant,TX,0.0,Diversified Prescribers,16495.299999999996,19.26,68.47
1000003248,Nurse Practitioner,FL,3.0,Low-Volume / Low-Growth Prescribers,715.8,-16.84,68.86
1000003257,Internal Medicine,MA,0.0,Diversified Prescribers,4382.0999999999985,376.15,75.07
1000003268,Family Practice,CA,0.0,Diversified Prescribers,5117.300000000001,-5.68,70.74
1000003273,Internal Medicine,FL,0.0,Diversified Prescribers,4990.099999999999,-57.99,81.71
1000003275,Family Practice,CA,3.0,Low-Volume / Low-Growth Prescribers,542.3,-92.77,80.84
1000003285,Endocrinology,PA,1.0,High-Volume Core Prescribers,41007.0,41.9,78.91
1000003286,Internal Medicine,FL,0.0,Diversified Prescribers,11695.0,107.45,69.41
1000003287,Family Practice,IN,3.0,Low-Volume / Low-Growth Prescribers,841.4000000000001,-23.16,68.05
1000003299,Family Practice,FL,3.0,Low-Volume / Low-Growth Prescribers,875.9,130.29,83.33
1000003303,Internal Medicine,FL,0.0,Diversified Prescribers,3719.2,-30.88,87.49
1000003314,Internal Medicine,TX,3.0,Low-Volume / Low-Growth Prescribers,3878.7,-27.71,60.4
1000003315,Family Practice,IL,3.0,Low-Volume / Low-Growth Prescribers,645.3000000000001,-76.3,78.72
1000003324,Family Practice,PA,3.0,Low-Volume / Low-Growth Prescribers,692.0,-84.95,49.12
1000003328,Endocrinology,IL,1.0,High-Volume Core Prescribers,46341.8,8.73,89.94
1000003329,Family Practice,CA,3.0,Low-Volume / Low-Growth Prescribers,858.8000000000002,-39.36,64.8
1000003338,Family Practice,NY,0.0,Diversified Prescribers,14536.000000000002,40.95,68.44
1000003366,Internal Medicine,TX,0.0,Diversified Prescribers,16483.3,-16.71,79.82
1000003371,Family Practice,CA,3.0,Low-Volume / Low-Growth Prescribers,958.4,-46.44,63.54
1000003388,Endocrinology,FL,1.0,High-Volume Core Prescribers,97792.5,305.66,76.33
1000003392,Nurse Practitioner,AZ,3.0,Low-Volume / Low-Growth Prescribers,3249.3,-15.49,66.49
1000003404,Family Practice,CA,1.0,High-Volume Core Prescribers,41817.40000000001,124.66,56.15
1000003408,Internal Medicine,NY,1.0,High-Volume Core Prescribers,31689.9,-82.73,56.32
1000003410,Internal Medicine,MA,0.0,Diversified Prescribers,4870.299999999999,145.16,70.03
1000003413,Internal Medicine,CA,1.0,High-Volume Core Prescribers,47134.9,6.11,45.01
1000003416,Internal Medicine,GA,3.0,Low-Volume / Low-Growth Prescribers,799.1,-3.17,82.14
1000003426,Family Practice,TN,0.0,Diversified Prescribers,4714.400000000001,10.75,84.34
1000003428,Nurse Practitioner,MI,3.0,Low-Volume / Low-Growth Prescribers,829.4000000000001,67.67,62.66
1000003432,Family Practice,OH,0.0,Diversified Prescribers,14280.7,4.36,90.58
1000003439,Physician Assistant,PA,3.0,Low-Volume / Low-Growth Prescribers,792.7,384.75,79.84
1000003448,Family Practice,IN,0.0,Diversified Prescribers,4616.4,5.62,66.53
1000003455,Endocrinology,IL,0.0,Diversified Prescribers,2041.1999999999996,35.57,77.47
1000003458,Family Practice,TX,0.0,Diversified Prescribers,4313.7,86.05,69.04
1000003459,Family Practice,CA,3.0,Low-Volume / Low-Growth Prescribers,513.0,263.18,85.79
1000003462,Family Practice,CA,1.0,High-Volume Core Prescribers,27098.299999999996,139.18,63.51
1000003468,Family Practice,NY,0.0,Diversified Prescribers,4799.0,23.95,74.25
1000003476,Physician Assistant,IN,3.0,Low-Volume / Low-Growth Prescribers,893.5,-14.67,81.77
1000003482,Internal Medicine,GA,3.0,Low-Volume / Low-Growth Prescribers,836.0000000000001,18.37,77.02
1000003488,Endocrinology,AZ,0.0,Diversified Prescribers,2212.7,57.4,70.83
1000003492,Nurse Practitioner,FL,3.0,Low-Volume / Low-Growth Prescribers,1061.0,-73.68,69.63
1000003497,Nurse Practitioner,PA,0.0,Diversified Prescribers,4894.4,185.89,70.85
1000003510,Internal Medicine,TN,3.0,Low-Volume / Low-Growth Prescribers,552.9999999999999,11.94,67.9
1000003518,Endocrinology,PA,0.0,Diversified Prescribers,11887.899999999998,-56.14,79.7
1000003531,Family Practice,NC,0.0,Diversified Prescribers,3045.8999999999996,16.31,95.88
1000003538,Family Practice,FL,3.0,Low-Volume / Low-Growth Prescribers,896.7,152.02,67.34
1000003550,Family Practice,CA,0.0,Diversified Prescribers,6399.299999999998,66.43,70.44
1000003563,Internal Medicine,TX,0.0,Diversified Prescribers,14467.999999999998,-48.83,82.27
1000003565,Family Practice,CA,0.0,Diversified Prescribers,18333.4,84.32,75.21
1000003571,Internal Medicine,NY,0.0,Diversified Prescribers,14171.100000000002,19.42,73.88
1000003591,Endocrinology,PA,0.0,Diversified Prescribers,10968.0,103.02,91.14
1000003626,Endocrinology,CA,0.0,Diversified Prescribers,2066.0,-21.86,67.71
1000003627,Nurse Practitioner,IN,0.0,Diversified Prescribers,12911.699999999995,145.59,80.2
1000003629,Family Practice,TX,3.0,Low-Volume / Low-Growth Prescribers,4017.7,-95.57,62.57
1000003645,Endocrinology,CA,0.0,Diversified Prescribers,11965.7,89.7,73.53
1000003667,Endocrinology,GA,1.0,High-Volume Core Prescribers,37270.7,53.27,76.73
1000003669,Internal Medicine,TX,3.0,Low-Volume / Low-Growth Prescribers,963.4,-1.79,63.6
1000003679,Internal Medicine,CA,3.0,Low-Volume / Low-Growth Prescribers,1101.1999999999998,-63.6,56.14
1000003681,Endocrinology,TX,0.0,Diversified Prescribers,10993.699999999995,-55.74,68.01
1000003690,Family Practice,MA,0.0,Diversified Prescribers,5368.3,-39.67,61.78
1000003694,Internal Medicine,NY,0.0,Diversified Prescribers,4967.9,-38.97,70.0
1000003699,Internal Medicine,CA,3.0,Low-Volume / Low-Growth Prescribers,565.7,-59.16,91.66
1000003701,Family Practice,NY,3.0,Low-Volume / Low-Growth Prescribers,583.4,-58.68,63.52
1000003707,Internal Medicine,CA,0.0,Diversified Prescribers,15784.1,-0.03,91.54
1000003710,Endocrinology,TX,3.0,Low-Volume / Low-Growth Prescribers,1384.5999999999997,-34.74,73.4
1000003716,Internal Medicine,IL,3.0,Low-Volume / Low-Growth Prescribers,964.4,54.07,76.81
1000003729,Family Practice,IL,3.0,Low-Volume / Low-Growth Prescribers,880.5,56.79,95.43
1000003770,Internal Medicine,FL,3.0,Low-Volume / Low-Growth Prescribers,2877.3,-38.32,64.43
1000003777,Family Practice,NY,0.0,Diversified Prescribers,19802.9,-16.45,57.18
1000003795,Family Practice,TN,1.0,High-Volume Core Prescribers,29519.999999999993,290.93,66.16
1000003796,Internal Medicine,OH,0.0,Diversified Prescribers,18934.2,24.75,67.2
1000003797,Endocrinology,NC,0.0,Diversified Prescribers,13474.499999999998,22.54,82.59
1000003808,Endocrinology,NY,0.0,Diversified Prescribers,13034.5,105.78,78.08
1000003814,Internal Medicine,NY,3.0,Low-Volume / Low-Growth Prescribers,780.8999999999999,37.28,63.15
1000003843,Internal Medicine,PA,,,867.5999999999999,,79.26
1000003844,Endocrinology,VA,0.0,Diversified Prescribers,9161.4,-54.27,65.44
1000003870,Internal Medicine,TX,3.0,Low-Volume / Low-Growth Prescribers,3996.5,-97.63,54.6
1000003875,Internal Medicine,NY,3.0,Low-Volume / Low-Growth Prescribers,3237.7999999999997,211.22,82.29
1000003876,Endocrinology,TX,0.0,Diversified Prescribers,14230.3,-5.13,73.68
1000003892,Family Practice,VA,3.0,Low-Volume / Low-Growth Prescribers,643.4,27.51,49.49
1000003897,Family Practice,PA,0.0,Diversified Prescribers,16602.800000000003,224.55,61.72
1000003898,Internal Medicine,TN,0.0,Diversified Prescribers,16699.6,-13.63,58.33
1000003905,Internal Medicine,TX,0.0,Diversified Prescribers,4288.4,160.11,92.37
1000003906,Internal Medicine,CA,3.0,Low-Volume / Low-Growth Prescribers,3052.3999999999996,252.83,72.15
1000003917,Internal Medicine,OH,0.0,Diversified Prescribers,6038.1,52.89,54.81
1000003926,Family Practice,CA,3.0,Low-Volume / Low-Growth Prescribers,4462.0,-3.46,65.3
1000003927,Family Practice,VA,0.0,Diversified Prescribers,5526.799999999999,78.27,70.74
1000003933,Internal Medicine,MA,3.0,Low-Volume / Low-Growth Prescribers,711.4,47.71,58.8
1000003941,Nurse Practitioner,TX,3.0,Low-Volume / Low-Growth Prescribers,3674.700000000001,-53.77,40.99
1000003963,Family Practice,AZ,3.0,Low-Volume / Low-Growth Prescribers,570.0999999999999,26.95,62.09
1000003975,Nurse Practitioner,GA,0.0,Diversified Prescribers,4624.4,256.27,84.16
1000004000,Family Practice,NY,1.0,High-Volume Core Prescribers,43810.0,30.97,71.36
1000004003,Endocrinology,VA,0.0,Diversified Prescribers,1848.6,292.48,79.03
1000004005,Internal Medicine,MI,0.0,Diversified Prescribers,6093.700000000001,95.4,72.41
1000004057,Endocrinology,OH,0.0,Diversified Prescribers,2939.1,-2.99,84.72
1000004060,Internal Medicine,TX,0.0,Diversified Prescribers,15166.499999999998,32.13,73.06
1000004061,Internal Medicine,MA,3.0,Low-Volume / Low-Growth Prescribers,740.6999999999999,1550.0,74.32
1000004064,Nurse Practitioner,PA,3.0,Low-Volume / Low-Growth Prescribers,1256.6,-11.91,46.22
1000004080,Family Practice,FL,3.0,Low-Volume / Low-Growth Prescribers,823.2,-87.86,71.03
1000004088,Nurse Practitioner,IL,0.0,Diversified Prescribers,3674.400000000001,-50.42,76.1
1000004089,Endocrinology,NC,0.0,Diversified Prescribers,9735.999999999998,-77.39,82.01
1000004103,Endocrinology,TX,1.0,High-Volume Core Prescribers,31068.700000000004,65.82,75.92
1000004105,Family Practice,NY,0.0,Diversified Prescribers,4740.7,7.02,63.48
1000004115,Internal Medicine,VA,3.0,Low-Volume / Low-Growth Prescribers,3044.100000000001,108.19,82.03
1000004117,Internal Medicine,CA,0.0,Diversified Prescribers,5425.200000000001,87.25,72.16
1000004147,Internal Medicine,CA,0.0,Diversified Prescribers,5242.2,184.43,66.89
1000004149,Family Practice,TX,0.0,Diversified Prescribers,17550.0,11.15,61.97
1000004151,Endocrinology,NY,0.0,Diversified Prescribers,1875.3999999999996,-59.18,79.3
1000004152,Family Practice,TX,3.0,Low-Volume / Low-Growth Prescribers,1001.9,-50.47,66.45
1000004161,Endocrinology,NY,0.0,Diversified Prescribers,9333.4,43.48,70.53
1000004162,Internal Medicine,CA,0.0,Diversified Prescribers,3385.6000000000004,286.61,78.15
1000004164,Family Practice,IL,3.0,Low-Volume / Low-Growth Prescribers,1046.6,-45.82,66.89
1000004171,Cardiology,CA,0.0,Diversified Prescribers,4828.300000000001,-13.17,90.25
1000004178,Internal Medicine,IL,3.0,Low-Volume / Low-Growth Prescribers,955.3,212.58,71.22
1000004185,Family Practice,OH,0.0,Diversified Prescribers,16778.0,-35.13,76.99
1000004192,Internal Medicine,FL,3.0,Low-Volume / Low-Growth Prescribers,826.1999999999999,0.97,72.65
1000004204,Endocrinology,FL,0.0,Diversified Prescribers,10270.8,-43.37,80.0
1000004220,Internal Medicine,FL,0.0,Diversified Prescribers,4131.5,217.86,80.07
1000004221,Family Practice,MI,1.0,High-Volume Core Prescribers,39436.2,88.31,71.89
1000004222,Nurse Practitioner,TX,0.0,Diversified Prescribers,11754.7,-4.34,65.51
1000004237,Family Practice,CA,3.0,Low-Volume / Low-Growth Prescribers,4687.3,32.92,55.5
1000004246,Internal Medicine,TX,3.0,Low-Volume / Low-Growth Prescribers,791.9999999999999,-70.49,53.85
1000004248,Family Practice,CA,3.0,Low-Volume / Low-Growth Prescribers,4588.4,341.17,64.62
1000004256,Nephrology,TX,3.0,Low-Volume / Low-Growth Prescribers,770.6,204.04,86.27
1000004260,Endocrinology,CA,0.0,Diversified Prescribers,13360.699999999995,353.08,75.92
1000004286,Nurse Practitioner,PA,0.0,Diversified Prescribers,19344.1,73.24,63.05
1000004287,Family Practice,MI,3.0,Low-Volume / Low-Growth Prescribers,1720.3,91.06,88.97
1000004293,Nurse Practitioner,GA,3.0,Low-Volume / Low-Growth Prescribers,701.0,-23.89,87.36
1000004297,Endocrinology,PA,0.0,Diversified Prescribers,12161.5,40.35,83.26
1000004309,Family Practice,CA,3.0,Low-Volume / Low-Growth Prescribers,6148.199999999999,-46.31,68.99
1000004310,Internal Medicine,TX,3.0,Low-Volume / Low-Growth Prescribers,1098.1,-51.98,65.6
1000004313,Nurse Practitioner,FL,0.0,Diversified Prescribers,4954.0,-61.44,56.2
1000004317,Endocrinology,FL,0.0,Diversified Prescribers,9539.0,-38.6,74.06
1000004331,Endocrinology,NY,0.0,Diversified Prescribers,2148.3999999999996,17.73,76.12
1000004339,Internal Medicine,CA,3.0,Low-Volume / Low-Growth Prescribers,916.8,489.08,81.98
1000004343,Family Practice,MA,0.0,Diversified Prescribers,4621.200000000001,-46.35,57.64
1000004346,Family Practice,IN,3.0,Low-Volume / Low-Growth Prescribers,2919.4000000000005,5.63,59.41
1000004352,Internal Medicine,CA,0.0,Diversified Prescribers,22367.199999999997,132.68,54.24
1000004360,Endocrinology,PA,0.0,Diversified Prescribers,2815.5,55.41,77.82
1000004366,Endocrinology,NY,0.0,Diversified Prescribers,2370.3,297.24,81.64
1000004391,Internal Medicine,TN,3.0,Low-Volume / Low-Growth Prescribers,801.0,-38.4,73.33
1000004393,Endocrinology,PA,1.0,High-Volume Core Prescribers,35979.4,-42.79,64.65
1000004394,Physician Assistant,CA,3.0,Low-Volume / Low-Growth Prescribers,871.8000000000001,-22.98,85.27
1000004395,Nurse Practitioner,TX,3.0,Low-Volume / Low-Growth Prescribers,633.3,28.52,78.37
1000004398,Endocrinology,CA,0.0,Diversified Prescribers,1684.2,-42.19,90.13
1000004406,Physician Assistant,NC,3.0,Low-Volume / Low-Growth Prescribers,3334.8999999999996,9.02,72.9
1000004409,Internal Medicine,VA,0.0,Diversified Prescribers,16201.4,-24.74,74.35
1000001812,Internal Medicine,NC,,,731.1999999999999,,49.55
1000004056,Family Practice,CA,,,748.3,,77.67
1000004421,Physician Assistant,CA,3.0,Low-Volume / Low-Growth Prescribers,651.3,-32.83,87.87
1000004423,Family Practice,TN,0.0,Diversified Prescribers,5075.199999999999,258.53,71.47
1000004425,Internal Medicine,OH,0.0,Diversified Prescribers,17215.399999999998,197.09,55.55
1000004451,Family Practice,TN,3.0,Low-Volume / Low-Growth Prescribers,2786.4,179.43,51.12
1000004456,Family Practice,NC,3.0,Low-Volume / Low-Growth Prescribers,669.7,569.92,84.53
1000004468,Physician Assistant,OH,3.0,Low-Volume / Low-Growth Prescribers,974.3,41.13,53.67
1000004471,Nephrology,OH,0.0,Diversified Prescribers,3816.4,-95.85,81.33
1000004480,Endocrinology,MI,0.0,Diversified Prescribers,8799.7,9.26,64.48
1000004489,Family Practice,OH,0.0,Diversified Prescribers,4591.5,68.45,89.12
1000004490,Internal Medicine,TX,0.0,Diversified Prescribers,18869.1,338.69,73.51
1000004494,Family Practice,FL,0.0,Diversified Prescribers,4945.5,4.35,65.77
1000004496,Internal Medicine,TX,2.0,Moderate-Volume Prescribers (Segment 2),17644.8,19752.96,77.94
1000000007,Nurse Practitioner,CA,0.0,Diversified Prescribers,4189.2,-61.81,70.93
1000000010,Endocrinology,TX,0.0,Diversified Prescribers,2465.0,-28.01,73.63
1000000022,Internal Medicine,MA,0.0,Diversified Prescribers,5014.4,-18.17,71.89
1000000026,Internal Medicine,MI,0.0,Diversified Prescribers,4296.2,-63.59,61.73
1000000027,Internal Medicine,IN,3.0,Low-Volume / Low-Growth Prescribers,874.4999999999998,-32.19,70.92
1000000035,Family Practice,OH,0.0,Diversified Prescribers,6067.7,-17.7,73.1
1000000049,Internal Medicine,AZ,0.0,Diversified Prescribers,5500.5,367.65,67.18
1000000052,Physician Assistant,TX,3.0,Low-Volume / Low-Growth Prescribers,663.5,-24.81,68.0
1000000054,Family Practice,PA,0.0,Diversified Prescribers,5294.400000000001,-84.9,81.48
1000000067,Family Practice,TX,0.0,Diversified Prescribers,5277.700000000001,386.08,65.05
1000000069,Cardiology,TN,3.0,Low-Volume / Low-Growth Prescribers,899.9000000000001,-9.33,68.06
1000000074,Family Practice,MI,3.0,Low-Volume / Low-Growth Prescribers,997.0,-61.24,63.62
1000000076,Family Practice,NY,0.0,Diversified Prescribers,15436.6,47.61,60.37
1000000077,Endocrinology,TX,1.0,High-Volume Core Prescribers,37309.8,0.98,80.09
1000000084,Internal Medicine,GA,3.0,Low-Volume / Low-Growth Prescribers,516.6999999999999,-25.99,78.98
1000000100,Endocrinology,TX,0.0,Diversified Prescribers,11049.3,170.04,86.73
1000000104,Nurse Practitioner,MI,3.0,Low-Volume / Low-Growth Prescribers,556.4999999999999,-61.62,75.94
1000000109,Endocrinology,NY,0.0,Diversified Prescribers,10258.5,253.67,69.26
1000000118,Nurse Practitioner,FL,0.0,Diversified Prescribers,16424.9,-90.33,68.54
1000000125,Internal Medicine,GA,1.0,High-Volume Core Prescribers,33491.700000000004,-48.79,61.58
1000000139,Cardiology,AZ,0.0,Diversified Prescribers,4599.599999999999,-50.06,86.66
1000000147,Internal Medicine,TX,3.0,Low-Volume / Low-Growth Prescribers,3679.399999999999,-39.15,85.78
1000000151,Internal Medicine,GA,3.0,Low-Volume / Low-Growth Prescribers,3460.0,40.14,51.36
1000000156,Family Practice,TN,0.0,Diversified Prescribers,16654.1,-47.76,64.91
1000000158,Internal Medicine,TX,0.0,Diversified Prescribers,4887.200000000001,-51.73,65.31
1000000160,Internal Medicine,IL,0.0,Diversified Prescribers,21822.4,315.29,64.63
1000000170,Family Practice,NY,3.0,Low-Volume / Low-Growth Prescribers,780.8,-70.82,82.01
1000000175,Endocrinology,MA,0.0,Diversified Prescribers,1970.8999999999996,11.52,73.53
1000000180,Internal Medicine,FL,3.0,Low-Volume / Low-Growth Prescribers,3623.8,50.59,71.59
1000000186,Family Practice,CA,3.0,Low-Volume / Low-Growth Prescribers,2380.7000000000003,-56.81,67.28
1000000194,Internal Medicine,PA,0.0,Diversified Prescribers,16188.9,152.35,66.41
1000000197,Nurse Practitioner,PA,0.0,Diversified Prescribers,23928.3,-15.92,67.67
1000000204,Family Practice,NY,0.0,Diversified Prescribers,17068.9,684.71,69.87
1000000205,Endocrinology,NY,0.0,Diversified Prescribers,2032.3999999999996,138.62,78.79
1000000223,Internal Medicine,NY,3.0,Low-Volume / Low-Growth Prescribers,607.5,-48.52,65.84
1000000227,Internal Medicine,TN,3.0,Low-Volume / Low-Growth Prescribers,10201.7,64.91,46.87
1000000232,Family Practice,GA,0.0,Diversified Prescribers,16314.599999999997,-63.16,69.2
1000000235,Family Practice,CA,3.0,Low-Volume / Low-Growth Prescribers,430.1,20.0,75.01
1000000239,Endocrinology,OH,0.0,Diversified Prescribers,10519.399999999998,-9.5,81.25
1000000241,Physician Assistant,CA,0.0,Diversified Prescribers,4950.8,50.14,73.97
1000000251,Internal Medicine,PA,0.0,Diversified Prescribers,4723.000000000001,-6.55,62.71
1000000256,Physician Assistant,CA,3.0,Low-Volume / Low-Growth Prescribers,690.2,331.27,80.14
1000000257,Family Practice,MI,3.0,Low-Volume / Low-Growth Prescribers,935.4000000000002,-42.21,79.6
1000000258,Family Practice,PA,0.0,Diversified Prescribers,17396.1,92.93,60.22
1000000259,Endocrinology,VA,0.0,Diversified Prescribers,1528.0000000000002,-62.21,73.75
1000000262,Endocrinology,MI,0.0,Diversified Prescribers,10802.4,-45.75,71.41
1000000263,Internal Medicine,TX,3.0,Low-Volume / Low-Growth Prescribers,2533.9,-72.0,83.86
1000000264,Nurse Practitioner,IL,0.0,Diversified Prescribers,16483.200000000004,1.97,55.2
1000000276,Family Practice,CA,3.0,Low-Volume / Low-Growth Prescribers,1003.2999999999998,29.97,44.98
1000000279,Family Practice,TX,3.0,Low-Volume / Low-Growth Prescribers,867.3,-47.99,58.51
1000000281,Internal Medicine,TX,0.0,Diversified Prescribers,15034.600000000002,387.44,63.98
1000000288,Internal Medicine,PA,3.0,Low-Volume / Low-Growth Prescribers,2723.6,6.53,91.28
1000000296,Family Practice,TX,0.0,Diversified Prescribers,18871.6,8.0,81.88
1000000308,Family Practice,TX,3.0,Low-Volume / Low-Growth Prescribers,473.7999999999999,-30.23,54.92
1000000311,Endocrinology,TN,0.0,Diversified Prescribers,2218.3,-66.68,73.5
1000000315,Family Practice,IN,3.0,Low-Volume / Low-Growth Prescribers,667.0,-24.32,72.95
1000000318,Endocrinology,MA,0.0,Diversified Prescribers,9550.3,6.92,72.03
1000000332,Endocrinology,NC,0.0,Diversified Prescribers,7485.5,15.81,79.82
1000000333,Endocrinology,TX,0.0,Diversified Prescribers,10979.000000000002,-44.12,73.38
1000000346,Family Practice,IN,3.0,Low-Volume / Low-Growth Prescribers,8691.8,26.1,83.45
1000000377,Endocrinology,GA,0.0,Diversified Prescribers,12221.5,314.79,88.63
1000000378,Family Practice,NY,0.0,Diversified Prescribers,15701.7,-66.35,67.5
1000000381,Family Practice,PA,3.0,Low-Volume / Low-Growth Prescribers,776.3,-15.3,71.04
1000000390,Nephrology,FL,0.0,Diversified Prescribers,11481.3,-25.5,86.68
1000000391,Internal Medicine,CA,1.0,High-Volume Core Prescribers,27744.8,-62.43,65.41
1000000392,Internal Medicine,OH,3.0,Low-Volume / Low-Growth Prescribers,1063.5,-13.14,85.74
1000000401,Nurse Practitioner,PA,3.0,Low-Volume / Low-Growth Prescribers,890.3,118.57,81.98
1000000411,Physician Assistant,IL,0.0,Diversified Prescribers,4295.599999999999,-4.28,72.5
1000000421,Family Practice,MI,3.0,Low-Volume / Low-Growth Prescribers,3053.7,-60.33,84.29
1000000424,Endocrinology,CA,1.0,High-Volume Core Prescribers,35245.5,-71.49,78.22
1000000435,Family Practice,FL,3.0,Low-Volume / Low-Growth Prescribers,1164.9,-54.67,67.59
1000000469,Physician Assistant,NY,3.0,Low-Volume / Low-Growth Prescribers,611.7999999999998,-48.89,58.92
1000000489,Nurse Practitioner,MI,3.0,Low-Volume / Low-Growth Prescribers,997.4,-64.19,62.67
1000000490,Internal Medicine,VA,0.0,Diversified Prescribers,4617.8,11.05,76.52
1000000497,Endocrinology,FL,0.0,Diversified Prescribers,12627.1,219.36,79.87
1000000498,Cardiology,AZ,1.0,High-Volume Core Prescribers,33186.399999999994,-13.61,81.62
1000000505,Endocrinology,CA,0.0,Diversified Prescribers,10299.0,-6.95,76.5
1000000508,Physician Assistant,TX,3.0,Low-Volume / Low-Growth Prescribers,1013.6,-29.51,61.39
1000000514,Endocrinology,TX,0.0,Diversified Prescribers,11919.699999999995,-72.03,83.23
1000000515,Endocrinology,TX,0.0,Diversified Prescribers,2985.3999999999996,45.3,76.4
1000000516,Internal Medicine,CA,0.0,Diversified Prescribers,4145.1,-94.04,68.37
1000000519,Endocrinology,TN,0.0,Diversified Prescribers,2460.6000000000004,84.68,71.45
1000000537,Internal Medicine,VA,0.0,Diversified Prescribers,17616.000000000004,-52.52,65.15
1000000546,Endocrinology,PA,0.0,Diversified Prescribers,2109.7,24.05,80.69
1000000558,Family Practice,IL,3.0,Low-Volume / Low-Growth Prescribers,4604.800000000001,-41.27,49.64
1000000565,Family Practice,CA,3.0,Low-Volume / Low-Growth Prescribers,1028.0,151.55,60.62
1000000573,Family Practice,CA,3.0,Low-Volume / Low-Growth Prescribers,889.3000000000002,-61.77,43.26
1000000574,Nurse Practitioner,VA,3.0,Low-Volume / Low-Growth Prescribers,910.5000000000002,-10.21,59.91
1000000579,Internal Medicine,NY,3.0,Low-Volume / Low-Growth Prescribers,848.2000000000002,-10.03,77.21
1000000580,Internal Medicine,CA,3.0,Low-Volume / Low-Growth Prescribers,1202.7000000000005,27.55,53.65
1000000581,Cardiology,CA,0.0,Diversified Prescribers,4549.200000000001,-23.12,67.28
1000000586,Endocrinology,MI,0.0,Diversified Prescribers,2712.2,70.07,85.72
1000000587,Endocrinology,CA,0.0,Diversified Prescribers,10178.4,-35.82,70.03
1000000589,Endocrinology,CA,1.0,High-Volume Core Prescribers,24020.200000000004,36.32,77.53
1000000592,Internal Medicine,TN,3.0,Low-Volume / Low-Growth Prescribers,3749.4,101.16,60.88
1000000605,Internal Medicine,CA,0.0,Diversified Prescribers,11664.8,77.95,77.85
1000000606,Internal Medicine,NY,0.0,Diversified Prescribers,14065.6,14.6,53.37
1000000611,Family Practice,MA,3.0,Low-Volume / Low-Growth Prescribers,553.9,-75.09,70.54
1000000616,Endocrinology,PA,0.0,Diversified Prescribers,13026.5,52.42,72.15
1000000620,Internal Medicine,FL,3.0,Low-Volume / Low-Growth Prescribers,4057.4,-26.92,47.97
1000000628,Endocrinology,FL,0.0,Diversified Prescribers,2827.0,29.21,80.37
1000000634,Endocrinology,VA,0.0,Diversified Prescribers,2029.9,-43.98,88.49
1000000694,Endocrinology,TX,0.0,Diversified Prescribers,10714.3,167.6,83.43
1000000699,Internal Medicine,FL,0.0,Diversified Prescribers,10871.8,20.76,70.51
1000000703,Endocrinology,GA,1.0,High-Volume Core Prescribers,31935.799999999996,-86.24,73.14
1000000710,Family Practice,IN,3.0,Low-Volume / Low-Growth Prescribers,872.2000000000002,13.91,76.2
1000000711,Family Practice,TX,3.0,Low-Volume / Low-Growth Prescribers,12409.000000000002,-72.74,57.89
1000000722,Endocrinology,TX,0.0,Diversified Prescribers,14478.999999999996,18.88,73.05
1000000735,Nurse Practitioner,CA,0.0,Diversified Prescribers,5904.000000000001,133.13,65.62
1000000751,Physician Assistant,VA,3.0,Low-Volume / Low-Growth Prescribers,1035.4,154.27,75.41
1000000755,Family Practice,PA,3.0,Low-Volume / Low-Growth Prescribers,1045.9,1.1,82.5
1000000756,Family Practice,CA,3.0,Low-Volume / Low-Growth Prescribers,814.2000000000003,-39.64,79.08
1000000770,Endocrinology,TX,1.0,High-Volume Core Prescribers,34446.700000000004,-56.92,80.39
1000000776,Internal Medicine,TX,0.0,Diversified Prescribers,4235.9,-47.67,78.27
1000000777,Family Practice,FL,1.0,High-Volume Core Prescribers,29925.39999999999,321.6,77.81
1000000778,Family Practice,IN,3.0,Low-Volume / Low-Growth Prescribers,997.0,290.6,66.04
1000000779,Family Practice,FL,0.0,Diversified Prescribers,4976.4,73.98,85.92
1000000790,Endocrinology,FL,0.0,Diversified Prescribers,2371.8,397.86,82.87
1000000796,Physician Assistant,PA,0.0,Diversified Prescribers,19007.8,-36.55,66.59
1000000798,Family Practice,NY,3.0,Low-Volume / Low-Growth Prescribers,3256.7000000000003,73.05,67.09
1000000808,Internal Medicine,MA,1.0,High-Volume Core Prescribers,32411.199999999993,214.55,46.72
1000000812,Endocrinology,IN,0.0,Diversified Prescribers,2250.2,0.95,73.85
1000000819,Internal Medicine,OH,3.0,Low-Volume / Low-Growth Prescribers,682.4000000000001,50.32,72.2
1000000823,Internal Medicine,VA,3.0,Low-Volume / Low-Growth Prescribers,927.9,-22.68,65.75
1000000827,Internal Medicine,TX,0.0,Diversified Prescribers,4882.3,902.71,66.81
1000000828,Family Practice,NY,0.0,Diversified Prescribers,14248.100000000006,-70.85,80.79
1000000830,Internal Medicine,TX,0.0,Diversified Prescribers,4760.499999999999,2726.91,48.82
1000000831,Internal Medicine,FL,0.0,Diversified Prescribers,15856.4,16.28,69.86
1000000839,Family Practice,CA,0.0,Diversified Prescribers,16265.800000000005,-52.31,74.45
1000000843,Physician Assistant,TX,0.0,Diversified Prescribers,3943.3,122.78,68.64
1000000846,Endocrinology,CA,1.0,High-Volume Core Prescribers,37344.3,23.1,87.56
1000000849,Family Practice,GA,3.0,Low-Volume / Low-Growth Prescribers,5885.6,-3.89,55.73
1000000850,Endocrinology,MI,0.0,Diversified Prescribers,12078.1,111.31,75.22
1000000857,Internal Medicine,VA,3.0,Low-Volume / Low-Growth Prescribers,4480.9,45.56,64.71
1000000868,Nurse Practitioner,MI,0.0,Diversified Prescribers,19481.7,29.44,69.64
1000000885,Endocrinology,IL,0.0,Diversified Prescribers,12615.2,-16.87,74.45
1000000893,Internal Medicine,OH,3.0,Low-Volume / Low-Growth Prescribers,3543.9000000000005,-12.06,88.43
1000000894,Family Practice,GA,0.0,Diversified Prescribers,5316.4,904.72,61.52
1000000900,Internal Medicine,TX,3.0,Low-Volume / Low-Growth Prescribers,1154.8,35.34,54.16
1000000913,Internal Medicine,CA,0.0,Diversified Prescribers,4481.099999999999,-42.47,75.64
1000000922,Nurse Practitioner,VA,3.0,Low-Volume / Low-Growth Prescribers,3141.2000000000003,208.87,59.56
1000000931,Family Practice,CA,3.0,Low-Volume / Low-Growth Prescribers,759.4999999999998,-11.23,58.7
1000000932,Cardiology,NC,3.0,Low-Volume / Low-Growth Prescribers,621.1,8.93,44.2
1000000934,Endocrinology,OH,0.0,Diversified Prescribers,2075.5,-32.47,79.17
1000000937,Nurse Practitioner,TN,0.0,Diversified Prescribers,4732.1,-59.39,84.31
1000000938,Endocrinology,CA,1.0,High-Volume Core Prescribers,41397.399999999994,-28.7,81.7
1000000958,Endocrinology,VA,0.0,Diversified Prescribers,9116.4,-29.29,86.58
1000000962,Internal Medicine,CA,0.0,Diversified Prescribers,3703.5,-8.04,80.86
1000000967,Internal Medicine,TN,3.0,Low-Volume / Low-Growth Prescribers,795.5,232.93,48.47
1000000973,Internal Medicine,GA,3.0,Low-Volume / Low-Growth Prescribers,781.5999999999999,-68.63,54.29
1000000985,Internal Medicine,VA,0.0,Diversified Prescribers,4183.9,106.06,78.96
1000000986,Family Practice,TX,3.0,Low-Volume / Low-Growth Prescribers,877.8999999999999,-96.61,66.75
1000000993,Family Practice,FL,0.0,Diversified Prescribers,14300.8,23.44,79.8
1000000996,Nurse Practitioner,OH,0.0,Diversified Prescribers,15574.1,-61.51,74.25
1000001021,Internal Medicine,OH,3.0,Low-Volume / Low-Growth Prescribers,1399.2,95.64,63.11
1000001023,Cardiology,PA,3.0,Low-Volume / Low-Growth Prescribers,1453.5,68.72,67.23
1000001028,Internal Medicine,NY,0.0,Diversified Prescribers,4967.4,499.36,72.34
1000001039,Internal Medicine,PA,3.0,Low-Volume / Low-Growth Prescribers,986.9,-59.23,58.13
1000001055,Internal Medicine,GA,0.0,Diversified Prescribers,5317.400000000001,233.32,71.57
1000001057,Internal Medicine,MI,0.0,Diversified Prescribers,11635.2,-39.54,91.33
1000001062,Family Practice,FL,3.0,Low-Volume / Low-Growth Prescribers,5422.099999999999,-12.12,62.61
1000001074,Cardiology,NC,1.0,High-Volume Core Prescribers,27005.6,45.16,85.7
1000001075,Internal Medicine,CA,3.0,Low-Volume / Low-Growth Prescribers,1062.8,-72.25,69.43
1000001088,Nephrology,IN,0.0,Diversified Prescribers,10815.000000000004,-14.57,75.31
1000001099,Internal Medicine,GA,3.0,Low-Volume / Low-Growth Prescribers,850.4000000000001,115.54,60.55
1000001100,Endocrinology,FL,1.0,High-Volume Core Prescribers,69035.89999999998,-84.32,77.51
1000001103,Physician Assistant,NC,3.0,Low-Volume / Low-Growth Prescribers,908.1,-75.22,73.65
1000001115,Family Practice,TN,3.0,Low-Volume / Low-Growth Prescribers,854.9,37.11,98.4
1000001120,Nurse Practitioner,CA,3.0,Low-Volume / Low-Growth Prescribers,655.7,-84.35,61.9
1000001129,Internal Medicine,CA,3.0,Low-Volume / Low-Growth Prescribers,4135.0,32.6,54.05
1000001145,Nurse Practitioner,FL,0.0,Diversified Prescribers,13908.5,29.03,69.67
1000001148,Nurse Practitioner,OH,0.0,Diversified Prescribers,17983.0,-6.12,77.37
1000001157,Nurse Practitioner,TN,3.0,Low-Volume / Low-Growth Prescribers,929.0,-6.78,46.64
1000001163,Family Practice,OH,3.0,Low-Volume / Low-Growth Prescribers,1023.3,196.88,62.83
1000001164,Endocrinology,OH,1.0,High-Volume Core Prescribers,33921.80000000001,139.2,83.52
1000001168,Endocrinology,CA,0.0,Diversified Prescribers,11871.2,79.93,77.94
1000001176,Family Practice,OH,0.0,Diversified Prescribers,16612.200000000004,-36.39,76.42
1000001183,Physician Assistant,TX,3.0,Low-Volume / Low-Growth Prescribers,384.8,-48.54,84.95
1000001191,Family Practice,TX,3.0,Low-Volume / Low-Growth Prescribers,684.6000000000001,-92.02,73.39
1000001206,Family Practice,MA,0.0,Diversified Prescribers,14725.9,25.76,80.86
1000001209,Nephrology,IN,0.0,Diversified Prescribers,4721.3,-11.55,71.33
1000001213,Family Practice,IN,3.0,Low-Volume / Low-Growth Prescribers,3256.2,-93.92,60.72
1000001224,Internal Medicine,CA,3.0,Low-Volume / Low-Growth Prescribers,795.1,60.53,68.65
1000001227,Internal Medicine,CA,0.0,Diversified Prescribers,12310.2,81.96,63.77
1000001241,Family Practice,IL,3.0,Low-Volume / Low-Growth Prescribers,762.0,-25.58,60.72
1000001273,Endocrinology,GA,0.0,Diversified Prescribers,2033.6000000000008,-48.21,77.12
1000001301,Physician Assistant,CA,0.0,Diversified Prescribers,13374.8,93.8,60.48
1000001305,Nurse Practitioner,CA,3.0,Low-Volume / Low-Growth Prescribers,3581.8999999999996,-49.56,90.42
1000001329,Internal Medicine,IL,0.0,Diversified Prescribers,16588.6,72.28,69.0
1000001341,Internal Medicine,TX,0.0,Diversified Prescribers,5522.099999999999,15.29,62.28
1000001343,Family Practice,CA,0.0,Diversified Prescribers,4783.6,269.92,77.54
1000001350,Nurse Practitioner,TX,0.0,Diversified Prescribers,3209.9999999999995,-81.65,88.34
1000001356,Nurse Practitioner,TX,0.0,Diversified Prescribers,18068.1,-33.39,80.25
1000001372,Nurse Practitioner,OH,0.0,Diversified Prescribers,5799.400000000001,-8.88,69.49
1000001378,Internal Medicine,PA,0.0,Diversified Prescribers,19823.300000000003,92.15,60.17
1000001380,Endocrinology,TX,1.0,High-Volume Core Prescribers,29336.6,-54.72,76.61
1000001382,Physician Assistant,FL,3.0,Low-Volume / Low-Growth Prescribers,567.6,-43.76,61.08
1000001388,Physician Assistant,AZ,0.0,Diversified Prescribers,17432.800000000003,7.9,74.27
1000001401,Endocrinology,IL,0.0,Diversified Prescribers,1947.6999999999996,-0.34,82.91
1000001403,Family Practice,NY,3.0,Low-Volume / Low-Growth Prescribers,611.0999999999999,106.66,49.29
1000001406,Nurse Practitioner,PA,3.0,Low-Volume / Low-Growth Prescribers,1036.0,253.27,61.89
1000001414,Internal Medicine,IL,0.0,Diversified Prescribers,18603.4,139.32,70.32
1000001423,Endocrinology,NC,0.0,Diversified Prescribers,1817.6,-9.36,77.58
1000001426,Endocrinology,MI,0.0,Diversified Prescribers,1898.4000000000003,-50.43,65.43
1000001436,Internal Medicine,GA,3.0,Low-Volume / Low-Growth Prescribers,844.2,-80.07,59.22
1000001438,Internal Medicine,TX,0.0,Diversified Prescribers,4582.400000000001,-78.53,83.57
1000001442,Family Practice,CA,0.0,Diversified Prescribers,23046.500000000004,49.07,68.17
1000001446,Family Practice,FL,3.0,Low-Volume / Low-Growth Prescribers,681.4,25.66,51.98
1000001454,Endocrinology,CA,1.0,High-Volume Core Prescribers,52023.7,18.6,80.0
1000001455,Physician Assistant,OH,0.0,Diversified Prescribers,4540.7,-56.79,90.8
1000001467,Internal Medicine,CA,3.0,Low-Volume / Low-Growth Prescribers,1145.6,17.48,68.72
1000001471,Family Practice,TX,0.0,Diversified Prescribers,9966.7,105.58,69.91
1000001481,Endocrinology,CA,0.0,Diversified Prescribers,8847.5,82.77,69.01
1000001489,Internal Medicine,TN,3.0,Low-Volume / Low-Growth Prescribers,762.9000000000001,254.39,66.38
1000001505,Internal Medicine,VA,0.0,Diversified Prescribers,4204.200000000001,384.18,81.73
1000001530,Internal Medicine,OH,0.0,Diversified Prescribers,4737.3,72.17,74.77
1000001554,Internal Medicine,TN,0.0,Diversified Prescribers,4767.800000000001,73.16,54.99
1000001557,Internal Medicine,PA,0.0,Diversified Prescribers,12411.999999999998,-13.85,86.71
1000001558,Family Practice,TN,3.0,Low-Volume / Low-Growth Prescribers,1095.9999999999998,-32.84,64.37
1000001577,Family Practice,IL,0.0,Diversified Prescribers,14977.6,487.33,72.33
1000001578,Family Practice,IL,2.0,Moderate-Volume Prescribers (Segment 2),782.6000000000003,13227.27,60.63
1000001589,Family Practice,CA,3.0,Low-Volume / Low-Growth Prescribers,993.1999999999998,32.63,65.8
1000001590,Family Practice,NY,0.0,Diversified Prescribers,15583.499999999998,-45.04,60.76
1000001604,Endocrinology,CA,0.0,Diversified Prescribers,13430.100000000002,36.08,85.02
1000001609,Internal Medicine,IN,0.0,Diversified Prescribers,15757.6,235.24,66.25
1000001619,Family Practice,NC,3.0,Low-Volume / Low-Growth Prescribers,967.3,104.21,61.06
1000001621,Endocrinology,CA,0.0,Diversified Prescribers,2597.8,-51.32,66.03
1000001622,Family Practice,CA,3.0,Low-Volume / Low-Growth Prescribers,2920.0,36.34,65.68
1000001629,Internal Medicine,FL,3.0,Low-Volume / Low-Growth Prescribers,3094.5000000000005,3.43,86.86
1000001652,Internal Medicine,CA,0.0,Diversified Prescribers,17875.7,-51.58,73.93
1000001653,Internal Medicine,CA,3.0,Low-Volume / Low-Growth Prescribers,3445.1,251.4,61.07
1000001655,Physician Assistant,CA,1.0,High-Volume Core Prescribers,23523.199999999993,25.81,52.17
1000001666,Internal Medicine,NY,3.0,Low-Volume / Low-Growth Prescribers,944.5,115.79,55.35
1000001668,Endocrinology,CA,0.0,Diversified Prescribers,11521.2,15.47,81.33
1000001673,Family Practice,TN,3.0,Low-Volume / Low-Growth Prescribers,739.8000000000001,186.19,72.42
1000001676,Endocrinology,IL,1.0,High-Volume Core Prescribers,36915.600000000006,130.45,77.61
1000001683,Family Practice,VA,3.0,Low-Volume / Low-Growth Prescribers,2747.0000000000005,-82.67,72.33
1000001684,Endocrinology,CA,0.0,Diversified Prescribers,14559.600000000002,158.76,78.49
1000001701,Internal Medicine,NY,0.0,Diversified Prescribers,5922.1,491.01,69.38
1000001705,Endocrinology,IN,0.0,Diversified Prescribers,11822.399999999998,-48.22,77.79
1000001726,Internal Medicine,CA,3.0,Low-Volume / Low-Growth Prescribers,941.0,92.54,77.13
1000001728,Family Practice,AZ,3.0,Low-Volume / Low-Growth Prescribers,1127.7,-11.26,74.0
1000001729,Family Practice,NY,0.0,Diversified Prescribers,3841.4,-41.03,98.2
1000001733,Internal Medicine,TX,3.0,Low-Volume / Low-Growth Prescribers,3963.999999999999,-6.76,40.46
1000001754,Cardiology,NY,3.0,Low-Volume / Low-Growth Prescribers,776.0999999999999,460.05,76.45
1000001788,Endocrinology,VA,0.0,Diversified Prescribers,9872.1,-56.87,71.04
1000001793,Family Practice,FL,3.0,Low-Volume / Low-Growth Prescribers,556.1,-56.04,85.79
1000001798,Endocrinology,GA,1.0,High-Volume Core Prescribers,47012.899999999994,17.09,82.01
1000001811,Family Practice,IL,0.0,Diversified Prescribers,12008.8,132.85,57.05
1000001832,Family Practice,IL,3.0,Low-Volume / Low-Growth Prescribers,713.3,270.28,83.82
1000001839,Internal Medicine,FL,3.0,Low-Volume / Low-Growth Prescribers,3522.9,-40.12,63.43
1000001840,Internal Medicine,TX,0.0,Diversified Prescribers,16627.5,-45.11,58.6
1000001847,Internal Medicine,VA,0.0,Diversified Prescribers,14647.0,115.9,89.72
1000001851,Family Practice,IL,3.0,Low-Volume / Low-Growth Prescribers,857.3000000000002,2.85,64.45
1000001866,Endocrinology,FL,0.0,Diversified Prescribers,1913.7000000000005,36.3,72.37
1000001871,Internal Medicine,FL,3.0,Low-Volume / Low-Growth Prescribers,4039.9,-37.9,68.13
1000001879,Family Practice,MA,0.0,Diversified Prescribers,15451.699999999995,177.63,78.43
1000001882,Family Practice,CA,3.0,Low-Volume / Low-Growth Prescribers,1204.8,-36.6,45.67
1000001885,Internal Medicine,OH,0.0,Diversified Prescribers,5726.0,-21.06,53.58
1000001909,Endocrinology,IN,0.0,Diversified Prescribers,2609.2,15.72,85.94
1000001926,Family Practice,IN,0.0,Diversified Prescribers,12336.3,-11.03,58.46
1000001928,Family Practice,FL,0.0,Diversified Prescribers,4689.099999999999,400.9,74.97
1000001944,Family Practice,OH,3.0,Low-Volume / Low-Growth Prescribers,1077.1,151.66,80.86
1000001946,Internal Medicine,VA,3.0,Low-Volume / Low-Growth Prescribers,782.3,109.0,77.4
1000001950,Endocrinology,TN,0.0,Diversified Prescribers,2104.1000000000004,-15.8,73.11
1000001954,Nephrology,IN,0.0,Diversified Prescribers,15573.999999999998,135.65,71.07
1000001974,Internal Medicine,GA,3.0,Low-Volume / Low-Growth Prescribers,4276.099999999999,41.75,69.52
1000001976,Internal Medicine,IL,0.0,Diversified Prescribers,12912.9,38.23,81.42
1000001977,Internal Medicine,CA,0.0,Diversified Prescribers,4246.200000000001,-48.31,88.16
1000001982,Internal Medicine,OH,0.0,Diversified Prescribers,14860.600000000004,-50.74,86.93
1000001990,Family Practice,OH,0.0,Diversified Prescribers,3690.7,19.03,63.33
1000002007,Family Practice,IN,0.0,Diversified Prescribers,12858.4,47.25,75.27
1000002009,Internal Medicine,GA,3.0,Low-Volume / Low-Growth Prescribers,631.2,101.23,77.93
1000002012,Nurse Practitioner,TN,1.0,High-Volume Core Prescribers,40906.4,-52.89,61.42
1000002018,Endocrinology,VA,0.0,Diversified Prescribers,2423.2000000000003,68.89,75.88
1000002022,Physician Assistant,AZ,0.0,Diversified Prescribers,22717.7,7.43,63.89
1000002028,Internal Medicine,NY,0.0,Diversified Prescribers,14299.700000000004,-59.94,77.91
1000002040,Nurse Practitioner,TX,0.0,Diversified Prescribers,4471.8,64.61,67.4
1000002042,Internal Medicine,VA,0.0,Diversified Prescribers,17983.8,257.57,71.64
1000002048,Internal Medicine,TX,3.0,Low-Volume / Low-Growth Prescribers,4467.8,9.72,53.99
1000002055,Family Practice,GA,3.0,Low-Volume / Low-Growth Prescribers,851.2,-37.82,95.88
1000002060,Endocrinology,TX,1.0,High-Volume Core Prescribers,43849.899999999994,7.03,80.32
1000002102,Endocrinology,NY,1.0,High-Volume Core Prescribers,28846.700000000004,-9.4,77.89
1000002113,Nurse Practitioner,CA,3.0,Low-Volume / Low-Growth Prescribers,5771.0,-23.5,56.39
1000002115,Endocrinology,GA,1.0,High-Volume Core Prescribers,28628.3,24.13,79.23
1000002131,Endocrinology,CA,0.0,Diversified Prescribers,2237.7,-45.18,75.1
1000002137,Family Practice,OH,0.0,Diversified Prescribers,7735.3,107.95,63.27
1000002144,Internal Medicine,FL,3.0,Low-Volume / Low-Growth Prescribers,1048.0,153.81,62.81
1000002146,Internal Medicine,MA,0.0,Diversified Prescribers,5263.3,5.33,73.38
1000002155,Internal Medicine,NY,3.0,Low-Volume / Low-Growth Prescribers,779.3000000000001,17.68,66.65
1000002163,Nurse Practitioner,MI,0.0,Diversified Prescribers,17913.3,28.42,69.19
1000002181,Internal Medicine,TX,0.0,Diversified Prescribers,20553.2,9.2,70.93
1000002187,Family Practice,FL,0.0,Diversified Prescribers,4727.900000000001,-78.9,54.99
1000002199,Internal Medicine,FL,0.0,Diversified Prescribers,14620.1,180.25,76.48
1000002202,Internal Medicine,NY,0.0,Diversified Prescribers,5519.1,95.17,67.13
1000002205,Nurse Practitioner,AZ,0.0,Diversified Prescribers,12780.7,-93.39,93.17
1000002206,Internal Medicine,IN,0.0,Diversified Prescribers,15150.100000000002,-47.16,67.58
1000002214,Family Practice,TN,0.0,Diversified Prescribers,12452.999999999998,-85.62,39.31
1000002215,Internal Medicine,NY,3.0,Low-Volume / Low-Growth Prescribers,805.1999999999998,135.22,81.48
1000002254,Nurse Practitioner,CA,3.0,Low-Volume / Low-Growth Prescribers,856.3,22.5,59.96
1000002269,Internal Medicine,FL,3.0,Low-Volume / Low-Growth Prescribers,763.1,181.41,77.21
1000002294,Endocrinology,PA,0.0,Diversified Prescribers,2082.2999999999997,-12.46,81.24
1000002297,Endocrinology,FL,3.0,Low-Volume / Low-Growth Prescribers,1818.7,183.63,73.34
1000002307,Family Practice,NY,3.0,Low-Volume / Low-Growth Prescribers,732.6,93.75,86.36
1000002315,Endocrinology,CA,1.0,High-Volume Core Prescribers,33408.5,-88.69,89.71
1000002318,Internal Medicine,TN,3.0,Low-Volume / Low-Growth Prescribers,595.2,144.21,81.38
1000002327,Endocrinology,TX,0.0,Diversified Prescribers,3067.8,-4.2,79.01
1000002340,Family Practice,IN,3.0,Low-Volume / Low-Growth Prescribers,1097.0,-74.88,52.37
1000002343,Internal Medicine,CA,0.0,Diversified Prescribers,13367.7,44.17,64.18
1000002364,Family Practice,IL,3.0,Low-Volume / Low-Growth Prescribers,1140.5,-59.44,54.04
1000002369,Family Practice,VA,0.0,Diversified Prescribers,22745.700000000004,13.95,48.25
1000002388,Family Practice,TX,1.0,High-Volume Core Prescribers,39730.7,-80.18,70.71
1000002393,Endocrinology,NY,0.0,Diversified Prescribers,11297.800000000005,-6.74,78.79
1000002400,Internal Medicine,TX,3.0,Low-Volume / Low-Growth Prescribers,776.5,43.05,88.31
1000002410,Family Practice,NY,3.0,Low-Volume / Low-Growth Prescribers,983.4,-33.43,74.38
1000002411,Endocrinology,VA,0.0,Diversified Prescribers,12843.899999999998,-36.1,72.25
1000002414,Internal Medicine,FL,0.0,Diversified Prescribers,4651.8,-67.31,77.26
1000002415,Physician Assistant,TX,3.0,Low-Volume / Low-Growth Prescribers,1091.1,18.63,90.93
1000002423,Internal Medicine,IL,3.0,Low-Volume / Low-Growth Prescribers,3912.1,-35.78,89.92
1000002441,Internal Medicine,MA,0.0,Diversified Prescribers,4289.1,362.77,73.53
1000002444,Internal Medicine,IL,0.0,Diversified Prescribers,5252.000000000001,-25.15,66.91
1000002448,Endocrinology,MA,0.0,Diversified Prescribers,2506.5000000000005,-39.83,88.59
1000002451,Physician Assistant,PA,0.0,Diversified Prescribers,5956.600000000001,-51.78,62.64
1000002456,Internal Medicine,IL,0.0,Diversified Prescribers,3239.6000000000004,212.71,77.27
1000002460,Nephrology,IL,3.0,Low-Volume / Low-Growth Prescribers,714.9,151.46,76.49
1000002471,Physician Assistant,OH,3.0,Low-Volume / Low-Growth Prescribers,978.3,-73.35,67.66
1000002476,Endocrinology,MI,0.0,Diversified Prescribers,9681.8,10.78,72.59
1000002500,Family Practice,CA,3.0,Low-Volume / Low-Growth Prescribers,820.8,132.66,71.09
1000002504,Internal Medicine,FL,0.0,Diversified Prescribers,4461.399999999999,17.6,63.06
1000002522,Internal Medicine,VA,3.0,Low-Volume / Low-Growth Prescribers,1234.1,-22.54,51.71
1000002528,Endocrinology,NY,0.0,Diversified Prescribers,11019.9,-74.68,65.97
1000002544,Endocrinology,IN,0.0,Diversified Prescribers,12422.8,42.16,81.45
1000002557,Internal Medicine,TX,0.0,Diversified Prescribers,9172.9,-39.33,86.28
1000002572,Internal Medicine,OH,0.0,Diversified Prescribers,1043.8,38.68,76.53
1000002579,Family Practice,MI,0.0,Diversified Prescribers,11863.7,7.96,79.17
1000002580,Endocrinology,FL,0.0,Diversified Prescribers,2131.7,-49.98,80.54
1000002615,Endocrinology,IN,1.0,High-Volume Core Prescribers,43132.7,18.79,75.35
1000002620,Family Practice,IN,3.0,Low-Volume / Low-Growth Prescribers,4997.999999999999,2.02,44.87
1000002632,Endocrinology,NC,0.0,Diversified Prescribers,12228.9,24.76,69.56
1000002637,Family Practice,OH,0.0,Diversified Prescribers,3766.1,-28.71,66.66
1000002656,Family Practice,IL,1.0,High-Volume Core Prescribers,49521.8,51.02,79.93
1000002659,Family Practice,OH,3.0,Low-Volume / Low-Growth Prescribers,628.5000000000002,-6.31,81.78
1000002662,Internal Medicine,OH,0.0,Diversified Prescribers,4002.699999999999,-57.02,60.17
1000002663,Family Practice,GA,0.0,Diversified Prescribers,10293.1,8.96,61.52
1000002668,Family Practice,FL,0.0,Diversified Prescribers,6296.6,29.09,82.19
1000002670,Family Practice,PA,3.0,Low-Volume / Low-Growth Prescribers,613.0,131.31,87.03
1000002674,Nurse Practitioner,CA,3.0,Low-Volume / Low-Growth Prescribers,1235.8,50.58,60.77
1000002689,Internal Medicine,OH,3.0,Low-Volume / Low-Growth Prescribers,4752.200000000001,105.79,46.91
1000002696,Family Practice,CA,0.0,Diversified Prescribers,5817.100000000001,253.17,71.55
1000002717,Cardiology,GA,0.0,Diversified Prescribers,4957.5,244.61,58.08
1000002733,Physician Assistant,IL,0.0,Diversified Prescribers,4742.099999999999,-26.4,70.75
1000002734,Physician Assistant,FL,0.0,Diversified Prescribers,3328.2999999999997,-15.93,97.74
1000002749,Family Practice,AZ,3.0,Low-Volume / Low-Growth Prescribers,883.0999999999999,2893.43,68.12
1000002753,Internal Medicine,IN,3.0,Low-Volume / Low-Growth Prescribers,932.0,-83.9,58.77
1000002756,Internal Medicine,CA,0.0,Diversified Prescribers,16452.2,579.81,66.67
1000002757,Nurse Practitioner,CA,0.0,Diversified Prescribers,17322.0,951.11,58.65
1000002760,Endocrinology,TX,0.0,Diversified Prescribers,16219.299999999996,107.91,84.11
1000002769,Family Practice,FL,3.0,Low-Volume / Low-Growth Prescribers,1282.1,91.77,69.1
1000002771,Internal Medicine,VA,3.0,Low-Volume / Low-Growth Prescribers,676.5,232.15,94.9
1000002772,Family Practice,NC,3.0,Low-Volume / Low-Growth Prescribers,623.4000000000001,-42.34,72.87
1000002774,Internal Medicine,NY,1.0,High-Volume Core Prescribers,30515.200000000004,-38.7,71.99
1000002796,Endocrinology,TX,0.0,Diversified Prescribers,2093.5,-58.39,73.27
1000002801,Nurse Practitioner,NY,3.0,Low-Volume / Low-Growth Prescribers,638.6999999999999,-41.11,75.64
1000002802,Physician Assistant,FL,3.0,Low-Volume / Low-Growth Prescribers,902.8,-28.2,84.35
1000002820,Physician Assistant,TX,0.0,Diversified Prescribers,16349.0,-35.06,59.16
1000002823,Internal Medicine,GA,0.0,Diversified Prescribers,17339.4,-17.57,66.4
1000002844,Family Practice,IL,0.0,Diversified Prescribers,18286.500000000004,-80.67,79.64
1000002850,Family Practice,FL,3.0,Low-Volume / Low-Growth Prescribers,667.8,158.33,53.77
1000002854,Endocrinology,TX,0.0,Diversified Prescribers,8665.500000000002,-13.16,87.93
1000002862,Physician Assistant,IL,0.0,Diversified Prescribers,13489.1,1.16,50.38
1000002863,Family Practice,TN,0.0,Diversified Prescribers,15597.2,117.2,59.24
1000002886,Internal Medicine,CA,3.0,Low-Volume / Low-Growth Prescribers,655.0,78.84,81.48
1000002890,Internal Medicine,NC,0.0,Diversified Prescribers,4020.6,277.35,82.23
1000002891,Family Practice,CA,3.0,Low-Volume / Low-Growth Prescribers,856.1999999999999,17.44,67.46
1000002894,Endocrinology,FL,0.0,Diversified Prescribers,2536.0000000000005,-23.9,73.68
1000002897,Internal Medicine,MA,0.0,Diversified Prescribers,17452.7,-30.99,72.99
1000002908,Internal Medicine,TX,0.0,Diversified Prescribers,4196.900000000001,-53.2,71.49
1000002914,Internal Medicine,PA,0.0,Diversified Prescribers,13869.000000000002,-2.77,63.32
1000002920,Internal Medicine,TX,0.0,Diversified Prescribers,17140.499999999996,73.4,61.06
1000002928,Family Practice,NC,0.0,Diversified Prescribers,4975.2,17.03,68.01
1000002949,Physician Assistant,CA,0.0,Diversified Prescribers,4557.6,190.46,79.45
1000002951,Family Practice,NY,3.0,Low-Volume / Low-Growth Prescribers,919.5,192.33,63.94
1000002961,Internal Medicine,NY,0.0,Diversified Prescribers,13398.6,398.62,81.0
1000002962,Internal Medicine,IN,3.0,Low-Volume / Low-Growth Prescribers,844.9000000000001,-8.96,77.52
1000002965,Family Practice,NY,0.0,Diversified Prescribers,4491.499999999999,-5.79,68.62
1000002972,Family Practice,MA,3.0,Low-Volume / Low-Growth Prescribers,940.4,1995.48,51.13
1000002990,Endocrinology,CA,0.0,Diversified Prescribers,2203.7000000000003,0.34,82.74
1000003003,Family Practice,CA,0.0,Diversified Prescribers,14201.6,54.67,67.05
1000003008,Family Practice,OH,0.0,Diversified Prescribers,3779.3,301.41,76.78
1000003027,Family Practice,IL,3.0,Low-Volume / Low-Growth Prescribers,6564.8,-83.69,47.33
1000003030,Internal Medicine,CA,0.0,Diversified Prescribers,4886.1,53.82,76.2
1000003043,Internal Medicine,VA,3.0,Low-Volume / Low-Growth Prescribers,4998.700000000001,166.33,44.17
1000003049,Internal Medicine,GA,3.0,Low-Volume / Low-Growth Prescribers,874.1999999999999,-28.77,51.0
1000003051,Internal Medicine,NY,3.0,Low-Volume / Low-Growth Prescribers,818.3,63.38,78.2
1000003062,Family Practice,CA,0.0,Diversified Prescribers,4664.699999999999,337.26,61.79
1000003063,Family Practice,GA,0.0,Diversified Prescribers,4747.9,-22.06,62.7
1000003064,Family Practice,PA,0.0,Diversified Prescribers,16111.1,1.04,66.98
1000003071,Family Practice,IL,0.0,Diversified Prescribers,5698.099999999999,-10.17,73.72
1000003075,Nurse Practitioner,TX,0.0,Diversified Prescribers,10984.4,-13.62,71.18
1000003077,Endocrinology,GA,0.0,Diversified Prescribers,11162.5,2.22,71.44
1000003093,Family Practice,MA,0.0,Diversified Prescribers,15885.499999999998,134.2,80.14
1000003098,Endocrinology,VA,0.0,Diversified Prescribers,11300.999999999998,181.13,82.89
1000003099,Internal Medicine,FL,0.0,Diversified Prescribers,3751.2,153.79,66.05
1000003114,Internal Medicine,TX,0.0,Diversified Prescribers,17331.8,25.27,77.0
1000003151,Internal Medicine,TX,0.0,Diversified Prescribers,4789.5,-76.39,70.15
1000003153,Internal Medicine,AZ,0.0,Diversified Prescribers,6295.500000000002,103.47,63.15
1000003181,Internal Medicine,IL,1.0,High-Volume Core Prescribers,22716.699999999997,311.06,67.41
1000003184,Internal Medicine,CA,3.0,Low-Volume / Low-Growth Prescribers,676.7,246.38,92.45
1000003185,Internal Medicine,MI,3.0,Low-Volume / Low-Growth Prescribers,4123.4,-29.26,61.56
1000003188,Family Practice,FL,3.0,Low-Volume / Low-Growth Prescribers,4987.8,-52.42,57.82
1000003191,Nurse Practitioner,MA,3.0,Low-Volume / Low-Growth Prescribers,745.7,115.75,60.25
1000003193,Internal Medicine,OH,3.0,Low-Volume / Low-Growth Prescribers,3101.5,802.72,39.4
1000003211,Family Practice,NY,0.0,Diversified Prescribers,3365.8,158.0,57.57
1000003212,Endocrinology,TX,1.0,High-Volume Core Prescribers,103746.20000000004,-31.49,75.67
1000003234,Internal Medicine,CA,3.0,Low-Volume / Low-Growth Prescribers,3884.7,61.73,68.37
1000003239,Internal Medicine,CA,1.0,High-Volume Core Prescribers,41228.8,753.79,52.56
1000003240,Internal Medicine,OH,3.0,Low-Volume / Low-Growth Prescribers,829.9,674.42,70.31
1000003245,Endocrinology,OH,0.0,Diversified Prescribers,1860.0,262.85,81.18
1000003258,Internal Medicine,MA,3.0,Low-Volume / Low-Growth Prescribers,3453.0,28.82,64.65
1000003259,Nurse Practitioner,TX,0.0,Diversified Prescribers,19793.9,74.6,45.32
1000003265,Endocrinology,OH,0.0,Diversified Prescribers,2196.2,2.59,70.98
1000003279,Family Practice,IL,3.0,Low-Volume / Low-Growth Prescribers,791.8000000000001,29.0,61.38
1000003280,Internal Medicine,PA,3.0,Low-Volume / Low-Growth Prescribers,4290.900000000001,21.12,41.32
1000003282,Nurse Practitioner,MA,3.0,Low-Volume / Low-Growth Prescribers,776.5,31.76,74.71
1000003284,Internal Medicine,IN,3.0,Low-Volume / Low-Growth Prescribers,921.0,-31.47,59.48
1000003297,Endocrinology,TX,0.0,Diversified Prescribers,11240.300000000005,-49.47,87.17
1000003311,Family Practice,CA,0.0,Diversified Prescribers,4170.800000000001,134.09,78.34
1000003316,Internal Medicine,TX,0.0,Diversified Prescribers,5755.5,-53.99,60.68
1000003322,Family Practice,NY,3.0,Low-Volume / Low-Growth Prescribers,836.2,-12.54,79.12
1000003334,Nurse Practitioner,TX,3.0,Low-Volume / Low-Growth Prescribers,795.9,49.59,81.24
1000003335,Family Practice,PA,3.0,Low-Volume / Low-Growth Prescribers,597.1,86.74,81.63
1000003336,Nurse Practitioner,OH,3.0,Low-Volume / Low-Growth Prescribers,905.4,35.99,79.21
1000003344,Internal Medicine,TN,0.0,Diversified Prescribers,4804.299999999999,20.17,60.54
1000003348,Internal Medicine,CA,3.0,Low-Volume / Low-Growth Prescribers,1007.8,-12.98,57.69
1000003369,Family Practice,CA,0.0,Diversified Prescribers,13845.699999999995,-81.85,82.75
1000003375,Family Practice,IL,0.0,Diversified Prescribers,14441.5,194.08,78.32
1000003376,Family Practice,NC,3.0,Low-Volume / Low-Growth Prescribers,1032.2999999999995,-57.43,58.08
1000003394,Nurse Practitioner,PA,0.0,Diversified Prescribers,16284.8,284.31,80.52
1000003398,Internal Medicine,TX,0.0,Diversified Prescribers,4459.299999999999,-23.15,51.73
1000003403,Internal Medicine,AZ,3.0,Low-Volume / Low-Growth Prescribers,806.0000000000001,-35.54,81.45
1000003423,Endocrinology,CA,0.0,Diversified Prescribers,10013.4,70.35,77.45
1000003434,Family Practice,FL,3.0,Low-Volume / Low-Growth Prescribers,810.4000000000001,188.35,42.49
1000003442,Internal Medicine,IN,0.0,Diversified Prescribers,14970.2,4599.84,62.2
1000003443,Nephrology,TX,3.0,Low-Volume / Low-Growth Prescribers,707.0,-58.96,70.06
1000003460,Internal Medicine,MA,3.0,Low-Volume / Low-Growth Prescribers,542.7,155.5,67.97
1000003472,Family Practice,TX,3.0,Low-Volume / Low-Growth Prescribers,936.2999999999998,317.06,45.33
1000003479,Internal Medicine,GA,3.0,Low-Volume / Low-Growth Prescribers,667.4000000000001,720.83,60.32
1000003485,Family Practice,AZ,3.0,Low-Volume / Low-Growth Prescribers,985.6,23.89,64.1
1000003498,Internal Medicine,IN,0.0,Diversified Prescribers,11447.8,-1.0,89.36
1000003521,Internal Medicine,TN,0.0,Diversified Prescribers,15342.4,-77.34,78.21
1000003522,Internal Medicine,AZ,0.0,Diversified Prescribers,4590.9,197.7,70.56
1000003554,Endocrinology,AZ,0.0,Diversified Prescribers,9065.4,14.61,77.81
1000003560,Internal Medicine,NC,0.0,Diversified Prescribers,15051.6,-34.62,45.48
1000003564,Internal Medicine,VA,3.0,Low-Volume / Low-Growth Prescribers,708.2,80.37,65.55
1000003570,Internal Medicine,NY,1.0,High-Volume Core Prescribers,25709.39999999999,52.4,87.9
1000003572,Nurse Practitioner,MI,3.0,Low-Volume / Low-Growth Prescribers,922.1,42.68,76.43
1000003588,Endocrinology,CA,1.0,High-Volume Core Prescribers,36927.09999999999,126.09,77.85
1000003592,Family Practice,OH,3.0,Low-Volume / Low-Growth Prescribers,861.3999999999999,-33.75,45.98
1000003607,Internal Medicine,PA,0.0,Diversified Prescribers,13498.4,156.96,70.11
1000003613,Family Practice,NC,3.0,Low-Volume / Low-Growth Prescribers,968.3,-60.37,75.07
1000003649,Nephrology,TX,0.0,Diversified Prescribers,13432.000000000002,-90.72,80.58
1000003653,Endocrinology,IN,0.0,Diversified Prescribers,9101.7,21.29,80.33
1000003662,Endocrinology,NY,0.0,Diversified Prescribers,8040.8,-5.34,74.94
1000003666,Family Practice,CA,0.0,Diversified Prescribers,13794.9,-0.68,54.97
1000003670,Internal Medicine,AZ,3.0,Low-Volume / Low-Growth Prescribers,881.8000000000002,-43.46,71.77
1000003675,Internal Medicine,FL,0.0,Diversified Prescribers,16190.6,12.6,88.67
1000003691,Internal Medicine,NY,0.0,Diversified Prescribers,3930.599999999999,166.71,60.05
1000003712,Family Practice,CA,0.0,Diversified Prescribers,4997.899999999999,-36.62,69.52
1000003715,Internal Medicine,PA,3.0,Low-Volume / Low-Growth Prescribers,1184.8,127.8,64.46
1000003722,Physician Assistant,CA,0.0,Diversified Prescribers,20391.6,-31.93,71.09
1000003725,Physician Assistant,IL,0.0,Diversified Prescribers,13602.3,286.88,77.89
1000003740,Nurse Practitioner,GA,0.0,Diversified Prescribers,4835.6,-27.3,70.67
1000003749,Nurse Practitioner,AZ,3.0,Low-Volume / Low-Growth Prescribers,736.9,-80.85,83.65
1000003751,Nurse Practitioner,VA,3.0,Low-Volume / Low-Growth Prescribers,1170.8000000000002,-45.14,65.23
1000003768,Endocrinology,OH,0.0,Diversified Prescribers,1960.4,-12.51,81.44
1000003773,Family Practice,OH,3.0,Low-Volume / Low-Growth Prescribers,1090.0,98.85,68.85
1000003776,Family Practice,PA,3.0,Low-Volume / Low-Growth Prescribers,900.0,-25.61,69.99
1000003783,Family Practice,FL,3.0,Low-Volume / Low-Growth Prescribers,864.6,402.07,86.29
1000003785,Endocrinology,TN,1.0,High-Volume Core Prescribers,39604.5,318.28,80.16
1000003788,Endocrinology,CA,0.0,Diversified Prescribers,11540.2,7.17,74.21
1000003791,Endocrinology,GA,0.0,Diversified Prescribers,2000.3,19.99,84.87
1000003794,Endocrinology,MI,0.0,Diversified Prescribers,10862.4,-42.31,71.83
1000003809,Endocrinology,PA,0.0,Diversified Prescribers,8008.200000000002,-14.33,89.17
1000003811,Internal Medicine,FL,0.0,Diversified Prescribers,4173.3,2.53,63.42
1000003813,Family Practice,OH,3.0,Low-Volume / Low-Growth Prescribers,568.0999999999999,679.81,67.44
1000003817,Family Practice,MI,1.0,High-Volume Core Prescribers,37924.7,-80.55,74.47
1000003822,Family Practice,TX,3.0,Low-Volume / Low-Growth Prescribers,878.2,-64.16,84.14
1000003826,Internal Medicine,CA,0.0,Diversified Prescribers,16850.8,17.67,52.93
1000003848,Family Practice,PA,3.0,Low-Volume / Low-Growth Prescribers,816.0999999999999,-70.26,61.73
1000003857,Internal Medicine,IL,0.0,Diversified Prescribers,5640.599999999999,15.48,57.55
1000003858,Internal Medicine,CA,3.0,Low-Volume / Low-Growth Prescribers,3748.5,-55.6,71.28
1000003863,Internal Medicine,PA,0.0,Diversified Prescribers,4164.0,36.53,76.36
1000003868,Family Practice,OH,3.0,Low-Volume / Low-Growth Prescribers,3335.7,4.95,75.8
1000003881,Family Practice,TX,0.0,Diversified Prescribers,19604.39999999999,19.72,71.91
1000003883,Internal Medicine,TN,0.0,Diversified Prescribers,4352.0,199.89,72.41
1000003884,Nurse Practitioner,TX,3.0,Low-Volume / Low-Growth Prescribers,931.7999999999998,172.16,78.15
1000003896,Endocrinology,OH,0.0,Diversified Prescribers,11894.6,-29.1,72.39
1000003923,Internal Medicine,CA,0.0,Diversified Prescribers,17376.399999999998,-18.79,71.35
1000003931,Internal Medicine,OH,0.0,Diversified Prescribers,10281.7,-6.82,81.68
1000003945,Endocrinology,GA,0.0,Diversified Prescribers,2349.9000000000005,15.1,84.6
1000003950,Endocrinology,NC,0.0,Diversified Prescribers,9350.2,19.65,83.33
1000003951,Family Practice,CA,0.0,Diversified Prescribers,15114.000000000002,27.78,79.24
1000003953,Endocrinology,PA,0.0,Diversified Prescribers,2369.9000000000005,-30.42,87.65
1000003958,Endocrinology,VA,0.0,Diversified Prescribers,2606.3,59.47,72.44
1000003960,Family Practice,VA,3.0,Low-Volume / Low-Growth Prescribers,737.6999999999999,33.19,65.0
1000003971,Internal Medicine,FL,0.0,Diversified Prescribers,12155.4,-66.11,92.66
1000003972,Internal Medicine,PA,0.0,Diversified Prescribers,13821.600000000002,44.91,71.04
1000003973,Family Practice,TX,3.0,Low-Volume / Low-Growth Prescribers,890.3999999999999,94.93,71.98
1000003980,Family Practice,CA,3.0,Low-Volume / Low-Growth Prescribers,723.3,-68.44,60.89
1000003984,Family Practice,GA,3.0,Low-Volume / Low-Growth Prescribers,1186.9,-51.26,51.77
1000003989,Nurse Practitioner,TX,3.0,Low-Volume / Low-Growth Prescribers,1116.0,119.75,69.75
1000003990,Endocrinology,AZ,1.0,High-Volume Core Prescribers,43472.6,-13.63,78.26
1000003999,Endocrinology,FL,0.0,Diversified Prescribers,1510.8000000000002,-43.43,84.26
1000004004,Endocrinology,TX,0.0,Diversified Prescribers,2379.8,125.09,82.53
1000004006,Internal Medicine,CA,1.0,High-Volume Core Prescribers,37530.0,-57.33,74.23
1000004051,Family Practice,CA,0.0,Diversified Prescribers,2865.9,-48.48,89.08
1000004058,Nurse Practitioner,MI,0.0,Diversified Prescribers,18301.2,850.65,50.09
1000004087,Family Practice,MI,1.0,High-Volume Core Prescribers,35733.0,2379.0,58.97
1000004096,Endocrinology,IL,0.0,Diversified Prescribers,2301.2000000000003,7.33,78.52
1000004097,Endocrinology,FL,0.0,Diversified Prescribers,1727.1,1.11,78.85
1000004109,Family Practice,MA,3.0,Low-Volume / Low-Growth Prescribers,723.4000000000001,93.31,59.88
1000004119,Family Practice,TX,3.0,Low-Volume / Low-Growth Prescribers,1161.8000000000002,94.16,76.45
1000004124,Family Practice,CA,3.0,Low-Volume / Low-Growth Prescribers,846.4,-41.72,74.01
1000004138,Family Practice,OH,0.0,Diversified Prescribers,15061.6,13.15,61.11
1000004139,Internal Medicine,OH,3.0,Low-Volume / Low-Growth Prescribers,677.0999999999999,114.49,61.41
1000004144,Nurse Practitioner,IL,3.0,Low-Volume / Low-Growth Prescribers,939.9,82.44,79.48
1000004153,Internal Medicine,OH,3.0,Low-Volume / Low-Growth Prescribers,645.9,-21.87,40.27
1000004170,Endocrinology,IN,0.0,Diversified Prescribers,9262.3,11.91,74.12
1000004174,Nurse Practitioner,CA,3.0,Low-Volume / Low-Growth Prescribers,1112.4,-48.82,49.5
1000004176,Family Practice,TX,0.0,Diversified Prescribers,20522.300000000003,38.02,55.19
1000004180,Internal Medicine,CA,3.0,Low-Volume / Low-Growth Prescribers,937.7000000000002,45.21,66.48
1000004188,Family Practice,TX,0.0,Diversified Prescribers,24274.9,42.28,67.56
1000004191,Nurse Practitioner,NC,3.0,Low-Volume / Low-Growth Prescribers,618.8,45.41,89.32
1000004203,Physician Assistant,TX,0.0,Diversified Prescribers,18031.800000000003,231.69,65.24
1000004215,Family Practice,TN,0.0,Diversified Prescribers,5801.0999999999985,-15.7,67.85
1000004216,Endocrinology,IL,0.0,Diversified Prescribers,2654.2,-15.59,64.82
1000004235,Internal Medicine,VA,0.0,Diversified Prescribers,10766.0,242.78,96.13
1000004240,Family Practice,OH,3.0,Low-Volume / Low-Growth Prescribers,855.2,-52.27,70.65
1000004244,Internal Medicine,IL,0.0,Diversified Prescribers,5108.0,-1.48,73.56
1000004247,Endocrinology,CA,3.0,Low-Volume / Low-Growth Prescribers,1581.4,237.11,77.73
1000004249,Physician Assistant,CA,0.0,Diversified Prescribers,3757.899999999999,-81.42,66.4
1000004255,Family Practice,TN,3.0,Low-Volume / Low-Growth Prescribers,482.80000000000007,-74.73,77.55
1000004259,Internal Medicine,PA,3.0,Low-Volume / Low-Growth Prescribers,585.8,-37.62,77.07
1000004264,Family Practice,TX,0.0,Diversified Prescribers,4828.6,-46.77,66.62
1000004266,Family Practice,AZ,3.0,Low-Volume / Low-Growth Prescribers,675.5000000000001,-88.08,65.94
1000004276,Internal Medicine,VA,0.0,Diversified Prescribers,3704.8,11.94,87.1
1000004279,Internal Medicine,FL,0.0,Diversified Prescribers,14119.199999999995,104.81,67.43
1000004295,Internal Medicine,NY,3.0,Low-Volume / Low-Growth Prescribers,455.2000000000001,-60.22,70.98
1000004302,Family Practice,PA,0.0,Diversified Prescribers,4947.400000000001,-83.91,55.17
1000004303,Family Practice,VA,0.0,Diversified Prescribers,18198.1,33.35,75.92
1000004307,Family Practice,MI,0.0,Diversified Prescribers,9588.8,-46.54,78.88
1000004308,Family Practice,CA,0.0,Diversified Prescribers,15698.999999999998,40.01,79.56
1000004315,Endocrinology,GA,0.0,Diversified Prescribers,2205.0999999999995,-26.32,78.65
1000004316,Family Practice,OH,3.0,Low-Volume / Low-Growth Prescribers,743.2,-78.55,69.75
1000004332,Internal Medicine,GA,3.0,Low-Volume / Low-Growth Prescribers,5852.2,-41.03,48.86
1000004333,Family Practice,IL,0.0,Diversified Prescribers,15986.7,31.19,62.4
1000004334,Internal Medicine,IN,0.0,Diversified Prescribers,3492.1,18.44,87.89
1000004335,Endocrinology,CA,0.0,Diversified Prescribers,7918.300000000001,-29.39,78.19
1000004361,Family Practice,AZ,3.0,Low-Volume / Low-Growth Prescribers,1013.1,129.62,66.61
1000004365,Family Practice,GA,0.0,Diversified Prescribers,4522.099999999999,-70.72,67.96
1000004371,Internal Medicine,CA,3.0,Low-Volume / Low-Growth Prescribers,840.8,197.73,88.06
1000004372,Endocrinology,NC,0.0,Diversified Prescribers,2530.8,-35.09,83.03
1000004384,Nurse Practitioner,AZ,0.0,Diversified Prescribers,5042.900000000001,-23.91,66.95
1000004388,Endocrinology,FL,0.0,Diversified Prescribers,8612.099999999999,62.65,83.95
1000004397,Endocrinology,OH,0.0,Diversified Prescribers,11157.4,-59.19,78.95
1000004399,Endocrinology,IN,0.0,Diversified Prescribers,1801.9,-80.05,87.47
1000004405,Family Practice,OH,3.0,Low-Volume / Low-Growth Prescribers,1029.9,121.38,76.88
1000001464,Nephrology,PA,,,624.7999999999998,,81.72
1000001691,Internal Medicine,NC,,,834.1999999999999,,51.14
1000002072,Internal Medicine,CA,,,499.8,,47.24
1000002351,Nurse Practitioner,IN,,,763.3000000000002,,73.38
1000002550,Internal Medicine,MA,,,521.0999999999999,,96.97
1000004410,Endocrinology,MI,0.0,Diversified Prescribers,2559.1999999999994,57.21,82.74
1000004424,Internal Medicine,TX,0.0,Diversified Prescribers,18707.7,64.23,72.93
1000004427,Endocrinology,TX,1.0,High-Volume Core Prescribers,37877.3,25.17,80.13
1000004434,Endocrinology,OH,0.0,Diversified Prescribers,1692.6,38.16,79.13
1000004437,Family Practice,MA,0.0,Diversified Prescribers,18255.8,53.01,67.4
1000004438,Nephrology,NY,0.0,Diversified Prescribers,12203.500000000002,-60.65,58.78
1000004464,Family Practice,IL,3.0,Low-Volume / Low-Growth Prescribers,4374.200000000001,14.83,50.64
1000004466,Endocrinology,OH,0.0,Diversified Prescribers,10755.5,1.55,70.51
1000004474,Family Practice,NY,0.0,Diversified Prescribers,6437.1,-20.41,69.84
1000004482,Internal Medicine,NC,0.0,Diversified Prescribers,4856.799999999999,-31.71,75.72
1000004488,Family Practice,AZ,3.0,Low-Volume / Low-Growth Prescribers,988.0,-8.98,86.11
1000000002,Family Practice,FL,0.0,Diversified Prescribers,5031.5,35.98,61.34
1000000004,Endocrinology,PA,0.0,Diversified Prescribers,10935.8,459.0,78.11
1000000006,Endocrinology,MI,0.0,Diversified Prescribers,2152.3000000000006,-32.76,77.91
1000000019,Internal Medicine,CA,0.0,Diversified Prescribers,4452.599999999999,-44.44,69.19
1000000024,Internal Medicine,AZ,0.0,Diversified Prescribers,5262.799999999999,85.05,63.06
1000000025,Family Practice,NY,3.0,Low-Volume / Low-Growth Prescribers,1076.3,-34.08,70.55
1000000031,Endocrinology,TX,0.0,Diversified Prescribers,12900.2,15.06,87.69
1000000039,Internal Medicine,CA,3.0,Low-Volume / Low-Growth Prescribers,668.4000000000001,-76.61,67.53
1000000057,Internal Medicine,NC,3.0,Low-Volume / Low-Growth Prescribers,695.9,116.85,60.04
1000000059,Internal Medicine,VA,3.0,Low-Volume / Low-Growth Prescribers,1019.4,-52.81,52.14
1000000065,Internal Medicine,MA,0.0,Diversified Prescribers,3657.2999999999993,-33.01,67.72
1000000068,Endocrinology,CA,0.0,Diversified Prescribers,2341.2,6.77,79.49
1000000078,Internal Medicine,VA,3.0,Low-Volume / Low-Growth Prescribers,4783.9,-11.81,61.56
1000000081,Family Practice,FL,0.0,Diversified Prescribers,4489.4,190.1,69.33
1000000090,Endocrinology,OH,0.0,Diversified Prescribers,9395.6,-33.19,63.82
1000000092,Family Practice,PA,0.0,Diversified Prescribers,3952.900000000001,924.08,78.13
1000000097,Internal Medicine,TX,3.0,Low-Volume / Low-Growth Prescribers,609.0,99.33,82.41
1000000102,Internal Medicine,IN,3.0,Low-Volume / Low-Growth Prescribers,835.3,21.45,82.09
1000000103,Internal Medicine,NY,0.0,Diversified Prescribers,3684.6,94.34,71.95
1000000115,Nurse Practitioner,FL,0.0,Diversified Prescribers,4882.800000000001,-72.18,77.01
1000000127,Nurse Practitioner,PA,0.0,Diversified Prescribers,3796.7,-51.64,79.41
1000000143,Internal Medicine,CA,0.0,Diversified Prescribers,6114.5,-37.74,52.1
1000000149,Internal Medicine,TX,0.0,Diversified Prescribers,4261.8,23.49,68.25
1000000150,Nurse Practitioner,CA,0.0,Diversified Prescribers,4517.5,-70.95,64.9
1000000168,Endocrinology,NC,0.0,Diversified Prescribers,2458.2,-37.58,78.59
1000000196,Family Practice,PA,0.0,Diversified Prescribers,4051.1,-82.5,74.7
1000000199,Family Practice,VA,0.0,Diversified Prescribers,5369.799999999999,157.52,68.15
1000000201,Endocrinology,CA,0.0,Diversified Prescribers,9677.8,136.61,85.97
1000000203,Nurse Practitioner,OH,0.0,Diversified Prescribers,5628.500000000001,-59.57,62.76
1000000210,Internal Medicine,NY,0.0,Diversified Prescribers,13311.8,64.34,75.0
1000000213,Internal Medicine,MI,0.0,Diversified Prescribers,3848.4,-0.42,87.78
1000000219,Nurse Practitioner,IN,3.0,Low-Volume / Low-Growth Prescribers,1200.6,30.51,57.95
1000000222,Endocrinology,TX,0.0,Diversified Prescribers,12273.6,57.52,86.52
1000000236,Internal Medicine,IL,3.0,Low-Volume / Low-Growth Prescribers,949.0,-25.67,83.79
1000000253,Internal Medicine,PA,3.0,Low-Volume / Low-Growth Prescribers,678.2000000000002,1.6,59.66
1000000255,Internal Medicine,MA,3.0,Low-Volume / Low-Growth Prescribers,741.7,25.49,58.02
1000000268,Internal Medicine,GA,3.0,Low-Volume / Low-Growth Prescribers,978.8,398.05,69.95
1000000270,Family Practice,CA,3.0,Low-Volume / Low-Growth Prescribers,873.3,1.57,63.3
1000000274,Internal Medicine,FL,3.0,Low-Volume / Low-Growth Prescribers,2328.3,-9.96,66.86
1000000282,Internal Medicine,IL,0.0,Diversified Prescribers,4129.3,245.51,64.56
1000000290,Endocrinology,CA,0.0,Diversified Prescribers,9865.899999999998,326.85,79.24
1000000299,Endocrinology,NC,3.0,Low-Volume / Low-Growth Prescribers,1604.3999999999996,535.4,72.87
1000000301,Internal Medicine,CA,0.0,Diversified Prescribers,4050.1,519.25,76.34
1000000317,Endocrinology,AZ,0.0,Diversified Prescribers,2093.6,108.4,81.68
1000000324,Physician Assistant,IL,3.0,Low-Volume / Low-Growth Prescribers,854.9,26.63,77.73
1000000337,Family Practice,NY,1.0,High-Volume Core Prescribers,38760.69999999999,-4.4,69.74
1000000349,Family Practice,CA,0.0,Diversified Prescribers,14689.2,-29.22,77.19
1000000359,Family Practice,MA,3.0,Low-Volume / Low-Growth Prescribers,2866.2000000000003,-54.45,76.77
1000000379,Internal Medicine,TN,3.0,Low-Volume / Low-Growth Prescribers,866.1999999999999,77.63,68.63
1000000402,Internal Medicine,CA,0.0,Diversified Prescribers,3852.1999999999994,-45.42,74.28
1000000428,Internal Medicine,MI,0.0,Diversified Prescribers,6055.099999999999,254.68,65.76
1000000433,Endocrinology,PA,0.0,Diversified Prescribers,2666.0,-7.95,81.37
1000000440,Endocrinology,FL,0.0,Diversified Prescribers,2317.3999999999996,1.11,91.6
1000000444,Family Practice,AZ,0.0,Diversified Prescribers,4349.099999999999,-24.23,78.02
1000000449,Endocrinology,TN,0.0,Diversified Prescribers,2529.5000000000005,35.22,76.41
1000000452,Internal Medicine,NY,3.0,Low-Volume / Low-Growth Prescribers,657.0000000000001,-91.43,79.54
1000000453,Nurse Practitioner,NC,3.0,Low-Volume / Low-Growth Prescribers,735.6999999999999,-78.41,82.67
1000000454,Endocrinology,PA,1.0,High-Volume Core Prescribers,38833.5,-58.63,76.92
1000000455,Internal Medicine,MI,3.0,Low-Volume / Low-Growth Prescribers,858.4,87.03,67.09
1000000462,Family Practice,FL,3.0,Low-Volume / Low-Growth Prescribers,2888.7999999999997,54.05,66.7
1000000471,Physician Assistant,MA,0.0,Diversified Prescribers,7011.9,48.32,53.66
1000000477,Internal Medicine,TX,0.0,Diversified Prescribers,11581.6,-88.01,92.74
1000000478,Physician Assistant,CA,3.0,Low-Volume / Low-Growth Prescribers,715.4000000000001,-18.91,85.52
1000000485,Nurse Practitioner,TX,3.0,Low-Volume / Low-Growth Prescribers,3463.0999999999995,-41.48,81.16
1000000501,Internal Medicine,PA,0.0,Diversified Prescribers,4264.5,-17.46,98.22
1000000504,Family Practice,MA,3.0,Low-Volume / Low-Growth Prescribers,675.1,-61.49,75.04
1000000511,Internal Medicine,GA,0.0,Diversified Prescribers,6613.4,40.73,74.17
1000000521,Internal Medicine,NY,3.0,Low-Volume / Low-Growth Prescribers,4205.700000000001,-33.58,71.37
1000000524,Family Practice,IN,3.0,Low-Volume / Low-Growth Prescribers,896.4000000000001,1.33,57.11
1000000542,Internal Medicine,TX,3.0,Low-Volume / Low-Growth Prescribers,813.0999999999999,-12.2,74.55
1000000563,Endocrinology,FL,0.0,Diversified Prescribers,10161.7,455.55,91.25
1000000564,Internal Medicine,MI,3.0,Low-Volume / Low-Growth Prescribers,974.7000000000002,-47.96,69.63
1000000569,Internal Medicine,CA,0.0,Diversified Prescribers,18143.4,207.68,78.15
1000000594,Nurse Practitioner,CA,3.0,Low-Volume / Low-Growth Prescribers,881.1999999999999,128.68,69.05
1000000612,Family Practice,OH,0.0,Diversified Prescribers,14784.7,295.93,71.39
1000000613,Endocrinology,GA,0.0,Diversified Prescribers,2193.2,310.51,78.81
1000000630,Family Practice,IL,3.0,Low-Volume / Low-Growth Prescribers,968.4,-75.55,65.45
1000000631,Nurse Practitioner,IL,0.0,Diversified Prescribers,2945.0,-14.08,78.39
1000000643,Internal Medicine,MI,3.0,Low-Volume / Low-Growth Prescribers,1099.7,55.6,51.64
1000000644,Endocrinology,NY,0.0,Diversified Prescribers,2117.5,91.35,73.03
1000000646,Family Practice,NC,0.0,Diversified Prescribers,12687.8,-70.06,67.71
1000000647,Family Practice,MA,0.0,Diversified Prescribers,4727.2,-68.38,66.0
1000000649,Internal Medicine,CA,3.0,Low-Volume / Low-Growth Prescribers,661.9000000000001,-12.29,81.93
1000000650,Endocrinology,FL,0.0,Diversified Prescribers,1839.2000000000005,86.94,69.23
1000000651,Internal Medicine,TX,3.0,Low-Volume / Low-Growth Prescribers,806.5,20.5,68.85
1000000655,Endocrinology,FL,0.0,Diversified Prescribers,12949.900000000003,116.07,80.75
1000000656,Internal Medicine,TX,0.0,Diversified Prescribers,20877.800000000003,16.59,73.3
1000000657,Internal Medicine,MI,3.0,Low-Volume / Low-Growth Prescribers,1002.5,186.09,64.93
1000000667,Endocrinology,CA,0.0,Diversified Prescribers,2313.5999999999995,-32.41,71.26
1000000691,Internal Medicine,GA,3.0,Low-Volume / Low-Growth Prescribers,2407.3,-48.45,80.49
1000000692,Internal Medicine,MI,3.0,Low-Volume / Low-Growth Prescribers,682.2,454.11,79.62
1000000700,Internal Medicine,FL,3.0,Low-Volume / Low-Growth Prescribers,13465.100000000002,-91.31,37.37
1000000713,Internal Medicine,MI,3.0,Low-Volume / Low-Growth Prescribers,858.7,196.83,77.71
1000000715,Physician Assistant,OH,0.0,Diversified Prescribers,5642.900000000001,296.87,61.17
1000000717,Physician Assistant,MI,3.0,Low-Volume / Low-Growth Prescribers,674.4,-53.09,71.14
1000000729,Endocrinology,OH,3.0,Low-Volume / Low-Growth Prescribers,1393.4,-39.84,79.0
1000000732,Family Practice,GA,0.0,Diversified Prescribers,3097.0999999999995,299.94,86.09
1000000736,Internal Medicine,GA,0.0,Diversified Prescribers,4842.4,-36.2,82.25
1000000743,Internal Medicine,IN,0.0,Diversified Prescribers,5029.700000000001,-59.03,68.64
1000000758,Nurse Practitioner,NY,3.0,Low-Volume / Low-Growth Prescribers,1133.5,28.79,71.65
1000000772,Endocrinology,FL,0.0,Diversified Prescribers,1997.6999999999996,4.67,73.49
1000000788,Internal Medicine,CA,0.0,Diversified Prescribers,4494.6,-93.27,64.07
1000000801,Endocrinology,CA,0.0,Diversified Prescribers,2572.7,4.86,78.16
1000000810,Cardiology,FL,3.0,Low-Volume / Low-Growth Prescribers,879.7,117.05,83.66
1000000818,Endocrinology,TX,0.0,Diversified Prescribers,1776.4,-63.3,83.27
1000000821,Endocrinology,FL,1.0,High-Volume Core Prescribers,41209.2,441.29,88.98
1000000826,Internal Medicine,CA,0.0,Diversified Prescribers,5207.800000000002,419.34,87.54
1000000852,Internal Medicine,FL,3.0,Low-Volume / Low-Growth Prescribers,963.7,18.65,79.39
1000000870,Internal Medicine,NY,3.0,Low-Volume / Low-Growth Prescribers,774.1999999999999,-69.55,78.58
1000000872,Family Practice,NY,3.0,Low-Volume / Low-Growth Prescribers,597.0,136.31,90.67
1000000878,Endocrinology,AZ,0.0,Diversified Prescribers,11407.4,-65.99,74.85
1000000880,Internal Medicine,TX,0.0,Diversified Prescribers,5607.300000000001,99.36,72.92
1000000883,Endocrinology,CA,1.0,High-Volume Core Prescribers,51218.899999999994,5.23,84.54
1000000895,Internal Medicine,NY,3.0,Low-Volume / Low-Growth Prescribers,927.4,-97.27,55.5
1000000907,Internal Medicine,PA,3.0,Low-Volume / Low-Growth Prescribers,871.2000000000002,-5.89,71.91
1000000919,Endocrinology,FL,0.0,Diversified Prescribers,10001.7,-46.2,72.75
1000000923,Family Practice,NY,3.0,Low-Volume / Low-Growth Prescribers,3844.4,49.84,66.42
1000000928,Family Practice,GA,0.0,Diversified Prescribers,14248.7,-54.88,52.44
1000000943,Family Practice,VA,0.0,Diversified Prescribers,4581.0,-33.9,73.69
1000000950,Family Practice,FL,0.0,Diversified Prescribers,5547.100000000001,-18.65,81.87
1000000954,Internal Medicine,GA,3.0,Low-Volume / Low-Growth Prescribers,894.1000000000001,64.67,59.27
1000000975,Internal Medicine,NY,3.0,Low-Volume / Low-Growth Prescribers,707.4000000000001,52.17,63.64
1000000976,Family Practice,FL,0.0,Diversified Prescribers,4090.999999999999,124.07,60.86
1000000995,Endocrinology,FL,1.0,High-Volume Core Prescribers,46845.0,7.83,87.96
1000000999,Internal Medicine,NC,3.0,Low-Volume / Low-Growth Prescribers,849.0,-30.62,90.86
1000001008,Internal Medicine,TX,0.0,Diversified Prescribers,16158.4,225.08,49.83
1000001016,Internal Medicine,AZ,3.0,Low-Volume / Low-Growth Prescribers,718.5999999999999,-92.36,70.6
1000001025,Internal Medicine,CA,0.0,Diversified Prescribers,1218.0,-32.16,82.05
1000001027,Nurse Practitioner,CA,0.0,Diversified Prescribers,14783.100000000002,-20.39,78.43
1000001046,Internal Medicine,CA,3.0,Low-Volume / Low-Growth Prescribers,878.3000000000002,14.74,64.76
1000001056,Family Practice,CA,0.0,Diversified Prescribers,6117.000000000002,-0.79,67.18
1000001067,Endocrinology,GA,1.0,High-Volume Core Prescribers,35871.899999999994,86.19,77.67
1000001070,Internal Medicine,VA,0.0,Diversified Prescribers,16718.500000000004,-43.87,79.01
1000001072,Endocrinology,TN,0.0,Diversified Prescribers,9234.200000000004,25.81,75.82
1000001097,Internal Medicine,GA,0.0,Diversified Prescribers,5257.799999999999,49.02,68.11
1000001102,Nurse Practitioner,CA,1.0,High-Volume Core Prescribers,48054.6,-40.9,63.31
1000001133,Internal Medicine,TX,3.0,Low-Volume / Low-Growth Prescribers,3183.5,539.45,72.75
1000001134,Family Practice,TX,3.0,Low-Volume / Low-Growth Prescribers,717.5,-4.72,79.04
1000001146,Family Practice,CA,0.0,Diversified Prescribers,14181.000000000002,3.88,81.9
1000001161,Endocrinology,CA,0.0,Diversified Prescribers,11852.200000000004,257.71,85.7
1000001174,Family Practice,VA,3.0,Low-Volume / Low-Growth Prescribers,833.4,-94.09,69.2
1000001185,Physician Assistant,MI,0.0,Diversified Prescribers,5510.5,-79.73,62.81
1000001189,Family Practice,NC,3.0,Low-Volume / Low-Growth Prescribers,765.9999999999999,-32.82,69.45
1000001207,Internal Medicine,CA,3.0,Low-Volume / Low-Growth Prescribers,698.4,201.47,74.73
1000001208,Internal Medicine,NC,3.0,Low-Volume / Low-Growth Prescribers,1140.8,56.57,68.98
1000001210,Internal Medicine,TX,0.0,Diversified Prescribers,23576.699999999993,150.73,66.29
1000001218,Family Practice,CA,0.0,Diversified Prescribers,4566.899999999999,-50.99,81.38
1000001220,Physician Assistant,CA,3.0,Low-Volume / Low-Growth Prescribers,3562.8999999999996,456.24,58.39
1000001223,Physician Assistant,TX,3.0,Low-Volume / Low-Growth Prescribers,671.9,104.6,74.22
1000001232,Internal Medicine,NC,0.0,Diversified Prescribers,18877.2,97.16,71.47
1000001238,Physician Assistant,CA,0.0,Diversified Prescribers,15228.2,35.22,89.76
1000001240,Nurse Practitioner,MA,3.0,Low-Volume / Low-Growth Prescribers,3739.3,-35.54,79.09
1000001250,Family Practice,TX,0.0,Diversified Prescribers,5654.6,141.55,67.01
1000001255,Internal Medicine,NY,3.0,Low-Volume / Low-Growth Prescribers,893.2,108.49,66.18
1000001257,Internal Medicine,NY,0.0,Diversified Prescribers,5569.800000000001,-63.99,53.51
1000001263,Internal Medicine,TX,0.0,Diversified Prescribers,11905.1,49.0,80.66
1000001264,Endocrinology,MA,1.0,High-Volume Core Prescribers,35601.0,52.47,76.9
1000001267,Internal Medicine,CA,3.0,Low-Volume / Low-Growth Prescribers,989.2,18.4,65.29
1000001290,Internal Medicine,FL,0.0,Diversified Prescribers,5175.599999999999,241.27,63.87
1000001294,Family Practice,PA,0.0,Diversified Prescribers,4002.4,-41.28,73.52
1000001298,Family Practice,VA,3.0,Low-Volume / Low-Growth Prescribers,996.1,-30.67,57.66
1000001307,Family Practice,VA,3.0,Low-Volume / Low-Growth Prescribers,716.7000000000002,-37.51,78.39
1000001308,Internal Medicine,OH,0.0,Diversified Prescribers,12353.3,-73.39,91.32
1000001309,Family Practice,NY,3.0,Low-Volume / Low-Growth Prescribers,641.5,18.5,71.54
1000001319,Endocrinology,PA,0.0,Diversified Prescribers,2477.8,119.03,81.0
1000001320,Internal Medicine,TN,0.0,Diversified Prescribers,4572.5,342.33,94.76
1000001321,Endocrinology,PA,0.0,Diversified Prescribers,1857.4,222.17,80.88
1000001323,Internal Medicine,MI,3.0,Low-Volume / Low-Growth Prescribers,1208.3,-72.91,59.8
1000001337,Family Practice,NY,0.0,Diversified Prescribers,3809.6,-24.87,85.0
1000001342,Nurse Practitioner,CA,3.0,Low-Volume / Low-Growth Prescribers,1094.6,81.93,76.15
1000001371,Internal Medicine,TX,0.0,Diversified Prescribers,14741.3,-10.69,65.44
1000001375,Nurse Practitioner,TX,0.0,Diversified Prescribers,4956.200000000001,-64.03,53.97
1000001377,Internal Medicine,NC,3.0,Low-Volume / Low-Growth Prescribers,5139.400000000001,119.72,49.58
1000001398,Family Practice,VA,0.0,Diversified Prescribers,5433.800000000001,-15.6,71.23
1000001405,Internal Medicine,OH,3.0,Low-Volume / Low-Growth Prescribers,967.2,557.67,51.48
1000001450,Internal Medicine,TX,0.0,Diversified Prescribers,3302.8,10.99,83.77
1000001477,Family Practice,TX,3.0,Low-Volume / Low-Growth Prescribers,1026.8000000000002,82.99,64.16
1000001483,Endocrinology,CA,0.0,Diversified Prescribers,2648.7,-15.48,95.99
1000001487,Family Practice,IN,0.0,Diversified Prescribers,18055.999999999996,532.63,55.18
1000001492,Internal Medicine,PA,3.0,Low-Volume / Low-Growth Prescribers,1079.0,237.24,59.17
1000001497,Internal Medicine,MI,0.0,Diversified Prescribers,4597.9,-49.19,80.26
1000001507,Internal Medicine,CA,0.0,Diversified Prescribers,3881.7,177.93,74.94
1000001511,Family Practice,AZ,0.0,Diversified Prescribers,3436.2000000000003,214.25,74.98
1000001513,Endocrinology,PA,0.0,Diversified Prescribers,10730.8,-1.7,79.94
1000001517,Nurse Practitioner,IL,0.0,Diversified Prescribers,3735.9,-11.04,68.05
1000001538,Internal Medicine,CA,3.0,Low-Volume / Low-Growth Prescribers,4325.9,-54.54,54.67
1000001540,Family Practice,OH,3.0,Low-Volume / Low-Growth Prescribers,718.5000000000001,-93.35,65.59
1000001556,Family Practice,PA,3.0,Low-Volume / Low-Growth Prescribers,909.4,18.58,52.53
1000001560,Internal Medicine,NY,3.0,Low-Volume / Low-Growth Prescribers,912.0,-19.84,77.23
1000001564,Family Practice,TX,0.0,Diversified Prescribers,732.1999999999999,-51.79,87.54
1000001566,Family Practice,PA,1.0,High-Volume Core Prescribers,25084.000000000007,28.37,45.79
1000001567,Endocrinology,FL,0.0,Diversified Prescribers,14659.200000000004,41.86,86.98
1000001579,Internal Medicine,FL,0.0,Diversified Prescribers,13550.7,106.49,67.91
1000001580,Internal Medicine,PA,0.0,Diversified Prescribers,4200.0,83.04,86.14
1000001595,Family Practice,MI,3.0,Low-Volume / Low-Growth Prescribers,3535.599999999999,-76.5,91.36
1000001597,Endocrinology,TN,0.0,Diversified Prescribers,8523.900000000001,25.34,86.56
1000001598,Endocrinology,TX,0.0,Diversified Prescribers,2422.6000000000004,62.45,85.85
1000001605,Internal Medicine,TX,3.0,Low-Volume / Low-Growth Prescribers,845.1,162.52,58.67
1000001612,Internal Medicine,IN,3.0,Low-Volume / Low-Growth Prescribers,627.4000000000001,-57.97,51.21
1000001634,Physician Assistant,CA,3.0,Low-Volume / Low-Growth Prescribers,1160.8,-46.21,82.62
1000001645,Family Practice,TX,3.0,Low-Volume / Low-Growth Prescribers,914.6,68.41,84.85
1000001663,Internal Medicine,NY,0.0,Diversified Prescribers,4462.299999999999,-44.64,59.91
1000001670,Internal Medicine,CA,0.0,Diversified Prescribers,13743.4,266.66,65.21
1000001685,Nurse Practitioner,AZ,3.0,Low-Volume / Low-Growth Prescribers,870.8,43.07,72.4
1000001686,Physician Assistant,AZ,0.0,Diversified Prescribers,4478.300000000001,-7.1,59.14
1000001689,Family Practice,TX,3.0,Low-Volume / Low-Growth Prescribers,558.2,321.3,79.7
1000001697,Endocrinology,TN,0.0,Diversified Prescribers,11102.1,-11.17,77.81
1000001703,Internal Medicine,NC,1.0,High-Volume Core Prescribers,27963.0,-9.88,60.91
1000001715,Nephrology,AZ,3.0,Low-Volume / Low-Growth Prescribers,560.8,32.15,65.37
1000001721,Endocrinology,GA,0.0,Diversified Prescribers,2223.2,-20.7,75.86
1000001722,Internal Medicine,TX,0.0,Diversified Prescribers,4749.1,-11.73,67.39
1000001731,Family Practice,IN,0.0,Diversified Prescribers,19505.6,69.45,65.39
1000001759,Internal Medicine,TX,0.0,Diversified Prescribers,4274.900000000001,-22.3,86.35
1000001765,Internal Medicine,PA,0.0,Diversified Prescribers,4431.900000000001,120.43,69.42
1000001770,Internal Medicine,FL,3.0,Low-Volume / Low-Growth Prescribers,4597.1,-39.59,69.13
1000001773,Physician Assistant,IL,3.0,Low-Volume / Low-Growth Prescribers,901.9,-55.49,60.66
1000001805,Family Practice,PA,3.0,Low-Volume / Low-Growth Prescribers,716.8000000000001,-21.48,78.17
1000001815,Physician Assistant,IN,0.0,Diversified Prescribers,4583.400000000001,115.76,60.64
1000001818,Family Practice,NC,3.0,Low-Volume / Low-Growth Prescribers,794.6999999999999,-21.8,57.61
1000001824,Family Practice,CA,3.0,Low-Volume / Low-Growth Prescribers,2914.1000000000004,50.02,77.78
1000001837,Internal Medicine,TX,0.0,Diversified Prescribers,17526.000000000004,-17.2,51.87
1000001844,Physician Assistant,NY,3.0,Low-Volume / Low-Growth Prescribers,746.0999999999998,-75.9,65.77
1000001854,Nurse Practitioner,IN,3.0,Low-Volume / Low-Growth Prescribers,1019.8,782.27,64.22
1000001856,Family Practice,IL,0.0,Diversified Prescribers,6010.800000000001,-19.65,73.9
1000001865,Physician Assistant,OH,1.0,High-Volume Core Prescribers,33137.40000000001,-61.23,67.55
1000001874,Family Practice,TX,0.0,Diversified Prescribers,13132.3,-88.2,72.86
1000001881,Nurse Practitioner,IL,3.0,Low-Volume / Low-Growth Prescribers,633.4999999999999,-30.17,79.56
1000001901,Endocrinology,MA,0.0,Diversified Prescribers,10885.7,55.21,72.47
1000001902,Family Practice,TX,0.0,Diversified Prescribers,13847.1,20.48,77.25
1000001906,Physician Assistant,FL,0.0,Diversified Prescribers,5386.0,87.39,71.54
1000001912,Nephrology,TN,3.0,Low-Volume / Low-Growth Prescribers,1165.3000000000002,-10.9,73.8
1000001916,Nurse Practitioner,NY,3.0,Low-Volume / Low-Growth Prescribers,583.8,-29.41,53.58
1000001931,Family Practice,IN,3.0,Low-Volume / Low-Growth Prescribers,972.0,-31.97,72.12
1000001957,Internal Medicine,NY,0.0,Diversified Prescribers,3722.099999999999,1382.64,73.7
1000001961,Internal Medicine,GA,0.0,Diversified Prescribers,5507.599999999999,764.1,74.62
1000001964,Family Practice,AZ,0.0,Diversified Prescribers,18110.0,-45.2,55.6
1000001968,Internal Medicine,IN,3.0,Low-Volume / Low-Growth Prescribers,3847.3000000000006,-86.63,58.63
1000001983,Internal Medicine,CA,3.0,Low-Volume / Low-Growth Prescribers,726.9,-12.75,64.38
1000002030,Internal Medicine,IL,3.0,Low-Volume / Low-Growth Prescribers,683.3999999999999,350.41,78.84
1000002033,Cardiology,CA,0.0,Diversified Prescribers,4925.0999999999985,-89.75,70.23
1000002039,Internal Medicine,OH,0.0,Diversified Prescribers,8251.800000000001,9.98,68.84
1000002043,Endocrinology,FL,0.0,Diversified Prescribers,12089.7,-22.78,70.78
1000002047,Family Practice,PA,3.0,Low-Volume / Low-Growth Prescribers,787.9000000000001,-27.9,65.59
1000002052,Endocrinology,OH,0.0,Diversified Prescribers,12250.2,-32.57,82.52
1000002057,Internal Medicine,CA,0.0,Diversified Prescribers,10088.6,-93.34,96.38
1000002077,Internal Medicine,FL,3.0,Low-Volume / Low-Growth Prescribers,875.0,-41.21,71.66
1000002084,Internal Medicine,NC,0.0,Diversified Prescribers,4966.8,54.6,47.32
1000002086,Endocrinology,PA,1.0,High-Volume Core Prescribers,28014.4,11.53,79.25
1000002097,Family Practice,TX,0.0,Diversified Prescribers,16316.8,650.3,87.38
1000002109,Cardiology,FL,0.0,Diversified Prescribers,5191.8,23.46,57.34
1000002110,Endocrinology,MA,0.0,Diversified Prescribers,10921.7,6.22,82.06
1000002116,Internal Medicine,TX,0.0,Diversified Prescribers,22297.300000000003,-19.91,52.05
1000002120,Family Practice,CA,3.0,Low-Volume / Low-Growth Prescribers,2752.2999999999997,-10.41,85.93
1000002139,Nurse Practitioner,PA,1.0,High-Volume Core Prescribers,35252.399999999994,44.57,61.54
1000002147,Internal Medicine,MA,3.0,Low-Volume / Low-Growth Prescribers,992.2,-71.63,55.18
1000002150,Internal Medicine,CA,3.0,Low-Volume / Low-Growth Prescribers,1027.3,0.37,75.2
1000002161,Family Practice,PA,3.0,Low-Volume / Low-Growth Prescribers,887.5999999999999,-45.04,76.49
1000002177,Family Practice,TX,1.0,High-Volume Core Prescribers,35711.899999999994,33.9,70.18
1000002178,Family Practice,IL,0.0,Diversified Prescribers,4263.999999999999,-80.45,68.64
1000002180,Internal Medicine,NC,3.0,Low-Volume / Low-Growth Prescribers,3340.9000000000005,40.0,66.38
1000002186,Nurse Practitioner,NY,3.0,Low-Volume / Low-Growth Prescribers,790.1999999999999,-88.16,58.06
1000002188,Family Practice,IL,3.0,Low-Volume / Low-Growth Prescribers,607.8000000000001,8.02,89.59
1000002192,Family Practice,NC,3.0,Low-Volume / Low-Growth Prescribers,885.5000000000001,-60.66,82.89
1000002203,Endocrinology,FL,1.0,High-Volume Core Prescribers,33226.59999999999,162.32,79.68
1000002221,Internal Medicine,CA,0.0,Diversified Prescribers,5161.1,170.33,78.25
1000002227,Family Practice,CA,0.0,Diversified Prescribers,18359.60000000001,12.6,70.39
1000002246,Endocrinology,NC,0.0,Diversified Prescribers,9461.9,-18.05,73.3
1000002249,Endocrinology,NY,1.0,High-Volume Core Prescribers,47256.59999999999,-39.89,72.91
1000002256,Internal Medicine,TN,3.0,Low-Volume / Low-Growth Prescribers,529.4,-61.57,44.64
1000002258,Internal Medicine,VA,0.0,Diversified Prescribers,7938.699999999999,-85.23,68.2
1000002260,Family Practice,FL,0.0,Diversified Prescribers,1142.4,264.36,80.97
1000002275,Family Practice,FL,3.0,Low-Volume / Low-Growth Prescribers,1150.0,56.0,68.73
1000002278,Family Practice,VA,0.0,Diversified Prescribers,14138.8,-78.82,75.3
1000002284,Endocrinology,GA,1.0,High-Volume Core Prescribers,43057.1,64.88,79.78
1000002298,Endocrinology,CA,0.0,Diversified Prescribers,12382.6,-46.93,72.54
1000002305,Internal Medicine,AZ,3.0,Low-Volume / Low-Growth Prescribers,615.0000000000001,-8.55,74.96
1000002310,Internal Medicine,MI,3.0,Low-Volume / Low-Growth Prescribers,1078.8,-85.81,41.95
1000002326,Family Practice,TX,0.0,Diversified Prescribers,3276.9999999999995,175.87,73.36
1000002330,Internal Medicine,IN,0.0,Diversified Prescribers,11268.4,-14.38,79.47
1000002333,Family Practice,IN,0.0,Diversified Prescribers,4628.499999999999,-69.78,84.66
1000002350,Family Practice,TX,3.0,Low-Volume / Low-Growth Prescribers,712.6999999999999,-92.18,73.45
1000002359,Endocrinology,NC,0.0,Diversified Prescribers,10945.8,-52.04,83.16
1000002362,Internal Medicine,VA,0.0,Diversified Prescribers,14240.900000000003,-57.19,72.91
1000002368,Internal Medicine,OH,3.0,Low-Volume / Low-Growth Prescribers,721.4000000000001,-43.41,67.9
1000002374,Family Practice,TN,0.0,Diversified Prescribers,21957.500000000007,-61.94,64.98
1000002380,Family Practice,MI,3.0,Low-Volume / Low-Growth Prescribers,2506.7,41.75,89.53
1000002394,Nurse Practitioner,PA,0.0,Diversified Prescribers,16741.6,206.21,53.59
1000002395,Internal Medicine,MA,3.0,Low-Volume / Low-Growth Prescribers,688.9000000000001,34.81,83.39
1000002396,Endocrinology,AZ,1.0,High-Volume Core Prescribers,30935.499999999993,186.38,75.0
1000002404,Family Practice,FL,3.0,Low-Volume / Low-Growth Prescribers,8996.900000000001,-32.77,52.7
1000002419,Internal Medicine,NY,0.0,Diversified Prescribers,3545.5,79.35,66.0
1000002425,Nurse Practitioner,CA,3.0,Low-Volume / Low-Growth Prescribers,816.3,174.68,61.85
1000002437,Internal Medicine,MI,0.0,Diversified Prescribers,11249.5,-50.4,58.92
1000002442,Family Practice,NC,3.0,Low-Volume / Low-Growth Prescribers,810.7,152.11,95.71
1000002452,Internal Medicine,PA,3.0,Low-Volume / Low-Growth Prescribers,726.7000000000003,-82.63,80.93
1000002457,Family Practice,NC,3.0,Low-Volume / Low-Growth Prescribers,784.3,77.19,52.53
1000002458,Internal Medicine,GA,0.0,Diversified Prescribers,13942.4,34.39,53.1
1000002487,Nurse Practitioner,PA,0.0,Diversified Prescribers,6155.9,-62.53,64.16
1000002488,Family Practice,TX,0.0,Diversified Prescribers,15849.699999999995,47.06,70.23
1000002499,Internal Medicine,OH,1.0,High-Volume Core Prescribers,44858.600000000006,-26.47,58.89
1000002503,Physician Assistant,MI,3.0,Low-Volume / Low-Growth Prescribers,722.6,-81.12,80.92
1000002509,Nurse Practitioner,TX,3.0,Low-Volume / Low-Growth Prescribers,1029.6000000000004,-35.43,67.82
1000002516,Endocrinology,TX,0.0,Diversified Prescribers,2395.0,4.88,79.94
1000002517,Internal Medicine,CA,3.0,Low-Volume / Low-Growth Prescribers,857.5999999999999,8.26,52.15
1000002521,Endocrinology,AZ,0.0,Diversified Prescribers,2492.8999999999996,69.14,82.71
1000002524,Family Practice,OH,3.0,Low-Volume / Low-Growth Prescribers,4448.599999999999,62.63,65.28
1000002526,Internal Medicine,CA,3.0,Low-Volume / Low-Growth Prescribers,1007.6,15.01,77.97
1000002536,Family Practice,FL,0.0,Diversified Prescribers,11794.4,0.37,85.9
1000002540,Family Practice,AZ,0.0,Diversified Prescribers,15760.7,-23.43,81.32
1000002556,Internal Medicine,AZ,0.0,Diversified Prescribers,13887.8,-33.98,66.59
1000002570,Internal Medicine,NY,3.0,Low-Volume / Low-Growth Prescribers,986.7,-20.93,71.65
1000002578,Internal Medicine,IL,0.0,Diversified Prescribers,5075.900000000001,-15.9,72.28
1000002585,Family Practice,CA,0.0,Diversified Prescribers,3028.5999999999995,11.89,63.87
1000002590,Family Practice,CA,0.0,Diversified Prescribers,3869.3,-68.13,76.32
1000002609,Endocrinology,NY,0.0,Diversified Prescribers,1808.5,-22.52,82.68
1000002628,Internal Medicine,FL,3.0,Low-Volume / Low-Growth Prescribers,1115.4,79.61,71.47
1000002634,Family Practice,PA,3.0,Low-Volume / Low-Growth Prescribers,756.5000000000001,-19.99,71.21
1000002646,Physician Assistant,MI,3.0,Low-Volume / Low-Growth Prescribers,733.5000000000001,-70.03,65.77
1000002647,Internal Medicine,TX,3.0,Low-Volume / Low-Growth Prescribers,3315.8999999999996,204.63,71.35
1000002649,Internal Medicine,OH,0.0,Diversified Prescribers,18338.3,354.27,56.8
1000002658,Internal Medicine,FL,3.0,Low-Volume / Low-Growth Prescribers,643.4000000000001,-26.77,67.17
1000002661,Nurse Practitioner,NY,1.0,High-Volume Core Prescribers,43176.600000000006,167.24,70.18
1000002666,Endocrinology,TN,0.0,Diversified Prescribers,11549.2,18.54,83.82
1000002667,Family Practice,PA,0.0,Diversified Prescribers,16197.199999999995,-22.45,71.87
1000002684,Internal Medicine,TX,0.0,Diversified Prescribers,17248.3,-34.9,73.17
1000002690,Internal Medicine,IL,3.0,Low-Volume / Low-Growth Prescribers,582.5,6.16,100.0
1000002700,Internal Medicine,NY,3.0,Low-Volume / Low-Growth Prescribers,871.2,-43.79,97.78
1000002701,Cardiology,CA,0.0,Diversified Prescribers,3705.400000000001,8.81,90.76
1000002715,Internal Medicine,OH,0.0,Diversified Prescribers,5235.5,-14.98,65.38
1000002722,Family Practice,CA,3.0,Low-Volume / Low-Growth Prescribers,3809.0,2.77,68.58
1000002723,Internal Medicine,FL,0.0,Diversified Prescribers,4457.200000000001,166.32,68.74
1000002732,Endocrinology,CA,0.0,Diversified Prescribers,2013.2999999999995,7.46,72.68
1000002738,Physician Assistant,NC,0.0,Diversified Prescribers,3967.7000000000007,-43.18,78.67
1000002740,Internal Medicine,AZ,3.0,Low-Volume / Low-Growth Prescribers,528.6,-37.31,90.43
1000002744,Family Practice,FL,0.0,Diversified Prescribers,14690.1,142.34,62.78
1000002747,Endocrinology,MA,0.0,Diversified Prescribers,2506.7999999999997,398.45,76.17
1000002748,Family Practice,TX,3.0,Low-Volume / Low-Growth Prescribers,728.9000000000001,199.06,83.66
1000002763,Internal Medicine,CA,3.0,Low-Volume / Low-Growth Prescribers,1059.6999999999998,28.4,77.41
1000002780,Endocrinology,OH,0.0,Diversified Prescribers,2109.6,-36.53,73.55
1000002789,Nephrology,TN,0.0,Diversified Prescribers,5425.9,181.55,60.41
1000002792,Family Practice,CA,1.0,High-Volume Core Prescribers,47307.49999999999,25.61,49.15
1000002804,Internal Medicine,CA,1.0,High-Volume Core Prescribers,32732.199999999997,170.0,65.2
1000002805,Cardiology,IN,3.0,Low-Volume / Low-Growth Prescribers,1015.8000000000002,-19.19,76.96
1000002814,Family Practice,CA,3.0,Low-Volume / Low-Growth Prescribers,977.9,-26.18,69.38
1000002817,Endocrinology,NC,0.0,Diversified Prescribers,1596.0999999999997,21.44,90.6
1000002821,Internal Medicine,IL,0.0,Diversified Prescribers,5348.5,24.23,71.73
1000002858,Endocrinology,TX,1.0,High-Volume Core Prescribers,40610.7,110.12,71.18
1000002861,Internal Medicine,PA,3.0,Low-Volume / Low-Growth Prescribers,763.8999999999999,64.67,73.75
1000002866,Internal Medicine,PA,3.0,Low-Volume / Low-Growth Prescribers,970.8,72.16,74.6
1000002875,Internal Medicine,CA,0.0,Diversified Prescribers,21098.7,62.65,75.43
1000002876,Internal Medicine,IL,0.0,Diversified Prescribers,14087.0,-54.18,65.3
1000002880,Internal Medicine,NY,0.0,Diversified Prescribers,6038.8,-21.01,67.62
1000002885,Physician Assistant,FL,3.0,Low-Volume / Low-Growth Prescribers,1082.5,41.24,52.08
1000002896,Internal Medicine,TX,3.0,Low-Volume / Low-Growth Prescribers,925.4,-84.79,50.05
1000002904,Internal Medicine,NY,0.0,Diversified Prescribers,5872.699999999999,34.47,61.66
1000002905,Endocrinology,TX,1.0,High-Volume Core Prescribers,39903.5,23.56,86.25
1000002910,Internal Medicine,NY,0.0,Diversified Prescribers,14018.3,246.29,80.72
1000002912,Family Practice,TX,3.0,Low-Volume / Low-Growth Prescribers,1258.9,0.57,46.68
1000002915,Family Practice,IL,1.0,High-Volume Core Prescribers,33138.7,7.18,88.49
1000002918,Internal Medicine,CA,3.0,Low-Volume / Low-Growth Prescribers,688.0,-74.97,38.65
1000002976,Family Practice,NC,3.0,Low-Volume / Low-Growth Prescribers,2389.6,-70.78,54.29
1000002989,Nurse Practitioner,AZ,0.0,Diversified Prescribers,19735.2,623.01,69.88
1000002996,Endocrinology,CA,1.0,High-Volume Core Prescribers,40682.9,-80.66,80.15
1000003001,Family Practice,TN,3.0,Low-Volume / Low-Growth Prescribers,673.1,-57.61,83.11
1000003013,Internal Medicine,CA,0.0,Diversified Prescribers,14778.8,-17.94,68.44
1000003014,Family Practice,OH,3.0,Low-Volume / Low-Growth Prescribers,615.8000000000001,-60.08,82.12
1000003034,Internal Medicine,TN,0.0,Diversified Prescribers,18570.4,12.0,75.87
1000003037,Cardiology,FL,0.0,Diversified Prescribers,18051.699999999997,-67.41,72.47
1000003042,Endocrinology,OH,1.0,High-Volume Core Prescribers,27184.7,-10.57,65.12
1000003045,Family Practice,CA,3.0,Low-Volume / Low-Growth Prescribers,1084.3,-60.35,63.05
1000003046,Internal Medicine,MI,3.0,Low-Volume / Low-Growth Prescribers,754.6,-61.42,60.6
1000003050,Internal Medicine,IN,3.0,Low-Volume / Low-Growth Prescribers,803.3,-51.14,71.8
1000003054,Family Practice,NC,3.0,Low-Volume / Low-Growth Prescribers,3493.8999999999996,32.83,56.64
1000003076,Physician Assistant,OH,3.0,Low-Volume / Low-Growth Prescribers,896.0,-19.61,71.5
1000003080,Family Practice,NC,3.0,Low-Volume / Low-Growth Prescribers,2505.3,-16.65,100.0
1000003088,Family Practice,IL,3.0,Low-Volume / Low-Growth Prescribers,3023.2,-62.83,75.08
1000003094,Internal Medicine,CA,0.0,Diversified Prescribers,6770.699999999999,28.06,70.97
1000003126,Family Practice,MA,3.0,Low-Volume / Low-Growth Prescribers,1364.4,25.35,55.38
1000003128,Physician Assistant,IN,0.0,Diversified Prescribers,5653.799999999999,1.48,75.65
1000003131,Family Practice,OH,3.0,Low-Volume / Low-Growth Prescribers,1212.7999999999995,-60.43,67.38
1000003136,Family Practice,FL,0.0,Diversified Prescribers,13736.100000000002,-90.6,79.7
1000003146,Nurse Practitioner,IL,3.0,Low-Volume / Low-Growth Prescribers,1230.6,852.77,55.36
1000003159,Internal Medicine,NC,3.0,Low-Volume / Low-Growth Prescribers,1155.4,34.48,76.93
1000003170,Family Practice,MI,3.0,Low-Volume / Low-Growth Prescribers,766.3999999999999,-23.0,69.05
1000003174,Endocrinology,IL,0.0,Diversified Prescribers,9292.7,-2.37,79.87
1000003177,Nurse Practitioner,VA,0.0,Diversified Prescribers,3295.1999999999994,-28.99,78.16
1000003199,Internal Medicine,FL,0.0,Diversified Prescribers,5178.300000000001,-0.9,81.23
1000003207,Family Practice,MI,0.0,Diversified Prescribers,3643.900000000001,-4.56,87.16
1000003214,Internal Medicine,CA,0.0,Diversified Prescribers,5569.4,37.54,70.06
1000003217,Endocrinology,IN,0.0,Diversified Prescribers,11848.1,-81.29,87.46
1000003226,Internal Medicine,CA,3.0,Low-Volume / Low-Growth Prescribers,647.9,-15.85,60.66
1000003231,Family Practice,TX,1.0,High-Volume Core Prescribers,39461.2,105.27,59.16
1000003235,Internal Medicine,NC,1.0,High-Volume Core Prescribers,40755.2,-61.88,62.16
1000003236,Internal Medicine,IN,0.0,Diversified Prescribers,11284.9,-59.44,76.0
1000003250,Internal Medicine,TX,3.0,Low-Volume / Low-Growth Prescribers,2730.7000000000003,-71.54,76.69
1000003253,Endocrinology,NY,0.0,Diversified Prescribers,8451.6,-89.53,92.64
1000003254,Internal Medicine,TX,0.0,Diversified Prescribers,16129.9,22.56,66.88
1000003272,Family Practice,TX,0.0,Diversified Prescribers,11112.800000000005,204.62,56.55
1000003276,Nurse Practitioner,FL,0.0,Diversified Prescribers,3387.2,-6.16,79.61
1000003281,Internal Medicine,CA,1.0,High-Volume Core Prescribers,45824.899999999994,81.77,69.14
1000003283,Nurse Practitioner,CA,3.0,Low-Volume / Low-Growth Prescribers,1911.5,69.39,61.52
1000003290,Endocrinology,IL,0.0,Diversified Prescribers,9242.199999999995,-8.1,75.39
1000003292,Internal Medicine,NY,1.0,High-Volume Core Prescribers,37691.7,105.65,95.28
1000003293,Internal Medicine,NC,0.0,Diversified Prescribers,5630.200000000001,386.63,70.75
1000003309,Internal Medicine,CA,0.0,Diversified Prescribers,3223.7000000000007,-73.67,86.55
1000003310,Family Practice,TX,0.0,Diversified Prescribers,5141.0,221.62,78.99
1000003312,Family Practice,CA,3.0,Low-Volume / Low-Growth Prescribers,713.3000000000001,459.41,58.19
1000003313,Endocrinology,NY,3.0,Low-Volume / Low-Growth Prescribers,1931.7000000000005,5.84,60.86
1000003317,Endocrinology,IN,0.0,Diversified Prescribers,2253.6000000000004,-24.31,85.2
1000003337,Family Practice,GA,0.0,Diversified Prescribers,5108.299999999999,227.95,65.62
1000003340,Nurse Practitioner,IL,0.0,Diversified Prescribers,4836.6,-88.19,94.75
1000003341,Family Practice,NY,3.0,Low-Volume / Low-Growth Prescribers,875.4000000000001,0.0,56.39
1000003346,Internal Medicine,TN,3.0,Low-Volume / Low-Growth Prescribers,998.2,-20.52,50.65
1000003347,Internal Medicine,PA,0.0,Diversified Prescribers,17035.1,36.77,78.53
1000003350,Internal Medicine,FL,3.0,Low-Volume / Low-Growth Prescribers,2539.0,-61.02,62.09
1000003373,Family Practice,MA,3.0,Low-Volume / Low-Growth Prescribers,1150.1,39.22,70.03
1000003379,Family Practice,CA,0.0,Diversified Prescribers,12412.9,251.98,56.62
1000003380,Internal Medicine,CA,3.0,Low-Volume / Low-Growth Prescribers,1040.0,-57.8,52.09
1000003391,Nurse Practitioner,PA,0.0,Diversified Prescribers,19063.6,-27.39,78.94
1000003400,Endocrinology,OH,0.0,Diversified Prescribers,14269.0,150.83,75.16
1000003406,Nurse Practitioner,CA,3.0,Low-Volume / Low-Growth Prescribers,588.9000000000001,106.67,59.7
1000003411,Endocrinology,NY,1.0,High-Volume Core Prescribers,31056.1,205.76,64.83
1000003417,Family Practice,CA,0.0,Diversified Prescribers,4299.299999999999,89.3,79.84
1000003425,Family Practice,FL,0.0,Diversified Prescribers,13918.200000000004,-0.28,77.5
1000003435,Internal Medicine,CA,1.0,High-Volume Core Prescribers,46170.5,65.69,56.51
1000003449,Endocrinology,FL,0.0,Diversified Prescribers,2488.7999999999997,104.91,77.0
1000003453,Internal Medicine,CA,0.0,Diversified Prescribers,21516.199999999997,-46.39,64.49
1000003469,Endocrinology,MA,0.0,Diversified Prescribers,11720.4,17.21,72.18
1000003489,Internal Medicine,TN,0.0,Diversified Prescribers,9124.7,46.9,90.18
1000003506,Cardiology,MI,0.0,Diversified Prescribers,5196.900000000001,-58.93,50.81
1000003507,Internal Medicine,TX,1.0,High-Volume Core Prescribers,43923.5,-28.14,78.47
1000003508,Nurse Practitioner,GA,3.0,Low-Volume / Low-Growth Prescribers,721.9,97.31,97.94
1000003513,Family Practice,TX,0.0,Diversified Prescribers,4268.099999999999,-68.28,63.14
1000003516,Endocrinology,PA,0.0,Diversified Prescribers,10085.499999999996,-1.31,79.18
1000003519,Internal Medicine,MA,3.0,Low-Volume / Low-Growth Prescribers,3097.8999999999996,-7.46,84.3
1000003523,Endocrinology,NY,0.0,Diversified Prescribers,9954.1,76.61,78.45
1000003529,Internal Medicine,AZ,3.0,Low-Volume / Low-Growth Prescribers,568.4000000000001,195.52,55.05
1000003532,Internal Medicine,TX,3.0,Low-Volume / Low-Growth Prescribers,1036.6,5.13,78.76
1000003536,Internal Medicine,FL,3.0,Low-Volume / Low-Growth Prescribers,2194.2,-89.27,80.6
1000003549,Family Practice,CA,0.0,Diversified Prescribers,17604.2,-71.01,64.37
1000003561,Family Practice,TX,3.0,Low-Volume / Low-Growth Prescribers,1030.0,26.06,63.67
1000003567,Family Practice,FL,3.0,Low-Volume / Low-Growth Prescribers,761.3000000000001,42.2,73.81
1000003568,Family Practice,PA,0.0,Diversified Prescribers,4615.1,-30.81,68.69
1000003580,Internal Medicine,FL,0.0,Diversified Prescribers,12727.8,58.25,59.48
1000003585,Internal Medicine,NC,3.0,Low-Volume / Low-Growth Prescribers,792.7,215.32,63.62
1000003608,Physician Assistant,MI,0.0,Diversified Prescribers,13029.6,-13.19,65.87
1000003614,Internal Medicine,NY,0.0,Diversified Prescribers,15822.6,222.96,67.84
1000003641,Nurse Practitioner,GA,3.0,Low-Volume / Low-Growth Prescribers,4042.999999999999,24.74,76.23
1000003646,Internal Medicine,FL,3.0,Low-Volume / Low-Growth Prescribers,936.9,502.06,80.15
1000003647,Internal Medicine,IN,3.0,Low-Volume / Low-Growth Prescribers,1004.1,84.4,63.39
1000003652,Family Practice,CA,3.0,Low-Volume / Low-Growth Prescribers,858.5,-28.15,64.34
1000003654,Endocrinology,AZ,0.0,Diversified Prescribers,2286.3999999999996,97.02,77.93
1000003663,Endocrinology,PA,0.0,Diversified Prescribers,13501.1,201.22,83.35
1000003697,Family Practice,FL,0.0,Diversified Prescribers,15612.1,37.31,69.57
1000003723,Internal Medicine,MA,0.0,Diversified Prescribers,16978.800000000003,6.51,77.43
1000003737,Family Practice,AZ,0.0,Diversified Prescribers,5567.4,25.94,64.34
1000003739,Family Practice,TX,0.0,Diversified Prescribers,4663.5999999999985,146.5,73.61
1000003746,Family Practice,TX,3.0,Low-Volume / Low-Growth Prescribers,724.3000000000001,-79.06,84.7
1000003748,Internal Medicine,IN,3.0,Low-Volume / Low-Growth Prescribers,773.1,58.78,87.31
1000003752,Internal Medicine,CA,3.0,Low-Volume / Low-Growth Prescribers,893.3999999999999,139.54,89.01
1000003761,Family Practice,TX,0.0,Diversified Prescribers,5322.8,31.36,86.24
1000003771,Nurse Practitioner,CA,0.0,Diversified Prescribers,4657.8,4.05,70.39
1000003772,Internal Medicine,CA,3.0,Low-Volume / Low-Growth Prescribers,1432.1999999999998,223.19,78.46
1000003789,Cardiology,IL,3.0,Low-Volume / Low-Growth Prescribers,861.3000000000001,77.23,60.29
1000003802,Family Practice,GA,0.0,Diversified Prescribers,5437.6,-12.94,67.56
1000003805,Physician Assistant,TX,0.0,Diversified Prescribers,18156.4,-59.57,68.05
1000003815,Family Practice,FL,3.0,Low-Volume / Low-Growth Prescribers,622.3000000000001,149.77,50.28
1000003820,Internal Medicine,CA,3.0,Low-Volume / Low-Growth Prescribers,702.4000000000001,20.75,88.34
1000003823,Internal Medicine,PA,3.0,Low-Volume / Low-Growth Prescribers,2390.4,-22.1,85.78
1000003827,Internal Medicine,IN,3.0,Low-Volume / Low-Growth Prescribers,752.6,-89.15,62.58
1000003830,Internal Medicine,MI,3.0,Low-Volume / Low-Growth Prescribers,750.2,-26.23,78.13
1000003842,Internal Medicine,TX,3.0,Low-Volume / Low-Growth Prescribers,4656.2,-48.92,63.54
1000003846,Cardiology,AZ,0.0,Diversified Prescribers,18474.5,24.35,70.21
1000003849,Endocrinology,NC,0.0,Diversified Prescribers,10286.3,5.47,76.03
1000003852,Family Practice,TN,0.0,Diversified Prescribers,22237.6,61.15,51.71
1000003861,Family Practice,CA,1.0,High-Volume Core Prescribers,47805.8,-15.95,59.25
1000003880,Internal Medicine,IL,0.0,Diversified Prescribers,13725.9,-54.14,68.33
1000003907,Internal Medicine,TX,0.0,Diversified Prescribers,13576.4,212.15,84.14
1000003910,Endocrinology,PA,0.0,Diversified Prescribers,10327.3,-18.34,74.0
1000003916,Family Practice,MI,3.0,Low-Volume / Low-Growth Prescribers,1311.9,-7.93,63.47
1000003929,Endocrinology,CA,1.0,High-Volume Core Prescribers,39200.2,12.1,81.49
1000003959,Endocrinology,FL,1.0,High-Volume Core Prescribers,109942.0,0.95,73.37
1000003961,Internal Medicine,IN,3.0,Low-Volume / Low-Growth Prescribers,862.2,322.43,51.79
1000003962,Endocrinology,FL,1.0,High-Volume Core Prescribers,31197.1,1.75,81.84
1000003974,Internal Medicine,MA,1.0,High-Volume Core Prescribers,39050.2,-28.65,69.42
1000003994,Internal Medicine,TX,3.0,Low-Volume / Low-Growth Prescribers,884.5999999999999,-31.37,89.02
1000003997,Internal Medicine,IL,0.0,Diversified Prescribers,16350.1,89.37,62.36
1000004008,Family Practice,IN,3.0,Low-Volume / Low-Growth Prescribers,662.7,234.49,73.41
1000004013,Internal Medicine,GA,3.0,Low-Volume / Low-Growth Prescribers,631.5999999999999,95.54,78.32
1000004020,Internal Medicine,PA,0.0,Diversified Prescribers,5376.000000000001,-30.89,68.83
1000004037,Family Practice,MA,3.0,Low-Volume / Low-Growth Prescribers,4043.000000000001,-72.22,56.71
1000004039,Family Practice,MA,0.0,Diversified Prescribers,20319.799999999996,100.57,66.47
1000004044,Internal Medicine,NY,0.0,Diversified Prescribers,4593.799999999999,170.81,82.2
1000004052,Family Practice,NC,1.0,High-Volume Core Prescribers,34312.6,-48.51,74.69
1000004075,Family Practice,CA,0.0,Diversified Prescribers,3147.6000000000004,92.23,73.54
1000004082,Family Practice,MA,0.0,Diversified Prescribers,3584.1,260.68,65.68
1000004083,Family Practice,TX,0.0,Diversified Prescribers,5327.8,199.08,68.69
1000004090,Family Practice,TN,3.0,Low-Volume / Low-Growth Prescribers,971.5,301.42,45.22
1000004092,Internal Medicine,NY,3.0,Low-Volume / Low-Growth Prescribers,831.0,194.69,56.4
1000004111,Internal Medicine,IN,0.0,Diversified Prescribers,4681.3,1550.25,68.22
1000004112,Endocrinology,VA,0.0,Diversified Prescribers,2454.0000000000005,-27.91,86.83
1000004113,Endocrinology,CA,0.0,Diversified Prescribers,9714.499999999998,290.09,72.21
1000004129,Endocrinology,GA,0.0,Diversified Prescribers,1884.8999999999996,41.11,85.19
1000004135,Endocrinology,AZ,1.0,High-Volume Core Prescribers,100961.69999999998,-13.68,68.57
1000004137,Internal Medicine,PA,3.0,Low-Volume / Low-Growth Prescribers,983.3000000000002,466.46,63.6
1000004141,Endocrinology,NY,0.0,Diversified Prescribers,2517.100000000001,-2.66,85.77
1000004142,Endocrinology,FL,0.0,Diversified Prescribers,2740.0,139.58,85.71
1000004143,Family Practice,FL,3.0,Low-Volume / Low-Growth Prescribers,721.8999999999999,-47.59,65.48
1000004158,Physician Assistant,TX,0.0,Diversified Prescribers,14233.2,-56.56,62.54
1000004168,Internal Medicine,TX,0.0,Diversified Prescribers,4347.999999999999,-3.02,62.44
1000004184,Endocrinology,FL,0.0,Diversified Prescribers,12825.3,-22.42,80.79
1000004187,Family Practice,CA,0.0,Diversified Prescribers,13996.9,217.7,77.01
1000004190,Family Practice,NY,3.0,Low-Volume / Low-Growth Prescribers,8206.199999999999,15.24,58.8
1000004208,Endocrinology,CA,0.0,Diversified Prescribers,2276.7,-25.52,84.61
1000004210,Endocrinology,AZ,0.0,Diversified Prescribers,14350.300000000005,44.13,68.49
1000004212,Internal Medicine,NC,3.0,Low-Volume / Low-Growth Prescribers,686.5999999999999,-41.17,70.77
1000004224,Family Practice,MA,0.0,Diversified Prescribers,4451.900000000001,16.79,58.25
1000004229,Internal Medicine,FL,3.0,Low-Volume / Low-Growth Prescribers,831.1999999999999,3.12,74.81
1000004230,Family Practice,TX,3.0,Low-Volume / Low-Growth Prescribers,702.0,20.0,72.22
1000004258,Internal Medicine,TX,3.0,Low-Volume / Low-Growth Prescribers,1051.8,-13.4,61.81
1000004261,Nurse Practitioner,NC,3.0,Low-Volume / Low-Growth Prescribers,956.7,-17.75,89.09
1000004265,Internal Medicine,AZ,1.0,High-Volume Core Prescribers,36729.5,186.69,72.69
1000004267,Endocrinology,CA,0.0,Diversified Prescribers,11358.5,281.67,74.76
1000004270,Family Practice,TX,3.0,Low-Volume / Low-Growth Prescribers,1049.8,56.54,69.6
1000004271,Physician Assistant,FL,3.0,Low-Volume / Low-Growth Prescribers,882.9,131.55,59.86
1000004277,Internal Medicine,TX,,,5736.2,,56.27
1000004278,Endocrinology,MI,0.0,Diversified Prescribers,11097.199999999995,9.9,82.87
1000004294,Internal Medicine,NY,3.0,Low-Volume / Low-Growth Prescribers,776.1999999999999,-84.57,62.05
1000004324,Family Practice,MA,0.0,Diversified Prescribers,4549.900000000001,51.74,63.78
1000004329,Family Practice,FL,1.0,High-Volume Core Prescribers,36757.0,102.7,80.9
1000004348,Family Practice,NY,0.0,Diversified Prescribers,5255.400000000001,213.38,62.08
1000004351,Family Practice,PA,3.0,Low-Volume / Low-Growth Prescribers,680.4,-55.16,70.87
1000004354,Internal Medicine,PA,3.0,Low-Volume / Low-Growth Prescribers,1065.2999999999995,709.9,55.37
1000004355,Family Practice,CA,0.0,Diversified Prescribers,4255.1,-64.21,83.37
1000004357,Family Practice,CA,1.0,High-Volume Core Prescribers,32640.1,213.61,56.51
1000004363,Internal Medicine,OH,0.0,Diversified Prescribers,1247.9,-27.38,74.37
1000004367,Internal Medicine,IL,0.0,Diversified Prescribers,10207.9,97.52,95.86
1000004373,Internal Medicine,CA,0.0,Diversified Prescribers,4219.4,-18.22,68.12
1000004382,Family Practice,CA,3.0,Low-Volume / Low-Growth Prescribers,3638.500000000001,-64.25,55.33
1000004387,Endocrinology,GA,0.0,Diversified Prescribers,1822.9,42.91,81.07
1000004407,Endocrinology,OH,1.0,High-Volume Core Prescribers,38600.8,-49.59,86.99
1000001430,Internal Medicine,CA,,,991.9999999999998,,64.74
1000001674,Family Practice,IL,,,712.6999999999998,,56.74
1000001935,Family Practice,IL,,,512.4,,65.87
1000002645,Internal Medicine,GA,,,775.5,,64.87
1000002746,Family Practice,NC,,,628.3,,64.76
1000004125,Family Practice,OH,,,672.1999999999999,,58.26
1000004414,Internal Medicine,CA,0.0,Diversified Prescribers,12332.0,111.52,71.87
1000004417,Endocrinology,TN,1.0,High-Volume Core Prescribers,107326.9,59.24,76.87
1000004428,Endocrinology,CA,0.0,Diversified Prescribers,1875.7,-25.82,75.46
1000004439,Internal Medicine,FL,0.0,Diversified Prescribers,5487.799999999999,-42.02,80.97
1000004441,Family Practice,NY,0.0,Diversified Prescribers,5933.4,135.78,63.38
1000004450,Internal Medicine,FL,0.0,Diversified Prescribers,20314.199999999997,-22.35,62.83
1000004453,Family Practice,IL,3.0,Low-Volume / Low-Growth Prescribers,923.0,-68.06,58.46
1000004454,Nurse Practitioner,FL,0.0,Diversified Prescribers,5423.900000000001,223.13,52.1
1000004472,Internal Medicine,FL,3.0,Low-Volume / Low-Growth Prescribers,1133.0,-38.51,69.29
1000004493,Family Practice,PA,0.0,Diversified Prescribers,4560.2,-13.78,80.78
1000000000,Internal Medicine,OH,0.0,Diversified Prescribers,11265.6,-75.07,73.94
1000000001,Physician Assistant,IL,0.0,Diversified Prescribers,5775.8,4495.74,60.71
1000000016,Internal Medicine,IL,3.0,Low-Volume / Low-Growth Prescribers,675.2,-13.69,75.67
1000000018,Internal Medicine,TX,3.0,Low-Volume / Low-Growth Prescribers,829.6000000000003,-50.81,61.72
1000000034,Physician Assistant,IL,3.0,Low-Volume / Low-Growth Prescribers,2465.1000000000004,245.08,73.03
1000000037,Endocrinology,OH,1.0,High-Volume Core Prescribers,43074.4,34.44,77.37
1000000042,Endocrinology,TX,1.0,High-Volume Core Prescribers,75037.9,-52.06,80.59
1000000044,Internal Medicine,NY,3.0,Low-Volume / Low-Growth Prescribers,2846.6,264.43,70.23
1000000079,Endocrinology,NC,0.0,Diversified Prescribers,2884.8,55.91,85.28
1000000093,Family Practice,FL,3.0,Low-Volume / Low-Growth Prescribers,3482.8,-26.33,79.36
1000000107,Family Practice,TX,0.0,Diversified Prescribers,21485.1,34.85,76.68
1000000144,Internal Medicine,GA,3.0,Low-Volume / Low-Growth Prescribers,3249.2,43.12,79.39
1000000155,Internal Medicine,TX,3.0,Low-Volume / Low-Growth Prescribers,1154.8000000000002,82.89,55.98
1000000162,Family Practice,PA,0.0,Diversified Prescribers,14737.499999999998,-90.08,74.15
1000000164,Endocrinology,TN,1.0,High-Volume Core Prescribers,83202.70000000001,41.24,83.37
1000000184,Internal Medicine,MI,0.0,Diversified Prescribers,3863.9,148.23,69.5
1000000188,Internal Medicine,IL,1.0,High-Volume Core Prescribers,42428.99999999999,66.15,54.41
1000000193,Family Practice,IL,0.0,Diversified Prescribers,14790.899999999998,-10.84,78.4
1000000212,Family Practice,TX,3.0,Low-Volume / Low-Growth Prescribers,756.4,4.49,49.14
1000000216,Internal Medicine,OH,3.0,Low-Volume / Low-Growth Prescribers,3413.7999999999997,-40.62,73.65
1000000233,Internal Medicine,IN,0.0,Diversified Prescribers,5710.1,52.89,71.7
1000000234,Internal Medicine,NY,3.0,Low-Volume / Low-Growth Prescribers,3349.4,-55.33,59.36
1000000243,Internal Medicine,VA,0.0,Diversified Prescribers,5356.799999999999,-56.74,72.09
1000000245,Physician Assistant,CA,0.0,Diversified Prescribers,10620.2,180.04,65.25
1000000265,Family Practice,VA,3.0,Low-Volume / Low-Growth Prescribers,715.3,239.5,82.06
1000000266,Family Practice,TN,3.0,Low-Volume / Low-Growth Prescribers,687.4,72.77,88.13
1000000272,Nurse Practitioner,TX,0.0,Diversified Prescribers,5652.599999999999,-43.27,59.3
1000000285,Endocrinology,NY,0.0,Diversified Prescribers,13846.4,576.34,72.03
1000000289,Family Practice,FL,3.0,Low-Volume / Low-Growth Prescribers,951.9,51.06,69.59
1000000297,Internal Medicine,AZ,0.0,Diversified Prescribers,16481.1,-31.52,62.26
1000000306,Internal Medicine,CA,3.0,Low-Volume / Low-Growth Prescribers,728.3999999999999,674.89,64.8
1000000307,Internal Medicine,VA,0.0,Diversified Prescribers,4365.3,-43.14,77.82
1000000319,Internal Medicine,TX,0.0,Diversified Prescribers,4579.4,-16.96,64.36
1000000323,Internal Medicine,NY,0.0,Diversified Prescribers,5909.099999999999,10.88,78.86
1000000325,Family Practice,TX,0.0,Diversified Prescribers,10218.6,89.85,88.71
1000000329,Internal Medicine,PA,0.0,Diversified Prescribers,14315.899999999998,36.87,66.28
1000000354,Endocrinology,OH,0.0,Diversified Prescribers,2021.1,137.63,83.99
1000000361,Family Practice,AZ,0.0,Diversified Prescribers,15912.1,-44.24,50.08
1000000362,Internal Medicine,CA,0.0,Diversified Prescribers,5811.299999999999,684.91,87.09
1000000368,Internal Medicine,OH,0.0,Diversified Prescribers,13554.000000000004,171.71,67.61
1000000383,Nurse Practitioner,TX,3.0,Low-Volume / Low-Growth Prescribers,743.7000000000002,2.69,52.55
1000000395,Physician Assistant,CA,3.0,Low-Volume / Low-Growth Prescribers,747.5999999999999,33.95,56.05
1000000396,Nurse Practitioner,TX,3.0,Low-Volume / Low-Growth Prescribers,950.0999999999998,-57.76,80.35
1000000405,Nurse Practitioner,TX,3.0,Low-Volume / Low-Growth Prescribers,4376.4,6.91,57.23
1000000406,Internal Medicine,VA,3.0,Low-Volume / Low-Growth Prescribers,826.1,45.99,49.13
1000000407,Endocrinology,TX,0.0,Diversified Prescribers,10480.7,167.58,89.68
1000000423,Internal Medicine,MA,0.0,Diversified Prescribers,5372.0,-45.86,66.84
1000000438,Family Practice,MI,3.0,Low-Volume / Low-Growth Prescribers,856.0,-49.91,73.22
1000000459,Endocrinology,MI,0.0,Diversified Prescribers,2387.7,93.94,83.67
1000000467,Nurse Practitioner,GA,0.0,Diversified Prescribers,15210.399999999998,-44.9,76.97
1000000470,Endocrinology,PA,0.0,Diversified Prescribers,13488.100000000002,-34.02,77.61
1000000472,Endocrinology,IL,1.0,High-Volume Core Prescribers,30539.699999999997,-5.2,71.03
1000000474,Internal Medicine,TX,0.0,Diversified Prescribers,18939.300000000003,25.99,70.76
1000000482,Internal Medicine,NC,3.0,Low-Volume / Low-Growth Prescribers,3533.2000000000003,61.12,71.9
1000000492,Internal Medicine,FL,3.0,Low-Volume / Low-Growth Prescribers,1124.6,69.47,81.96
1000000494,Internal Medicine,CA,0.0,Diversified Prescribers,5631.599999999999,-59.57,67.82
1000000512,Physician Assistant,IL,3.0,Low-Volume / Low-Growth Prescribers,959.7999999999998,-40.02,79.42
1000000529,Nurse Practitioner,CA,0.0,Diversified Prescribers,12447.299999999996,-40.5,91.55
1000000539,Endocrinology,IN,0.0,Diversified Prescribers,10807.1,-24.73,85.51
1000000550,Internal Medicine,TX,3.0,Low-Volume / Low-Growth Prescribers,1306.7,-16.24,76.08
1000000559,Family Practice,FL,0.0,Diversified Prescribers,3295.9,41.51,83.62
1000000562,Endocrinology,PA,0.0,Diversified Prescribers,10193.9,161.37,80.52
1000000571,Family Practice,MI,3.0,Low-Volume / Low-Growth Prescribers,818.8000000000001,-73.38,54.34
1000000595,Internal Medicine,NY,3.0,Low-Volume / Low-Growth Prescribers,1051.3000000000002,191.5,63.3
1000000608,Internal Medicine,MI,3.0,Low-Volume / Low-Growth Prescribers,453.5,373.74,59.05
1000000609,Family Practice,VA,3.0,Low-Volume / Low-Growth Prescribers,3467.5,82.76,59.69
1000000618,Family Practice,MI,0.0,Diversified Prescribers,4581.0,195.41,70.74
1000000622,Internal Medicine,CA,3.0,Low-Volume / Low-Growth Prescribers,541.0000000000001,-6.28,82.62
1000000626,Internal Medicine,IL,0.0,Diversified Prescribers,4721.8,340.54,60.01
1000000640,Endocrinology,OH,0.0,Diversified Prescribers,11481.5,131.8,78.15
1000000648,Family Practice,OH,0.0,Diversified Prescribers,5214.8,-38.55,72.04
1000000660,Internal Medicine,OH,0.0,Diversified Prescribers,5225.900000000001,-18.95,80.15
1000000681,Internal Medicine,TN,3.0,Low-Volume / Low-Growth Prescribers,860.3000000000001,-43.76,62.52
1000000684,Physician Assistant,MI,0.0,Diversified Prescribers,6561.4000000000015,93.41,53.85
1000000688,Family Practice,IN,3.0,Low-Volume / Low-Growth Prescribers,980.8,83.83,69.33
1000000696,Internal Medicine,MI,3.0,Low-Volume / Low-Growth Prescribers,636.7,-62.82,90.09
1000000704,Endocrinology,VA,0.0,Diversified Prescribers,1996.9,-38.46,69.52
1000000705,Cardiology,NY,3.0,Low-Volume / Low-Growth Prescribers,1115.5,145.57,49.64
1000000712,Internal Medicine,FL,3.0,Low-Volume / Low-Growth Prescribers,980.6,-29.99,55.55
1000000725,Nurse Practitioner,CA,0.0,Diversified Prescribers,26697.499999999996,711.46,65.33
1000000730,Endocrinology,NC,0.0,Diversified Prescribers,1700.7,-32.2,73.49
1000000747,Internal Medicine,MA,3.0,Low-Volume / Low-Growth Prescribers,866.6,82.4,48.71
1000000748,Nurse Practitioner,PA,3.0,Low-Volume / Low-Growth Prescribers,848.6000000000001,178.21,70.87
1000000753,Internal Medicine,CA,0.0,Diversified Prescribers,15019.999999999998,-52.65,63.83
1000000762,Internal Medicine,IL,1.0,High-Volume Core Prescribers,37373.8,0.46,80.34
1000000764,Endocrinology,VA,1.0,High-Volume Core Prescribers,41306.8,45.83,74.0
1000000766,Family Practice,FL,3.0,Low-Volume / Low-Growth Prescribers,2219.0000000000005,296.47,81.86
1000000775,Endocrinology,TX,0.0,Diversified Prescribers,10761.100000000002,52.68,78.74
1000000781,Internal Medicine,PA,3.0,Low-Volume / Low-Growth Prescribers,718.4,9.3,81.79
1000000795,Nurse Practitioner,CA,0.0,Diversified Prescribers,3610.3,-53.59,70.35
1000000797,Family Practice,OH,0.0,Diversified Prescribers,4092.500000000001,123.37,67.29
1000000804,Internal Medicine,NY,3.0,Low-Volume / Low-Growth Prescribers,3717.099999999999,-21.65,50.92
1000000817,Internal Medicine,VA,0.0,Diversified Prescribers,5073.800000000001,-15.12,63.79
1000000824,Internal Medicine,CA,0.0,Diversified Prescribers,3917.5,-20.8,76.01
1000000837,Internal Medicine,OH,3.0,Low-Volume / Low-Growth Prescribers,601.6000000000001,452.47,93.1
1000000840,Endocrinology,AZ,1.0,High-Volume Core Prescribers,38155.7,-60.82,77.85
1000000844,Endocrinology,VA,0.0,Diversified Prescribers,2425.5,-36.31,82.51
1000000854,Internal Medicine,IL,3.0,Low-Volume / Low-Growth Prescribers,9817.4,-97.47,53.09
1000000858,Family Practice,TN,3.0,Low-Volume / Low-Growth Prescribers,814.6,-71.94,83.69
1000000860,Family Practice,OH,0.0,Diversified Prescribers,11803.8,-1.85,57.43
1000000862,Internal Medicine,IL,0.0,Diversified Prescribers,14295.899999999998,-80.84,82.96
1000000867,Internal Medicine,NY,3.0,Low-Volume / Low-Growth Prescribers,884.7,-16.64,65.55
1000000871,Internal Medicine,FL,0.0,Diversified Prescribers,4221.6,-19.13,66.65
1000000881,Family Practice,PA,0.0,Diversified Prescribers,5727.200000000001,-43.02,76.43
1000000889,Internal Medicine,MA,3.0,Low-Volume / Low-Growth Prescribers,829.8,-48.48,69.47
1000000903,Family Practice,TX,3.0,Low-Volume / Low-Growth Prescribers,3441.3999999999996,43.43,70.04
1000000904,Internal Medicine,FL,0.0,Diversified Prescribers,15924.700000000004,-90.1,47.51
1000000911,Internal Medicine,FL,0.0,Diversified Prescribers,14220.9,87.95,72.67
1000000924,Internal Medicine,PA,3.0,Low-Volume / Low-Growth Prescribers,2691.3,839.53,73.81
1000000930,Endocrinology,OH,1.0,High-Volume Core Prescribers,41413.8,-41.09,73.52
1000000935,Internal Medicine,MI,3.0,Low-Volume / Low-Growth Prescribers,1000.6,219.03,74.53
1000000948,Nurse Practitioner,IL,0.0,Diversified Prescribers,4183.2,242.27,58.48
1000000953,Nurse Practitioner,NY,3.0,Low-Volume / Low-Growth Prescribers,1237.4,43.39,69.32
1000000964,Internal Medicine,FL,3.0,Low-Volume / Low-Growth Prescribers,4991.900000000001,106.31,57.32
1000000971,Physician Assistant,FL,1.0,High-Volume Core Prescribers,38989.8,219.34,78.74
1000000972,Family Practice,CA,1.0,High-Volume Core Prescribers,56396.9,285.94,52.98
1000000981,Family Practice,FL,0.0,Diversified Prescribers,4369.599999999999,-87.27,60.57
1000000982,Endocrinology,PA,0.0,Diversified Prescribers,1562.6999999999998,-55.94,89.95
1000000990,Family Practice,TX,0.0,Diversified Prescribers,4628.499999999999,-85.92,79.21
1000000992,Internal Medicine,IL,0.0,Diversified Prescribers,3578.1000000000004,-17.72,70.03
1000000994,Internal Medicine,PA,3.0,Low-Volume / Low-Growth Prescribers,860.9000000000001,121.34,84.96
1000001002,Nurse Practitioner,TX,3.0,Low-Volume / Low-Growth Prescribers,1001.8,-87.45,51.76
1000001010,Internal Medicine,CA,0.0,Diversified Prescribers,16322.1,319.62,64.55
1000001014,Family Practice,CA,0.0,Diversified Prescribers,5508.599999999999,-46.83,60.36
1000001024,Physician Assistant,IL,3.0,Low-Volume / Low-Growth Prescribers,5363.099999999999,82.91,54.1
1000001036,Internal Medicine,TX,0.0,Diversified Prescribers,20544.400000000005,-3.14,75.22
1000001041,Family Practice,NC,3.0,Low-Volume / Low-Growth Prescribers,971.3,-39.25,54.64
1000001044,Nurse Practitioner,OH,0.0,Diversified Prescribers,13529.899999999998,3200.24,86.97
1000001058,Internal Medicine,FL,3.0,Low-Volume / Low-Growth Prescribers,3754.099999999999,373.93,71.12
1000001059,Family Practice,NC,3.0,Low-Volume / Low-Growth Prescribers,480.3,113.79,72.75
1000001061,Cardiology,VA,3.0,Low-Volume / Low-Growth Prescribers,662.7000000000002,-81.8,55.44
1000001065,Family Practice,CA,0.0,Diversified Prescribers,5453.2,174.17,77.95
1000001068,Internal Medicine,TN,3.0,Low-Volume / Low-Growth Prescribers,4747.4,2.85,57.51
1000001078,Internal Medicine,IN,3.0,Low-Volume / Low-Growth Prescribers,986.3,-20.85,63.04
1000001080,Family Practice,CA,0.0,Diversified Prescribers,4459.999999999999,-29.84,79.62
1000001123,Family Practice,MI,0.0,Diversified Prescribers,4339.799999999998,-50.61,58.2
1000001179,Internal Medicine,TX,0.0,Diversified Prescribers,5152.499999999999,44.96,72.38
1000001180,Physician Assistant,TX,3.0,Low-Volume / Low-Growth Prescribers,2970.7000000000003,-63.72,58.8
1000001184,Endocrinology,TX,0.0,Diversified Prescribers,11790.899999999998,83.47,78.41
1000001186,Family Practice,PA,0.0,Diversified Prescribers,11792.399999999998,59.59,80.29
1000001190,Endocrinology,TX,0.0,Diversified Prescribers,10019.2,78.68,78.22
1000001202,Endocrinology,IL,0.0,Diversified Prescribers,2421.999999999999,179.25,79.41
1000001211,Internal Medicine,VA,3.0,Low-Volume / Low-Growth Prescribers,476.4,-21.15,75.99
1000001212,Endocrinology,PA,0.0,Diversified Prescribers,1838.5,85.18,79.58
1000001236,Nurse Practitioner,OH,1.0,High-Volume Core Prescribers,24241.6,102.36,62.71
1000001247,Endocrinology,VA,1.0,High-Volume Core Prescribers,36798.6,82.76,70.63
1000001248,Physician Assistant,VA,1.0,High-Volume Core Prescribers,35431.49999999999,-85.64,43.39
1000001249,Family Practice,GA,3.0,Low-Volume / Low-Growth Prescribers,414.7,378.04,70.32
1000001254,Family Practice,IN,0.0,Diversified Prescribers,13320.9,-18.39,81.59
1000001258,Endocrinology,NY,1.0,High-Volume Core Prescribers,36839.59999999999,642.0,80.2
1000001259,Family Practice,FL,3.0,Low-Volume / Low-Growth Prescribers,890.0,54.62,61.35
1000001271,Nurse Practitioner,GA,3.0,Low-Volume / Low-Growth Prescribers,2946.7,-56.39,73.8
1000001281,Family Practice,NY,3.0,Low-Volume / Low-Growth Prescribers,1038.2,-10.5,74.05
1000001282,Internal Medicine,OH,0.0,Diversified Prescribers,17337.8,306.1,71.89
1000001293,Family Practice,IN,0.0,Diversified Prescribers,5901.900000000001,79.44,72.68
1000001327,Family Practice,CA,3.0,Low-Volume / Low-Growth Prescribers,1181.5,-14.86,65.78
1000001328,Family Practice,NY,0.0,Diversified Prescribers,4134.400000000001,-64.98,72.88
1000001333,Nephrology,NY,0.0,Diversified Prescribers,5042.6,-25.2,66.42
1000001339,Endocrinology,NC,1.0,High-Volume Core Prescribers,40750.2,-21.36,92.41
1000001344,Family Practice,MA,0.0,Diversified Prescribers,16310.8,177.64,62.17
1000001352,Internal Medicine,TN,3.0,Low-Volume / Low-Growth Prescribers,666.2999999999998,-84.94,86.03
1000001358,Internal Medicine,CA,3.0,Low-Volume / Low-Growth Prescribers,948.3,-40.35,75.82
1000001359,Family Practice,OH,0.0,Diversified Prescribers,3806.7,12.7,71.51
1000001383,Internal Medicine,VA,0.0,Diversified Prescribers,16949.9,-31.49,71.01
1000001386,Family Practice,IL,3.0,Low-Volume / Low-Growth Prescribers,1116.7,-23.16,50.34
1000001391,Endocrinology,OH,0.0,Diversified Prescribers,10613.999999999998,106.1,80.27
1000001395,Family Practice,TX,3.0,Low-Volume / Low-Growth Prescribers,3082.4,-18.36,66.59
1000001396,Internal Medicine,IN,0.0,Diversified Prescribers,4249.1,-25.16,79.61
1000001404,Family Practice,CA,1.0,High-Volume Core Prescribers,41940.2,51.02,68.97
1000001408,Family Practice,TX,0.0,Diversified Prescribers,6266.2,-28.55,60.11
1000001412,Internal Medicine,GA,3.0,Low-Volume / Low-Growth Prescribers,911.1999999999998,2.64,89.84
1000001419,Physician Assistant,OH,0.0,Diversified Prescribers,5259.3,-83.93,61.08
1000001440,Physician Assistant,NY,3.0,Low-Volume / Low-Growth Prescribers,3176.7000000000007,-37.49,76.33
1000001443,Internal Medicine,MA,1.0,High-Volume Core Prescribers,37512.2,421.15,87.05
1000001448,Physician Assistant,GA,0.0,Diversified Prescribers,3938.7,122.74,83.93
1000001451,Family Practice,TX,1.0,High-Volume Core Prescribers,30031.2,107.94,70.44
1000001458,Internal Medicine,MI,3.0,Low-Volume / Low-Growth Prescribers,789.6,-63.55,71.9
1000001480,Family Practice,NC,3.0,Low-Volume / Low-Growth Prescribers,1031.4,82.22,64.17
1000001496,Family Practice,PA,0.0,Diversified Prescribers,4697.1,-21.15,80.42
1000001499,Nurse Practitioner,TX,3.0,Low-Volume / Low-Growth Prescribers,696.4,76.52,82.51
1000001501,Internal Medicine,TX,3.0,Low-Volume / Low-Growth Prescribers,821.8,4.25,58.69
1000001504,Internal Medicine,TX,0.0,Diversified Prescribers,16193.5,-68.05,75.28
1000001519,Physician Assistant,CA,3.0,Low-Volume / Low-Growth Prescribers,4082.1,12.49,78.63
1000001523,Endocrinology,CA,0.0,Diversified Prescribers,9187.1,-42.98,78.8
1000001524,Internal Medicine,CA,0.0,Diversified Prescribers,5089.1,-44.98,49.61
1000001528,Family Practice,GA,0.0,Diversified Prescribers,15421.6,-60.42,87.08
1000001550,Physician Assistant,IL,0.0,Diversified Prescribers,4783.7,175.65,87.79
1000001551,Family Practice,VA,0.0,Diversified Prescribers,6135.3,51.08,64.33
1000001552,Family Practice,IL,3.0,Low-Volume / Low-Growth Prescribers,3744.8,-0.42,73.53
1000001583,Internal Medicine,TX,0.0,Diversified Prescribers,5795.900000000001,-65.47,62.31
1000001588,Internal Medicine,GA,0.0,Diversified Prescribers,19941.199999999997,154.07,73.34
1000001596,Internal Medicine,CA,3.0,Low-Volume / Low-Growth Prescribers,2147.3,343.27,80.05
1000001615,Family Practice,GA,0.0,Diversified Prescribers,4809.700000000001,30.44,77.41
1000001617,Family Practice,VA,0.0,Diversified Prescribers,13558.3,-71.21,73.09
1000001626,Internal Medicine,PA,0.0,Diversified Prescribers,17522.799999999996,737.77,73.56
1000001637,Endocrinology,IN,1.0,High-Volume Core Prescribers,27896.59999999999,-57.29,80.49
1000001638,Nephrology,NC,1.0,High-Volume Core Prescribers,22514.5,-27.92,78.78
1000001641,Nurse Practitioner,NY,0.0,Diversified Prescribers,13291.9,1.73,58.41
1000001650,Endocrinology,OH,1.0,High-Volume Core Prescribers,37365.8,102.49,77.71
1000001692,Internal Medicine,AZ,1.0,High-Volume Core Prescribers,27617.9,-33.46,76.69
1000001693,Endocrinology,IN,0.0,Diversified Prescribers,2639.8999999999996,-5.64,85.73
1000001695,Endocrinology,TX,1.0,High-Volume Core Prescribers,28877.900000000005,-78.39,71.27
1000001698,Physician Assistant,TX,0.0,Diversified Prescribers,4430.799999999999,160.66,71.43
1000001699,Internal Medicine,CA,3.0,Low-Volume / Low-Growth Prescribers,971.5,-76.58,71.28
1000001706,Family Practice,TX,0.0,Diversified Prescribers,3557.7,-40.96,79.62
1000001707,Internal Medicine,FL,0.0,Diversified Prescribers,3349.5,378.25,68.6
1000001708,Family Practice,NY,3.0,Low-Volume / Low-Growth Prescribers,3321.5,97.56,56.21
1000001709,Family Practice,CA,3.0,Low-Volume / Low-Growth Prescribers,971.1,23.96,56.65
1000001713,Internal Medicine,FL,0.0,Diversified Prescribers,17536.100000000002,-1.26,76.83
1000001720,Endocrinology,AZ,0.0,Diversified Prescribers,12539.2,37.71,86.87
1000001725,Endocrinology,OH,0.0,Diversified Prescribers,2751.4000000000005,-17.61,71.41
1000001732,Internal Medicine,IL,0.0,Diversified Prescribers,14957.2,289.49,49.79
1000001735,Nurse Practitioner,TN,3.0,Low-Volume / Low-Growth Prescribers,862.9000000000001,213.05,89.79
1000001737,Internal Medicine,NC,3.0,Low-Volume / Low-Growth Prescribers,3020.5,-50.07,79.69
1000001749,Endocrinology,CA,0.0,Diversified Prescribers,2158.5,-10.19,89.29
1000001753,Internal Medicine,CA,0.0,Diversified Prescribers,4625.099999999999,310.0,70.88
1000001761,Nurse Practitioner,TN,3.0,Low-Volume / Low-Growth Prescribers,3087.0000000000005,-36.39,65.11
1000001762,Endocrinology,TX,0.0,Diversified Prescribers,10668.500000000002,-43.19,65.44
1000001775,Internal Medicine,NC,3.0,Low-Volume / Low-Growth Prescribers,1047.6,11.26,62.39
1000001782,Internal Medicine,MI,0.0,Diversified Prescribers,15273.000000000002,-30.45,58.28
1000001806,Family Practice,NY,3.0,Low-Volume / Low-Growth Prescribers,1037.2,62.65,60.01
1000001809,Endocrinology,AZ,0.0,Diversified Prescribers,14529.999999999998,11.04,80.86
1000001814,Endocrinology,FL,0.0,Diversified Prescribers,13675.2,-36.9,81.69
1000001817,Family Practice,OH,3.0,Low-Volume / Low-Growth Prescribers,3442.4000000000005,445.6,48.4
1000001822,Family Practice,IL,1.0,High-Volume Core Prescribers,27137.1,-67.04,59.69
1000001838,Physician Assistant,PA,0.0,Diversified Prescribers,5309.700000000002,-10.11,56.66
1000001870,Family Practice,NC,3.0,Low-Volume / Low-Growth Prescribers,421.1,29.47,100.0
1000001872,Internal Medicine,IN,0.0,Diversified Prescribers,4575.0,-36.33,73.44
1000001877,Internal Medicine,TN,0.0,Diversified Prescribers,5813.5,13.5,69.39
1000001887,Internal Medicine,MI,3.0,Low-Volume / Low-Growth Prescribers,764.3,156.51,79.25
1000001888,Family Practice,FL,0.0,Diversified Prescribers,8022.299999999998,-59.66,86.48
1000001897,Internal Medicine,FL,3.0,Low-Volume / Low-Growth Prescribers,851.4999999999999,107.67,81.4
1000001899,Family Practice,TN,3.0,Low-Volume / Low-Growth Prescribers,809.0999999999999,42.57,78.16
1000001905,Internal Medicine,MA,0.0,Diversified Prescribers,4807.200000000001,518.45,64.54
1000001914,Internal Medicine,TX,0.0,Diversified Prescribers,17460.5,-69.05,76.57
1000001923,Internal Medicine,FL,3.0,Low-Volume / Low-Growth Prescribers,531.1999999999999,14.17,92.07
1000001930,Family Practice,GA,0.0,Diversified Prescribers,12774.4,53.75,73.29
1000001936,Internal Medicine,IL,0.0,Diversified Prescribers,19904.0,102.6,71.7
1000001947,Endocrinology,PA,1.0,High-Volume Core Prescribers,41346.5,-10.39,80.77
1000001949,Internal Medicine,IL,1.0,High-Volume Core Prescribers,41951.60000000001,-88.23,69.52
1000001969,Endocrinology,MI,0.0,Diversified Prescribers,2009.4,-85.7,78.4
1000001970,Endocrinology,NC,0.0,Diversified Prescribers,2131.8,172.89,73.83
1000001972,Internal Medicine,NC,3.0,Low-Volume / Low-Growth Prescribers,1123.8000000000002,-56.27,71.87
1000001987,Internal Medicine,NY,3.0,Low-Volume / Low-Growth Prescribers,841.6,44.78,80.73
1000001988,Internal Medicine,NY,0.0,Diversified Prescribers,13828.600000000002,235.14,49.08
1000001989,Family Practice,GA,0.0,Diversified Prescribers,3148.9,-89.52,70.69
1000001993,Endocrinology,TX,0.0,Diversified Prescribers,11674.399999999998,106.29,77.57
1000002003,Internal Medicine,CA,3.0,Low-Volume / Low-Growth Prescribers,806.8,585.65,74.71
1000002011,Endocrinology,AZ,0.0,Diversified Prescribers,11900.8,-72.59,78.38
1000002019,Family Practice,TX,1.0,High-Volume Core Prescribers,35319.6,3.22,73.91
1000002065,Family Practice,FL,3.0,Low-Volume / Low-Growth Prescribers,872.6000000000001,-93.18,60.26
1000002078,Cardiology,NY,3.0,Low-Volume / Low-Growth Prescribers,886.2,0.87,75.98
1000002079,Family Practice,IL,0.0,Diversified Prescribers,13893.7,308.95,92.12
1000002081,Endocrinology,IN,0.0,Diversified Prescribers,2329.5,-72.43,76.82
1000002083,Nurse Practitioner,CA,0.0,Diversified Prescribers,3554.7999999999993,-57.83,92.89
1000002092,Internal Medicine,NY,3.0,Low-Volume / Low-Growth Prescribers,739.0999999999999,-64.67,74.64
1000002093,Internal Medicine,TN,3.0,Low-Volume / Low-Growth Prescribers,751.2,31.84,72.15
1000002100,Nurse Practitioner,IL,3.0,Low-Volume / Low-Growth Prescribers,1025.8,62.15,71.63
1000002105,Internal Medicine,CA,3.0,Low-Volume / Low-Growth Prescribers,768.5,-21.78,80.61
1000002118,Endocrinology,PA,1.0,High-Volume Core Prescribers,46470.399999999994,43.73,78.42
1000002119,Nurse Practitioner,GA,0.0,Diversified Prescribers,5633.5,-6.0,75.54
1000002123,Internal Medicine,IL,0.0,Diversified Prescribers,4613.8,13.41,56.12
1000002138,Internal Medicine,CA,0.0,Diversified Prescribers,5633.8,-11.98,61.04
1000002149,Family Practice,TN,0.0,Diversified Prescribers,14033.2,-80.38,58.38
1000002169,Internal Medicine,CA,3.0,Low-Volume / Low-Growth Prescribers,648.5000000000001,-58.65,70.56
1000002175,Family Practice,TN,3.0,Low-Volume / Low-Growth Prescribers,3690.4,30.77,63.26
1000002183,Internal Medicine,FL,0.0,Diversified Prescribers,4317.5,97.28,77.42
1000002204,Family Practice,PA,0.0,Diversified Prescribers,17547.300000000003,55.62,75.71
1000002210,Family Practice,CA,3.0,Low-Volume / Low-Growth Prescribers,1070.1,-42.24,56.87
1000002211,Family Practice,TX,0.0,Diversified Prescribers,3692.999999999999,920.88,70.74
1000002217,Internal Medicine,NY,3.0,Low-Volume / Low-Growth Prescribers,2789.6,7.27,76.33
1000002222,Endocrinology,TN,1.0,High-Volume Core Prescribers,47093.6,-0.8,84.56
1000002224,Endocrinology,OH,0.0,Diversified Prescribers,15605.0,-11.87,82.85
1000002226,Internal Medicine,FL,0.0,Diversified Prescribers,5462.3,389.35,83.43
1000002230,Family Practice,PA,0.0,Diversified Prescribers,13292.0,-47.83,52.89
1000002231,Endocrinology,TX,0.0,Diversified Prescribers,8514.3,-33.72,70.67
1000002233,Nurse Practitioner,FL,0.0,Diversified Prescribers,4630.1,277.33,73.82
1000002234,Family Practice,TX,0.0,Diversified Prescribers,902.4,-55.81,68.86
1000002237,Internal Medicine,CA,0.0,Diversified Prescribers,19149.1,7.76,62.65
1000002263,Internal Medicine,FL,0.0,Diversified Prescribers,4972.8,-29.13,71.24
1000002268,Internal Medicine,MA,0.0,Diversified Prescribers,10336.499999999998,-42.94,84.69
1000002270,Endocrinology,CA,0.0,Diversified Prescribers,2428.7,225.33,83.7
1000002271,Internal Medicine,MA,3.0,Low-Volume / Low-Growth Prescribers,713.4,38.07,83.64
1000002286,Cardiology,IN,0.0,Diversified Prescribers,19512.7,-12.76,63.71
1000002296,Internal Medicine,VA,0.0,Diversified Prescribers,5311.2,-59.89,74.21
1000002302,Internal Medicine,TX,0.0,Diversified Prescribers,3496.4999999999995,-84.4,88.69
1000002317,Internal Medicine,IN,0.0,Diversified Prescribers,4565.0,154.48,82.61
1000002319,Internal Medicine,GA,0.0,Diversified Prescribers,13686.8,583.21,70.82
1000002329,Endocrinology,NY,0.0,Diversified Prescribers,2161.9000000000005,-4.12,81.51
1000002332,Family Practice,IL,0.0,Diversified Prescribers,15902.1,-9.84,83.18
1000002344,Physician Assistant,IN,3.0,Low-Volume / Low-Growth Prescribers,891.1999999999999,-54.19,69.48
1000002346,Family Practice,NY,0.0,Diversified Prescribers,13250.9,-83.17,80.42
1000002348,Family Practice,OH,3.0,Low-Volume / Low-Growth Prescribers,700.6999999999999,-34.28,78.68
1000002349,Endocrinology,CA,1.0,High-Volume Core Prescribers,21495.1,34.69,72.33
1000002355,Endocrinology,FL,0.0,Diversified Prescribers,1937.5999999999997,26.07,78.41
1000002356,Nurse Practitioner,OH,3.0,Low-Volume / Low-Growth Prescribers,951.1,-21.0,66.02
1000002358,Internal Medicine,IN,0.0,Diversified Prescribers,14336.899999999998,528.79,67.79
1000002365,Endocrinology,FL,0.0,Diversified Prescribers,11968.3,-7.19,78.38
1000002387,Family Practice,FL,0.0,Diversified Prescribers,13932.499999999996,-82.97,89.49
1000002389,Family Practice,PA,0.0,Diversified Prescribers,4872.3,-17.19,66.03
1000002407,Internal Medicine,AZ,0.0,Diversified Prescribers,3892.3,592.44,69.69
1000002417,Endocrinology,IN,0.0,Diversified Prescribers,2200.8,38.29,78.81
1000002422,Family Practice,TX,0.0,Diversified Prescribers,15495.899999999998,1.79,54.95
1000002427,Physician Assistant,NC,0.0,Diversified Prescribers,5164.599999999999,28.74,53.45
1000002429,Nurse Practitioner,NC,3.0,Low-Volume / Low-Growth Prescribers,2806.2,55.27,72.12
1000002436,Internal Medicine,FL,3.0,Low-Volume / Low-Growth Prescribers,3545.4999999999995,227.12,62.51
1000002446,Internal Medicine,CA,0.0,Diversified Prescribers,12450.400000000003,61.14,48.5
1000002459,Internal Medicine,VA,0.0,Diversified Prescribers,22570.9,-52.19,43.7
1000002466,Internal Medicine,TN,3.0,Low-Volume / Low-Growth Prescribers,909.2,12.55,72.77
1000002475,Nurse Practitioner,NY,3.0,Low-Volume / Low-Growth Prescribers,1017.3,155.4,73.27
1000002481,Nurse Practitioner,IL,3.0,Low-Volume / Low-Growth Prescribers,1062.5000000000002,12.45,65.34
1000002494,Internal Medicine,IN,0.0,Diversified Prescribers,5518.200000000001,-48.32,62.66
1000002511,Nurse Practitioner,AZ,3.0,Low-Volume / Low-Growth Prescribers,2875.6000000000004,-52.6,54.67
1000002523,Internal Medicine,AZ,0.0,Diversified Prescribers,1176.0,1.71,76.64
1000002531,Family Practice,FL,3.0,Low-Volume / Low-Growth Prescribers,730.4000000000001,-83.27,71.92
1000002561,Family Practice,IL,3.0,Low-Volume / Low-Growth Prescribers,801.8,-86.07,75.6
1000002564,Internal Medicine,CA,0.0,Diversified Prescribers,11665.2,-16.71,83.96
1000002593,Internal Medicine,CA,3.0,Low-Volume / Low-Growth Prescribers,923.7,676.09,66.77
1000002594,Endocrinology,FL,1.0,High-Volume Core Prescribers,40442.8,113.99,72.45
1000002604,Endocrinology,FL,0.0,Diversified Prescribers,2222.7,-19.34,76.39
1000002607,Internal Medicine,TX,3.0,Low-Volume / Low-Growth Prescribers,769.6000000000001,-42.47,54.7
1000002616,Internal Medicine,AZ,3.0,Low-Volume / Low-Growth Prescribers,820.5,2.95,59.24
1000002617,Internal Medicine,CA,3.0,Low-Volume / Low-Growth Prescribers,880.8,93.53,84.38
1000002630,Family Practice,FL,0.0,Diversified Prescribers,15289.199999999995,-69.78,63.2
1000002636,Physician Assistant,MA,0.0,Diversified Prescribers,3750.7,-47.93,70.34
1000002644,Endocrinology,IN,0.0,Diversified Prescribers,2147.6000000000004,60.6,80.47
1000002650,Internal Medicine,MI,3.0,Low-Volume / Low-Growth Prescribers,843.4,-51.23,71.16
1000002651,Internal Medicine,CA,0.0,Diversified Prescribers,3749.8,331.17,93.14
1000002654,Family Practice,FL,0.0,Diversified Prescribers,17982.199999999997,58.15,78.58
1000002657,Nurse Practitioner,PA,1.0,High-Volume Core Prescribers,45690.8,101.18,72.59
1000002660,Internal Medicine,GA,0.0,Diversified Prescribers,18855.5,2373.22,64.46
1000002664,Family Practice,GA,0.0,Diversified Prescribers,14588.799999999996,867.64,76.74
1000002665,Internal Medicine,CA,3.0,Low-Volume / Low-Growth Prescribers,1097.2,-33.68,66.19
1000002675,Internal Medicine,PA,3.0,Low-Volume / Low-Growth Prescribers,1166.5,81.04,46.16
1000002691,Family Practice,PA,0.0,Diversified Prescribers,3441.8,-40.87,79.54
1000002692,Endocrinology,PA,1.0,High-Volume Core Prescribers,46125.2,18.86,82.91
1000002693,Internal Medicine,TX,0.0,Diversified Prescribers,21039.3,-67.76,79.68
1000002714,Endocrinology,TX,3.0,Low-Volume / Low-Growth Prescribers,1469.3,-27.81,64.9
1000002719,Endocrinology,IN,0.0,Diversified Prescribers,1485.9,23.68,71.4
1000002720,Nurse Practitioner,IN,3.0,Low-Volume / Low-Growth Prescribers,1257.4,45.84,61.4
1000002727,Internal Medicine,CA,0.0,Diversified Prescribers,5238.400000000001,-32.66,68.36
1000002755,Internal Medicine,IL,3.0,Low-Volume / Low-Growth Prescribers,3801.000000000001,-66.05,54.28
1000002795,Family Practice,VA,0.0,Diversified Prescribers,12656.5,72.7,64.22
1000002807,Endocrinology,FL,0.0,Diversified Prescribers,1875.6,-5.63,83.01
1000002811,Family Practice,IL,0.0,Diversified Prescribers,17534.3,-9.1,70.93
1000002816,Internal Medicine,CA,3.0,Low-Volume / Low-Growth Prescribers,3826.999999999999,-93.31,66.82
1000002818,Endocrinology,PA,1.0,High-Volume Core Prescribers,36239.5,0.18,76.15
1000002822,Family Practice,PA,3.0,Low-Volume / Low-Growth Prescribers,2895.6000000000004,-62.03,67.16
1000002828,Internal Medicine,TX,3.0,Low-Volume / Low-Growth Prescribers,953.2,-48.44,68.97
1000002838,Family Practice,NC,3.0,Low-Volume / Low-Growth Prescribers,935.0,23.14,71.97
1000002840,Internal Medicine,IN,3.0,Low-Volume / Low-Growth Prescribers,894.1000000000001,0.09,59.41
1000002855,Internal Medicine,MI,3.0,Low-Volume / Low-Growth Prescribers,485.3,-43.06,55.99
1000002857,Endocrinology,IN,0.0,Diversified Prescribers,2388.8999999999996,72.54,85.18
1000002892,Family Practice,AZ,3.0,Low-Volume / Low-Growth Prescribers,809.5,-66.2,64.4
1000002895,Nurse Practitioner,CA,3.0,Low-Volume / Low-Growth Prescribers,858.4999999999999,-91.63,58.09
1000002907,Internal Medicine,VA,3.0,Low-Volume / Low-Growth Prescribers,3823.3,9.51,75.24
1000002919,Internal Medicine,GA,0.0,Diversified Prescribers,17283.2,15.79,55.77
1000002922,Family Practice,NY,3.0,Low-Volume / Low-Growth Prescribers,1066.4,-14.23,77.57
1000002923,Internal Medicine,NY,1.0,High-Volume Core Prescribers,27165.599999999995,20.33,65.21
1000002925,Nurse Practitioner,NY,0.0,Diversified Prescribers,6994.2,675.68,85.72
1000002927,Cardiology,FL,3.0,Low-Volume / Low-Growth Prescribers,1009.1,139.86,63.53
1000002930,Family Practice,FL,0.0,Diversified Prescribers,4349.8,31.39,57.92
1000002931,Family Practice,PA,0.0,Diversified Prescribers,4687.8,-18.0,67.02
1000002941,Family Practice,CA,3.0,Low-Volume / Low-Growth Prescribers,515.1999999999999,183.37,91.94
1000002942,Internal Medicine,CA,3.0,Low-Volume / Low-Growth Prescribers,872.1000000000001,-33.69,80.15
1000002943,Family Practice,NC,0.0,Diversified Prescribers,14314.5,72.37,71.74
1000002957,Nurse Practitioner,NY,1.0,High-Volume Core Prescribers,36796.0,134.14,66.92
1000002958,Internal Medicine,TX,0.0,Diversified Prescribers,4369.9,585.82,93.63
1000002960,Internal Medicine,PA,1.0,High-Volume Core Prescribers,33054.9,88.81,84.73
1000002970,Internal Medicine,AZ,3.0,Low-Volume / Low-Growth Prescribers,706.4000000000001,348.67,67.65
1000002980,Internal Medicine,FL,3.0,Low-Volume / Low-Growth Prescribers,856.3,32.17,70.54
1000002994,Endocrinology,MA,1.0,High-Volume Core Prescribers,109851.5,41.1,78.73
1000003018,Endocrinology,AZ,0.0,Diversified Prescribers,2480.9,-0.76,85.06
1000003023,Internal Medicine,GA,1.0,High-Volume Core Prescribers,31476.799999999996,-11.37,64.96
1000003031,Internal Medicine,CA,3.0,Low-Volume / Low-Growth Prescribers,853.4999999999999,-67.49,60.15
1000003032,Family Practice,TX,0.0,Diversified Prescribers,15709.8,18.61,95.33
1000003068,Internal Medicine,TN,0.0,Diversified Prescribers,13146.6,-83.95,55.19
1000003070,Family Practice,NY,0.0,Diversified Prescribers,5059.7,27.03,62.53
1000003095,Family Practice,VA,3.0,Low-Volume / Low-Growth Prescribers,848.0999999999999,49.69,78.23
1000003116,Family Practice,FL,0.0,Diversified Prescribers,4868.799999999999,42.27,53.67
1000003117,Endocrinology,MI,1.0,High-Volume Core Prescribers,40003.00000000001,3.22,72.59
1000003121,Internal Medicine,IL,3.0,Low-Volume / Low-Growth Prescribers,3018.6,-44.29,87.48
1000003138,Internal Medicine,CA,3.0,Low-Volume / Low-Growth Prescribers,674.7,37.87,84.32
1000003139,Endocrinology,CA,1.0,High-Volume Core Prescribers,43237.8,24.4,86.24
1000003142,Family Practice,NY,0.0,Diversified Prescribers,4412.0,-62.75,60.73
1000003161,Endocrinology,OH,0.0,Diversified Prescribers,10014.399999999998,80.36,84.13
1000003168,Family Practice,MA,0.0,Diversified Prescribers,4809.7,-58.74,79.97
1000003190,Internal Medicine,CA,0.0,Diversified Prescribers,3308.8999999999996,452.39,84.67
1000003196,Physician Assistant,NY,0.0,Diversified Prescribers,15578.700000000004,-29.2,82.4
1000003205,Family Practice,CA,3.0,Low-Volume / Low-Growth Prescribers,1002.6,-36.59,63.03
1000003209,Family Practice,TN,3.0,Low-Volume / Low-Growth Prescribers,576.1,556.81,99.39
1000003223,Endocrinology,MI,0.0,Diversified Prescribers,11047.9,-46.76,70.79
1000003232,Internal Medicine,CA,3.0,Low-Volume / Low-Growth Prescribers,696.1,-84.3,70.79
1000003242,Internal Medicine,MI,0.0,Diversified Prescribers,14532.6,49.73,64.55
1000003251,Endocrinology,GA,1.0,High-Volume Core Prescribers,44445.20000000001,18.29,71.87
1000003255,Endocrinology,MI,0.0,Diversified Prescribers,13033.0,111.31,78.33
1000003261,Internal Medicine,CA,0.0,Diversified Prescribers,4865.6,-29.33,63.07
1000003262,Internal Medicine,NY,0.0,Diversified Prescribers,13540.000000000004,94.38,67.37
1000003263,Endocrinology,GA,0.0,Diversified Prescribers,2597.4000000000005,47.24,76.24
1000003264,Family Practice,NC,0.0,Diversified Prescribers,15527.7,-32.12,65.24
1000003266,Internal Medicine,FL,3.0,Low-Volume / Low-Growth Prescribers,723.0,104.05,86.17
1000003271,Endocrinology,GA,0.0,Diversified Prescribers,2217.7999999999997,24.71,85.97
1000003274,Family Practice,FL,3.0,Low-Volume / Low-Growth Prescribers,1058.6999999999998,178.11,60.85
1000003289,Internal Medicine,OH,3.0,Low-Volume / Low-Growth Prescribers,895.8000000000001,160.27,81.89
1000003298,Internal Medicine,TX,3.0,Low-Volume / Low-Growth Prescribers,741.9,22.47,60.37
1000003300,Internal Medicine,CA,0.0,Diversified Prescribers,13530.3,-54.45,55.54
1000003306,Internal Medicine,GA,0.0,Diversified Prescribers,4220.0,69.46,68.68
1000003308,Internal Medicine,TX,3.0,Low-Volume / Low-Growth Prescribers,829.6000000000001,-43.49,91.3
1000003323,Family Practice,GA,3.0,Low-Volume / Low-Growth Prescribers,5827.599999999999,103.89,52.04
1000003333,Internal Medicine,MA,1.0,High-Volume Core Prescribers,31935.6,-7.99,97.68
1000003343,Endocrinology,PA,0.0,Diversified Prescribers,7876.1,5.55,74.11
1000003353,Internal Medicine,FL,3.0,Low-Volume / Low-Growth Prescribers,1011.7,36.98,68.57
1000003367,Internal Medicine,FL,3.0,Low-Volume / Low-Growth Prescribers,896.2,1412.98,60.73
1000003372,Internal Medicine,IN,3.0,Low-Volume / Low-Growth Prescribers,540.5,84.0,81.89
1000003374,Family Practice,IL,0.0,Diversified Prescribers,13608.9,-39.07,67.98
1000003387,Internal Medicine,NY,0.0,Diversified Prescribers,6333.799999999999,32.32,68.63
1000003393,Internal Medicine,PA,0.0,Diversified Prescribers,15665.300000000005,6.77,86.11
1000003405,Family Practice,VA,3.0,Low-Volume / Low-Growth Prescribers,1022.8,2.58,78.99
1000003415,Family Practice,TX,3.0,Low-Volume / Low-Growth Prescribers,793.1,672.51,71.59
1000003466,Internal Medicine,FL,3.0,Low-Volume / Low-Growth Prescribers,1239.5,-75.05,58.76
1000003484,Family Practice,NY,0.0,Diversified Prescribers,5952.299999999999,-92.08,65.43
1000003486,Internal Medicine,AZ,3.0,Low-Volume / Low-Growth Prescribers,1053.8,-63.55,65.42
1000003509,Endocrinology,CA,1.0,High-Volume Core Prescribers,39515.99999999999,-26.61,80.14
1000003515,Physician Assistant,MI,0.0,Diversified Prescribers,4192.6,-13.64,78.15
1000003528,Physician Assistant,IL,0.0,Diversified Prescribers,4048.2,-1.98,92.85
1000003533,Internal Medicine,CA,3.0,Low-Volume / Low-Growth Prescribers,931.2,-24.22,64.41
1000003539,Endocrinology,VA,0.0,Diversified Prescribers,2245.5000000000005,159.54,88.9
1000003541,Family Practice,FL,0.0,Diversified Prescribers,4033.9,-6.45,59.16
1000003576,Internal Medicine,OH,3.0,Low-Volume / Low-Growth Prescribers,851.3,-52.09,74.58
1000003586,Internal Medicine,VA,3.0,Low-Volume / Low-Growth Prescribers,1006.2,22.49,75.59
1000003589,Internal Medicine,MA,3.0,Low-Volume / Low-Growth Prescribers,2826.5,52.57,92.52
1000003590,Physician Assistant,MA,1.0,High-Volume Core Prescribers,23917.499999999996,1124.67,65.01
1000003596,Internal Medicine,CA,0.0,Diversified Prescribers,4399.900000000001,6.84,70.44
1000003602,Internal Medicine,NY,3.0,Low-Volume / Low-Growth Prescribers,4561.6,127.9,55.95
1000003604,Internal Medicine,AZ,0.0,Diversified Prescribers,13861.2,77.49,86.01
1000003619,Endocrinology,IL,0.0,Diversified Prescribers,9884.200000000004,155.52,77.71
1000003631,Endocrinology,OH,0.0,Diversified Prescribers,2030.6,90.26,74.75
1000003633,Internal Medicine,NY,3.0,Low-Volume / Low-Growth Prescribers,1368.6999999999998,64.99,99.03
1000003648,Family Practice,FL,0.0,Diversified Prescribers,5430.5999999999985,-33.87,84.53
1000003656,Internal Medicine,GA,3.0,Low-Volume / Low-Growth Prescribers,4074.4,266.6,44.21
1000003668,Endocrinology,NY,0.0,Diversified Prescribers,2568.9000000000005,-50.34,78.18
1000003680,Family Practice,CA,0.0,Diversified Prescribers,4696.700000000001,80.26,67.34
1000003682,Family Practice,CA,3.0,Low-Volume / Low-Growth Prescribers,829.5999999999999,12.64,72.99
1000003703,Nurse Practitioner,NY,3.0,Low-Volume / Low-Growth Prescribers,4316.1,173.51,54.99
1000003704,Physician Assistant,NC,3.0,Low-Volume / Low-Growth Prescribers,804.9000000000001,-66.71,78.69
1000003711,Family Practice,MI,3.0,Low-Volume / Low-Growth Prescribers,617.3000000000001,992.5,100.0
1000003720,Internal Medicine,MA,0.0,Diversified Prescribers,5097.999999999999,-38.53,64.53
1000003721,Family Practice,TX,3.0,Low-Volume / Low-Growth Prescribers,1294.4999999999998,-35.02,52.73
1000003724,Internal Medicine,FL,0.0,Diversified Prescribers,2795.7,-64.27,78.31
1000003730,Endocrinology,TX,0.0,Diversified Prescribers,1727.0000000000002,-63.27,80.42
1000003732,Internal Medicine,AZ,0.0,Diversified Prescribers,3593.6,-69.45,51.27
1000003735,Internal Medicine,IL,3.0,Low-Volume / Low-Growth Prescribers,3017.1000000000004,-38.55,93.98
1000003736,Family Practice,GA,3.0,Low-Volume / Low-Growth Prescribers,1060.1999999999998,-34.13,72.42
1000003741,Family Practice,NC,0.0,Diversified Prescribers,4240.500000000001,108.39,72.77
1000003744,Endocrinology,FL,1.0,High-Volume Core Prescribers,36788.4,55.6,73.95
1000003753,Family Practice,OH,3.0,Low-Volume / Low-Growth Prescribers,654.5,1168.21,88.72
1000003766,Family Practice,NC,0.0,Diversified Prescribers,3285.4,-28.07,87.6
1000003775,Physician Assistant,MI,0.0,Diversified Prescribers,3795.3,77.54,71.81
1000003819,Internal Medicine,PA,0.0,Diversified Prescribers,6181.800000000002,-10.85,62.02
1000003825,Endocrinology,TN,0.0,Diversified Prescribers,2407.2000000000003,25.38,75.14
1000003829,Internal Medicine,PA,3.0,Low-Volume / Low-Growth Prescribers,642.9999999999998,-23.51,70.28
1000003832,Family Practice,AZ,3.0,Low-Volume / Low-Growth Prescribers,529.9,-54.06,77.69
1000003835,Internal Medicine,PA,0.0,Diversified Prescribers,6628.9,34.62,68.88
1000003837,Endocrinology,PA,0.0,Diversified Prescribers,8146.0,79.38,87.98
1000003840,Internal Medicine,TN,0.0,Diversified Prescribers,14812.400000000003,325.0,89.72
1000003845,Family Practice,MI,3.0,Low-Volume / Low-Growth Prescribers,1100.8,388.83,80.39
1000003854,Family Practice,TX,3.0,Low-Volume / Low-Growth Prescribers,827.4999999999998,39.78,78.03
1000003859,Family Practice,TX,0.0,Diversified Prescribers,1220.1,21.37,64.84
1000003862,Internal Medicine,TX,0.0,Diversified Prescribers,4211.2,-28.86,82.48
1000003873,Family Practice,MI,3.0,Low-Volume / Low-Growth Prescribers,548.2,30.44,72.46
1000003895,Family Practice,GA,3.0,Low-Volume / Low-Growth Prescribers,961.1,1388.65,99.88
1000003899,Nurse Practitioner,VA,3.0,Low-Volume / Low-Growth Prescribers,1095.4,107.04,63.43
1000003901,Internal Medicine,IN,3.0,Low-Volume / Low-Growth Prescribers,674.7,-90.21,86.51
1000003902,Nurse Practitioner,OH,3.0,Low-Volume / Low-Growth Prescribers,752.8000000000001,73.09,69.22
1000003913,Cardiology,PA,3.0,Low-Volume / Low-Growth Prescribers,1142.0,235.38,65.15
1000003918,Family Practice,MI,3.0,Low-Volume / Low-Growth Prescribers,1102.6,45.94,59.89
1000003935,Internal Medicine,TX,0.0,Diversified Prescribers,6286.099999999999,-59.72,68.63
1000003937,Endocrinology,CA,0.0,Diversified Prescribers,2406.6000000000004,185.13,78.23
1000003946,Family Practice,IL,0.0,Diversified Prescribers,4575.8,-94.99,57.74
1000003954,Internal Medicine,IN,0.0,Diversified Prescribers,5435.4,-33.71,59.81
1000003965,Family Practice,TX,3.0,Low-Volume / Low-Growth Prescribers,857.0000000000001,-56.04,51.67
1000003966,Internal Medicine,NY,3.0,Low-Volume / Low-Growth Prescribers,3627.4,139.48,77.63
1000003967,Endocrinology,IL,0.0,Diversified Prescribers,9508.2,-19.76,70.75
1000003968,Family Practice,FL,0.0,Diversified Prescribers,4270.4,17.57,82.82
1000003969,Internal Medicine,CA,3.0,Low-Volume / Low-Growth Prescribers,900.3000000000001,-64.02,50.94
1000003979,Internal Medicine,VA,0.0,Diversified Prescribers,4693.299999999999,102.01,85.16
1000003991,Internal Medicine,CA,3.0,Low-Volume / Low-Growth Prescribers,4638.599999999999,108.94,39.5
1000004012,Family Practice,GA,0.0,Diversified Prescribers,3954.7999999999993,-57.44,83.32
1000004014,Family Practice,FL,1.0,High-Volume Core Prescribers,46689.30000000001,3.07,45.05
1000004019,Internal Medicine,TN,1.0,High-Volume Core Prescribers,38184.50000000001,169.96,76.85
1000004034,Endocrinology,IL,0.0,Diversified Prescribers,1652.9999999999998,-36.58,84.96
1000004036,Cardiology,CA,0.0,Diversified Prescribers,3672.1,-50.17,69.35
1000004042,Internal Medicine,AZ,1.0,High-Volume Core Prescribers,33109.0,180.08,76.69
1000004048,Nurse Practitioner,NY,0.0,Diversified Prescribers,24404.1,108.71,58.95
1000004055,Endocrinology,NC,0.0,Diversified Prescribers,10150.7,65.85,68.77
1000004062,Family Practice,NC,3.0,Low-Volume / Low-Growth Prescribers,562.4,-39.76,49.98
1000004065,Endocrinology,IL,0.0,Diversified Prescribers,13761.300000000005,40.61,74.9
1000004067,Cardiology,MA,0.0,Diversified Prescribers,5232.599999999999,75.35,51.87
1000004072,Family Practice,FL,3.0,Low-Volume / Low-Growth Prescribers,804.7,-75.09,81.11
1000004074,Family Practice,MA,1.0,High-Volume Core Prescribers,32024.1,-44.09,73.0
1000004076,Internal Medicine,NC,0.0,Diversified Prescribers,17556.4,-79.07,73.6
1000004078,Family Practice,FL,0.0,Diversified Prescribers,19395.799999999996,91.56,61.38
1000004086,Endocrinology,MA,0.0,Diversified Prescribers,2128.0,-45.98,83.12
1000004107,Endocrinology,TX,1.0,High-Volume Core Prescribers,35629.000000000015,-48.9,86.29
1000004130,Internal Medicine,NC,3.0,Low-Volume / Low-Growth Prescribers,3326.6,-38.08,67.86
1000004131,Internal Medicine,TX,3.0,Low-Volume / Low-Growth Prescribers,1054.1,29.74,59.24
1000004133,Family Practice,NY,3.0,Low-Volume / Low-Growth Prescribers,4438.8,226.6,46.37
1000004134,Family Practice,FL,3.0,Low-Volume / Low-Growth Prescribers,3316.7999999999997,-76.94,76.87
1000004145,Family Practice,PA,0.0,Diversified Prescribers,3807.6999999999994,70.04,58.77
1000004146,Endocrinology,PA,1.0,High-Volume Core Prescribers,41298.59999999999,8.43,66.18
1000004154,Internal Medicine,NY,3.0,Low-Volume / Low-Growth Prescribers,886.0000000000001,-81.25,59.39
1000004157,Nurse Practitioner,TX,3.0,Low-Volume / Low-Growth Prescribers,1029.3,34.74,83.14
1000004159,Family Practice,MA,3.0,Low-Volume / Low-Growth Prescribers,601.0999999999999,-2.02,90.03
1000004160,Internal Medicine,NY,0.0,Diversified Prescribers,4075.8,44.18,76.65
1000004175,Nephrology,FL,3.0,Low-Volume / Low-Growth Prescribers,3579.2,-3.74,91.74
1000004193,Family Practice,CA,0.0,Diversified Prescribers,6098.499999999999,-35.52,62.19
1000004201,Internal Medicine,TN,0.0,Diversified Prescribers,5985.299999999999,231.15,67.32
1000004211,Family Practice,FL,3.0,Low-Volume / Low-Growth Prescribers,921.4,91.36,52.8
1000004250,Internal Medicine,OH,3.0,Low-Volume / Low-Growth Prescribers,4548.2,-0.78,62.42
1000004254,Endocrinology,VA,0.0,Diversified Prescribers,2117.3999999999996,-32.87,84.56
1000004257,Internal Medicine,FL,3.0,Low-Volume / Low-Growth Prescribers,1019.7000000000002,-9.01,68.68
1000004262,Internal Medicine,IL,0.0,Diversified Prescribers,5497.500000000001,-10.91,73.45
1000004272,Endocrinology,IL,0.0,Diversified Prescribers,1878.1,210.63,90.31
1000004282,Internal Medicine,FL,3.0,Low-Volume / Low-Growth Prescribers,3359.5,572.74,82.32
1000004283,Endocrinology,NC,0.0,Diversified Prescribers,2064.1000000000004,-17.14,81.08
1000004288,Internal Medicine,CA,3.0,Low-Volume / Low-Growth Prescribers,817.9999999999999,230.19,65.2
1000004289,Family Practice,NC,3.0,Low-Volume / Low-Growth Prescribers,781.5999999999998,-19.35,78.84
1000004298,Internal Medicine,CA,3.0,Low-Volume / Low-Growth Prescribers,904.7000000000002,7.74,61.05
1000004314,Cardiology,NC,0.0,Diversified Prescribers,6460.3,-25.75,73.74
1000004325,Physician Assistant,FL,0.0,Diversified Prescribers,1046.2,-77.58,68.79
1000004336,Family Practice,PA,0.0,Diversified Prescribers,17722.2,80.86,84.9
1000004337,Nurse Practitioner,OH,3.0,Low-Volume / Low-Growth Prescribers,911.7,273.06,51.29
1000004344,Family Practice,CA,0.0,Diversified Prescribers,3377.0,-94.72,80.51
1000004369,Internal Medicine,FL,0.0,Diversified Prescribers,3575.6000000000004,-61.07,66.16
1000004379,Internal Medicine,TX,0.0,Diversified Prescribers,13566.4,-11.87,89.11
1000004381,Endocrinology,PA,0.0,Diversified Prescribers,2167.2000000000003,212.36,76.81
1000004408,Internal Medicine,IL,3.0,Low-Volume / Low-Growth Prescribers,790.6000000000001,125.26,80.95
1000000902,Internal Medicine,VA,,,878.3,,74.85
1000001355,Nurse Practitioner,MI,,,705.7,,78.8
1000001789,Internal Medicine,PA,,,952.6,,66.38
1000003147,Family Practice,TX,,,944.2,,86.43
1000004413,Family Practice,TX,3.0,Low-Volume / Low-Growth Prescribers,875.0,399.23,78.13
1000004431,Internal Medicine,TX,0.0,Diversified Prescribers,16329.500000000002,172.93,77.48
1000004455,Endocrinology,FL,1.0,High-Volume Core Prescribers,39148.3,60.59,80.63
1000004460,Internal Medicine,FL,1.0,High-Volume Core Prescribers,28523.1,-88.94,72.55
1000004463,Endocrinology,CA,1.0,High-Volume Core Prescribers,36609.90000000001,-78.28,62.21
1000004483,Family Practice,IL,3.0,Low-Volume / Low-Growth Prescribers,1159.0,123.68,63.69
1000004485,Family Practice,GA,1.0,High-Volume Core Prescribers,34035.100000000006,637.59,53.52
1000004491,Family Practice,TX,3.0,Low-Volume / Low-Growth Prescribers,946.6,-44.17,54.12
1000004499,Internal Medicine,IN,0.0,Diversified Prescribers,5862.599999999999,154.82,66.65
1000000040,Endocrinology,TX,0.0,Diversified Prescribers,1830.7999999999995,-10.92,72.68
1000000043,Nurse Practitioner,FL,3.0,Low-Volume / Low-Growth Prescribers,857.3000000000001,48.52,61.2
1000000048,Internal Medicine,NC,1.0,High-Volume Core Prescribers,42470.1,-31.4,63.93
1000000055,Physician Assistant,IL,1.0,High-Volume Core Prescribers,38491.8,97.45,55.65
1000000056,Endocrinology,NC,1.0,High-Volume Core Prescribers,29130.300000000003,-62.07,78.62
1000000072,Endocrinology,TX,0.0,Diversified Prescribers,10605.0,-60.02,89.79
1000000075,Family Practice,FL,0.0,Diversified Prescribers,4400.400000000001,-47.55,71.72
1000000080,Nurse Practitioner,IN,3.0,Low-Volume / Low-Growth Prescribers,855.2,-20.1,77.36
1000000088,Nurse Practitioner,NC,3.0,Low-Volume / Low-Growth Prescribers,545.0,-18.39,74.26
1000000098,Endocrinology,NY,1.0,High-Volume Core Prescribers,43290.2,-36.49,71.81
1000000106,Internal Medicine,TN,3.0,Low-Volume / Low-Growth Prescribers,962.6,-38.36,70.53
1000000110,Internal Medicine,FL,0.0,Diversified Prescribers,12703.0,-21.61,61.29
1000000111,Endocrinology,CA,0.0,Diversified Prescribers,8225.3,-8.16,70.85
1000000120,Family Practice,TN,0.0,Diversified Prescribers,15919.4,-10.67,67.55
1000000129,Internal Medicine,IL,1.0,High-Volume Core Prescribers,45540.2,-9.65,70.17
1000000132,Endocrinology,AZ,0.0,Diversified Prescribers,12698.9,63.6,75.03
1000000153,Internal Medicine,TN,3.0,Low-Volume / Low-Growth Prescribers,3064.2000000000003,7.11,93.45
1000000161,Family Practice,OH,0.0,Diversified Prescribers,6062.299999999999,-50.32,76.95
1000000172,Internal Medicine,GA,0.0,Diversified Prescribers,1258.0,9.37,78.27
1000000173,Internal Medicine,CA,3.0,Low-Volume / Low-Growth Prescribers,795.4999999999999,10.77,53.05
1000000179,Endocrinology,NC,0.0,Diversified Prescribers,1972.9999999999995,85.63,74.6
1000000189,Internal Medicine,VA,0.0,Diversified Prescribers,10228.9,191.52,64.58
1000000190,Endocrinology,NY,1.0,High-Volume Core Prescribers,26947.60000000001,-32.19,91.06
1000000209,Endocrinology,NC,0.0,Diversified Prescribers,13292.8,80.25,83.47
1000000211,Family Practice,PA,0.0,Diversified Prescribers,12648.4,-79.7,69.92
1000000214,Family Practice,IL,3.0,Low-Volume / Low-Growth Prescribers,508.0,6.46,83.76
1000000215,Internal Medicine,FL,3.0,Low-Volume / Low-Growth Prescribers,923.1,-58.34,55.96
1000000242,Nurse Practitioner,CA,0.0,Diversified Prescribers,4976.200000000001,-82.55,78.68
1000000247,Physician Assistant,CA,3.0,Low-Volume / Low-Growth Prescribers,3448.3,103.65,75.68
1000000252,Nurse Practitioner,NC,3.0,Low-Volume / Low-Growth Prescribers,1164.4,3.48,68.64
1000000261,Nephrology,VA,0.0,Diversified Prescribers,3812.599999999999,-20.9,64.19
1000000273,Nurse Practitioner,AZ,3.0,Low-Volume / Low-Growth Prescribers,695.5999999999999,-86.54,60.34
1000000278,Family Practice,TX,3.0,Low-Volume / Low-Growth Prescribers,727.5999999999999,5.16,76.39
1000000287,Internal Medicine,IN,0.0,Diversified Prescribers,11646.6,325.58,74.02
1000000300,Endocrinology,CA,0.0,Diversified Prescribers,2523.3,6.27,79.46
1000000328,Internal Medicine,FL,3.0,Low-Volume / Low-Growth Prescribers,732.5999999999999,279.37,48.8
1000000336,Nurse Practitioner,NY,0.0,Diversified Prescribers,5310.4,4.9,65.23
1000000338,Internal Medicine,CA,3.0,Low-Volume / Low-Growth Prescribers,846.4,44.24,98.31
1000000340,Internal Medicine,VA,3.0,Low-Volume / Low-Growth Prescribers,4089.2,-46.26,69.07
1000000345,Family Practice,NY,1.0,High-Volume Core Prescribers,45515.100000000006,-37.64,66.13
1000000347,Endocrinology,TX,1.0,High-Volume Core Prescribers,36255.7,-33.42,89.86
1000000348,Internal Medicine,MI,0.0,Diversified Prescribers,5427.799999999999,103.12,75.54
1000000351,Nurse Practitioner,NY,3.0,Low-Volume / Low-Growth Prescribers,831.8000000000001,15.77,50.46
1000000353,Endocrinology,FL,0.0,Diversified Prescribers,1926.3,-36.66,84.46
1000000356,Endocrinology,TX,1.0,High-Volume Core Prescribers,40810.2,169.62,79.23
1000000370,Endocrinology,NY,1.0,High-Volume Core Prescribers,37802.1,-0.11,74.73
1000000372,Endocrinology,TX,0.0,Diversified Prescribers,2445.6,-21.98,79.63
1000000386,Internal Medicine,FL,0.0,Diversified Prescribers,9821.0,-24.83,87.14
1000000389,Family Practice,GA,3.0,Low-Volume / Low-Growth Prescribers,4448.7,1856.46,78.6
1000000393,Family Practice,TX,3.0,Low-Volume / Low-Growth Prescribers,3780.8,58.98,63.52
1000000413,Family Practice,TX,3.0,Low-Volume / Low-Growth Prescribers,547.0999999999999,-52.24,74.61
1000000414,Family Practice,TX,0.0,Diversified Prescribers,5656.7,-17.86,67.72
1000000416,Internal Medicine,FL,0.0,Diversified Prescribers,5148.699999999999,35.22,70.97
1000000417,Internal Medicine,NY,3.0,Low-Volume / Low-Growth Prescribers,1090.1,155.49,61.21
1000000447,Family Practice,MI,0.0,Diversified Prescribers,3149.9,-5.74,87.89
1000000451,Internal Medicine,CA,0.0,Diversified Prescribers,3604.900000000001,840.17,69.59
1000000456,Endocrinology,FL,0.0,Diversified Prescribers,2205.2,264.39,86.62
1000000464,Physician Assistant,PA,0.0,Diversified Prescribers,18168.5,1360.88,77.55
1000000466,Internal Medicine,VA,0.0,Diversified Prescribers,12503.7,108.27,65.14
1000000468,Internal Medicine,VA,0.0,Diversified Prescribers,6299.999999999999,-24.13,75.22
1000000486,Endocrinology,GA,0.0,Diversified Prescribers,2610.8,-53.11,77.21
1000000491,Family Practice,OH,3.0,Low-Volume / Low-Growth Prescribers,638.1999999999999,-54.17,56.66
1000000502,Internal Medicine,TN,0.0,Diversified Prescribers,3062.2,19.61,85.44
1000000506,Nurse Practitioner,MI,3.0,Low-Volume / Low-Growth Prescribers,805.3000000000001,75.09,60.42
1000000523,Nurse Practitioner,GA,0.0,Diversified Prescribers,2976.0,35.64,94.77
1000000526,Internal Medicine,TX,0.0,Diversified Prescribers,17036.7,67.11,82.46
1000000556,Endocrinology,NY,0.0,Diversified Prescribers,2415.8,20.06,82.75
1000000566,Internal Medicine,PA,0.0,Diversified Prescribers,5432.7,-28.03,57.63
1000000591,Family Practice,CA,3.0,Low-Volume / Low-Growth Prescribers,622.1,501.86,47.6
1000000604,Endocrinology,FL,0.0,Diversified Prescribers,11553.499999999998,22.43,82.81
1000000607,Internal Medicine,CA,0.0,Diversified Prescribers,5713.8,16.92,60.44
1000000614,Nurse Practitioner,FL,0.0,Diversified Prescribers,23356.6,195.1,95.93
1000000615,Physician Assistant,NC,0.0,Diversified Prescribers,15996.1,-70.39,71.57
1000000627,Family Practice,TX,0.0,Diversified Prescribers,17773.399999999998,95.66,68.35
1000000636,Internal Medicine,OH,0.0,Diversified Prescribers,16122.600000000002,116.98,59.71
1000000638,Internal Medicine,GA,0.0,Diversified Prescribers,4840.800000000001,1.57,61.99
1000000641,Internal Medicine,CA,0.0,Diversified Prescribers,5385.8,228.55,62.86
1000000642,Internal Medicine,OH,3.0,Low-Volume / Low-Growth Prescribers,810.0999999999999,292.54,62.02
1000000658,Family Practice,PA,3.0,Low-Volume / Low-Growth Prescribers,6358.899999999999,241.63,55.14
1000000664,Endocrinology,TX,0.0,Diversified Prescribers,2053.9,-17.9,88.51
1000000674,Internal Medicine,PA,3.0,Low-Volume / Low-Growth Prescribers,790.9,-73.05,75.91
1000000675,Cardiology,AZ,0.0,Diversified Prescribers,4581.699999999999,-49.51,71.74
1000000683,Family Practice,IN,0.0,Diversified Prescribers,14274.9,235.55,63.28
1000000686,Family Practice,NC,3.0,Low-Volume / Low-Growth Prescribers,689.5999999999999,179.32,53.76
1000000708,Internal Medicine,MA,3.0,Low-Volume / Low-Growth Prescribers,945.4,54.77,47.73
1000000709,Family Practice,TX,0.0,Diversified Prescribers,4458.9,60.64,86.69
1000000754,Endocrinology,MA,0.0,Diversified Prescribers,1835.9,382.99,80.0
1000000763,Family Practice,CA,0.0,Diversified Prescribers,13370.300000000005,20.25,64.47
1000000765,Family Practice,IL,3.0,Low-Volume / Low-Growth Prescribers,1222.0,90.63,61.68
1000000782,Internal Medicine,TX,0.0,Diversified Prescribers,4781.700000000001,-18.3,73.31
1000000783,Internal Medicine,MA,0.0,Diversified Prescribers,11613.899999999998,-41.7,72.48
1000000784,Internal Medicine,PA,3.0,Low-Volume / Low-Growth Prescribers,5075.399999999998,-25.62,52.98
1000000786,Family Practice,VA,3.0,Low-Volume / Low-Growth Prescribers,510.0000000000001,64.34,83.55
1000000799,Physician Assistant,CA,0.0,Diversified Prescribers,9221.299999999996,203.78,93.51
1000000800,Family Practice,AZ,0.0,Diversified Prescribers,21630.4,184.85,87.6
1000000806,Physician Assistant,PA,0.0,Diversified Prescribers,6059.7,74.77,68.75
1000000815,Internal Medicine,PA,0.0,Diversified Prescribers,3228.4,38.86,73.01
1000000820,Family Practice,FL,3.0,Low-Volume / Low-Growth Prescribers,4738.499999999999,-19.64,51.84
1000000825,Nurse Practitioner,OH,0.0,Diversified Prescribers,15251.4,-0.97,87.29
1000000841,Family Practice,IN,1.0,High-Volume Core Prescribers,31654.1,-51.25,81.73
1000000847,Nephrology,TX,3.0,Low-Volume / Low-Growth Prescribers,1057.3,284.47,67.89
1000000853,Nurse Practitioner,IL,3.0,Low-Volume / Low-Growth Prescribers,2475.5,131.46,86.24
1000000855,Internal Medicine,NY,0.0,Diversified Prescribers,3731.0,-61.67,93.77
1000000856,Endocrinology,TX,0.0,Diversified Prescribers,1899.6,-43.63,78.04
1000000859,Endocrinology,PA,0.0,Diversified Prescribers,1861.2000000000005,124.19,88.25
1000000863,Internal Medicine,GA,0.0,Diversified Prescribers,9159.2,-55.86,81.26
1000000876,Family Practice,OH,3.0,Low-Volume / Low-Growth Prescribers,814.8000000000001,241.61,60.53
1000000882,Endocrinology,FL,0.0,Diversified Prescribers,2575.4999999999995,-9.48,75.48
1000000892,Family Practice,MA,0.0,Diversified Prescribers,20109.300000000003,-26.67,69.95
1000000899,Endocrinology,MA,0.0,Diversified Prescribers,1954.4,-74.61,81.1
1000000906,Family Practice,VA,0.0,Diversified Prescribers,19501.800000000003,66.7,59.87
1000000918,Family Practice,PA,3.0,Low-Volume / Low-Growth Prescribers,913.6,-47.22,75.72
1000000926,Internal Medicine,VA,3.0,Low-Volume / Low-Growth Prescribers,4534.700000000001,-9.89,76.08
1000000933,Internal Medicine,CA,3.0,Low-Volume / Low-Growth Prescribers,1006.1,256.99,58.74
1000000940,Internal Medicine,PA,0.0,Diversified Prescribers,17194.500000000004,195.11,63.98
1000000941,Internal Medicine,TX,3.0,Low-Volume / Low-Growth Prescribers,952.4,-22.6,65.67
1000000945,Endocrinology,TX,0.0,Diversified Prescribers,1927.6,64.48,75.38
1000000952,Endocrinology,TX,0.0,Diversified Prescribers,1710.2999999999995,-64.34,89.81
1000000955,Internal Medicine,TX,3.0,Low-Volume / Low-Growth Prescribers,948.7,-34.91,69.32
1000000957,Endocrinology,NY,1.0,High-Volume Core Prescribers,40269.7,1.33,77.3
1000000963,Internal Medicine,FL,3.0,Low-Volume / Low-Growth Prescribers,4370.8,-64.09,59.07
1000000984,Family Practice,GA,0.0,Diversified Prescribers,19805.5,-7.74,78.89
1000000988,Internal Medicine,OH,3.0,Low-Volume / Low-Growth Prescribers,892.9,83.0,75.22
1000000989,Family Practice,IN,0.0,Diversified Prescribers,11741.6,105.68,89.39
1000001001,Internal Medicine,CA,3.0,Low-Volume / Low-Growth Prescribers,761.2,-71.42,69.34
1000001003,Family Practice,PA,3.0,Low-Volume / Low-Growth Prescribers,4113.1,41.41,65.53
1000001006,Family Practice,PA,3.0,Low-Volume / Low-Growth Prescribers,923.1,16.68,71.09
1000001009,Internal Medicine,PA,0.0,Diversified Prescribers,17088.100000000002,-47.33,57.71
1000001022,Physician Assistant,NC,0.0,Diversified Prescribers,11719.3,138.29,75.7
1000001029,Family Practice,FL,0.0,Diversified Prescribers,4236.6,-35.75,86.18
1000001045,Family Practice,CA,,,3590.9000000000005,,71.12
1000001066,Internal Medicine,GA,3.0,Low-Volume / Low-Growth Prescribers,3398.8,-78.85,73.95
1000001073,Endocrinology,NC,0.0,Diversified Prescribers,1786.3,0.52,72.49
1000001082,Internal Medicine,TN,0.0,Diversified Prescribers,4315.6,-50.82,65.68
1000001084,Physician Assistant,PA,3.0,Low-Volume / Low-Growth Prescribers,711.1000000000001,-34.98,69.4
1000001101,Physician Assistant,FL,0.0,Diversified Prescribers,4872.5,23.07,59.87
1000001117,Nurse Practitioner,TX,0.0,Diversified Prescribers,4892.299999999999,-32.06,66.78
1000001118,Internal Medicine,IL,3.0,Low-Volume / Low-Growth Prescribers,1010.0,-91.78,59.2
1000001127,Internal Medicine,FL,0.0,Diversified Prescribers,19525.000000000004,0.4,54.05
1000001131,Internal Medicine,OH,3.0,Low-Volume / Low-Growth Prescribers,764.1000000000001,-20.17,77.82
1000001144,Internal Medicine,OH,3.0,Low-Volume / Low-Growth Prescribers,2797.0,-70.23,78.68
1000001151,Family Practice,NC,3.0,Low-Volume / Low-Growth Prescribers,685.1,109.45,70.03
1000001152,Family Practice,TX,3.0,Low-Volume / Low-Growth Prescribers,787.2,-18.83,96.6
1000001155,Family Practice,CA,3.0,Low-Volume / Low-Growth Prescribers,3496.0999999999995,1027.94,74.04
1000001159,Endocrinology,OH,1.0,High-Volume Core Prescribers,35978.90000000001,-46.04,87.93
1000001169,Internal Medicine,MI,0.0,Diversified Prescribers,5515.4,732.66,68.44
1000001181,Internal Medicine,PA,0.0,Diversified Prescribers,2714.2,193.12,77.0
1000001182,Family Practice,IN,3.0,Low-Volume / Low-Growth Prescribers,998.9,6.5,79.91
1000001188,Internal Medicine,TX,3.0,Low-Volume / Low-Growth Prescribers,619.5000000000001,-32.85,73.9
1000001198,Family Practice,VA,3.0,Low-Volume / Low-Growth Prescribers,1160.2,-64.53,48.21
1000001217,Family Practice,FL,3.0,Low-Volume / Low-Growth Prescribers,1019.9000000000002,-35.09,77.82
1000001221,Endocrinology,NY,0.0,Diversified Prescribers,12291.0,26.72,78.64
1000001225,Family Practice,NC,3.0,Low-Volume / Low-Growth Prescribers,2938.1000000000004,256.32,94.65
1000001226,Internal Medicine,TX,0.0,Diversified Prescribers,5647.9,25.54,70.73
1000001234,Family Practice,NC,0.0,Diversified Prescribers,15231.5,36.53,92.38
1000001260,Internal Medicine,MI,0.0,Diversified Prescribers,5449.500000000001,-79.12,71.81
1000001268,Family Practice,FL,3.0,Low-Volume / Low-Growth Prescribers,955.0,-85.98,43.26
1000001275,Endocrinology,NY,0.0,Diversified Prescribers,10880.899999999998,-28.38,68.42
1000001276,Internal Medicine,OH,3.0,Low-Volume / Low-Growth Prescribers,3670.9,-0.32,54.15
1000001287,Internal Medicine,AZ,3.0,Low-Volume / Low-Growth Prescribers,426.9000000000001,-66.25,83.3
1000001288,Endocrinology,VA,0.0,Diversified Prescribers,10829.999999999998,-16.44,72.14
1000001289,Endocrinology,TX,0.0,Diversified Prescribers,1793.8000000000002,88.02,85.77
1000001296,Endocrinology,CA,1.0,High-Volume Core Prescribers,36370.8,-61.62,76.41
1000001310,Endocrinology,TX,1.0,High-Volume Core Prescribers,62151.5,-21.08,77.12
1000001314,Internal Medicine,CA,0.0,Diversified Prescribers,4916.2,-80.25,71.18
1000001322,Nurse Practitioner,GA,0.0,Diversified Prescribers,13173.3,48.28,75.69
1000001324,Cardiology,TX,3.0,Low-Volume / Low-Growth Prescribers,887.9999999999998,-86.13,78.13
1000001336,Internal Medicine,MA,3.0,Low-Volume / Low-Growth Prescribers,760.2,-65.75,70.53
1000001353,Family Practice,MA,0.0,Diversified Prescribers,14409.399999999998,380.42,75.66
1000001362,Family Practice,CA,1.0,High-Volume Core Prescribers,27014.2,54.91,68.73
1000001363,Family Practice,NY,0.0,Diversified Prescribers,14962.000000000004,-72.71,86.24
1000001365,Endocrinology,PA,0.0,Diversified Prescribers,2616.6,133.58,76.94
1000001368,Endocrinology,AZ,0.0,Diversified Prescribers,15107.100000000002,25.33,87.41
1000001379,Family Practice,PA,0.0,Diversified Prescribers,20614.5,-19.22,65.3
1000001389,Internal Medicine,PA,0.0,Diversified Prescribers,14055.1,36.64,76.97
1000001392,Endocrinology,PA,0.0,Diversified Prescribers,10980.1,763.82,81.94
1000001400,Endocrinology,NC,0.0,Diversified Prescribers,1825.9,-45.22,79.25
1000001402,Endocrinology,CA,0.0,Diversified Prescribers,1846.4,29.87,68.97
1000001409,Nurse Practitioner,TX,3.0,Low-Volume / Low-Growth Prescribers,919.3,229.35,54.91
1000001418,Internal Medicine,FL,0.0,Diversified Prescribers,5454.200000000001,-2.77,62.26
1000001424,Cardiology,TX,3.0,Low-Volume / Low-Growth Prescribers,6911.1,-61.0,78.78
1000001431,Internal Medicine,FL,3.0,Low-Volume / Low-Growth Prescribers,386.3,-74.12,73.05
1000001435,Endocrinology,MI,0.0,Diversified Prescribers,2795.3,-21.05,70.23
1000001439,Family Practice,FL,3.0,Low-Volume / Low-Growth Prescribers,1051.3,-67.68,71.12
1000001444,Nurse Practitioner,VA,3.0,Low-Volume / Low-Growth Prescribers,1103.0,-29.59,69.38
1000001457,Family Practice,NY,3.0,Low-Volume / Low-Growth Prescribers,724.0,198.64,55.19
1000001459,Family Practice,AZ,0.0,Diversified Prescribers,7577.499999999999,45.04,77.55
1000001461,Family Practice,IN,0.0,Diversified Prescribers,5307.8,-55.79,71.47
1000001478,Family Practice,IL,0.0,Diversified Prescribers,3788.2,-89.41,78.64
1000001484,Internal Medicine,TX,3.0,Low-Volume / Low-Growth Prescribers,1067.5,-43.31,60.35
1000001495,Family Practice,GA,3.0,Low-Volume / Low-Growth Prescribers,764.6999999999998,-70.96,61.14
1000001498,Internal Medicine,PA,3.0,Low-Volume / Low-Growth Prescribers,645.5,-54.79,81.69
1000001518,Internal Medicine,IL,0.0,Diversified Prescribers,4047.8,-92.52,78.82
1000001522,Internal Medicine,TN,0.0,Diversified Prescribers,15644.4,-34.35,54.76
1000001544,Physician Assistant,GA,0.0,Diversified Prescribers,14257.500000000002,-22.8,63.62
1000001547,Internal Medicine,PA,3.0,Low-Volume / Low-Growth Prescribers,11614.1,-76.11,56.79
1000001548,Endocrinology,AZ,0.0,Diversified Prescribers,2024.9,-29.77,76.6
1000001553,Nurse Practitioner,NY,0.0,Diversified Prescribers,5084.6,-65.97,75.82
1000001561,Internal Medicine,FL,1.0,High-Volume Core Prescribers,27393.5,601.03,81.19
1000001565,Internal Medicine,AZ,0.0,Diversified Prescribers,6589.4000000000015,-1.75,74.23
1000001568,Family Practice,CA,0.0,Diversified Prescribers,12873.1,191.93,88.42
1000001570,Family Practice,IN,3.0,Low-Volume / Low-Growth Prescribers,3739.5,-27.89,60.9
1000001573,Nurse Practitioner,PA,3.0,Low-Volume / Low-Growth Prescribers,1138.2,742.02,48.44
1000001593,Endocrinology,IL,0.0,Diversified Prescribers,2172.7,-39.7,85.44
1000001623,Physician Assistant,VA,0.0,Diversified Prescribers,16795.0,-22.87,65.11
1000001628,Endocrinology,TX,0.0,Diversified Prescribers,2546.8,-9.98,79.72
1000001643,Family Practice,MA,0.0,Diversified Prescribers,15072.9,-65.25,35.56
1000001646,Endocrinology,IL,1.0,High-Volume Core Prescribers,30245.800000000003,-24.35,71.55
1000001651,Internal Medicine,IL,0.0,Diversified Prescribers,9930.2,117.97,81.13
1000001658,Internal Medicine,CA,0.0,Diversified Prescribers,5264.4,-25.96,65.66
1000001664,Nephrology,TX,0.0,Diversified Prescribers,3440.0000000000005,22.21,75.1
1000001669,Family Practice,TX,3.0,Low-Volume / Low-Growth Prescribers,621.0,301.84,56.99
1000001679,Family Practice,FL,3.0,Low-Volume / Low-Growth Prescribers,573.6000000000001,57.9,81.31
1000001690,Endocrinology,GA,0.0,Diversified Prescribers,10061.3,-51.49,89.63
1000001700,Physician Assistant,GA,3.0,Low-Volume / Low-Growth Prescribers,639.0,-60.22,76.32
1000001710,Endocrinology,PA,0.0,Diversified Prescribers,11053.8,648.55,72.22
1000001711,Endocrinology,CA,0.0,Diversified Prescribers,2152.9,-67.9,75.81
1000001714,Endocrinology,MI,1.0,High-Volume Core Prescribers,105872.39999999998,23.9,79.53
1000001718,Cardiology,NY,3.0,Low-Volume / Low-Growth Prescribers,581.7,135.3,66.29
1000001730,Internal Medicine,OH,3.0,Low-Volume / Low-Growth Prescribers,923.7,-5.94,82.79
1000001741,Family Practice,CA,0.0,Diversified Prescribers,16412.800000000003,-12.47,70.11
1000001755,Family Practice,IL,3.0,Low-Volume / Low-Growth Prescribers,3437.8999999999996,-76.0,65.6
1000001760,Internal Medicine,CA,3.0,Low-Volume / Low-Growth Prescribers,710.5999999999999,-28.98,82.02
1000001774,Family Practice,OH,3.0,Low-Volume / Low-Growth Prescribers,1014.3000000000002,580.1,73.62
1000001783,Family Practice,GA,0.0,Diversified Prescribers,5288.599999999999,-37.7,65.3
1000001792,Internal Medicine,VA,0.0,Diversified Prescribers,11483.4,90.93,71.34
1000001797,Endocrinology,CA,0.0,Diversified Prescribers,2616.0,-35.1,72.19
1000001803,Internal Medicine,MI,0.0,Diversified Prescribers,16023.6,72.9,69.41
1000001808,Endocrinology,IL,1.0,High-Volume Core Prescribers,46909.2,16.27,74.15
1000001816,Internal Medicine,GA,0.0,Diversified Prescribers,13616.8,103.88,62.86
1000001835,Family Practice,MI,1.0,High-Volume Core Prescribers,36660.100000000006,-79.27,87.47
1000001843,Family Practice,TN,3.0,Low-Volume / Low-Growth Prescribers,925.2999999999998,-60.97,73.84
1000001850,Internal Medicine,CA,0.0,Diversified Prescribers,4476.6,-32.7,75.26
1000001863,Internal Medicine,PA,0.0,Diversified Prescribers,3345.3999999999996,-75.48,60.36
1000001864,Cardiology,PA,3.0,Low-Volume / Low-Growth Prescribers,695.3,20.5,62.32
1000001867,Endocrinology,TX,1.0,High-Volume Core Prescribers,39149.0,21.06,83.33
1000001869,Family Practice,TN,3.0,Low-Volume / Low-Growth Prescribers,714.8000000000002,13.64,78.62
1000001875,Internal Medicine,CA,3.0,Low-Volume / Low-Growth Prescribers,643.2,-63.93,65.72
1000001878,Internal Medicine,VA,3.0,Low-Volume / Low-Growth Prescribers,820.8,-38.61,51.89
1000001893,Internal Medicine,GA,3.0,Low-Volume / Low-Growth Prescribers,566.4,206.11,80.38
1000001913,Internal Medicine,NY,0.0,Diversified Prescribers,16716.6,126.38,86.22
1000001925,Endocrinology,TX,0.0,Diversified Prescribers,2067.3,-40.06,77.79
1000001940,Endocrinology,FL,0.0,Diversified Prescribers,12633.000000000002,60.57,77.71
1000001945,Internal Medicine,IL,0.0,Diversified Prescribers,3814.2,-72.14,67.21
1000001965,Family Practice,CA,3.0,Low-Volume / Low-Growth Prescribers,659.3000000000002,-24.72,81.97
1000001991,Endocrinology,FL,0.0,Diversified Prescribers,10572.399999999996,-55.81,66.67
1000001997,Endocrinology,CA,0.0,Diversified Prescribers,10633.899999999998,-23.57,82.06
1000001999,Internal Medicine,AZ,0.0,Diversified Prescribers,4649.5,93.32,73.69
1000002016,Internal Medicine,TN,0.0,Diversified Prescribers,5179.9,-44.09,66.78
1000002025,Internal Medicine,VA,0.0,Diversified Prescribers,5897.3,16.81,93.98
1000002056,Internal Medicine,NY,0.0,Diversified Prescribers,3943.6,3.84,71.2
1000002070,Family Practice,IL,3.0,Low-Volume / Low-Growth Prescribers,893.9999999999997,-68.01,65.19
1000002087,Family Practice,CA,3.0,Low-Volume / Low-Growth Prescribers,3973.1,209.15,69.93
1000002088,Family Practice,TX,0.0,Diversified Prescribers,3187.8999999999996,276.36,82.11
1000002103,Family Practice,AZ,3.0,Low-Volume / Low-Growth Prescribers,884.0999999999999,-61.84,59.21
1000002106,Nurse Practitioner,CA,0.0,Diversified Prescribers,17829.5,18.76,60.54
1000002128,Nurse Practitioner,IL,3.0,Low-Volume / Low-Growth Prescribers,4658.200000000001,306.59,51.67
1000002136,Endocrinology,IN,0.0,Diversified Prescribers,2101.8,36.45,79.02
1000002141,Internal Medicine,AZ,0.0,Diversified Prescribers,15312.4,-66.62,65.4
1000002142,Family Practice,PA,3.0,Low-Volume / Low-Growth Prescribers,1266.3000000000002,26.91,62.32
1000002143,Internal Medicine,MA,0.0,Diversified Prescribers,16347.9,32.12,52.09
1000002151,Endocrinology,MA,0.0,Diversified Prescribers,10503.8,-32.57,72.5
1000002159,Family Practice,FL,3.0,Low-Volume / Low-Growth Prescribers,4065.000000000001,58.37,68.91
1000002160,Family Practice,OH,3.0,Low-Volume / Low-Growth Prescribers,633.8000000000001,-86.23,93.64
1000002173,Nurse Practitioner,CA,0.0,Diversified Prescribers,6342.600000000001,-11.48,68.4
1000002176,Internal Medicine,NC,3.0,Low-Volume / Low-Growth Prescribers,4642.2,-35.38,59.76
1000002182,Endocrinology,MA,1.0,High-Volume Core Prescribers,40998.100000000006,82.54,87.02
1000002190,Internal Medicine,AZ,3.0,Low-Volume / Low-Growth Prescribers,1727.1,43.03,86.24
1000002191,Nurse Practitioner,TX,3.0,Low-Volume / Low-Growth Prescribers,544.0,25.3,66.75
1000002194,Endocrinology,IL,0.0,Diversified Prescribers,2598.8000000000006,-34.59,85.72
1000002198,Internal Medicine,AZ,0.0,Diversified Prescribers,5455.199999999999,-21.79,76.23
1000002219,Endocrinology,FL,0.0,Diversified Prescribers,12111.4,-3.23,79.49
1000002238,Endocrinology,TX,0.0,Diversified Prescribers,10833.4,171.0,78.08
1000002241,Endocrinology,CA,1.0,High-Volume Core Prescribers,39269.0,36.25,76.43
1000002245,Internal Medicine,VA,0.0,Diversified Prescribers,19517.0,871.53,59.29
1000002250,Endocrinology,FL,0.0,Diversified Prescribers,10991.7,3.98,86.45
1000002253,Family Practice,CA,0.0,Diversified Prescribers,12422.0,-15.86,61.15
1000002261,Family Practice,TX,3.0,Low-Volume / Low-Growth Prescribers,1026.6,-45.67,61.2
1000002272,Internal Medicine,NC,0.0,Diversified Prescribers,3781.4,81.36,72.36
1000002285,Internal Medicine,MA,3.0,Low-Volume / Low-Growth Prescribers,1182.6,27.27,82.45
1000002288,Internal Medicine,TN,0.0,Diversified Prescribers,3410.7,21.87,65.39
1000002289,Internal Medicine,IL,3.0,Low-Volume / Low-Growth Prescribers,3816.7,-86.0,70.03
1000002291,Internal Medicine,FL,3.0,Low-Volume / Low-Growth Prescribers,744.8,28.14,59.2
1000002292,Internal Medicine,NY,3.0,Low-Volume / Low-Growth Prescribers,2955.7000000000003,76.95,60.62
1000002293,Internal Medicine,FL,3.0,Low-Volume / Low-Growth Prescribers,4265.0,-40.05,70.46
1000002300,Family Practice,CA,3.0,Low-Volume / Low-Growth Prescribers,4065.6,-93.28,58.27
1000002301,Family Practice,CA,3.0,Low-Volume / Low-Growth Prescribers,806.5000000000001,184.37,81.12
1000002303,Internal Medicine,PA,3.0,Low-Volume / Low-Growth Prescribers,677.6999999999999,80.22,77.53
1000002304,Physician Assistant,NY,3.0,Low-Volume / Low-Growth Prescribers,1007.8,27.43,76.94
1000002309,Internal Medicine,FL,3.0,Low-Volume / Low-Growth Prescribers,1386.7,15.47,51.37
1000002325,Physician Assistant,AZ,3.0,Low-Volume / Low-Growth Prescribers,825.5000000000002,-29.77,67.78
1000002335,Internal Medicine,TX,0.0,Diversified Prescribers,5956.0,30.22,64.63
1000002342,Endocrinology,CA,0.0,Diversified Prescribers,2093.8,12.29,85.17
1000002352,Family Practice,IN,3.0,Low-Volume / Low-Growth Prescribers,712.6,232.85,60.44
1000002354,Family Practice,CA,0.0,Diversified Prescribers,14695.499999999998,98.78,66.45
1000002357,Endocrinology,FL,1.0,High-Volume Core Prescribers,35955.9,16.69,85.34
1000002370,Family Practice,PA,0.0,Diversified Prescribers,14171.999999999998,-24.19,69.65
1000002398,Family Practice,FL,3.0,Low-Volume / Low-Growth Prescribers,1031.9,-89.95,55.5
1000002409,Internal Medicine,PA,3.0,Low-Volume / Low-Growth Prescribers,671.0999999999999,128.44,82.71
1000002416,Internal Medicine,NY,0.0,Diversified Prescribers,17921.199999999997,266.16,73.02
1000002434,Physician Assistant,IN,0.0,Diversified Prescribers,17702.3,252.2,67.35
1000002435,Internal Medicine,PA,0.0,Diversified Prescribers,5330.3,2.64,59.57
1000002443,Family Practice,CA,0.0,Diversified Prescribers,4097.099999999999,-46.32,67.54
1000002449,Internal Medicine,CA,0.0,Diversified Prescribers,15968.899999999996,36.75,66.15
1000002462,Family Practice,VA,0.0,Diversified Prescribers,4284.1,66.68,65.56
1000002467,Endocrinology,NY,0.0,Diversified Prescribers,14462.2,249.72,84.01
1000002472,Nurse Practitioner,CA,1.0,High-Volume Core Prescribers,41495.0,-3.69,68.13
1000002482,Physician Assistant,IN,0.0,Diversified Prescribers,4324.3,-0.45,68.01
1000002485,Cardiology,FL,0.0,Diversified Prescribers,4065.7,-67.91,65.89
1000002489,Internal Medicine,CA,0.0,Diversified Prescribers,5521.7,145.58,62.53
1000002490,Internal Medicine,IN,0.0,Diversified Prescribers,18827.200000000004,-74.15,80.99
1000002491,Internal Medicine,TX,3.0,Low-Volume / Low-Growth Prescribers,776.0999999999999,103.46,69.59
1000002493,Internal Medicine,CA,3.0,Low-Volume / Low-Growth Prescribers,8055.3,-71.58,74.1
1000002501,Family Practice,TX,0.0,Diversified Prescribers,12075.399999999998,2818.57,74.38
1000002510,Endocrinology,TX,3.0,Low-Volume / Low-Growth Prescribers,1408.3000000000002,87.17,94.59
1000002512,Internal Medicine,FL,0.0,Diversified Prescribers,13694.3,64.3,66.89
1000002513,Internal Medicine,TX,3.0,Low-Volume / Low-Growth Prescribers,823.7,-28.42,68.36
1000002519,Family Practice,MI,0.0,Diversified Prescribers,18988.9,58.24,49.15
1000002534,Family Practice,PA,3.0,Low-Volume / Low-Growth Prescribers,1060.5,-40.22,74.13
1000002537,Endocrinology,PA,0.0,Diversified Prescribers,10998.5,-26.47,82.17
1000002542,Nurse Practitioner,NC,0.0,Diversified Prescribers,14834.0,-34.23,75.43
1000002543,Family Practice,TX,0.0,Diversified Prescribers,4149.799999999999,24.95,48.27
1000002554,Endocrinology,PA,0.0,Diversified Prescribers,9808.7,38.84,68.9
1000002558,Endocrinology,MA,0.0,Diversified Prescribers,1989.7999999999995,56.3,81.28
1000002587,Family Practice,OH,3.0,Low-Volume / Low-Growth Prescribers,681.0,-56.94,64.89
1000002592,Internal Medicine,GA,3.0,Low-Volume / Low-Growth Prescribers,982.1,-63.49,57.96
1000002597,Internal Medicine,CA,3.0,Low-Volume / Low-Growth Prescribers,1230.2000000000005,237.94,64.99
1000002598,Internal Medicine,TX,3.0,Low-Volume / Low-Growth Prescribers,1186.2,-26.29,56.05
1000002610,Family Practice,GA,3.0,Low-Volume / Low-Growth Prescribers,9968.1,3332.14,60.43
1000002614,Internal Medicine,IL,3.0,Low-Volume / Low-Growth Prescribers,699.4,-70.99,76.68
1000002633,Endocrinology,TX,1.0,High-Volume Core Prescribers,30669.0,243.5,80.71
1000002638,Physician Assistant,NC,0.0,Diversified Prescribers,5597.1,127.63,58.73
1000002640,Internal Medicine,IN,1.0,High-Volume Core Prescribers,37225.4,-51.02,75.1
1000002652,Internal Medicine,VA,3.0,Low-Volume / Low-Growth Prescribers,876.9000000000003,10.91,54.93
1000002677,Endocrinology,MI,0.0,Diversified Prescribers,8203.3,-4.65,80.42
1000002678,Endocrinology,TX,0.0,Diversified Prescribers,12930.999999999998,136.2,86.8
1000002680,Internal Medicine,TX,3.0,Low-Volume / Low-Growth Prescribers,661.7,64.02,72.89
1000002685,Endocrinology,IN,0.0,Diversified Prescribers,10160.9,-58.67,82.4
1000002686,Endocrinology,OH,0.0,Diversified Prescribers,1400.5,-48.86,81.69
1000002688,Internal Medicine,PA,3.0,Low-Volume / Low-Growth Prescribers,1234.7,47.88,74.55
1000002694,Physician Assistant,AZ,3.0,Low-Volume / Low-Growth Prescribers,707.5000000000001,400.0,50.87
1000002702,Endocrinology,IL,3.0,Low-Volume / Low-Growth Prescribers,1944.2,108.8,83.65
1000002703,Endocrinology,CA,0.0,Diversified Prescribers,2559.0000000000005,-38.35,85.53
1000002704,Family Practice,IN,3.0,Low-Volume / Low-Growth Prescribers,1290.0,238.87,58.05
1000002707,Internal Medicine,NY,1.0,High-Volume Core Prescribers,29033.9,-67.17,66.36
1000002728,Internal Medicine,IN,3.0,Low-Volume / Low-Growth Prescribers,897.4000000000001,-79.46,96.06
1000002730,Family Practice,CA,3.0,Low-Volume / Low-Growth Prescribers,4045.9,20.64,63.73
1000002731,Internal Medicine,PA,3.0,Low-Volume / Low-Growth Prescribers,876.0,39.92,71.27
1000002735,Family Practice,PA,3.0,Low-Volume / Low-Growth Prescribers,4021.8,-24.72,61.39
1000002751,Family Practice,IN,0.0,Diversified Prescribers,13872.2,-46.42,84.37
1000002765,Physician Assistant,CA,0.0,Diversified Prescribers,5137.4,-51.29,69.11
1000002768,Internal Medicine,PA,3.0,Low-Volume / Low-Growth Prescribers,645.9,-71.77,90.63
1000002773,Internal Medicine,CA,3.0,Low-Volume / Low-Growth Prescribers,735.1,-58.11,91.12
1000002779,Internal Medicine,OH,0.0,Diversified Prescribers,6174.7,1010.5,60.74
1000002781,Nurse Practitioner,CA,0.0,Diversified Prescribers,4580.0,140.33,65.2
1000002786,Physician Assistant,IL,0.0,Diversified Prescribers,17456.0,-33.85,82.61
1000002809,Family Practice,CA,3.0,Low-Volume / Low-Growth Prescribers,1050.6,19.21,73.9
1000002834,Internal Medicine,FL,0.0,Diversified Prescribers,3900.2,305.88,65.58
1000002846,Family Practice,PA,0.0,Diversified Prescribers,14457.8,906.25,59.04
1000002847,Internal Medicine,PA,0.0,Diversified Prescribers,20288.3,252.79,83.45
1000002851,Internal Medicine,CA,0.0,Diversified Prescribers,13649.8,-39.97,69.37
1000002856,Internal Medicine,VA,3.0,Low-Volume / Low-Growth Prescribers,5555.4,6.44,45.67
1000002864,Internal Medicine,PA,0.0,Diversified Prescribers,13053.899999999996,-57.4,69.34
1000002869,Internal Medicine,IN,0.0,Diversified Prescribers,3940.1,14.9,74.85
1000002882,Internal Medicine,VA,3.0,Low-Volume / Low-Growth Prescribers,1056.9,-26.85,53.49
1000002888,Family Practice,FL,0.0,Diversified Prescribers,4398.4,814.92,69.45
1000002900,Endocrinology,CA,0.0,Diversified Prescribers,1763.5,33.5,81.92
1000002901,Family Practice,GA,0.0,Diversified Prescribers,20706.2,-6.07,74.86
1000002909,Internal Medicine,OH,3.0,Low-Volume / Low-Growth Prescribers,565.5000000000001,-60.5,85.29
1000002917,Nurse Practitioner,TX,1.0,High-Volume Core Prescribers,33394.1,-44.83,51.37
1000002947,Internal Medicine,TX,3.0,Low-Volume / Low-Growth Prescribers,823.7,1866.67,86.41
1000002959,Family Practice,TX,0.0,Diversified Prescribers,11540.8,-84.6,69.33
1000002963,Cardiology,NY,3.0,Low-Volume / Low-Growth Prescribers,1220.5,223.94,66.62
1000002969,Internal Medicine,FL,0.0,Diversified Prescribers,11846.499999999998,-49.91,68.87
1000002981,Internal Medicine,CA,3.0,Low-Volume / Low-Growth Prescribers,1224.2,418.6,64.83
1000002982,Family Practice,NY,0.0,Diversified Prescribers,4578.3,30.62,67.88
1000002987,Internal Medicine,VA,3.0,Low-Volume / Low-Growth Prescribers,789.0999999999999,79.47,55.72
1000002993,Internal Medicine,IL,3.0,Low-Volume / Low-Growth Prescribers,926.4,143.59,74.73
1000002995,Nurse Practitioner,CA,3.0,Low-Volume / Low-Growth Prescribers,650.0999999999999,315.48,66.64
1000003004,Family Practice,IL,0.0,Diversified Prescribers,6399.5999999999985,313.73,68.71
1000003016,Family Practice,FL,3.0,Low-Volume / Low-Growth Prescribers,961.5,105.45,53.67
1000003024,Endocrinology,FL,0.0,Diversified Prescribers,12700.500000000002,16.15,78.61
1000003069,Family Practice,CA,3.0,Low-Volume / Low-Growth Prescribers,685.1999999999999,-69.06,83.16
1000003079,Physician Assistant,GA,0.0,Diversified Prescribers,15651.9,86.45,74.89
1000003090,Internal Medicine,TX,3.0,Low-Volume / Low-Growth Prescribers,1066.1,141.54,52.02
1000003103,Internal Medicine,IN,0.0,Diversified Prescribers,11688.799999999996,-26.6,68.71
1000003106,Family Practice,TX,0.0,Diversified Prescribers,11268.2,68.13,51.96
1000003122,Endocrinology,TX,0.0,Diversified Prescribers,9547.5,69.76,65.07
1000003127,Endocrinology,PA,1.0,High-Volume Core Prescribers,81489.70000000001,69.62,65.05
1000003154,Internal Medicine,MI,0.0,Diversified Prescribers,3720.500000000001,10.95,86.95
1000003160,Internal Medicine,CA,3.0,Low-Volume / Low-Growth Prescribers,877.9000000000001,-39.87,64.75
1000003195,Internal Medicine,NC,0.0,Diversified Prescribers,5125.299999999999,-17.05,71.4
1000003208,Internal Medicine,IL,3.0,Low-Volume / Low-Growth Prescribers,969.6,-77.73,75.39
1000003221,Endocrinology,IN,0.0,Diversified Prescribers,2121.6,-57.13,81.26
1000003267,Family Practice,NY,3.0,Low-Volume / Low-Growth Prescribers,902.0,-47.26,81.73
1000003269,Family Practice,GA,3.0,Low-Volume / Low-Growth Prescribers,745.2,-45.5,74.81
1000003277,Internal Medicine,AZ,3.0,Low-Volume / Low-Growth Prescribers,4105.599999999999,79.43,57.74
1000003295,Endocrinology,CA,1.0,High-Volume Core Prescribers,25950.4,132.68,76.49
1000003301,Nephrology,CA,0.0,Diversified Prescribers,3748.999999999999,-51.27,71.48
1000003302,Internal Medicine,VA,3.0,Low-Volume / Low-Growth Prescribers,762.0,696.52,50.28
1000003304,Internal Medicine,CA,0.0,Diversified Prescribers,13260.2,124.18,98.07
1000003318,Family Practice,IN,3.0,Low-Volume / Low-Growth Prescribers,970.6,101.75,60.0
1000003321,Endocrinology,NY,1.0,High-Volume Core Prescribers,91151.2,1.68,77.0
1000003326,Family Practice,IN,0.0,Diversified Prescribers,14729.6,-15.36,47.67
1000003331,Family Practice,NY,0.0,Diversified Prescribers,17307.3,132.93,92.95
1000003342,Family Practice,CA,3.0,Low-Volume / Low-Growth Prescribers,515.8,47.96,92.34
1000003345,Family Practice,OH,0.0,Diversified Prescribers,15592.2,53.37,67.71
1000003351,Internal Medicine,GA,0.0,Diversified Prescribers,14689.5,51.68,86.69
1000003354,Internal Medicine,PA,0.0,Diversified Prescribers,4470.6,-13.38,71.86
1000003357,Internal Medicine,TX,3.0,Low-Volume / Low-Growth Prescribers,11968.4,18.17,50.78
1000003365,Family Practice,VA,3.0,Low-Volume / Low-Growth Prescribers,784.3000000000001,-99.03,82.99
1000003381,Internal Medicine,PA,3.0,Low-Volume / Low-Growth Prescribers,2237.5,375.14,43.0
1000003382,Endocrinology,IL,0.0,Diversified Prescribers,9363.7,169.97,73.66
1000003389,Family Practice,NY,3.0,Low-Volume / Low-Growth Prescribers,1237.8000000000002,-93.2,50.01
1000003402,Nephrology,FL,0.0,Diversified Prescribers,3538.5000000000005,97.72,60.94
1000003409,Endocrinology,PA,1.0,High-Volume Core Prescribers,101899.30000000002,8.08,73.6
1000003412,Endocrinology,IL,0.0,Diversified Prescribers,2184.1,-55.0,80.42
1000003424,Family Practice,IN,0.0,Diversified Prescribers,4538.599999999999,-64.13,67.67
1000003445,Family Practice,TX,3.0,Low-Volume / Low-Growth Prescribers,629.4,-67.57,90.63
1000003447,Family Practice,GA,1.0,High-Volume Core Prescribers,29905.0,314.46,76.66
1000003451,Family Practice,CA,1.0,High-Volume Core Prescribers,25097.6,-16.06,72.36
1000003452,Family Practice,OH,3.0,Low-Volume / Low-Growth Prescribers,1096.8000000000002,109.47,82.6
1000003454,Physician Assistant,MA,3.0,Low-Volume / Low-Growth Prescribers,639.6,-76.77,61.02
1000003456,Internal Medicine,NC,3.0,Low-Volume / Low-Growth Prescribers,947.1,-63.86,62.64
1000003463,Family Practice,PA,0.0,Diversified Prescribers,16617.2,5.28,57.53
1000003464,Endocrinology,OH,0.0,Diversified Prescribers,2220.6000000000004,-35.36,82.57
1000003470,Endocrinology,VA,0.0,Diversified Prescribers,9230.7,51.47,77.79
1000003477,Internal Medicine,MI,3.0,Low-Volume / Low-Growth Prescribers,736.3000000000001,4.52,90.86
1000003480,Endocrinology,TX,1.0,High-Volume Core Prescribers,27375.9,20.86,77.24
1000003481,Family Practice,TX,0.0,Diversified Prescribers,13828.2,76.93,55.21
1000003490,Endocrinology,NC,1.0,High-Volume Core Prescribers,40982.2,-28.58,84.19
1000003491,Family Practice,TX,3.0,Low-Volume / Low-Growth Prescribers,713.6,65.36,81.71
1000003493,Nurse Practitioner,FL,3.0,Low-Volume / Low-Growth Prescribers,892.2000000000002,-40.16,76.5
1000003495,Internal Medicine,FL,1.0,High-Volume Core Prescribers,40579.8,23.35,75.97
1000003502,Nephrology,CA,3.0,Low-Volume / Low-Growth Prescribers,1253.8,565.2,61.32
1000003505,Family Practice,NY,1.0,High-Volume Core Prescribers,30912.0,139.48,73.55
1000003511,Endocrinology,PA,1.0,High-Volume Core Prescribers,71738.29999999999,27.98,84.19
1000003520,Internal Medicine,PA,3.0,Low-Volume / Low-Growth Prescribers,385.6,207.21,59.7
1000003525,Endocrinology,NY,0.0,Diversified Prescribers,10065.000000000002,-55.22,78.92
1000003526,Cardiology,TN,3.0,Low-Volume / Low-Growth Prescribers,587.0999999999999,62.48,84.35
1000003543,Internal Medicine,GA,3.0,Low-Volume / Low-Growth Prescribers,779.2,10.81,66.95
1000003547,Internal Medicine,CA,0.0,Diversified Prescribers,5557.5,-2.85,72.16
1000003557,Internal Medicine,TX,0.0,Diversified Prescribers,5002.500000000001,8.57,60.94
1000003559,Internal Medicine,IL,0.0,Diversified Prescribers,5732.3,-7.18,72.71
1000003577,Internal Medicine,OH,0.0,Diversified Prescribers,5711.4,47.76,78.45
1000003599,Family Practice,OH,0.0,Diversified Prescribers,3282.8999999999996,64.13,90.49
1000003601,Family Practice,VA,3.0,Low-Volume / Low-Growth Prescribers,3119.2,51.54,58.07
1000003621,Internal Medicine,OH,0.0,Diversified Prescribers,11776.8,207.01,44.64
1000003623,Nurse Practitioner,NC,3.0,Low-Volume / Low-Growth Prescribers,916.2,74.75,73.94
1000003624,Internal Medicine,FL,3.0,Low-Volume / Low-Growth Prescribers,541.1999999999999,-1.85,86.94
1000003632,Internal Medicine,VA,3.0,Low-Volume / Low-Growth Prescribers,718.2,-35.55,75.9
1000003634,Endocrinology,GA,0.0,Diversified Prescribers,11206.300000000005,16.78,87.26
1000003638,Internal Medicine,IL,0.0,Diversified Prescribers,4560.8,290.19,61.34
1000003657,Internal Medicine,NY,3.0,Low-Volume / Low-Growth Prescribers,626.9,24.85,72.56
1000003665,Internal Medicine,NY,3.0,Low-Volume / Low-Growth Prescribers,1015.5,97.22,78.56
1000003672,Family Practice,PA,3.0,Low-Volume / Low-Growth Prescribers,3692.5,-85.9,69.12
1000003705,Nurse Practitioner,TX,0.0,Diversified Prescribers,14029.9,100.42,74.85
1000003727,Endocrinology,CA,1.0,High-Volume Core Prescribers,40458.0,30.1,74.81
1000003731,Physician Assistant,PA,3.0,Low-Volume / Low-Growth Prescribers,913.7999999999998,56.15,60.35
1000003738,Family Practice,OH,0.0,Diversified Prescribers,14154.0,-95.51,81.55
1000003743,Endocrinology,NY,0.0,Diversified Prescribers,2221.7999999999997,12.73,79.98
1000003754,Internal Medicine,NY,0.0,Diversified Prescribers,3784.8000000000006,-81.7,94.75
1000003757,Internal Medicine,VA,0.0,Diversified Prescribers,12639.8,188.1,83.96
1000003758,Internal Medicine,OH,3.0,Low-Volume / Low-Growth Prescribers,712.3999999999999,38.85,54.37
1000003765,Internal Medicine,CA,0.0,Diversified Prescribers,2862.2,288.53,82.9
1000003767,Internal Medicine,NY,0.0,Diversified Prescribers,18874.099999999995,-17.12,67.95
1000003782,Endocrinology,MA,0.0,Diversified Prescribers,2250.3,43.55,67.96
1000003800,Internal Medicine,AZ,0.0,Diversified Prescribers,4158.400000000001,27.92,90.91
1000003833,Internal Medicine,NY,0.0,Diversified Prescribers,5887.1,136.7,51.09
1000003865,Internal Medicine,MI,0.0,Diversified Prescribers,14891.1,-40.37,80.7
1000003874,Endocrinology,OH,1.0,High-Volume Core Prescribers,68022.0,124.02,80.67
1000003882,Physician Assistant,NC,0.0,Diversified Prescribers,5236.0,257.96,79.97
1000003887,Family Practice,FL,3.0,Low-Volume / Low-Growth Prescribers,630.8,9.93,90.92
1000003888,Family Practice,OH,1.0,High-Volume Core Prescribers,33220.700000000004,-30.42,61.49
1000003889,Internal Medicine,CA,0.0,Diversified Prescribers,17093.1,-43.91,50.4
1000003893,Internal Medicine,GA,1.0,High-Volume Core Prescribers,36779.9,-15.37,63.63
1000003900,Internal Medicine,PA,0.0,Diversified Prescribers,16782.5,-24.07,73.92
1000003914,Physician Assistant,CA,0.0,Diversified Prescribers,17590.299999999996,612.12,68.38
1000003949,Internal Medicine,AZ,3.0,Low-Volume / Low-Growth Prescribers,746.8,29.98,90.51
1000003978,Endocrinology,NC,0.0,Diversified Prescribers,1640.8000000000004,-79.23,81.02
1000003981,Family Practice,TX,3.0,Low-Volume / Low-Growth Prescribers,3864.5,65.76,51.07
1000003985,Physician Assistant,MI,0.0,Diversified Prescribers,16270.1,-36.37,60.4
1000003987,Internal Medicine,IL,3.0,Low-Volume / Low-Growth Prescribers,528.5,265.99,83.69
1000003995,Internal Medicine,VA,0.0,Diversified Prescribers,11909.7,-45.21,75.12
1000004001,Family Practice,FL,3.0,Low-Volume / Low-Growth Prescribers,1216.4,-61.19,73.26
1000004002,Family Practice,FL,0.0,Diversified Prescribers,14037.0,77.38,54.5
1000004009,Endocrinology,FL,0.0,Diversified Prescribers,2554.7000000000003,122.58,77.41
1000004015,Internal Medicine,TX,0.0,Diversified Prescribers,5115.4,-53.3,61.29
1000004018,Internal Medicine,PA,0.0,Diversified Prescribers,4191.9,636.16,75.36
1000004025,Family Practice,CA,3.0,Low-Volume / Low-Growth Prescribers,1037.4,133.61,71.2
1000004026,Internal Medicine,PA,3.0,Low-Volume / Low-Growth Prescribers,724.0999999999998,-69.44,75.5
1000004032,Endocrinology,IL,0.0,Diversified Prescribers,9603.4,24.78,75.66
1000004053,Internal Medicine,NY,3.0,Low-Volume / Low-Growth Prescribers,3807.500000000001,-54.22,47.02
1000004054,Family Practice,NY,3.0,Low-Volume / Low-Growth Prescribers,1049.0,-25.33,82.32
1000004070,Internal Medicine,NY,3.0,Low-Volume / Low-Growth Prescribers,3350.2,130.09,78.01
1000004071,Family Practice,NY,0.0,Diversified Prescribers,16755.5,60.9,84.41
1000004073,Family Practice,FL,3.0,Low-Volume / Low-Growth Prescribers,4235.3,-24.64,87.2
1000004084,Internal Medicine,PA,3.0,Low-Volume / Low-Growth Prescribers,766.6000000000001,67.9,73.53
1000004094,Internal Medicine,MI,0.0,Diversified Prescribers,13737.899999999998,118.97,69.16
1000004100,Family Practice,NY,3.0,Low-Volume / Low-Growth Prescribers,970.3,136.2,63.85
1000004102,Internal Medicine,MA,3.0,Low-Volume / Low-Growth Prescribers,818.5999999999999,-46.31,46.53
1000004110,Family Practice,NY,3.0,Low-Volume / Low-Growth Prescribers,1136.8000000000002,1812.38,61.49
1000004114,Family Practice,TX,0.0,Diversified Prescribers,4480.299999999999,454.18,73.43
1000004116,Nurse Practitioner,VA,3.0,Low-Volume / Low-Growth Prescribers,969.4999999999998,-41.41,64.66
1000004118,Endocrinology,CA,1.0,High-Volume Core Prescribers,78978.8,-48.79,78.27
1000004122,Family Practice,PA,3.0,Low-Volume / Low-Growth Prescribers,807.0000000000001,-67.96,79.76
1000004126,Family Practice,FL,3.0,Low-Volume / Low-Growth Prescribers,1081.5,-4.98,86.54
1000004128,Internal Medicine,FL,0.0,Diversified Prescribers,2898.0,-79.22,91.99
1000004132,Family Practice,CA,0.0,Diversified Prescribers,3530.6000000000004,155.92,60.04
1000004148,Family Practice,GA,0.0,Diversified Prescribers,4780.699999999999,-5.71,70.83
1000004165,Internal Medicine,IL,3.0,Low-Volume / Low-Growth Prescribers,700.8,691.58,69.48
1000004167,Endocrinology,TX,0.0,Diversified Prescribers,2412.4,2.01,82.05
1000004172,Internal Medicine,PA,3.0,Low-Volume / Low-Growth Prescribers,776.7,177.25,72.8
1000004181,Family Practice,AZ,3.0,Low-Volume / Low-Growth Prescribers,803.0999999999999,-88.64,64.34
1000004186,Endocrinology,FL,0.0,Diversified Prescribers,1860.1,-76.29,78.64
1000004189,Family Practice,TX,1.0,High-Volume Core Prescribers,35106.0,-59.46,74.9
1000004198,Internal Medicine,PA,3.0,Low-Volume / Low-Growth Prescribers,944.3,328.69,54.1
1000004199,Family Practice,OH,,,371.6,,77.37
1000004217,Internal Medicine,GA,3.0,Low-Volume / Low-Growth Prescribers,3981.7999999999993,3.05,74.64
1000004228,Internal Medicine,FL,3.0,Low-Volume / Low-Growth Prescribers,480.4,25.21,62.97
1000004238,Family Practice,CA,1.0,High-Volume Core Prescribers,35157.899999999994,-81.26,64.22
1000004239,Internal Medicine,OH,1.0,High-Volume Core Prescribers,31628.7,179.52,63.36
1000004245,Physician Assistant,PA,0.0,Diversified Prescribers,3834.999999999999,-23.52,80.02
1000004268,Family Practice,NY,1.0,High-Volume Core Prescribers,32928.5,-45.08,76.11
1000004273,Internal Medicine,NY,0.0,Diversified Prescribers,4619.4,-5.06,67.86
1000004281,Family Practice,TN,3.0,Low-Volume / Low-Growth Prescribers,702.8,-17.97,71.19
1000004296,Endocrinology,CA,1.0,High-Volume Core Prescribers,129428.5,-28.69,79.68
1000004306,Internal Medicine,NY,0.0,Diversified Prescribers,6826.600000000001,12.21,72.69
1000004312,Endocrinology,TN,0.0,Diversified Prescribers,1986.3,1114.23,75.67
1000004318,Internal Medicine,OH,0.0,Diversified Prescribers,18356.9,20.65,52.59
1000004320,Family Practice,CA,0.0,Diversified Prescribers,4155.5,1083.23,67.68
1000004326,Endocrinology,NC,0.0,Diversified Prescribers,11311.8,-38.98,76.03
1000004328,Endocrinology,NY,0.0,Diversified Prescribers,2383.0,127.56,82.26
1000004330,Internal Medicine,FL,3.0,Low-Volume / Low-Growth Prescribers,831.1,-70.32,48.48
1000004345,Internal Medicine,MI,0.0,Diversified Prescribers,3576.0000000000005,-94.7,78.14
1000004350,Family Practice,IN,0.0,Diversified Prescribers,17881.800000000003,57.63,76.65
1000004375,Internal Medicine,CA,0.0,Diversified Prescribers,3992.2,-84.68,63.45
1000004383,Family Practice,FL,0.0,Diversified Prescribers,3904.3,329.54,79.68
1000004385,Internal Medicine,GA,3.0,Low-Volume / Low-Growth Prescribers,717.1999999999998,72.58,64.71
1000004390,Internal Medicine,FL,3.0,Low-Volume / Low-Growth Prescribers,954.8,167.96,54.75
1000004392,Family Practice,VA,3.0,Low-Volume / Low-Growth Prescribers,1119.3000000000002,246.4,70.16
1000004400,Endocrinology,NY,1.0,High-Volume Core Prescribers,93147.8,190.91,73.15
1000000191,Nurse Practitioner,FL,,,833.5,,79.84
1000000532,Nephrology,IL,,,785.5999999999999,,70.6
1000000548,Internal Medicine,FL,,,3707.8,,74.32
1000002798,Cardiology,NY,,,618.6999999999998,,71.93
1000003644,Family Practice,VA,,,526.0000000000001,,76.69
1000004156,Internal Medicine,IL,,,568.7,,70.83
1000004299,Family Practice,PA,,,507.7999999999999,,57.33
1000004415,Internal Medicine,PA,0.0,Diversified Prescribers,4045.7,12.97,73.13
1000004419,Endocrinology,OH,1.0,High-Volume Core Prescribers,26606.89999999999,-65.37,85.21
1000004426,Internal Medicine,OH,3.0,Low-Volume / Low-Growth Prescribers,530.9,-25.64,87.89
1000004432,Internal Medicine,TX,3.0,Low-Volume / Low-Growth Prescribers,1214.4,-44.63,68.0
1000004433,Physician Assistant,NC,3.0,Low-Volume / Low-Growth Prescribers,5217.300000000001,-31.38,43.53
1000004443,Internal Medicine,IN,0.0,Diversified Prescribers,13655.399999999998,343.57,62.4
1000004447,Family Practice,IN,3.0,Low-Volume / Low-Growth Prescribers,3553.6000000000004,-60.02,63.43
1000004469,Nurse Practitioner,CA,3.0,Low-Volume / Low-Growth Prescribers,2400.6000000000004,-63.96,78.98
1000004481,Internal Medicine,NC,3.0,Low-Volume / Low-Growth Prescribers,611.7,203.63,71.62
1000004484,Internal Medicine,CA,0.0,Diversified Prescribers,13015.4,-44.41,78.09
1000004487,Internal Medicine,IN,0.0,Diversified Prescribers,3677.8,-71.15,76.92
1000004498,Internal Medicine,CA,,,714.1,,57.23
1000000013,Internal Medicine,OH,3.0,Low-Volume / Low-Growth Prescribers,874.5000000000001,147.53,71.09
1000000015,Internal Medicine,NY,3.0,Low-Volume / Low-Growth Prescribers,889.1,328.89,67.19
1000000028,Family Practice,OH,1.0,High-Volume Core Prescribers,33115.00000000001,50.59,77.33
1000000029,Endocrinology,TX,0.0,Diversified Prescribers,10064.7,-63.95,70.4
1000000030,Family Practice,FL,3.0,Low-Volume / Low-Growth Prescribers,820.8,138.0,62.06
1000000045,Family Practice,AZ,3.0,Low-Volume / Low-Growth Prescribers,927.4,146.25,64.17
1000000047,Internal Medicine,NC,0.0,Diversified Prescribers,3244.8,-40.72,84.25
1000000050,Physician Assistant,IN,0.0,Diversified Prescribers,12426.499999999998,-69.03,82.47
1000000051,Family Practice,CA,0.0,Diversified Prescribers,3665.499999999999,-6.7,72.62
1000000062,Family Practice,MA,0.0,Diversified Prescribers,12025.0,-74.27,76.62
1000000063,Internal Medicine,CA,3.0,Low-Volume / Low-Growth Prescribers,603.6,-44.3,62.06
1000000085,Internal Medicine,VA,3.0,Low-Volume / Low-Growth Prescribers,784.9,-70.41,84.42
1000000091,Family Practice,TX,3.0,Low-Volume / Low-Growth Prescribers,761.2,162.84,78.78
1000000095,Internal Medicine,NC,0.0,Diversified Prescribers,17689.4,-49.89,74.44
1000000101,Family Practice,AZ,0.0,Diversified Prescribers,15530.500000000002,-89.69,65.35
1000000108,Internal Medicine,VA,3.0,Low-Volume / Low-Growth Prescribers,477.6,-87.73,88.21
1000000116,Family Practice,AZ,0.0,Diversified Prescribers,4997.0,93.82,66.98
1000000126,Family Practice,FL,0.0,Diversified Prescribers,2788.4000000000005,-37.95,79.24
1000000131,Internal Medicine,FL,0.0,Diversified Prescribers,4646.000000000001,-73.69,75.23
1000000135,Internal Medicine,VA,0.0,Diversified Prescribers,4730.099999999999,6.72,78.3
1000000141,Internal Medicine,FL,3.0,Low-Volume / Low-Growth Prescribers,896.2,-74.87,79.75
1000000145,Endocrinology,MI,0.0,Diversified Prescribers,8063.5,-36.66,69.46
1000000159,Family Practice,GA,3.0,Low-Volume / Low-Growth Prescribers,4317.0,790.53,65.14
1000000174,Family Practice,NY,3.0,Low-Volume / Low-Growth Prescribers,549.6999999999999,-59.44,79.08
1000000200,Family Practice,TX,0.0,Diversified Prescribers,17331.399999999998,-65.61,66.84
1000000202,Endocrinology,NC,0.0,Diversified Prescribers,10972.3,145.89,82.89
1000000224,Internal Medicine,TX,0.0,Diversified Prescribers,10217.6,-1.5,69.6
1000000225,Internal Medicine,CA,0.0,Diversified Prescribers,13598.9,-50.35,78.02
1000000229,Family Practice,TX,0.0,Diversified Prescribers,3580.7,-56.69,78.75
1000000244,Endocrinology,TX,0.0,Diversified Prescribers,11286.499999999998,-1.13,82.39
1000000249,Nurse Practitioner,AZ,3.0,Low-Volume / Low-Growth Prescribers,913.8,9.26,66.83
1000000250,Internal Medicine,FL,3.0,Low-Volume / Low-Growth Prescribers,768.3000000000001,25.8,81.15
1000000277,Family Practice,FL,0.0,Diversified Prescribers,3497.7999999999997,158.48,71.1
1000000302,Internal Medicine,IN,0.0,Diversified Prescribers,12898.000000000002,-85.77,68.15
1000000305,Cardiology,IL,3.0,Low-Volume / Low-Growth Prescribers,987.6999999999998,-57.88,65.39
1000000314,Family Practice,MI,0.0,Diversified Prescribers,3127.2,-45.66,78.88
1000000321,Family Practice,FL,0.0,Diversified Prescribers,14655.1,626.46,62.62
1000000341,Internal Medicine,VA,0.0,Diversified Prescribers,4636.000000000001,-45.77,81.32
1000000350,Internal Medicine,VA,3.0,Low-Volume / Low-Growth Prescribers,866.0,-25.85,70.92
1000000355,Family Practice,TX,0.0,Diversified Prescribers,9761.5,-12.94,69.12
1000000366,Physician Assistant,FL,0.0,Diversified Prescribers,5566.4,34.64,65.73
1000000376,Nurse Practitioner,OH,3.0,Low-Volume / Low-Growth Prescribers,4295.6,33.96,76.08
1000000382,Family Practice,AZ,0.0,Diversified Prescribers,3948.6999999999994,-2.88,69.91
1000000384,Family Practice,CA,0.0,Diversified Prescribers,3862.8,44.99,96.74
1000000418,Family Practice,MI,0.0,Diversified Prescribers,4639.1,-70.13,96.66
1000000422,Endocrinology,OH,0.0,Diversified Prescribers,7427.4000000000015,-24.77,83.47
1000000425,Internal Medicine,TX,0.0,Diversified Prescribers,13586.4,239.12,91.39
1000000430,Endocrinology,NY,1.0,High-Volume Core Prescribers,46583.19999999999,21.24,91.09
1000000436,Endocrinology,IN,0.0,Diversified Prescribers,7934.400000000001,-12.75,78.24
1000000442,Internal Medicine,TN,3.0,Low-Volume / Low-Growth Prescribers,779.9,87.22,74.45
1000000445,Physician Assistant,IN,3.0,Low-Volume / Low-Growth Prescribers,851.6,-79.87,56.96
1000000446,Cardiology,OH,1.0,High-Volume Core Prescribers,41560.3,54.23,66.1
1000000450,Family Practice,NY,0.0,Diversified Prescribers,6654.8,14.43,59.27
1000000458,Endocrinology,TX,0.0,Diversified Prescribers,9681.3,-53.06,79.86
1000000460,Endocrinology,IL,0.0,Diversified Prescribers,13522.600000000002,38.15,82.15
1000000475,Nephrology,PA,0.0,Diversified Prescribers,12867.2,181.11,76.45
1000000476,Endocrinology,CA,1.0,High-Volume Core Prescribers,88071.5,330.94,78.61
1000000480,Family Practice,VA,,,455.6,,62.8
1000000481,Family Practice,TX,3.0,Low-Volume / Low-Growth Prescribers,702.4000000000001,67.59,68.21
1000000488,Physician Assistant,MI,3.0,Low-Volume / Low-Growth Prescribers,826.5999999999999,55.48,75.48
1000000495,Internal Medicine,MA,3.0,Low-Volume / Low-Growth Prescribers,3581.8,84.59,63.75
1000000507,Family Practice,TN,0.0,Diversified Prescribers,3939.100000000001,-53.42,60.86
1000000513,Nurse Practitioner,NC,0.0,Diversified Prescribers,5143.0,23.65,80.51
1000000522,Physician Assistant,VA,0.0,Diversified Prescribers,10801.0,-10.89,82.24
1000000527,Internal Medicine,CA,3.0,Low-Volume / Low-Growth Prescribers,752.2000000000002,-76.08,61.51
1000000536,Nurse Practitioner,OH,0.0,Diversified Prescribers,3345.7,-47.18,83.51
1000000543,Family Practice,NC,3.0,Low-Volume / Low-Growth Prescribers,3496.9000000000005,214.47,71.73
1000000554,Nurse Practitioner,NY,0.0,Diversified Prescribers,4575.4,155.58,58.96
1000000555,Internal Medicine,NC,3.0,Low-Volume / Low-Growth Prescribers,6635.799999999999,784.48,66.58
1000000557,Endocrinology,FL,0.0,Diversified Prescribers,12237.4,280.15,84.21
1000000578,Internal Medicine,PA,3.0,Low-Volume / Low-Growth Prescribers,951.8,228.78,69.31
1000000582,Internal Medicine,TN,3.0,Low-Volume / Low-Growth Prescribers,720.5,4.26,55.42
1000000597,Endocrinology,FL,3.0,Low-Volume / Low-Growth Prescribers,1745.4999999999998,15.02,65.77
1000000617,Internal Medicine,PA,0.0,Diversified Prescribers,13859.1,-3.42,85.58
1000000619,Family Practice,FL,3.0,Low-Volume / Low-Growth Prescribers,577.0999999999999,226.26,79.93
1000000624,Family Practice,IN,3.0,Low-Volume / Low-Growth Prescribers,529.6999999999999,138.45,64.39
1000000625,Internal Medicine,OH,3.0,Low-Volume / Low-Growth Prescribers,826.5000000000001,40.41,64.04
1000000629,Internal Medicine,TN,3.0,Low-Volume / Low-Growth Prescribers,728.9,38.66,56.56
1000000632,Internal Medicine,CA,3.0,Low-Volume / Low-Growth Prescribers,1248.6,78.03,66.44
1000000635,Internal Medicine,NY,3.0,Low-Volume / Low-Growth Prescribers,732.3999999999997,-87.28,70.67
1000000637,Internal Medicine,CA,3.0,Low-Volume / Low-Growth Prescribers,781.7,154.05,73.74
1000000639,Internal Medicine,IN,3.0,Low-Volume / Low-Growth Prescribers,693.3,-89.4,75.41
1000000645,Nurse Practitioner,MA,0.0,Diversified Prescribers,4279.2,-64.46,80.15
1000000661,Cardiology,CA,3.0,Low-Volume / Low-Growth Prescribers,669.6,69.27,49.24
1000000666,Internal Medicine,TX,3.0,Low-Volume / Low-Growth Prescribers,1008.5,16.24,65.69
1000000671,Nurse Practitioner,IL,3.0,Low-Volume / Low-Growth Prescribers,3696.2,-22.97,64.67
1000000676,Endocrinology,MA,1.0,High-Volume Core Prescribers,36201.6,-32.03,88.09
1000000677,Internal Medicine,CA,3.0,Low-Volume / Low-Growth Prescribers,905.1,19.05,60.77
1000000679,Nurse Practitioner,IN,3.0,Low-Volume / Low-Growth Prescribers,914.1,-5.48,58.37
1000000682,Endocrinology,CA,0.0,Diversified Prescribers,2151.5999999999995,-19.37,84.13
1000000687,Internal Medicine,NY,3.0,Low-Volume / Low-Growth Prescribers,742.0999999999999,97.02,52.05
1000000745,Nurse Practitioner,OH,0.0,Diversified Prescribers,3795.6,-31.89,68.26
1000000749,Family Practice,PA,0.0,Diversified Prescribers,15086.4,-40.52,52.17
1000000768,Internal Medicine,TN,1.0,High-Volume Core Prescribers,45729.9,-50.5,73.53
1000000792,Internal Medicine,CA,3.0,Low-Volume / Low-Growth Prescribers,819.1000000000001,-23.15,78.23
1000000793,Family Practice,CA,3.0,Low-Volume / Low-Growth Prescribers,433.1,-79.56,67.98
1000000811,Family Practice,OH,0.0,Diversified Prescribers,17526.2,54.75,58.13
1000000829,Internal Medicine,IL,3.0,Low-Volume / Low-Growth Prescribers,4456.900000000001,1424.56,59.56
1000000834,Internal Medicine,VA,3.0,Low-Volume / Low-Growth Prescribers,548.9000000000001,473.68,42.5
1000000835,Internal Medicine,IN,3.0,Low-Volume / Low-Growth Prescribers,483.7999999999999,130.37,58.23
1000000836,Nurse Practitioner,FL,0.0,Diversified Prescribers,16009.8,-78.05,75.68
1000000851,Family Practice,VA,1.0,High-Volume Core Prescribers,33365.6,-40.4,52.67
1000000861,Internal Medicine,TX,3.0,Low-Volume / Low-Growth Prescribers,3770.2,8.61,80.89
1000000864,Internal Medicine,IL,0.0,Diversified Prescribers,5531.299999999998,-80.82,69.29
1000000875,Endocrinology,AZ,0.0,Diversified Prescribers,1915.0999999999997,-75.53,79.24
1000000879,Internal Medicine,TX,0.0,Diversified Prescribers,4164.8,76.07,56.06
1000000886,Family Practice,PA,0.0,Diversified Prescribers,13020.8,57.84,66.77
1000000888,Endocrinology,OH,0.0,Diversified Prescribers,2696.5999999999995,57.11,80.81
1000000890,Family Practice,CA,0.0,Diversified Prescribers,4407.7,-51.61,63.65
1000000891,Nurse Practitioner,IL,3.0,Low-Volume / Low-Growth Prescribers,648.4999999999999,-55.13,86.71
1000000898,Endocrinology,NY,1.0,High-Volume Core Prescribers,48314.90000000001,-24.38,87.02
1000000905,Nurse Practitioner,MA,3.0,Low-Volume / Low-Growth Prescribers,727.4000000000001,-75.74,54.01
1000000910,Family Practice,GA,3.0,Low-Volume / Low-Growth Prescribers,1036.4,28.89,72.23
1000000914,Internal Medicine,CA,0.0,Diversified Prescribers,6776.4,111.53,65.19
1000000915,Internal Medicine,NY,0.0,Diversified Prescribers,18904.300000000003,-13.96,67.09
1000000921,Internal Medicine,FL,0.0,Diversified Prescribers,13097.1,-22.64,70.66
1000000939,Family Practice,TN,0.0,Diversified Prescribers,5248.4,-28.96,74.13
1000000951,Family Practice,TX,0.0,Diversified Prescribers,6070.799999999999,49.3,58.7
1000000956,Internal Medicine,NY,3.0,Low-Volume / Low-Growth Prescribers,3588.1,12.42,62.94
1000000965,Internal Medicine,PA,3.0,Low-Volume / Low-Growth Prescribers,3629.2,56.37,85.57
1000000969,Internal Medicine,FL,3.0,Low-Volume / Low-Growth Prescribers,845.9999999999999,-89.58,71.43
1000000979,Family Practice,FL,3.0,Low-Volume / Low-Growth Prescribers,2943.3,5933.16,83.57
1000000987,Internal Medicine,NC,3.0,Low-Volume / Low-Growth Prescribers,1062.4,17.81,66.4
1000001007,Nurse Practitioner,FL,0.0,Diversified Prescribers,3583.6000000000004,144.61,80.35
1000001020,Family Practice,TN,3.0,Low-Volume / Low-Growth Prescribers,447.0,-80.17,73.09
1000001030,Endocrinology,IL,0.0,Diversified Prescribers,2591.0999999999995,113.31,71.61
1000001032,Internal Medicine,GA,0.0,Diversified Prescribers,19988.4,-64.19,65.65
1000001035,Family Practice,CA,3.0,Low-Volume / Low-Growth Prescribers,934.2,7.54,86.56
1000001049,Endocrinology,CA,1.0,High-Volume Core Prescribers,71134.1,373.65,88.55
1000001054,Nephrology,TN,0.0,Diversified Prescribers,5226.2,-51.23,66.96
1000001060,Nurse Practitioner,FL,3.0,Low-Volume / Low-Growth Prescribers,1086.1999999999998,-3.02,67.57
1000001081,Endocrinology,NY,0.0,Diversified Prescribers,12130.000000000004,-5.26,89.74
1000001091,Family Practice,IL,3.0,Low-Volume / Low-Growth Prescribers,513.2,-78.71,55.75
1000001096,Internal Medicine,FL,0.0,Diversified Prescribers,3268.7999999999997,329.98,91.54
1000001106,Internal Medicine,MA,3.0,Low-Volume / Low-Growth Prescribers,829.6,-37.61,71.79
1000001108,Family Practice,PA,3.0,Low-Volume / Low-Growth Prescribers,749.6999999999999,14.04,69.25
1000001110,Family Practice,CA,3.0,Low-Volume / Low-Growth Prescribers,917.0,-70.89,85.45
1000001116,Endocrinology,MA,0.0,Diversified Prescribers,2083.1000000000004,129.53,76.21
1000001121,Physician Assistant,IN,3.0,Low-Volume / Low-Growth Prescribers,475.6,-23.59,55.45
1000001136,Nurse Practitioner,OH,3.0,Low-Volume / Low-Growth Prescribers,724.7,220.65,55.04
1000001137,Internal Medicine,TN,0.0,Diversified Prescribers,3999.999999999999,-40.29,68.34
1000001138,Internal Medicine,CA,3.0,Low-Volume / Low-Growth Prescribers,4660.3,23.38,41.8
1000001139,Family Practice,CA,3.0,Low-Volume / Low-Growth Prescribers,2474.1,365.57,62.14
1000001147,Family Practice,MI,0.0,Diversified Prescribers,3625.1,1.41,63.61
1000001149,Nurse Practitioner,OH,3.0,Low-Volume / Low-Growth Prescribers,774.9000000000001,-51.16,76.35
1000001150,Family Practice,MI,0.0,Diversified Prescribers,14628.9,9.46,84.1
1000001158,Nurse Practitioner,VA,0.0,Diversified Prescribers,14833.7,23.55,70.62
1000001160,Family Practice,TX,3.0,Low-Volume / Low-Growth Prescribers,2809.1000000000004,-38.03,63.94
1000001165,Family Practice,AZ,3.0,Low-Volume / Low-Growth Prescribers,922.9,-87.24,61.24
1000001167,Internal Medicine,TN,3.0,Low-Volume / Low-Growth Prescribers,809.5,41.1,77.54
1000001178,Family Practice,GA,0.0,Diversified Prescribers,5364.1,147.92,53.31
1000001192,Internal Medicine,GA,3.0,Low-Volume / Low-Growth Prescribers,965.4,7.73,68.75
1000001193,Family Practice,OH,0.0,Diversified Prescribers,13135.2,25.41,60.75
1000001194,Endocrinology,MI,0.0,Diversified Prescribers,2194.2000000000003,17.16,78.07
1000001199,Endocrinology,FL,0.0,Diversified Prescribers,2648.0,-38.28,75.09
1000001201,Endocrinology,FL,0.0,Diversified Prescribers,2152.2,-72.42,72.17
1000001214,Family Practice,NC,0.0,Diversified Prescribers,16177.400000000003,101.63,72.54
1000001235,Internal Medicine,GA,3.0,Low-Volume / Low-Growth Prescribers,5017.700000000001,-32.08,43.0
1000001242,Family Practice,TN,0.0,Diversified Prescribers,5542.6,410.2,54.63
1000001253,Endocrinology,AZ,0.0,Diversified Prescribers,13719.4,7.35,81.76
1000001262,Internal Medicine,IN,0.0,Diversified Prescribers,5059.099999999999,-78.79,71.73
1000001266,Internal Medicine,TX,3.0,Low-Volume / Low-Growth Prescribers,3123.8999999999996,60.56,60.73
1000001270,Family Practice,NC,0.0,Diversified Prescribers,1482.8,359.45,73.13
1000001272,Family Practice,TX,1.0,High-Volume Core Prescribers,29217.300000000003,-65.2,72.69
1000001279,Internal Medicine,TX,0.0,Diversified Prescribers,4207.3,-50.18,71.25
1000001284,Internal Medicine,CA,3.0,Low-Volume / Low-Growth Prescribers,869.9000000000001,146.31,81.2
1000001295,Internal Medicine,AZ,1.0,High-Volume Core Prescribers,39996.3,64.89,69.17
1000001297,Endocrinology,VA,0.0,Diversified Prescribers,2462.2000000000003,-59.14,79.35
1000001299,Family Practice,TX,3.0,Low-Volume / Low-Growth Prescribers,15623.499999999998,-36.42,58.65
1000001311,Nurse Practitioner,VA,3.0,Low-Volume / Low-Growth Prescribers,841.7000000000002,-41.77,63.98
1000001313,Family Practice,FL,3.0,Low-Volume / Low-Growth Prescribers,698.6,-9.03,66.96
1000001315,Family Practice,CA,3.0,Low-Volume / Low-Growth Prescribers,3877.6,-50.38,79.33
1000001332,Internal Medicine,AZ,3.0,Low-Volume / Low-Growth Prescribers,728.4000000000002,-83.59,71.92
1000001335,Family Practice,OH,0.0,Diversified Prescribers,13666.9,663.79,80.03
1000001340,Internal Medicine,NY,3.0,Low-Volume / Low-Growth Prescribers,854.4000000000001,-37.11,78.3
1000001346,Internal Medicine,TX,3.0,Low-Volume / Low-Growth Prescribers,4386.200000000001,66.21,41.15
1000001357,Internal Medicine,CA,3.0,Low-Volume / Low-Growth Prescribers,1097.6,47.4,73.5
1000001361,Internal Medicine,IL,0.0,Diversified Prescribers,13835.9,119.74,75.94
1000001364,Family Practice,GA,3.0,Low-Volume / Low-Growth Prescribers,694.9,305.46,80.31
1000001373,Internal Medicine,TN,0.0,Diversified Prescribers,3000.2999999999997,-77.72,77.22
1000001394,Internal Medicine,PA,3.0,Low-Volume / Low-Growth Prescribers,915.4,38.28,76.59
1000001411,Endocrinology,IN,1.0,High-Volume Core Prescribers,37353.3,3.04,66.31
1000001413,Endocrinology,NY,0.0,Diversified Prescribers,1670.1999999999998,71.33,77.89
1000001415,Physician Assistant,CA,0.0,Diversified Prescribers,13501.6,-8.41,62.42
1000001416,Endocrinology,VA,0.0,Diversified Prescribers,12299.3,971.25,77.71
1000001432,Internal Medicine,TX,0.0,Diversified Prescribers,4374.2,24.86,72.97
1000001447,Family Practice,CA,0.0,Diversified Prescribers,5514.999999999999,656.47,70.52
1000001449,Family Practice,TN,1.0,High-Volume Core Prescribers,38335.3,86.61,82.49
1000001463,Family Practice,MI,0.0,Diversified Prescribers,15502.7,-66.36,54.48
1000001465,Endocrinology,MA,0.0,Diversified Prescribers,1950.4,-6.94,75.86
1000001475,Family Practice,VA,0.0,Diversified Prescribers,5400.0,-3.36,67.83
1000001485,Internal Medicine,CA,0.0,Diversified Prescribers,15479.8,455.72,71.75
1000001503,Internal Medicine,OH,3.0,Low-Volume / Low-Growth Prescribers,972.9000000000002,-72.13,76.72
1000001510,Family Practice,AZ,3.0,Low-Volume / Low-Growth Prescribers,740.8000000000002,31.49,63.01
1000001516,Family Practice,CA,0.0,Diversified Prescribers,5011.8,-11.8,77.07
1000001521,Physician Assistant,TN,0.0,Diversified Prescribers,4879.4,94.94,72.99
1000001529,Internal Medicine,CA,3.0,Low-Volume / Low-Growth Prescribers,713.0,-86.43,37.9
1000001532,Family Practice,AZ,1.0,High-Volume Core Prescribers,30799.5,129.14,42.68
1000001534,Internal Medicine,NC,3.0,Low-Volume / Low-Growth Prescribers,3098.9000000000005,-96.0,45.1
1000001536,Internal Medicine,GA,3.0,Low-Volume / Low-Growth Prescribers,792.4999999999999,-31.95,81.62
1000001537,Family Practice,MA,3.0,Low-Volume / Low-Growth Prescribers,929.6,50.9,71.35
1000001539,Internal Medicine,MA,0.0,Diversified Prescribers,4670.0,44.46,52.49
1000001541,Endocrinology,CA,0.0,Diversified Prescribers,14095.599999999997,107.93,77.18
1000001542,Family Practice,NY,3.0,Low-Volume / Low-Growth Prescribers,2892.0,-49.82,79.24
1000001555,Internal Medicine,PA,0.0,Diversified Prescribers,4619.600000000001,-99.29,64.46
1000001581,Internal Medicine,VA,0.0,Diversified Prescribers,23731.2,-44.87,90.44
1000001582,Family Practice,NY,0.0,Diversified Prescribers,4016.8,1876.26,84.55
1000001584,Cardiology,TX,0.0,Diversified Prescribers,5242.699999999999,475.41,64.77
1000001600,Internal Medicine,FL,3.0,Low-Volume / Low-Growth Prescribers,614.2,-25.67,60.37
1000001601,Internal Medicine,GA,3.0,Low-Volume / Low-Growth Prescribers,1062.3,-76.37,72.09
1000001603,Internal Medicine,IN,0.0,Diversified Prescribers,15698.999999999998,-23.13,75.05
1000001608,Internal Medicine,TX,0.0,Diversified Prescribers,6478.199999999999,7.13,84.83
1000001613,Internal Medicine,IL,3.0,Low-Volume / Low-Growth Prescribers,650.6999999999999,-87.94,52.04
1000001620,Internal Medicine,CA,3.0,Low-Volume / Low-Growth Prescribers,857.8000000000001,196.38,60.27
1000001627,Internal Medicine,FL,0.0,Diversified Prescribers,6681.900000000001,-48.64,79.07
1000001630,Family Practice,NY,3.0,Low-Volume / Low-Growth Prescribers,4817.6,37.56,63.31
1000001635,Internal Medicine,CA,1.0,High-Volume Core Prescribers,48864.59999999999,70.08,68.29
1000001649,Family Practice,IN,0.0,Diversified Prescribers,3536.4000000000005,-36.78,84.54
1000001654,Endocrinology,TX,3.0,Low-Volume / Low-Growth Prescribers,1967.2999999999995,-40.51,81.57
1000001657,Internal Medicine,GA,3.0,Low-Volume / Low-Growth Prescribers,4337.699999999999,-82.76,55.04
1000001667,Physician Assistant,VA,3.0,Low-Volume / Low-Growth Prescribers,681.2,819.58,78.63
1000001680,Internal Medicine,OH,0.0,Diversified Prescribers,3343.2,-0.11,87.85
1000001682,Family Practice,CA,3.0,Low-Volume / Low-Growth Prescribers,912.7,337.09,91.59
1000001696,Endocrinology,TX,1.0,High-Volume Core Prescribers,102927.5,-40.06,68.29
1000001724,Family Practice,CA,0.0,Diversified Prescribers,3841.1,1298.82,76.82
1000001742,Family Practice,IL,3.0,Low-Volume / Low-Growth Prescribers,711.9,-99.08,82.48
1000001743,Endocrinology,MI,0.0,Diversified Prescribers,11517.399999999998,-35.07,83.21
1000001744,Internal Medicine,MI,0.0,Diversified Prescribers,5395.4000000000015,37.02,85.27
1000001757,Internal Medicine,NC,0.0,Diversified Prescribers,13720.5,6.35,75.39
1000001763,Internal Medicine,VA,3.0,Low-Volume / Low-Growth Prescribers,1193.3,12.82,64.68
1000001767,Internal Medicine,CA,3.0,Low-Volume / Low-Growth Prescribers,963.6,43.79,56.66
1000001771,Family Practice,IN,3.0,Low-Volume / Low-Growth Prescribers,2752.3999999999996,325.19,88.43
1000001781,Nurse Practitioner,IL,3.0,Low-Volume / Low-Growth Prescribers,4177.900000000001,-1.02,67.51
1000001784,Family Practice,TX,3.0,Low-Volume / Low-Growth Prescribers,4065.3,-83.49,75.14
1000001786,Family Practice,MA,3.0,Low-Volume / Low-Growth Prescribers,1023.7000000000004,28.29,75.32
1000001790,Endocrinology,TX,1.0,High-Volume Core Prescribers,45008.5,34.32,79.28
1000001796,Family Practice,FL,0.0,Diversified Prescribers,6272.7,360.03,56.25
1000001801,Family Practice,PA,0.0,Diversified Prescribers,17301.7,40.34,61.94
1000001802,Internal Medicine,PA,3.0,Low-Volume / Low-Growth Prescribers,773.3000000000001,-21.78,76.01
1000001804,Internal Medicine,NY,1.0,High-Volume Core Prescribers,38757.0,-11.12,63.53
1000001821,Endocrinology,PA,0.0,Diversified Prescribers,2859.1000000000004,-34.12,79.05
1000001831,Family Practice,GA,3.0,Low-Volume / Low-Growth Prescribers,1008.6,88.19,73.73
1000001841,Internal Medicine,NC,0.0,Diversified Prescribers,5092.4,-31.46,76.44
1000001848,Nurse Practitioner,OH,0.0,Diversified Prescribers,14790.000000000002,-80.99,60.93
1000001852,Nurse Practitioner,CA,0.0,Diversified Prescribers,4777.3,-23.19,54.68
1000001853,Nurse Practitioner,IL,0.0,Diversified Prescribers,17392.0,-62.2,64.54
1000001855,Internal Medicine,VA,0.0,Diversified Prescribers,4591.900000000001,-11.27,72.5
1000001860,Family Practice,CA,0.0,Diversified Prescribers,15516.199999999995,-53.74,60.46
1000001861,Family Practice,PA,3.0,Low-Volume / Low-Growth Prescribers,702.0000000000001,-83.9,72.79
1000001868,Endocrinology,PA,0.0,Diversified Prescribers,7741.9,238.94,86.75
1000001873,Nurse Practitioner,IN,3.0,Low-Volume / Low-Growth Prescribers,954.1,-17.66,56.65
1000001884,Endocrinology,PA,0.0,Diversified Prescribers,10590.7,-43.96,82.29
1000001886,Endocrinology,IL,0.0,Diversified Prescribers,1658.1,-35.62,74.48
1000001890,Endocrinology,CA,1.0,High-Volume Core Prescribers,42654.00000000001,62.19,76.24
1000001918,Internal Medicine,MI,3.0,Low-Volume / Low-Growth Prescribers,4738.400000000001,-88.88,56.81
1000001929,Endocrinology,OH,1.0,High-Volume Core Prescribers,31531.699999999997,-74.05,82.88
1000001938,Internal Medicine,CA,3.0,Low-Volume / Low-Growth Prescribers,929.0,59.48,59.3
1000001942,Family Practice,GA,3.0,Low-Volume / Low-Growth Prescribers,1102.3000000000002,23.47,63.91
1000001948,Internal Medicine,CA,3.0,Low-Volume / Low-Growth Prescribers,611.3000000000002,-82.09,70.33
1000001955,Physician Assistant,TX,0.0,Diversified Prescribers,16039.9,37.97,77.89
1000001958,Family Practice,CA,0.0,Diversified Prescribers,5481.500000000001,-27.68,80.63
1000001960,Endocrinology,FL,0.0,Diversified Prescribers,3788.1999999999994,18.39,77.74
1000001979,Nurse Practitioner,CA,0.0,Diversified Prescribers,5157.799999999999,1.6,85.49
1000001986,Family Practice,VA,3.0,Low-Volume / Low-Growth Prescribers,833.5999999999999,-44.95,92.25
1000001992,Family Practice,NY,0.0,Diversified Prescribers,15563.299999999996,62.37,91.07
1000001998,Endocrinology,TX,0.0,Diversified Prescribers,2042.8,-21.77,78.3
1000002005,Family Practice,AZ,0.0,Diversified Prescribers,12666.100000000002,-43.91,61.83
1000002014,Internal Medicine,PA,0.0,Diversified Prescribers,18618.9,-15.01,51.34
1000002027,Cardiology,TN,3.0,Low-Volume / Low-Growth Prescribers,4386.9,41.44,61.11
1000002032,Internal Medicine,IN,0.0,Diversified Prescribers,5452.0,-4.8,61.95
1000002035,Internal Medicine,TX,0.0,Diversified Prescribers,12989.299999999996,108.13,71.9
1000002038,Internal Medicine,PA,0.0,Diversified Prescribers,15840.3,113.59,63.95
1000002054,Nurse Practitioner,MI,0.0,Diversified Prescribers,26979.9,-23.16,78.22
1000002062,Family Practice,TX,2.0,Moderate-Volume Prescribers (Segment 2),18248.099999999995,9018.98,58.0
1000002067,Internal Medicine,IL,3.0,Low-Volume / Low-Growth Prescribers,633.3,-31.24,93.75
1000002085,Internal Medicine,NY,3.0,Low-Volume / Low-Growth Prescribers,579.9000000000001,12.47,60.39
1000002090,Family Practice,PA,0.0,Diversified Prescribers,16265.000000000002,-78.09,98.5
1000002096,Family Practice,CA,0.0,Diversified Prescribers,3926.8,-77.36,72.01
1000002101,Internal Medicine,OH,0.0,Diversified Prescribers,16434.300000000003,8.86,71.19
1000002104,Family Practice,IL,3.0,Low-Volume / Low-Growth Prescribers,3300.0999999999995,-78.5,74.29
1000002108,Internal Medicine,IN,3.0,Low-Volume / Low-Growth Prescribers,891.6999999999999,-39.08,70.08
1000002112,Internal Medicine,TX,3.0,Low-Volume / Low-Growth Prescribers,586.6999999999999,-35.27,58.89
1000002114,Family Practice,CA,0.0,Diversified Prescribers,5437.6,108.64,58.17
1000002126,Family Practice,AZ,0.0,Diversified Prescribers,12179.0,-42.25,79.33
1000002133,Internal Medicine,IL,0.0,Diversified Prescribers,5940.099999999999,-38.56,62.53
1000002166,Family Practice,FL,3.0,Low-Volume / Low-Growth Prescribers,977.9,148.49,69.43
1000002170,Family Practice,FL,0.0,Diversified Prescribers,15434.6,-72.82,69.73
1000002184,Family Practice,GA,3.0,Low-Volume / Low-Growth Prescribers,3963.1,135.45,80.81
1000002193,Family Practice,AZ,0.0,Diversified Prescribers,6933.600000000001,-34.14,57.89
1000002207,Nurse Practitioner,IL,3.0,Low-Volume / Low-Growth Prescribers,853.2,-58.47,77.46
1000002212,Endocrinology,GA,0.0,Diversified Prescribers,9804.1,-2.59,82.24
1000002225,Internal Medicine,CA,3.0,Low-Volume / Low-Growth Prescribers,4684.900000000001,-68.12,64.32
1000002228,Internal Medicine,VA,3.0,Low-Volume / Low-Growth Prescribers,891.3000000000001,119.92,61.86
1000002232,Nurse Practitioner,IN,3.0,Low-Volume / Low-Growth Prescribers,699.0999999999999,-20.15,91.33
1000002235,Family Practice,IL,0.0,Diversified Prescribers,3979.5,-59.34,69.32
1000002239,Internal Medicine,IN,3.0,Low-Volume / Low-Growth Prescribers,545.3000000000001,-65.31,87.99
1000002244,Nurse Practitioner,PA,3.0,Low-Volume / Low-Growth Prescribers,614.5,257.88,72.9
1000002252,Family Practice,FL,0.0,Diversified Prescribers,10717.3,-48.5,65.83
1000002255,Family Practice,PA,1.0,High-Volume Core Prescribers,32765.999999999996,48.52,38.11
1000002262,Nurse Practitioner,TX,3.0,Low-Volume / Low-Growth Prescribers,4573.799999999999,-87.73,57.09
1000002279,Endocrinology,CA,1.0,High-Volume Core Prescribers,37847.3,128.81,76.56
1000002287,Internal Medicine,AZ,3.0,Low-Volume / Low-Growth Prescribers,805.3,6.48,68.72
1000002290,Family Practice,TN,0.0,Diversified Prescribers,3203.3999999999996,170.04,79.26
1000002299,Internal Medicine,IL,3.0,Low-Volume / Low-Growth Prescribers,675.0,119.5,79.39
1000002308,Endocrinology,FL,0.0,Diversified Prescribers,10720.6,-41.82,83.44
1000002320,Nurse Practitioner,PA,3.0,Low-Volume / Low-Growth Prescribers,3294.2999999999997,328.62,84.56
1000002322,Family Practice,VA,3.0,Low-Volume / Low-Growth Prescribers,640.1999999999999,-36.68,73.54
1000002331,Endocrinology,CA,0.0,Diversified Prescribers,2412.1,216.24,74.57
1000002334,Endocrinology,IN,0.0,Diversified Prescribers,2110.2000000000003,-15.81,78.04
1000002337,Internal Medicine,OH,3.0,Low-Volume / Low-Growth Prescribers,875.3999999999999,193.06,67.73
1000002366,Endocrinology,NY,0.0,Diversified Prescribers,9951.4,79.13,79.03
1000002371,Nurse Practitioner,CA,3.0,Low-Volume / Low-Growth Prescribers,598.0,62.42,70.25
1000002377,Family Practice,TX,0.0,Diversified Prescribers,5151.2,79.3,58.35
1000002382,Nurse Practitioner,FL,0.0,Diversified Prescribers,4515.299999999999,82.32,56.48
1000002392,Internal Medicine,IN,0.0,Diversified Prescribers,4383.5,62.18,82.07
1000002397,Endocrinology,CA,0.0,Diversified Prescribers,8331.800000000001,-40.57,82.69
1000002413,Endocrinology,TX,0.0,Diversified Prescribers,1830.8,-27.72,63.91
1000002418,Endocrinology,OH,1.0,High-Volume Core Prescribers,43497.70000000001,128.05,70.52
1000002430,Family Practice,FL,3.0,Low-Volume / Low-Growth Prescribers,670.6999999999999,76.43,75.04
1000002438,Internal Medicine,PA,3.0,Low-Volume / Low-Growth Prescribers,8661.400000000001,24.52,53.23
1000002474,Internal Medicine,IL,0.0,Diversified Prescribers,5463.099999999999,-37.6,73.82
1000002483,Endocrinology,TN,0.0,Diversified Prescribers,15084.199999999995,-8.48,72.94
1000002497,Nurse Practitioner,IN,3.0,Low-Volume / Low-Growth Prescribers,1008.0,31.22,72.11
1000002539,Family Practice,NC,0.0,Diversified Prescribers,5574.499999999999,164.7,83.56
1000002562,Endocrinology,NC,1.0,High-Volume Core Prescribers,47390.30000000002,-14.93,67.45
1000002566,Internal Medicine,CA,3.0,Low-Volume / Low-Growth Prescribers,1117.9,52.97,65.51
1000002574,Internal Medicine,PA,0.0,Diversified Prescribers,13986.399999999996,-49.13,59.93
1000002575,Family Practice,TX,3.0,Low-Volume / Low-Growth Prescribers,623.4,-68.63,64.85
1000002581,Nurse Practitioner,MI,3.0,Low-Volume / Low-Growth Prescribers,677.6,-7.57,77.64
1000002584,Family Practice,NC,0.0,Diversified Prescribers,3769.599999999999,25.88,78.32
1000002586,Endocrinology,NC,0.0,Diversified Prescribers,11676.6,17.43,73.1
1000002588,Internal Medicine,FL,0.0,Diversified Prescribers,19374.999999999996,17.1,55.94
1000002596,Internal Medicine,TN,3.0,Low-Volume / Low-Growth Prescribers,3979.800000000001,-70.19,55.46
1000002599,Endocrinology,MA,0.0,Diversified Prescribers,15309.2,30.98,85.05
1000002606,Endocrinology,CA,3.0,Low-Volume / Low-Growth Prescribers,1124.0,35.44,77.59
1000002611,Endocrinology,IN,0.0,Diversified Prescribers,2356.5,49.38,83.35
1000002618,Nurse Practitioner,GA,0.0,Diversified Prescribers,19301.300000000003,-9.18,74.13
1000002622,Internal Medicine,IL,3.0,Low-Volume / Low-Growth Prescribers,704.7000000000002,-87.0,80.22
1000002648,Internal Medicine,PA,3.0,Low-Volume / Low-Growth Prescribers,1278.8,181.72,62.03
1000002655,Internal Medicine,TN,0.0,Diversified Prescribers,3967.4,94.59,67.84
1000002669,Internal Medicine,TX,3.0,Low-Volume / Low-Growth Prescribers,1225.3,129.24,75.34
1000002671,Internal Medicine,MA,3.0,Low-Volume / Low-Growth Prescribers,715.4,186.96,67.91
1000002673,Internal Medicine,MI,0.0,Diversified Prescribers,15329.200000000004,173.47,82.47
1000002682,Endocrinology,AZ,0.0,Diversified Prescribers,13495.1,42.0,75.9
1000002683,Internal Medicine,MI,3.0,Low-Volume / Low-Growth Prescribers,1070.8,471.51,74.65
1000002699,Family Practice,IN,3.0,Low-Volume / Low-Growth Prescribers,579.1,203.78,74.27
1000002708,Endocrinology,NY,0.0,Diversified Prescribers,2556.8999999999996,16.68,86.95
1000002709,Internal Medicine,AZ,0.0,Diversified Prescribers,5145.900000000001,59.36,83.43
1000002710,Family Practice,PA,0.0,Diversified Prescribers,14109.6,127.83,52.99
1000002713,Internal Medicine,PA,3.0,Low-Volume / Low-Growth Prescribers,3179.2999999999997,-47.92,89.85
1000002721,Family Practice,TX,0.0,Diversified Prescribers,19124.1,2.05,65.15
1000002736,Nephrology,OH,0.0,Diversified Prescribers,5392.8,193.94,70.36
1000002741,Internal Medicine,IN,0.0,Diversified Prescribers,4860.6,58.08,78.63
1000002745,Family Practice,CA,3.0,Low-Volume / Low-Growth Prescribers,920.8,250.93,74.8
1000002766,Internal Medicine,TX,3.0,Low-Volume / Low-Growth Prescribers,894.9000000000001,-4.53,61.49
1000002770,Endocrinology,FL,3.0,Low-Volume / Low-Growth Prescribers,1723.8999999999996,-21.41,74.4
1000002777,Endocrinology,CA,0.0,Diversified Prescribers,12805.8,35.43,88.7
1000002778,Internal Medicine,MI,0.0,Diversified Prescribers,10577.5,215.37,94.73
1000002783,Family Practice,OH,0.0,Diversified Prescribers,4726.099999999999,79.97,72.44
1000002785,Internal Medicine,PA,0.0,Diversified Prescribers,15770.8,-64.65,70.23
1000002787,Internal Medicine,FL,0.0,Diversified Prescribers,2932.2000000000003,417.56,80.77
1000002812,Family Practice,FL,3.0,Low-Volume / Low-Growth Prescribers,767.0000000000001,-62.06,68.57
1000002824,Internal Medicine,CA,0.0,Diversified Prescribers,12471.899999999998,-19.73,86.2
1000002830,Internal Medicine,TX,0.0,Diversified Prescribers,4603.6,607.42,70.18
1000002849,Internal Medicine,IN,1.0,High-Volume Core Prescribers,31711.900000000005,-37.28,58.35
1000002853,Nurse Practitioner,IL,0.0,Diversified Prescribers,14893.100000000002,-74.76,86.32
1000002860,Nurse Practitioner,GA,0.0,Diversified Prescribers,15634.899999999998,-47.1,82.36
1000002868,Internal Medicine,TX,0.0,Diversified Prescribers,4683.2,125.84,62.83
1000002870,Nurse Practitioner,NC,3.0,Low-Volume / Low-Growth Prescribers,17992.8,91.74,58.19
1000002877,Internal Medicine,NY,0.0,Diversified Prescribers,3389.5,-87.34,80.29
1000002879,Internal Medicine,CA,0.0,Diversified Prescribers,16070.499999999996,94.85,69.47
1000002883,Endocrinology,IL,0.0,Diversified Prescribers,1850.7,28.34,85.48
1000002884,Endocrinology,GA,0.0,Diversified Prescribers,11050.3,5.06,82.07
1000002899,Endocrinology,TX,0.0,Diversified Prescribers,1870.8,90.59,81.96
1000002906,Cardiology,NC,0.0,Diversified Prescribers,11505.1,-4.83,90.89
1000002911,Endocrinology,PA,0.0,Diversified Prescribers,9734.7,-89.25,84.18
1000002916,Family Practice,FL,3.0,Low-Volume / Low-Growth Prescribers,9006.4,161.11,78.51
1000002924,Internal Medicine,PA,3.0,Low-Volume / Low-Growth Prescribers,879.8,63.63,79.88
1000002950,Family Practice,IL,1.0,High-Volume Core Prescribers,37492.9,-29.49,58.11
1000002954,Physician Assistant,MA,0.0,Diversified Prescribers,9426.499999999998,-72.97,49.24
1000002956,Family Practice,OH,0.0,Diversified Prescribers,4790.099999999999,57.09,86.57
1000002964,Nurse Practitioner,NY,0.0,Diversified Prescribers,4376.0,112.06,76.11
1000002966,Family Practice,TN,0.0,Diversified Prescribers,17196.699999999997,-48.02,74.43
1000002968,Physician Assistant,OH,3.0,Low-Volume / Low-Growth Prescribers,806.9,-53.28,86.57
1000002974,Internal Medicine,NY,3.0,Low-Volume / Low-Growth Prescribers,1333.1999999999998,53.91,64.66
1000002978,Family Practice,MA,3.0,Low-Volume / Low-Growth Prescribers,4335.999999999999,74.51,80.49
1000002983,Family Practice,PA,3.0,Low-Volume / Low-Growth Prescribers,856.9000000000001,258.19,64.73
1000002991,Family Practice,NY,3.0,Low-Volume / Low-Growth Prescribers,964.5,53.69,69.11
1000003005,Family Practice,IN,0.0,Diversified Prescribers,16146.000000000002,-98.63,69.01
1000003007,Endocrinology,FL,1.0,High-Volume Core Prescribers,35106.5,84.12,79.92
1000003019,Family Practice,CA,3.0,Low-Volume / Low-Growth Prescribers,807.3000000000001,-38.32,77.03
1000003026,Physician Assistant,OH,0.0,Diversified Prescribers,5949.0,-20.5,68.02
1000003040,Endocrinology,TX,0.0,Diversified Prescribers,9897.100000000004,-79.03,81.44
1000003055,Physician Assistant,PA,3.0,Low-Volume / Low-Growth Prescribers,4223.0,-22.77,37.03
1000003057,Endocrinology,PA,0.0,Diversified Prescribers,13391.000000000004,184.67,79.42
1000003073,Internal Medicine,MI,1.0,High-Volume Core Prescribers,34602.100000000006,193.85,49.04
1000003096,Cardiology,TX,3.0,Low-Volume / Low-Growth Prescribers,1014.5000000000002,-77.42,81.22
1000003097,Endocrinology,CA,1.0,High-Volume Core Prescribers,30455.200000000004,-61.24,78.49
1000003107,Endocrinology,OH,0.0,Diversified Prescribers,1972.5,-44.83,75.66
1000003108,Family Practice,FL,0.0,Diversified Prescribers,4074.099999999999,49.17,81.45
1000003110,Family Practice,FL,3.0,Low-Volume / Low-Growth Prescribers,500.5,64.51,71.37
1000003119,Internal Medicine,NY,0.0,Diversified Prescribers,13142.500000000002,-73.08,84.93
1000003135,Family Practice,CA,,,766.3,,77.05
1000003145,Internal Medicine,GA,0.0,Diversified Prescribers,4019.2,-38.98,80.01
1000003155,Family Practice,MI,3.0,Low-Volume / Low-Growth Prescribers,830.3,96.38,76.72
1000003157,Endocrinology,NC,0.0,Diversified Prescribers,2086.8,-32.5,65.52
1000003165,Internal Medicine,FL,3.0,Low-Volume / Low-Growth Prescribers,2974.9,-39.18,96.84
1000003182,Internal Medicine,OH,3.0,Low-Volume / Low-Growth Prescribers,4819.499999999999,265.18,51.31
1000003194,Internal Medicine,IN,3.0,Low-Volume / Low-Growth Prescribers,871.6999999999999,236.89,41.77
1000003197,Nurse Practitioner,GA,3.0,Low-Volume / Low-Growth Prescribers,745.6,-67.46,71.85
1000003210,Endocrinology,CA,0.0,Diversified Prescribers,9693.800000000005,126.18,73.31
1000003215,Endocrinology,VA,0.0,Diversified Prescribers,10157.7,103.42,80.06
1000003216,Endocrinology,TX,0.0,Diversified Prescribers,9343.4,-78.38,72.88
1000003218,Family Practice,NY,3.0,Low-Volume / Low-Growth Prescribers,636.9,-27.52,81.79
1000003220,Internal Medicine,IL,3.0,Low-Volume / Low-Growth Prescribers,556.9,-89.06,82.85
1000003233,Endocrinology,AZ,0.0,Diversified Prescribers,1847.1999999999996,79.25,74.05
1000003244,Family Practice,PA,3.0,Low-Volume / Low-Growth Prescribers,521.5,1733.63,81.86
1000003249,Family Practice,NC,1.0,High-Volume Core Prescribers,44622.100000000006,119.54,58.21
1000003296,Family Practice,IN,0.0,Diversified Prescribers,4827.5,-74.35,63.69
1000003305,Internal Medicine,CA,3.0,Low-Volume / Low-Growth Prescribers,711.8,86.11,68.25
1000003330,Family Practice,TX,0.0,Diversified Prescribers,4002.8,86.97,74.69
1000003352,Nurse Practitioner,AZ,3.0,Low-Volume / Low-Growth Prescribers,842.6999999999999,5.41,76.82
1000003358,Family Practice,CA,3.0,Low-Volume / Low-Growth Prescribers,669.4,211.7,74.44
1000003359,Family Practice,TX,3.0,Low-Volume / Low-Growth Prescribers,3881.0,-21.76,58.01
1000003360,Family Practice,CA,0.0,Diversified Prescribers,11725.8,94.61,77.53
1000003361,Internal Medicine,TX,3.0,Low-Volume / Low-Growth Prescribers,1045.2,325.19,63.83
1000003362,Family Practice,CA,3.0,Low-Volume / Low-Growth Prescribers,3680.3,-19.78,52.6
1000003363,Internal Medicine,OH,3.0,Low-Volume / Low-Growth Prescribers,1110.7,12.34,61.6
1000003368,Internal Medicine,FL,3.0,Low-Volume / Low-Growth Prescribers,1391.5000000000002,-1.36,66.41
1000003370,Internal Medicine,TN,3.0,Low-Volume / Low-Growth Prescribers,989.2,-28.45,65.18
1000003383,Internal Medicine,MA,0.0,Diversified Prescribers,5573.399999999999,26.31,74.82
1000003384,Endocrinology,CA,0.0,Diversified Prescribers,14185.500000000004,58.07,84.4
1000003397,Nurse Practitioner,PA,3.0,Low-Volume / Low-Growth Prescribers,472.80000000000007,-56.89,58.14
1000003401,Endocrinology,TX,0.0,Diversified Prescribers,9535.5,-11.36,70.95
1000003414,Family Practice,CA,3.0,Low-Volume / Low-Growth Prescribers,597.8000000000001,85.09,81.92
1000003420,Family Practice,NC,1.0,High-Volume Core Prescribers,44904.90000000001,-26.65,63.88
1000003422,Family Practice,TX,3.0,Low-Volume / Low-Growth Prescribers,934.1999999999998,-57.57,69.21
1000003450,Internal Medicine,VA,0.0,Diversified Prescribers,17251.799999999996,-11.01,81.55
1000003457,Family Practice,TN,0.0,Diversified Prescribers,5989.200000000001,71.07,64.98
1000003467,Family Practice,CA,3.0,Low-Volume / Low-Growth Prescribers,650.5,62.33,90.33
1000003474,Family Practice,IL,0.0,Diversified Prescribers,3556.7999999999997,6.81,71.53
1000003478,Internal Medicine,MI,3.0,Low-Volume / Low-Growth Prescribers,607.9,-65.88,61.0
1000003483,Physician Assistant,TX,3.0,Low-Volume / Low-Growth Prescribers,1319.3000000000002,31.64,54.81
1000003496,Nurse Practitioner,TX,0.0,Diversified Prescribers,4655.299999999999,201.76,57.47
1000003499,Family Practice,CA,0.0,Diversified Prescribers,19804.099999999995,-13.64,69.64
1000003500,Internal Medicine,GA,0.0,Diversified Prescribers,12422.5,-63.25,58.23
1000003512,Cardiology,NC,3.0,Low-Volume / Low-Growth Prescribers,876.4000000000001,-47.95,76.85
1000003517,Internal Medicine,OH,1.0,High-Volume Core Prescribers,47910.90000000001,144.06,66.92
1000003535,Endocrinology,CA,0.0,Diversified Prescribers,9423.500000000002,-42.32,76.9
1000003544,Nurse Practitioner,PA,3.0,Low-Volume / Low-Growth Prescribers,681.0,104.1,67.2
1000003545,Endocrinology,CA,0.0,Diversified Prescribers,2579.7,31.61,75.83
1000003546,Endocrinology,GA,0.0,Diversified Prescribers,11765.899999999998,-25.16,73.8
1000003552,Family Practice,VA,3.0,Low-Volume / Low-Growth Prescribers,777.7999999999998,5.08,73.04
1000003573,Cardiology,GA,3.0,Low-Volume / Low-Growth Prescribers,789.8,-11.13,90.95
1000003575,Internal Medicine,TX,3.0,Low-Volume / Low-Growth Prescribers,997.7,108.22,62.55
1000003584,Internal Medicine,GA,3.0,Low-Volume / Low-Growth Prescribers,1048.5000000000002,76.5,75.83
1000003593,Family Practice,VA,0.0,Diversified Prescribers,5601.800000000001,-39.19,53.29
1000003595,Family Practice,IN,3.0,Low-Volume / Low-Growth Prescribers,772.6000000000001,-14.17,66.66
1000003603,Internal Medicine,CA,3.0,Low-Volume / Low-Growth Prescribers,764.7,144.37,61.8
1000003611,Endocrinology,FL,0.0,Diversified Prescribers,2232.0,164.95,80.5
1000003612,Internal Medicine,VA,3.0,Low-Volume / Low-Growth Prescribers,982.9,81.19,63.87
1000003622,Internal Medicine,CA,0.0,Diversified Prescribers,19525.1,34.01,77.72
1000003625,Internal Medicine,CA,3.0,Low-Volume / Low-Growth Prescribers,788.8,-43.5,88.12
1000003628,Family Practice,MA,0.0,Diversified Prescribers,4671.599999999999,-45.14,68.32
1000003630,Family Practice,MI,0.0,Diversified Prescribers,3731.900000000001,208.53,77.89
1000003636,Physician Assistant,NY,3.0,Low-Volume / Low-Growth Prescribers,3041.9000000000005,64.47,49.91
1000003639,Internal Medicine,FL,3.0,Low-Volume / Low-Growth Prescribers,3301.8,-36.77,82.73
1000003640,Internal Medicine,CA,0.0,Diversified Prescribers,4544.4,-37.84,72.2
1000003642,Internal Medicine,NC,0.0,Diversified Prescribers,15694.5,-42.46,62.2
1000003650,Family Practice,IL,3.0,Low-Volume / Low-Growth Prescribers,965.2,-13.91,68.59
1000003660,Internal Medicine,VA,3.0,Low-Volume / Low-Growth Prescribers,330.59999999999997,-59.55,76.04
1000003661,Internal Medicine,CA,0.0,Diversified Prescribers,5382.700000000001,150.29,82.58
1000003664,Internal Medicine,NY,3.0,Low-Volume / Low-Growth Prescribers,4278.4,-9.29,64.65
1000003671,Endocrinology,AZ,0.0,Diversified Prescribers,2040.3999999999996,142.78,85.63
1000003673,Endocrinology,FL,0.0,Diversified Prescribers,2293.7999999999997,24.8,79.58
1000003674,Family Practice,NC,3.0,Low-Volume / Low-Growth Prescribers,1084.0000000000002,-39.96,51.42
1000003684,Family Practice,FL,3.0,Low-Volume / Low-Growth Prescribers,3073.0,-89.21,81.02
1000003685,Family Practice,TX,1.0,High-Volume Core Prescribers,24905.199999999997,156.09,85.39
1000003686,Physician Assistant,TX,0.0,Diversified Prescribers,3936.9,-62.35,68.85
1000003688,Endocrinology,IL,0.0,Diversified Prescribers,10608.700000000004,-57.46,72.05
1000003689,Endocrinology,NY,0.0,Diversified Prescribers,14285.3,-12.1,80.17
1000003692,Family Practice,FL,0.0,Diversified Prescribers,5092.3,47.86,75.66
1000003693,Internal Medicine,TX,0.0,Diversified Prescribers,16718.800000000003,544.44,71.62
1000003695,Endocrinology,FL,0.0,Diversified Prescribers,15303.1,378.53,75.23
1000003698,Physician Assistant,OH,0.0,Diversified Prescribers,13228.7,-57.21,65.15
1000003700,Family Practice,TX,3.0,Low-Volume / Low-Growth Prescribers,3985.599999999999,-17.7,68.55
1000003709,Physician Assistant,TX,3.0,Low-Volume / Low-Growth Prescribers,743.6999999999999,-92.76,47.68
1000003726,Endocrinology,FL,1.0,High-Volume Core Prescribers,44927.4,-43.15,81.51
1000003734,Internal Medicine,CA,3.0,Low-Volume / Low-Growth Prescribers,949.3,54.34,72.08
1000003742,Family Practice,CA,0.0,Diversified Prescribers,4204.299999999999,-74.71,74.54
1000003745,Internal Medicine,NC,3.0,Low-Volume / Low-Growth Prescribers,1149.9,93.18,73.41
1000003762,Internal Medicine,MI,0.0,Diversified Prescribers,4625.9000000000015,-73.51,62.62
1000003763,Internal Medicine,CA,0.0,Diversified Prescribers,4623.700000000001,-53.53,71.71
1000003764,Internal Medicine,AZ,0.0,Diversified Prescribers,10890.1,112.58,90.33
1000003769,Endocrinology,GA,0.0,Diversified Prescribers,2425.3999999999996,-7.95,81.24
1000003779,Nurse Practitioner,CA,3.0,Low-Volume / Low-Growth Prescribers,2835.5000000000005,54.13,85.43
1000003780,Internal Medicine,FL,3.0,Low-Volume / Low-Growth Prescribers,4124.299999999999,43.23,76.64
1000003781,Internal Medicine,VA,0.0,Diversified Prescribers,20370.800000000007,-37.02,57.11
1000003784,Family Practice,OH,0.0,Diversified Prescribers,4214.9,-46.55,64.57
1000003787,Internal Medicine,CA,1.0,High-Volume Core Prescribers,42699.399999999994,-73.43,95.01
1000003803,Cardiology,TX,3.0,Low-Volume / Low-Growth Prescribers,959.6,-25.57,82.26
1000003807,Internal Medicine,FL,3.0,Low-Volume / Low-Growth Prescribers,749.8,10.02,79.78
1000003828,Nurse Practitioner,MA,3.0,Low-Volume / Low-Growth Prescribers,886.3000000000003,163.4,63.41
1000003831,Family Practice,OH,3.0,Low-Volume / Low-Growth Prescribers,1031.5,-66.07,40.22
1000003839,Family Practice,AZ,3.0,Low-Volume / Low-Growth Prescribers,1238.7,219.46,73.25
1000003851,Endocrinology,CA,0.0,Diversified Prescribers,13547.400000000003,-7.67,83.84
1000003856,Internal Medicine,FL,0.0,Diversified Prescribers,10335.700000000004,-59.7,73.17
1000003864,Endocrinology,IL,0.0,Diversified Prescribers,11211.999999999996,24.9,75.8
1000003866,Internal Medicine,PA,3.0,Low-Volume / Low-Growth Prescribers,978.2000000000002,36.04,58.78
1000003877,Nurse Practitioner,TX,0.0,Diversified Prescribers,4468.099999999999,-30.02,79.11
1000003879,Internal Medicine,NY,3.0,Low-Volume / Low-Growth Prescribers,1057.9,-54.49,68.94
1000003885,Physician Assistant,PA,3.0,Low-Volume / Low-Growth Prescribers,789.5,-24.48,69.12
1000003891,Internal Medicine,CA,3.0,Low-Volume / Low-Growth Prescribers,4726.200000000001,-73.55,65.85
1000003894,Family Practice,AZ,3.0,Low-Volume / Low-Growth Prescribers,955.2999999999998,123.83,77.62
1000003903,Internal Medicine,IL,0.0,Diversified Prescribers,18459.699999999997,769.47,83.33
1000003912,Endocrinology,FL,1.0,High-Volume Core Prescribers,102964.40000000002,91.15,73.4
1000003920,Physician Assistant,OH,0.0,Diversified Prescribers,15197.500000000002,26.96,79.51
1000003924,Nephrology,CA,0.0,Diversified Prescribers,4863.6,-28.5,73.51
1000003932,Family Practice,CA,0.0,Diversified Prescribers,3833.3,-39.96,67.71
1000003940,Family Practice,FL,3.0,Low-Volume / Low-Growth Prescribers,1015.7,-23.02,69.84
1000003955,Nurse Practitioner,TX,3.0,Low-Volume / Low-Growth Prescribers,3079.0,-54.91,86.02
1000003977,Internal Medicine,NC,3.0,Low-Volume / Low-Growth Prescribers,1143.2,22.09,71.63
1000003986,Endocrinology,CA,1.0,High-Volume Core Prescribers,38998.2,62.14,77.84
1000003988,Internal Medicine,TX,0.0,Diversified Prescribers,5679.0999999999985,-13.04,64.92
1000003993,Endocrinology,IN,0.0,Diversified Prescribers,2982.2,121.74,76.89
1000003998,Internal Medicine,TX,3.0,Low-Volume / Low-Growth Prescribers,919.5,-24.1,73.91
1000004011,Internal Medicine,NC,3.0,Low-Volume / Low-Growth Prescribers,3438.9999999999995,-90.49,41.45
1000004021,Internal Medicine,NY,0.0,Diversified Prescribers,14132.799999999996,3.02,84.32
1000004022,Family Practice,TX,1.0,High-Volume Core Prescribers,33149.3,-54.13,86.28
1000004024,Family Practice,IL,0.0,Diversified Prescribers,4055.9,16.38,74.19
1000004030,Family Practice,IN,3.0,Low-Volume / Low-Growth Prescribers,625.1999999999999,-60.32,71.32
1000004033,Nephrology,AZ,3.0,Low-Volume / Low-Growth Prescribers,1010.0,4.78,37.58
1000004050,Physician Assistant,IN,0.0,Diversified Prescribers,12180.1,14.7,69.93
1000004063,Internal Medicine,MA,1.0,High-Volume Core Prescribers,34745.59999999999,-41.55,55.99
1000004066,Endocrinology,IN,0.0,Diversified Prescribers,7223.000000000001,-49.62,78.14
1000004068,Family Practice,PA,0.0,Diversified Prescribers,17087.899999999998,18.17,77.53
1000004093,Physician Assistant,IN,3.0,Low-Volume / Low-Growth Prescribers,922.9,671.91,75.32
1000004098,Internal Medicine,IL,3.0,Low-Volume / Low-Growth Prescribers,577.2,115.23,51.21
1000004101,Internal Medicine,GA,3.0,Low-Volume / Low-Growth Prescribers,716.3,-25.65,67.04
1000004120,Internal Medicine,VA,0.0,Diversified Prescribers,5006.400000000001,90.48,68.85
1000004121,Internal Medicine,TX,3.0,Low-Volume / Low-Growth Prescribers,785.8,-7.53,59.54
1000004140,Internal Medicine,TN,1.0,High-Volume Core Prescribers,30557.800000000003,-33.05,86.39
1000004179,Internal Medicine,TX,3.0,Low-Volume / Low-Growth Prescribers,3868.2999999999993,9.1,44.56
1000004194,Family Practice,IL,0.0,Diversified Prescribers,3133.9000000000005,80.54,89.1
1000004195,Internal Medicine,OH,0.0,Diversified Prescribers,12097.8,-79.4,73.28
1000004196,Endocrinology,VA,1.0,High-Volume Core Prescribers,76040.80000000002,-66.89,75.99
1000004206,Family Practice,MI,3.0,Low-Volume / Low-Growth Prescribers,4410.200000000001,-26.59,70.45
1000004207,Internal Medicine,PA,0.0,Diversified Prescribers,22141.3,122.35,62.62
1000004213,Internal Medicine,NY,0.0,Diversified Prescribers,13589.6,-71.37,60.03
1000004226,Internal Medicine,NY,0.0,Diversified Prescribers,3434.9000000000005,301.66,73.41
1000004227,Family Practice,TX,3.0,Low-Volume / Low-Growth Prescribers,4630.4,36.67,67.29
1000004231,Internal Medicine,MI,3.0,Low-Volume / Low-Growth Prescribers,4583.5,99.53,54.64
1000004234,Endocrinology,NY,0.0,Diversified Prescribers,9100.6,99.72,79.72
1000004243,Internal Medicine,CA,0.0,Diversified Prescribers,6058.700000000001,-36.62,55.46
1000004252,Internal Medicine,TX,3.0,Low-Volume / Low-Growth Prescribers,771.4,68.26,86.54
1000004263,Internal Medicine,MA,3.0,Low-Volume / Low-Growth Prescribers,3868.000000000001,91.13,84.82
1000004269,Physician Assistant,TX,0.0,Diversified Prescribers,15635.6,56.41,78.32
1000004291,Endocrinology,CA,0.0,Diversified Prescribers,2452.3,-64.11,72.03
1000004292,Family Practice,TX,3.0,Low-Volume / Low-Growth Prescribers,2626.7999999999997,1342.98,71.78
1000004304,Family Practice,GA,0.0,Diversified Prescribers,7535.700000000001,51.21,56.25
1000004327,Cardiology,FL,3.0,Low-Volume / Low-Growth Prescribers,929.6,-18.24,83.55
1000004341,Endocrinology,TN,3.0,Low-Volume / Low-Growth Prescribers,2183.8999999999996,155.0,74.32
1000004370,Internal Medicine,IN,0.0,Diversified Prescribers,14429.6,122.12,76.36
1000004377,Family Practice,FL,1.0,High-Volume Core Prescribers,44288.4,-81.3,61.29
1000004386,Physician Assistant,GA,0.0,Diversified Prescribers,4920.200000000001,27.49,72.93
1000004401,Internal Medicine,IN,3.0,Low-Volume / Low-Growth Prescribers,5347.0,258.26,71.32
1000000133,Internal Medicine,MA,,,717.3,,62.68
1000001785,Nurse Practitioner,IL,,,450.5,,66.44
1000004412,Family Practice,MA,3.0,Low-Volume / Low-Growth Prescribers,1052.0,13.82,69.63
1000004418,Internal Medicine,PA,0.0,Diversified Prescribers,17457.300000000003,-16.1,79.21
1000004420,Endocrinology,IL,1.0,High-Volume Core Prescribers,32515.3,-84.45,79.56
1000004430,Family Practice,NY,3.0,Low-Volume / Low-Growth Prescribers,848.3999999999999,-42.72,64.9
1000004440,Nurse Practitioner,PA,3.0,Low-Volume / Low-Growth Prescribers,1101.5,63.83,71.38
1000004444,Internal Medicine,FL,3.0,Low-Volume / Low-Growth Prescribers,864.0999999999999,64.49,78.98
1000004446,Internal Medicine,AZ,3.0,Low-Volume / Low-Growth Prescribers,919.7,-24.77,60.25
1000004458,Internal Medicine,OH,1.0,High-Volume Core Prescribers,29745.0,86.52,73.19
1000004473,Internal Medicine,CA,3.0,Low-Volume / Low-Growth Prescribers,886.7,33.4,79.94
1000004476,Internal Medicine,FL,3.0,Low-Volume / Low-Growth Prescribers,642.5,13.13,88.42
1000004478,Family Practice,NC,3.0,Low-Volume / Low-Growth Prescribers,3441.8,39.46,68.32
1000004492,Family Practice,FL,3.0,Low-Volume / Low-Growth Prescribers,846.3,38.29,69.63
1000000008,Family Practice,OH,3.0,Low-Volume / Low-Growth Prescribers,4232.2,-46.56,78.98
1000000009,Family Practice,IN,3.0,Low-Volume / Low-Growth Prescribers,5471.6,1.9,65.69
1000000011,Physician Assistant,PA,3.0,Low-Volume / Low-Growth Prescribers,932.5,-53.66,60.61
1000000017,Internal Medicine,MA,0.0,Diversified Prescribers,13459.1,15.02,66.06
1000000020,Family Practice,MA,3.0,Low-Volume / Low-Growth Prescribers,718.5,-64.01,77.69
1000000033,Physician Assistant,FL,0.0,Diversified Prescribers,18070.9,-17.49,67.04
1000000036,Internal Medicine,NY,3.0,Low-Volume / Low-Growth Prescribers,742.4,-88.82,64.25
1000000041,Internal Medicine,IL,0.0,Diversified Prescribers,1014.4,-33.2,63.19
1000000046,Internal Medicine,CA,3.0,Low-Volume / Low-Growth Prescribers,718.1999999999999,-77.18,86.17
1000000053,Nurse Practitioner,MA,3.0,Low-Volume / Low-Growth Prescribers,778.5999999999999,-11.55,76.41
1000000082,Internal Medicine,AZ,3.0,Low-Volume / Low-Growth Prescribers,865.4,-75.36,59.89
1000000087,Family Practice,CA,1.0,High-Volume Core Prescribers,41706.1,-55.19,71.82
1000000096,Internal Medicine,MI,3.0,Low-Volume / Low-Growth Prescribers,497.8,-88.44,71.64
1000000099,Endocrinology,FL,0.0,Diversified Prescribers,2835.2,8.44,81.57
1000000105,Internal Medicine,MA,3.0,Low-Volume / Low-Growth Prescribers,686.4999999999999,-72.12,64.65
1000000114,Family Practice,TX,3.0,Low-Volume / Low-Growth Prescribers,1006.8,44.76,73.58
1000000119,Internal Medicine,TN,0.0,Diversified Prescribers,18281.4,4233.46,66.7
1000000124,Internal Medicine,IN,3.0,Low-Volume / Low-Growth Prescribers,680.9000000000001,-71.9,77.35
1000000128,Endocrinology,NC,0.0,Diversified Prescribers,12727.6,-34.75,85.81
1000000130,Internal Medicine,CA,3.0,Low-Volume / Low-Growth Prescribers,1202.6,26.99,75.08
1000000134,Physician Assistant,CA,0.0,Diversified Prescribers,16035.500000000004,264.01,58.14
1000000136,Internal Medicine,FL,0.0,Diversified Prescribers,4204.999999999999,-96.83,72.76
1000000140,Physician Assistant,IN,3.0,Low-Volume / Low-Growth Prescribers,3635.3,106.88,59.0
1000000146,Family Practice,NC,3.0,Low-Volume / Low-Growth Prescribers,748.3,70.2,75.28
1000000152,Endocrinology,PA,0.0,Diversified Prescribers,2220.2999999999997,213.27,77.94
1000000157,Family Practice,IL,0.0,Diversified Prescribers,5358.699999999999,-45.81,69.88
1000000163,Internal Medicine,TN,3.0,Low-Volume / Low-Growth Prescribers,1095.3,172.29,81.14
1000000171,Endocrinology,MA,1.0,High-Volume Core Prescribers,30899.60000000001,-52.44,74.39
1000000176,Family Practice,CA,3.0,Low-Volume / Low-Growth Prescribers,914.3,47.29,71.66
1000000182,Physician Assistant,IN,3.0,Low-Volume / Low-Growth Prescribers,592.1,-9.21,56.16
1000000187,Internal Medicine,CA,3.0,Low-Volume / Low-Growth Prescribers,1020.8999999999996,218.13,67.0
1000000221,Family Practice,CA,0.0,Diversified Prescribers,3973.999999999999,-32.53,81.95
1000000228,Nurse Practitioner,MI,3.0,Low-Volume / Low-Growth Prescribers,817.9,131.08,79.7
1000000230,Family Practice,CA,0.0,Diversified Prescribers,5911.4,-41.01,57.62
1000000267,Family Practice,CA,3.0,Low-Volume / Low-Growth Prescribers,819.6,-72.92,64.87
1000000269,Internal Medicine,FL,3.0,Low-Volume / Low-Growth Prescribers,991.1,120.42,82.14
1000000291,Endocrinology,VA,0.0,Diversified Prescribers,11586.4,83.99,75.62
1000000293,Internal Medicine,FL,0.0,Diversified Prescribers,4576.6,9.3,69.52
1000000294,Endocrinology,FL,1.0,High-Volume Core Prescribers,43819.0,58.97,72.73
1000000295,Internal Medicine,FL,0.0,Diversified Prescribers,15954.9,484.98,61.99
1000000304,Family Practice,TN,0.0,Diversified Prescribers,5883.400000000001,46.04,62.58
1000000310,Internal Medicine,TX,3.0,Low-Volume / Low-Growth Prescribers,1006.0,20.08,83.19
1000000316,Internal Medicine,IN,0.0,Diversified Prescribers,8383.0,30.98,85.69
1000000322,Family Practice,NY,3.0,Low-Volume / Low-Growth Prescribers,4741.799999999999,-32.99,69.09
1000000327,Family Practice,TX,3.0,Low-Volume / Low-Growth Prescribers,1030.0,24.36,75.29
1000000330,Internal Medicine,AZ,0.0,Diversified Prescribers,6656.0,3.37,74.29
1000000335,Endocrinology,CA,0.0,Diversified Prescribers,2267.7000000000003,126.98,82.93
1000000342,Endocrinology,FL,1.0,High-Volume Core Prescribers,39300.2,59.25,65.09
1000000343,Internal Medicine,CA,0.0,Diversified Prescribers,15021.4,-47.06,58.92
1000000344,Internal Medicine,TX,3.0,Low-Volume / Low-Growth Prescribers,912.4,-86.0,87.35
1000000367,Nurse Practitioner,TX,0.0,Diversified Prescribers,13454.5,532.76,59.3
1000000371,Endocrinology,CA,3.0,Low-Volume / Low-Growth Prescribers,1788.1999999999998,125.23,85.19
1000000374,Endocrinology,FL,3.0,Low-Volume / Low-Growth Prescribers,1447.8,-75.91,61.69
1000000397,Internal Medicine,FL,0.0,Diversified Prescribers,4819.599999999999,-30.21,84.14
1000000399,Family Practice,IN,3.0,Low-Volume / Low-Growth Prescribers,762.0999999999999,6.03,63.34
1000000429,Endocrinology,IN,1.0,High-Volume Core Prescribers,40696.40000000001,183.87,81.64
1000000431,Family Practice,FL,3.0,Low-Volume / Low-Growth Prescribers,646.4000000000001,830.05,85.72
1000000432,Family Practice,VA,0.0,Diversified Prescribers,5532.599999999999,-66.1,66.05
1000000437,Family Practice,IL,3.0,Low-Volume / Low-Growth Prescribers,695.4,-34.82,83.65
1000000439,Endocrinology,AZ,0.0,Diversified Prescribers,12933.7,-15.99,92.92
1000000441,Cardiology,NY,3.0,Low-Volume / Low-Growth Prescribers,988.6,-50.22,68.52
1000000493,Internal Medicine,NC,3.0,Low-Volume / Low-Growth Prescribers,906.4,96.14,83.96
1000000496,Family Practice,CA,0.0,Diversified Prescribers,5181.0,174.21,56.55
1000000499,Cardiology,OH,3.0,Low-Volume / Low-Growth Prescribers,1002.7,-36.85,74.98
1000000517,Family Practice,FL,3.0,Low-Volume / Low-Growth Prescribers,4139.699999999999,68.45,79.31
1000000518,Cardiology,IL,3.0,Low-Volume / Low-Growth Prescribers,3835.000000000001,124.38,69.15
1000000528,Endocrinology,GA,1.0,High-Volume Core Prescribers,99514.60000000002,59.55,86.45
1000000530,Family Practice,FL,3.0,Low-Volume / Low-Growth Prescribers,596.6999999999999,-6.71,88.69
1000000535,Physician Assistant,NY,3.0,Low-Volume / Low-Growth Prescribers,3666.5,85.02,53.99
1000000541,Family Practice,OH,3.0,Low-Volume / Low-Growth Prescribers,645.2,35.52,66.62
1000000545,Internal Medicine,OH,3.0,Low-Volume / Low-Growth Prescribers,847.6999999999999,-45.02,77.52
1000000551,Nurse Practitioner,AZ,0.0,Diversified Prescribers,12723.200000000004,-91.17,87.26
1000000553,Family Practice,CA,0.0,Diversified Prescribers,3300.2,29.0,96.85
1000000570,Internal Medicine,IL,0.0,Diversified Prescribers,5177.799999999999,-17.64,62.14
1000000572,Internal Medicine,PA,3.0,Low-Volume / Low-Growth Prescribers,1265.7,2.63,59.25
1000000577,Physician Assistant,TX,3.0,Low-Volume / Low-Growth Prescribers,3264.2,-68.8,78.9
1000000584,Family Practice,TX,0.0,Diversified Prescribers,15352.9,16.68,72.62
1000000585,Internal Medicine,PA,0.0,Diversified Prescribers,13520.4,-67.29,85.77
1000000590,Endocrinology,CA,0.0,Diversified Prescribers,11092.800000000005,-76.56,72.69
1000000598,Internal Medicine,NY,3.0,Low-Volume / Low-Growth Prescribers,529.5,106.5,72.09
1000000603,Endocrinology,FL,0.0,Diversified Prescribers,2010.8999999999996,-27.23,83.03
1000000623,Internal Medicine,PA,0.0,Diversified Prescribers,4162.300000000001,176.15,89.79
1000000633,Internal Medicine,CA,0.0,Diversified Prescribers,5207.699999999999,-17.28,72.32
1000000652,Family Practice,IN,3.0,Low-Volume / Low-Growth Prescribers,482.1,-36.26,90.11
1000000654,Internal Medicine,NC,3.0,Low-Volume / Low-Growth Prescribers,3055.1,-79.61,52.43
1000000659,Family Practice,TX,0.0,Diversified Prescribers,13283.600000000002,-44.36,60.92
1000000662,Family Practice,FL,3.0,Low-Volume / Low-Growth Prescribers,844.3,222.36,78.47
1000000672,Endocrinology,CA,0.0,Diversified Prescribers,2773.4,53.21,83.07
1000000680,Family Practice,NY,0.0,Diversified Prescribers,3750.900000000001,51.58,92.18
1000000690,Internal Medicine,FL,1.0,High-Volume Core Prescribers,61828.00000000001,8.69,76.93
1000000695,Family Practice,AZ,3.0,Low-Volume / Low-Growth Prescribers,4222.800000000001,-75.75,76.59
1000000697,Family Practice,CA,3.0,Low-Volume / Low-Growth Prescribers,3316.0000000000005,321.4,61.24
1000000702,Internal Medicine,NC,0.0,Diversified Prescribers,5819.399999999999,-9.63,77.43
1000000716,Family Practice,PA,3.0,Low-Volume / Low-Growth Prescribers,520.0,129.72,67.08
1000000718,Endocrinology,TX,0.0,Diversified Prescribers,2019.0000000000005,205.29,72.38
1000000726,Endocrinology,OH,1.0,High-Volume Core Prescribers,46958.7,11.55,74.41
1000000731,Family Practice,NY,0.0,Diversified Prescribers,4364.6,160.6,75.07
1000000739,Internal Medicine,NY,3.0,Low-Volume / Low-Growth Prescribers,3118.9000000000005,-72.22,33.98
1000000757,Internal Medicine,IL,1.0,High-Volume Core Prescribers,32177.6,-19.12,83.46
1000000759,Family Practice,MA,0.0,Diversified Prescribers,3694.0,-72.31,71.98
1000000767,Nurse Practitioner,PA,0.0,Diversified Prescribers,21339.499999999996,11.79,67.55
1000000769,Family Practice,FL,3.0,Low-Volume / Low-Growth Prescribers,969.8,-48.24,67.64
1000000774,Family Practice,PA,0.0,Diversified Prescribers,9873.2,23.21,74.51
1000000780,Family Practice,VA,3.0,Low-Volume / Low-Growth Prescribers,511.5999999999999,71.73,84.46
1000000794,Endocrinology,MI,0.0,Diversified Prescribers,10412.4,-4.13,66.8
1000000802,Family Practice,MI,3.0,Low-Volume / Low-Growth Prescribers,973.4,-0.15,54.77
1000000809,Endocrinology,MA,0.0,Diversified Prescribers,11439.0,-10.25,76.51
1000000816,Family Practice,FL,0.0,Diversified Prescribers,5037.599999999999,23.32,77.28
1000000832,Endocrinology,CA,0.0,Diversified Prescribers,2073.7000000000003,48.34,76.52
1000000838,Family Practice,IN,3.0,Low-Volume / Low-Growth Prescribers,3577.5,83.15,96.41
1000000865,Internal Medicine,VA,3.0,Low-Volume / Low-Growth Prescribers,679.4000000000001,88.34,84.93
1000000877,Family Practice,FL,3.0,Low-Volume / Low-Growth Prescribers,819.1000000000001,77.44,68.21
1000000896,Internal Medicine,CA,0.0,Diversified Prescribers,4988.200000000001,142.95,64.5
1000000897,Nurse Practitioner,PA,3.0,Low-Volume / Low-Growth Prescribers,3246.4,-99.05,72.47
1000000901,Endocrinology,VA,0.0,Diversified Prescribers,2710.0999999999995,-48.3,71.04
1000000917,Physician Assistant,FL,3.0,Low-Volume / Low-Growth Prescribers,799.8,-66.93,69.74
1000000925,Endocrinology,OH,0.0,Diversified Prescribers,2419.0,-9.25,73.3
1000000942,Family Practice,CA,3.0,Low-Volume / Low-Growth Prescribers,848.7,92.39,74.61
1000000944,Internal Medicine,CA,3.0,Low-Volume / Low-Growth Prescribers,958.0,-26.62,64.94
1000000947,Nurse Practitioner,OH,3.0,Low-Volume / Low-Growth Prescribers,756.5,-0.25,73.59
1000000949,Family Practice,CA,3.0,Low-Volume / Low-Growth Prescribers,4162.299999999999,5.97,75.52
1000000959,Family Practice,VA,3.0,Low-Volume / Low-Growth Prescribers,1099.6,152.87,80.97
1000000961,Family Practice,TX,0.0,Diversified Prescribers,3338.4000000000005,485.78,59.46
1000000966,Family Practice,MI,0.0,Diversified Prescribers,5152.700000000001,-2.62,66.12
1000000978,Internal Medicine,MI,0.0,Diversified Prescribers,22977.699999999993,98.81,68.34
1000000980,Internal Medicine,AZ,3.0,Low-Volume / Low-Growth Prescribers,542.0,-89.63,74.89
1000001013,Endocrinology,GA,0.0,Diversified Prescribers,2426.9999999999995,11.82,71.22
1000001015,Physician Assistant,MI,3.0,Low-Volume / Low-Growth Prescribers,852.0,12.54,83.03
1000001026,Nurse Practitioner,NC,0.0,Diversified Prescribers,17284.4,-66.25,64.23
1000001031,Family Practice,CA,1.0,High-Volume Core Prescribers,34684.899999999994,75.51,69.11
1000001034,Endocrinology,TX,0.0,Diversified Prescribers,13363.6,-24.35,82.79
1000001038,Endocrinology,IL,0.0,Diversified Prescribers,10259.7,22.92,81.23
1000001042,Internal Medicine,MA,3.0,Low-Volume / Low-Growth Prescribers,847.3000000000002,-49.2,78.34
1000001043,Family Practice,TN,0.0,Diversified Prescribers,4075.499999999999,304.37,66.85
1000001051,Internal Medicine,NY,0.0,Diversified Prescribers,6647.999999999998,55.73,70.79
1000001063,Internal Medicine,FL,3.0,Low-Volume / Low-Growth Prescribers,477.6,-69.66,71.69
1000001064,Internal Medicine,IN,3.0,Low-Volume / Low-Growth Prescribers,859.6999999999999,489.64,76.38
1000001076,Internal Medicine,NC,3.0,Low-Volume / Low-Growth Prescribers,1401.1,283.08,57.01
1000001077,Family Practice,VA,0.0,Diversified Prescribers,3643.6,-15.3,78.41
1000001085,Internal Medicine,CA,0.0,Diversified Prescribers,5231.599999999999,-25.8,73.58
1000001087,Endocrinology,PA,0.0,Diversified Prescribers,9201.8,15.35,79.83
1000001093,Internal Medicine,VA,0.0,Diversified Prescribers,12854.899999999998,245.99,67.37
1000001094,Internal Medicine,NY,0.0,Diversified Prescribers,12472.100000000002,175.58,60.0
1000001105,Endocrinology,OH,0.0,Diversified Prescribers,2652.9000000000005,69.54,78.42
1000001107,Family Practice,MA,3.0,Low-Volume / Low-Growth Prescribers,4856.2,58.48,68.19
1000001109,Endocrinology,PA,0.0,Diversified Prescribers,2716.1000000000004,-9.85,76.02
1000001112,Internal Medicine,TN,0.0,Diversified Prescribers,2851.9999999999995,88.95,90.95
1000001125,Internal Medicine,TN,0.0,Diversified Prescribers,14387.8,135.58,48.02
1000001130,Family Practice,MI,1.0,High-Volume Core Prescribers,35288.399999999994,29.53,59.58
1000001135,Endocrinology,CA,0.0,Diversified Prescribers,2464.5,-77.24,76.9
1000001140,Family Practice,OH,,,527.5,,48.42
1000001141,Internal Medicine,AZ,0.0,Diversified Prescribers,3747.2,-75.47,83.85
1000001154,Family Practice,CA,1.0,High-Volume Core Prescribers,22920.800000000003,-49.67,56.66
1000001156,Endocrinology,NC,0.0,Diversified Prescribers,2314.3999999999996,148.86,83.17
1000001166,Family Practice,GA,3.0,Low-Volume / Low-Growth Prescribers,3173.3999999999996,-90.72,62.17
1000001172,Family Practice,NC,0.0,Diversified Prescribers,4878.0,-89.42,63.66
1000001196,Cardiology,PA,0.0,Diversified Prescribers,4086.1,31.15,74.15
1000001197,Physician Assistant,NY,0.0,Diversified Prescribers,18462.6,142.76,66.61
1000001216,Endocrinology,TX,0.0,Diversified Prescribers,8908.799999999997,-41.08,82.51
1000001219,Internal Medicine,TX,3.0,Low-Volume / Low-Growth Prescribers,666.7000000000002,138.49,92.97
1000001228,Cardiology,TX,3.0,Low-Volume / Low-Growth Prescribers,1116.0,-52.16,80.46
1000001230,Nurse Practitioner,TN,0.0,Diversified Prescribers,4170.9,2.89,70.98
1000001237,Internal Medicine,FL,3.0,Low-Volume / Low-Growth Prescribers,1017.8,142.38,73.04
1000001244,Family Practice,TX,3.0,Low-Volume / Low-Growth Prescribers,1248.2000000000005,194.24,62.28
1000001252,Endocrinology,CA,0.0,Diversified Prescribers,1873.5,161.5,70.76
1000001256,Internal Medicine,NC,3.0,Low-Volume / Low-Growth Prescribers,4972.0,349.01,51.76
1000001265,Endocrinology,MI,0.0,Diversified Prescribers,2108.7,-67.03,70.7
1000001274,Internal Medicine,CA,0.0,Diversified Prescribers,13267.900000000003,-75.77,55.67
1000001278,Endocrinology,TN,0.0,Diversified Prescribers,2753.1,119.51,80.42
1000001280,Family Practice,NC,3.0,Low-Volume / Low-Growth Prescribers,3257.8,255.81,57.53
1000001283,Endocrinology,CA,1.0,High-Volume Core Prescribers,38464.7,19.68,72.72
1000001285,Internal Medicine,IN,3.0,Low-Volume / Low-Growth Prescribers,939.5,83.09,67.6
1000001292,Family Practice,VA,3.0,Low-Volume / Low-Growth Prescribers,914.8,50.93,64.24
1000001300,Endocrinology,FL,1.0,High-Volume Core Prescribers,34525.49999999999,-67.28,73.61
1000001312,Internal Medicine,TN,1.0,High-Volume Core Prescribers,30441.9,-24.77,81.11
1000001316,Internal Medicine,CA,0.0,Diversified Prescribers,4723.5,47.62,74.77
1000001318,Endocrinology,IN,0.0,Diversified Prescribers,9083.7,-17.09,81.09
1000001325,Internal Medicine,NY,3.0,Low-Volume / Low-Growth Prescribers,1394.5,4.61,49.3
1000001330,Internal Medicine,VA,0.0,Diversified Prescribers,4074.9,100.57,86.17
1000001334,Cardiology,AZ,3.0,Low-Volume / Low-Growth Prescribers,1141.1999999999998,29.81,70.31
1000001338,Endocrinology,OH,0.0,Diversified Prescribers,2491.2,-5.02,84.67
1000001348,Cardiology,FL,0.0,Diversified Prescribers,4369.599999999999,85.17,87.0
1000001369,Internal Medicine,OH,3.0,Low-Volume / Low-Growth Prescribers,4041.2,27.06,61.63
1000001381,Internal Medicine,OH,0.0,Diversified Prescribers,3877.7,60.65,72.37
1000001385,Internal Medicine,PA,3.0,Low-Volume / Low-Growth Prescribers,902.5,0.23,60.57
1000001387,Endocrinology,IN,1.0,High-Volume Core Prescribers,108337.40000000002,149.79,75.59
1000001410,Internal Medicine,NY,0.0,Diversified Prescribers,15360.000000000002,199.84,59.13
1000001420,Internal Medicine,CA,3.0,Low-Volume / Low-Growth Prescribers,895.4999999999999,-87.02,83.65
1000001421,Internal Medicine,VA,0.0,Diversified Prescribers,3866.500000000002,-70.57,81.26
1000001425,Physician Assistant,GA,0.0,Diversified Prescribers,13277.2,-39.77,80.04
1000001445,Endocrinology,FL,0.0,Diversified Prescribers,9817.0,195.77,71.2
1000001462,Endocrinology,NY,1.0,High-Volume Core Prescribers,99778.80000000002,325.91,78.93
1000001466,Cardiology,IN,0.0,Diversified Prescribers,4493.0,-30.55,90.1
1000001473,Internal Medicine,TN,3.0,Low-Volume / Low-Growth Prescribers,469.3999999999999,107.14,75.12
1000001482,Internal Medicine,VA,0.0,Diversified Prescribers,16542.6,448.2,83.95
1000001490,Internal Medicine,CA,3.0,Low-Volume / Low-Growth Prescribers,852.3999999999999,195.75,66.65
1000001491,Internal Medicine,IL,3.0,Low-Volume / Low-Growth Prescribers,829.3,201.07,71.84
1000001493,Endocrinology,PA,0.0,Diversified Prescribers,2465.7000000000003,24.01,92.76
1000001502,Endocrinology,MA,0.0,Diversified Prescribers,11405.7,-26.1,82.75
1000001512,Physician Assistant,VA,3.0,Low-Volume / Low-Growth Prescribers,1166.4999999999998,72.99,62.96
1000001520,Endocrinology,NY,0.0,Diversified Prescribers,13591.200000000004,1.26,80.78
1000001525,Internal Medicine,FL,0.0,Diversified Prescribers,17617.9,-65.3,77.4
1000001526,Internal Medicine,MA,3.0,Low-Volume / Low-Growth Prescribers,4098.299999999999,29.08,84.41
1000001527,Internal Medicine,CA,3.0,Low-Volume / Low-Growth Prescribers,844.8,-36.49,60.1
1000001533,Internal Medicine,TX,0.0,Diversified Prescribers,1284.5,152.63,68.2
1000001543,Internal Medicine,TX,0.0,Diversified Prescribers,15554.999999999998,-87.35,66.06
1000001549,Family Practice,IN,3.0,Low-Volume / Low-Growth Prescribers,625.8,16.67,68.66
1000001562,Family Practice,PA,3.0,Low-Volume / Low-Growth Prescribers,1027.8,683.24,69.76
1000001563,Internal Medicine,OH,3.0,Low-Volume / Low-Growth Prescribers,910.1,-84.35,61.39
1000001569,Internal Medicine,TX,0.0,Diversified Prescribers,5114.6,153.62,83.15
1000001575,Endocrinology,CA,1.0,High-Volume Core Prescribers,28897.5,77.59,93.42
1000001576,Endocrinology,FL,1.0,High-Volume Core Prescribers,100458.4,224.86,89.3
1000001585,Endocrinology,PA,0.0,Diversified Prescribers,2247.9000000000005,-13.06,90.55
1000001606,Endocrinology,PA,0.0,Diversified Prescribers,15135.399999999998,10.36,86.87
1000001611,Family Practice,NY,0.0,Diversified Prescribers,16864.6,238.8,69.23
1000001640,Internal Medicine,PA,0.0,Diversified Prescribers,4240.3,-41.62,75.77
1000001659,Internal Medicine,TN,0.0,Diversified Prescribers,4900.7,-56.51,59.27
1000001660,Family Practice,TX,3.0,Low-Volume / Low-Growth Prescribers,4201.099999999999,-64.66,65.04
1000001671,Nurse Practitioner,OH,3.0,Low-Volume / Low-Growth Prescribers,880.8,-48.28,55.01
1000001675,Internal Medicine,IL,0.0,Diversified Prescribers,19849.1,112.22,80.76
1000001681,Cardiology,TX,0.0,Diversified Prescribers,24621.3,-95.2,66.56
1000001704,Internal Medicine,CA,3.0,Low-Volume / Low-Growth Prescribers,894.2000000000002,26.75,57.24
1000001712,Family Practice,NY,0.0,Diversified Prescribers,14276.000000000004,106.98,84.22
1000001719,Internal Medicine,TX,3.0,Low-Volume / Low-Growth Prescribers,537.3999999999999,-13.19,99.55
1000001736,Internal Medicine,NC,0.0,Diversified Prescribers,11515.9,1132.57,57.24
1000001739,Internal Medicine,MA,3.0,Low-Volume / Low-Growth Prescribers,823.8999999999999,-45.47,85.71
1000001746,Endocrinology,TX,1.0,High-Volume Core Prescribers,44680.5,262.1,72.57
1000001748,Family Practice,GA,3.0,Low-Volume / Low-Growth Prescribers,2931.8,80.85,77.63
1000001756,Physician Assistant,OH,3.0,Low-Volume / Low-Growth Prescribers,707.3,1182.69,72.36
1000001764,Endocrinology,TN,1.0,High-Volume Core Prescribers,36088.3,49.53,86.64
1000001766,Family Practice,VA,0.0,Diversified Prescribers,5369.799999999999,145.72,70.01
1000001768,Internal Medicine,FL,3.0,Low-Volume / Low-Growth Prescribers,4438.5,145.87,62.61
1000001769,Internal Medicine,NC,0.0,Diversified Prescribers,4727.099999999999,-57.96,68.27
1000001776,Family Practice,TX,3.0,Low-Volume / Low-Growth Prescribers,776.1000000000001,364.97,88.43
1000001778,Internal Medicine,TN,0.0,Diversified Prescribers,17404.1,-49.71,63.45
1000001780,Endocrinology,TN,1.0,High-Volume Core Prescribers,71764.3,-60.7,80.7
1000001791,Family Practice,NY,3.0,Low-Volume / Low-Growth Prescribers,1480.1,-24.41,64.56
1000001794,Endocrinology,MA,0.0,Diversified Prescribers,2213.3999999999996,-5.75,78.39
1000001795,Endocrinology,MA,0.0,Diversified Prescribers,2271.1000000000004,-48.95,79.36
1000001800,Physician Assistant,AZ,3.0,Low-Volume / Low-Growth Prescribers,684.1,-60.9,73.13
1000001813,Endocrinology,FL,1.0,High-Volume Core Prescribers,40601.40000000001,282.05,69.11
1000001819,Internal Medicine,CA,0.0,Diversified Prescribers,5487.4,82.71,57.37
1000001827,Physician Assistant,NY,0.0,Diversified Prescribers,20592.3,37.27,65.89
1000001845,Internal Medicine,CA,0.0,Diversified Prescribers,18115.800000000003,-21.09,62.8
1000001846,Endocrinology,FL,0.0,Diversified Prescribers,8919.7,65.35,80.43
1000001862,Endocrinology,TX,0.0,Diversified Prescribers,2502.9,12.89,72.94
1000001891,Internal Medicine,NY,3.0,Low-Volume / Low-Growth Prescribers,659.6,17.03,61.58
1000001895,Family Practice,FL,3.0,Low-Volume / Low-Growth Prescribers,1016.1,-8.24,74.49
1000001896,Family Practice,PA,3.0,Low-Volume / Low-Growth Prescribers,935.0000000000002,220.38,53.76
1000001900,Internal Medicine,GA,0.0,Diversified Prescribers,5287.100000000001,13.87,65.91
1000001904,Family Practice,CA,0.0,Diversified Prescribers,4447.8,-20.74,64.0
1000001915,Family Practice,NY,3.0,Low-Volume / Low-Growth Prescribers,581.6,-55.53,83.63
1000001919,Internal Medicine,PA,3.0,Low-Volume / Low-Growth Prescribers,1253.8000000000002,202.44,69.41
1000001921,Endocrinology,PA,0.0,Diversified Prescribers,9826.5,-20.68,84.64
1000001922,Family Practice,CA,3.0,Low-Volume / Low-Growth Prescribers,1169.8,-46.45,70.91
1000001924,Family Practice,NY,0.0,Diversified Prescribers,13709.2,-79.39,73.83
1000001932,Family Practice,MA,3.0,Low-Volume / Low-Growth Prescribers,754.5000000000001,326.55,70.58
1000001937,Family Practice,CA,3.0,Low-Volume / Low-Growth Prescribers,515.8,-49.43,72.68
1000001941,Internal Medicine,CA,0.0,Diversified Prescribers,4349.4,-50.87,67.95
1000001951,Internal Medicine,VA,0.0,Diversified Prescribers,15332.2,837.22,92.07
1000001953,Family Practice,FL,3.0,Low-Volume / Low-Growth Prescribers,834.4000000000001,58.58,77.16
1000001956,Family Practice,OH,0.0,Diversified Prescribers,3705.599999999999,46.37,80.98
1000001963,Internal Medicine,FL,3.0,Low-Volume / Low-Growth Prescribers,791.1,-47.24,74.43
1000001978,Nurse Practitioner,IL,0.0,Diversified Prescribers,5330.9000000000015,-83.5,70.29
1000001980,Internal Medicine,OH,3.0,Low-Volume / Low-Growth Prescribers,4566.6,744.15,45.95
1000002000,Internal Medicine,TX,3.0,Low-Volume / Low-Growth Prescribers,5893.200000000001,-8.63,58.4
1000002001,Internal Medicine,CA,3.0,Low-Volume / Low-Growth Prescribers,810.3,94.13,78.42
1000002010,Endocrinology,CA,0.0,Diversified Prescribers,8504.0,140.2,89.47
1000002015,Internal Medicine,TX,0.0,Diversified Prescribers,14475.3,-28.3,83.72
1000002020,Physician Assistant,TX,0.0,Diversified Prescribers,4246.8,122.35,71.06
1000002046,Endocrinology,IL,3.0,Low-Volume / Low-Growth Prescribers,2118.2000000000003,8.63,63.11
1000002063,Internal Medicine,OH,0.0,Diversified Prescribers,11169.399999999998,-22.21,64.15
1000002066,Internal Medicine,GA,0.0,Diversified Prescribers,1012.2,50.63,83.1
1000002068,Endocrinology,NY,0.0,Diversified Prescribers,12176.0,-46.81,82.23
1000002071,Internal Medicine,CA,0.0,Diversified Prescribers,21466.700000000004,-15.15,66.44
1000002073,Nurse Practitioner,MA,3.0,Low-Volume / Low-Growth Prescribers,945.2,-81.94,52.78
1000002082,Internal Medicine,MI,3.0,Low-Volume / Low-Growth Prescribers,952.0000000000002,-11.54,66.64
1000002089,Internal Medicine,AZ,3.0,Low-Volume / Low-Growth Prescribers,3117.6000000000004,-24.4,61.4
1000002091,Physician Assistant,FL,0.0,Diversified Prescribers,18576.699999999997,153.2,72.95
1000002107,Nurse Practitioner,IL,0.0,Diversified Prescribers,5170.9,-53.37,57.4
1000002121,Internal Medicine,NY,3.0,Low-Volume / Low-Growth Prescribers,898.8,363.56,67.57
1000002130,Endocrinology,NY,1.0,High-Volume Core Prescribers,35761.700000000004,-40.62,74.05
1000002132,Internal Medicine,NC,3.0,Low-Volume / Low-Growth Prescribers,904.4,-11.28,56.78
1000002152,Family Practice,FL,3.0,Low-Volume / Low-Growth Prescribers,793.8,-80.67,72.55
1000002153,Family Practice,TX,0.0,Diversified Prescribers,4801.799999999999,43.9,65.04
1000002156,Endocrinology,TX,1.0,High-Volume Core Prescribers,25138.200000000004,87.1,73.72
1000002167,Endocrinology,MI,0.0,Diversified Prescribers,2386.7999999999997,-23.09,84.89
1000002172,Endocrinology,TX,1.0,High-Volume Core Prescribers,36189.50000000001,701.41,74.27
1000002174,Internal Medicine,CA,0.0,Diversified Prescribers,19491.400000000005,-62.3,52.2
1000002197,Nurse Practitioner,FL,3.0,Low-Volume / Low-Growth Prescribers,729.1,-67.76,83.94
1000002208,Internal Medicine,NC,3.0,Low-Volume / Low-Growth Prescribers,720.4000000000001,0.0,75.1
1000002213,Physician Assistant,TN,3.0,Low-Volume / Low-Growth Prescribers,1050.4,-70.58,47.86
1000002216,Family Practice,CA,0.0,Diversified Prescribers,5170.7,310.03,67.41
1000002220,Family Practice,MI,3.0,Low-Volume / Low-Growth Prescribers,960.0,-2.12,73.26
1000002257,Internal Medicine,OH,3.0,Low-Volume / Low-Growth Prescribers,1109.3,-39.12,61.1
1000002259,Internal Medicine,FL,3.0,Low-Volume / Low-Growth Prescribers,556.0999999999999,-30.1,65.67
1000002264,Family Practice,AZ,3.0,Low-Volume / Low-Growth Prescribers,3161.2000000000003,-81.56,92.26
1000002266,Family Practice,VA,0.0,Diversified Prescribers,5459.5,-4.69,55.81
1000002273,Family Practice,TX,3.0,Low-Volume / Low-Growth Prescribers,738.1999999999999,148.35,83.12
1000002274,Physician Assistant,NY,3.0,Low-Volume / Low-Growth Prescribers,917.4,184.93,68.53
1000002281,Internal Medicine,PA,3.0,Low-Volume / Low-Growth Prescribers,587.9,25.81,77.75
1000002282,Internal Medicine,PA,1.0,High-Volume Core Prescribers,37258.0,-46.73,56.33
1000002283,Endocrinology,FL,0.0,Diversified Prescribers,1732.7999999999995,96.82,66.97
1000002295,Endocrinology,FL,3.0,Low-Volume / Low-Growth Prescribers,1648.1000000000006,77.97,78.28
1000002313,Family Practice,AZ,1.0,High-Volume Core Prescribers,36289.5,29.95,62.17
1000002314,Nephrology,PA,0.0,Diversified Prescribers,17297.3,40.87,69.46
1000002321,Family Practice,IL,0.0,Diversified Prescribers,5354.999999999999,-13.62,48.94
1000002328,Family Practice,NC,0.0,Diversified Prescribers,19453.199999999997,86.33,62.76
1000002336,Internal Medicine,NY,3.0,Low-Volume / Low-Growth Prescribers,1068.1999999999998,-6.3,74.06
1000002345,Family Practice,TX,1.0,High-Volume Core Prescribers,29516.2,-39.73,48.27
1000002353,Nurse Practitioner,AZ,0.0,Diversified Prescribers,3956.6,5.86,64.03
1000002363,Internal Medicine,CA,3.0,Low-Volume / Low-Growth Prescribers,796.9,222.02,69.34
1000002367,Internal Medicine,TX,1.0,High-Volume Core Prescribers,47081.49999999999,0.64,55.89
1000002372,Family Practice,OH,0.0,Diversified Prescribers,14524.2,-46.75,66.52
1000002379,Family Practice,FL,3.0,Low-Volume / Low-Growth Prescribers,959.4999999999998,-41.91,64.68
1000002381,Nurse Practitioner,TX,0.0,Diversified Prescribers,12387.8,-36.13,74.16
1000002383,Internal Medicine,PA,3.0,Low-Volume / Low-Growth Prescribers,3332.2999999999997,-61.24,58.19
1000002386,Internal Medicine,TX,3.0,Low-Volume / Low-Growth Prescribers,863.1999999999999,132.59,71.05
1000002390,Internal Medicine,PA,3.0,Low-Volume / Low-Growth Prescribers,1086.3000000000002,127.14,58.72
1000002391,Endocrinology,IN,0.0,Diversified Prescribers,1756.1,-57.46,75.97
1000002401,Endocrinology,TX,0.0,Diversified Prescribers,12650.6,0.57,81.54
1000002405,Family Practice,CA,0.0,Diversified Prescribers,5935.4,-5.97,77.12
1000002408,Cardiology,TN,0.0,Diversified Prescribers,4393.900000000001,-10.59,67.05
1000002420,Endocrinology,IN,0.0,Diversified Prescribers,11622.6,-9.1,81.48
1000002421,Endocrinology,CA,0.0,Diversified Prescribers,2141.2999999999997,-30.21,81.1
1000002433,Internal Medicine,CA,0.0,Diversified Prescribers,4431.7,84.48,78.81
1000002450,Internal Medicine,MI,3.0,Low-Volume / Low-Growth Prescribers,496.9,12.4,79.96
1000002453,Internal Medicine,CA,3.0,Low-Volume / Low-Growth Prescribers,569.6,-58.27,83.02
1000002454,Family Practice,AZ,1.0,High-Volume Core Prescribers,32779.8,-23.27,78.49
1000002455,Endocrinology,FL,0.0,Diversified Prescribers,1821.5,-2.63,72.54
1000002461,Nurse Practitioner,NY,3.0,Low-Volume / Low-Growth Prescribers,935.4,7.02,64.67
1000002465,Internal Medicine,CA,3.0,Low-Volume / Low-Growth Prescribers,1081.3000000000002,17.52,64.21
1000002468,Internal Medicine,NC,3.0,Low-Volume / Low-Growth Prescribers,940.2000000000002,355.43,54.57
1000002470,Internal Medicine,TX,3.0,Low-Volume / Low-Growth Prescribers,895.1000000000001,395.13,65.94
1000002473,Family Practice,NY,0.0,Diversified Prescribers,4215.900000000001,25.84,67.01
1000002492,Family Practice,TX,0.0,Diversified Prescribers,4811.099999999999,-62.6,62.75
1000002495,Internal Medicine,OH,0.0,Diversified Prescribers,5351.6,-75.86,67.48
1000002496,Family Practice,NC,3.0,Low-Volume / Low-Growth Prescribers,554.8,104.0,84.59
1000002498,Cardiology,FL,,,715.2,,93.26
1000002502,Family Practice,TN,0.0,Diversified Prescribers,4141.8,134.06,66.47
1000002506,Nurse Practitioner,IL,0.0,Diversified Prescribers,14323.1,67.23,71.84
1000002514,Family Practice,PA,3.0,Low-Volume / Low-Growth Prescribers,3385.7999999999997,-24.84,78.29
1000002518,Family Practice,FL,0.0,Diversified Prescribers,3490.1000000000004,547.25,90.55
1000002520,Family Practice,IL,0.0,Diversified Prescribers,5399.900000000001,10.74,66.45
1000002525,Internal Medicine,PA,0.0,Diversified Prescribers,23113.0,44.17,71.65
1000002529,Nephrology,TX,0.0,Diversified Prescribers,3529.400000000001,-2.42,72.54
1000002551,Endocrinology,IL,0.0,Diversified Prescribers,7587.7,-47.24,73.86
1000002552,Family Practice,IN,0.0,Diversified Prescribers,10077.100000000002,-25.92,83.01
1000002569,Physician Assistant,TX,0.0,Diversified Prescribers,15597.1,248.92,65.36
1000002589,Family Practice,CA,0.0,Diversified Prescribers,5281.3,-25.09,72.54
1000002600,Family Practice,CA,3.0,Low-Volume / Low-Growth Prescribers,1210.1,25.76,62.42
1000002601,Endocrinology,TX,1.0,High-Volume Core Prescribers,45455.59999999999,44.3,76.43
1000002603,Internal Medicine,OH,0.0,Diversified Prescribers,18247.6,53.57,65.74
1000002613,Family Practice,TX,1.0,High-Volume Core Prescribers,35189.399999999994,-17.35,76.48
1000002619,Internal Medicine,OH,3.0,Low-Volume / Low-Growth Prescribers,1088.1,71.18,80.24
1000002621,Nurse Practitioner,CA,3.0,Low-Volume / Low-Growth Prescribers,902.1,-44.47,89.47
1000002625,Physician Assistant,PA,3.0,Low-Volume / Low-Growth Prescribers,772.9999999999998,198.03,62.73
1000002629,Internal Medicine,IN,3.0,Low-Volume / Low-Growth Prescribers,4638.5,52.27,76.75
1000002643,Family Practice,FL,0.0,Diversified Prescribers,5425.4,115.09,91.44
1000002653,Endocrinology,MA,0.0,Diversified Prescribers,2179.6,-54.45,71.97
1000002695,Internal Medicine,IL,3.0,Low-Volume / Low-Growth Prescribers,946.2,283.04,48.73
1000002698,Family Practice,IN,0.0,Diversified Prescribers,14452.7,-52.44,65.58
1000002711,Internal Medicine,TX,3.0,Low-Volume / Low-Growth Prescribers,772.5,1371.88,60.61
1000002726,Endocrinology,TN,0.0,Diversified Prescribers,2007.1,8.75,67.65
1000002729,Internal Medicine,NY,0.0,Diversified Prescribers,1011.0,23.96,80.63
1000002739,Endocrinology,NY,0.0,Diversified Prescribers,2258.3,133.41,76.75
1000002742,Internal Medicine,CA,3.0,Low-Volume / Low-Growth Prescribers,540.1,339.24,74.39
1000002750,Internal Medicine,TN,0.0,Diversified Prescribers,5936.000000000001,13.26,75.69
1000002754,Nurse Practitioner,FL,3.0,Low-Volume / Low-Growth Prescribers,854.1,-78.24,90.74
1000002784,Nurse Practitioner,TX,3.0,Low-Volume / Low-Growth Prescribers,2389.2999999999993,107.33,60.1
1000002791,Cardiology,CA,3.0,Low-Volume / Low-Growth Prescribers,814.0,232.93,62.56
1000002799,Internal Medicine,NC,3.0,Low-Volume / Low-Growth Prescribers,787.3,67.45,66.48
1000002800,Family Practice,CA,3.0,Low-Volume / Low-Growth Prescribers,1042.6999999999998,134.99,74.57
1000002806,Family Practice,TN,0.0,Diversified Prescribers,4276.3,472.59,73.89
1000002813,Endocrinology,NY,0.0,Diversified Prescribers,1802.6,-70.19,77.09
1000002827,Endocrinology,MI,1.0,High-Volume Core Prescribers,39064.99999999999,-30.5,61.83
1000002829,Endocrinology,OH,0.0,Diversified Prescribers,2248.1000000000004,-2.0,82.95
1000002831,Family Practice,MA,0.0,Diversified Prescribers,15782.8,179.2,66.28
1000002833,Internal Medicine,IL,0.0,Diversified Prescribers,20281.2,-44.84,74.25
1000002837,Endocrinology,FL,1.0,High-Volume Core Prescribers,28416.4,-64.67,71.88
1000002852,Internal Medicine,PA,0.0,Diversified Prescribers,17130.6,104.21,79.72
1000002859,Endocrinology,MA,1.0,High-Volume Core Prescribers,29347.7,124.16,85.97
1000002865,Family Practice,NY,0.0,Diversified Prescribers,1250.5,-15.56,86.23
1000002871,Physician Assistant,NC,3.0,Low-Volume / Low-Growth Prescribers,932.7,6.17,51.09
1000002872,Nurse Practitioner,CA,3.0,Low-Volume / Low-Growth Prescribers,1098.5,-12.41,74.19
1000002873,Internal Medicine,OH,3.0,Low-Volume / Low-Growth Prescribers,4753.8,145.7,56.9
1000002878,Family Practice,OH,0.0,Diversified Prescribers,3873.9,-24.22,86.41
1000002881,Nurse Practitioner,TX,3.0,Low-Volume / Low-Growth Prescribers,837.4000000000001,5.19,67.57
1000002889,Family Practice,NY,3.0,Low-Volume / Low-Growth Prescribers,764.4,-25.71,66.5
1000002893,Family Practice,IL,0.0,Diversified Prescribers,4506.9,161.27,77.22
1000002898,Internal Medicine,GA,3.0,Low-Volume / Low-Growth Prescribers,4808.5,219.26,71.78
1000002903,Internal Medicine,NY,3.0,Low-Volume / Low-Growth Prescribers,3533.4,57.91,74.36
1000002921,Family Practice,GA,3.0,Low-Volume / Low-Growth Prescribers,820.8,76.96,76.29
1000002933,Internal Medicine,TX,3.0,Low-Volume / Low-Growth Prescribers,866.6,-1.5,77.0
1000002937,Family Practice,TX,0.0,Diversified Prescribers,4122.700000000001,-75.59,68.59
1000002944,Family Practice,FL,1.0,High-Volume Core Prescribers,24887.7,-6.98,50.02
1000002948,Internal Medicine,NC,0.0,Diversified Prescribers,3515.6,-71.45,100.0
1000002953,Internal Medicine,OH,0.0,Diversified Prescribers,5551.9,-86.91,56.05
1000002977,Endocrinology,CA,1.0,High-Volume Core Prescribers,53616.79999999999,168.16,72.0
1000003011,Internal Medicine,VA,3.0,Low-Volume / Low-Growth Prescribers,692.0,-69.66,70.81
1000003017,Internal Medicine,TX,0.0,Diversified Prescribers,13273.6,43.36,87.82
1000003021,Internal Medicine,PA,3.0,Low-Volume / Low-Growth Prescribers,3288.0,-96.63,54.81
1000003022,Family Practice,IL,0.0,Diversified Prescribers,18022.1,39.66,64.82
1000003033,Endocrinology,PA,0.0,Diversified Prescribers,9759.3,-43.82,79.9
1000003036,Internal Medicine,AZ,3.0,Low-Volume / Low-Growth Prescribers,790.7,134.63,66.66
1000003038,Endocrinology,NY,0.0,Diversified Prescribers,9706.5,3.17,85.43
1000003041,Cardiology,CA,3.0,Low-Volume / Low-Growth Prescribers,502.59999999999985,-37.18,88.84
1000003044,Family Practice,TX,0.0,Diversified Prescribers,3855.5,282.62,76.51
1000003048,Internal Medicine,TN,0.0,Diversified Prescribers,20510.9,-31.43,80.87
1000003056,Family Practice,TX,0.0,Diversified Prescribers,15331.1,192.06,71.39
1000003058,Endocrinology,IL,0.0,Diversified Prescribers,1872.0000000000005,-31.32,81.6
1000003061,Endocrinology,NC,1.0,High-Volume Core Prescribers,34299.99999999999,-31.98,86.15
1000003065,Internal Medicine,MA,0.0,Diversified Prescribers,3595.5999999999995,-76.62,68.07
1000003066,Endocrinology,IN,0.0,Diversified Prescribers,1962.8,8.9,76.02
1000003074,Family Practice,CA,0.0,Diversified Prescribers,5001.1,194.01,69.05
1000003083,Family Practice,CA,3.0,Low-Volume / Low-Growth Prescribers,652.8,133.18,94.7
1000003084,Family Practice,IL,3.0,Low-Volume / Low-Growth Prescribers,965.7,53.85,57.26
1000003085,Family Practice,NC,2.0,Moderate-Volume Prescribers (Segment 2),511.1000000000001,13836.36,76.31
1000003086,Internal Medicine,NY,0.0,Diversified Prescribers,5283.799999999998,-72.67,56.32
1000003087,Endocrinology,MI,0.0,Diversified Prescribers,10380.2,-43.38,77.24
1000003089,Internal Medicine,CA,3.0,Low-Volume / Low-Growth Prescribers,2281.0,99.76,86.54
1000003092,Internal Medicine,GA,3.0,Low-Volume / Low-Growth Prescribers,1313.1,130.38,71.99
1000003101,Family Practice,TX,3.0,Low-Volume / Low-Growth Prescribers,850.7,-88.62,52.0
1000003111,Internal Medicine,TX,3.0,Low-Volume / Low-Growth Prescribers,4332.5,-57.06,54.37
1000003124,Family Practice,IL,3.0,Low-Volume / Low-Growth Prescribers,528.5,19.41,76.82
1000003125,Family Practice,NC,0.0,Diversified Prescribers,17055.7,92.23,80.57
1000003134,Internal Medicine,NC,3.0,Low-Volume / Low-Growth Prescribers,849.4,-55.9,68.78
1000003143,Internal Medicine,FL,3.0,Low-Volume / Low-Growth Prescribers,819.6999999999999,-44.52,66.73
1000003158,Family Practice,PA,3.0,Low-Volume / Low-Growth Prescribers,979.0,6.33,63.16
1000003162,Internal Medicine,MI,0.0,Diversified Prescribers,4581.1,53.31,75.79
1000003163,Internal Medicine,PA,3.0,Low-Volume / Low-Growth Prescribers,621.1000000000001,-74.71,68.12
1000003164,Endocrinology,FL,0.0,Diversified Prescribers,2886.6,84.71,79.35
1000003166,Physician Assistant,NC,0.0,Diversified Prescribers,18150.4,56.46,62.23
1000003167,Endocrinology,GA,1.0,High-Volume Core Prescribers,42579.2,27.15,84.1
1000003175,Internal Medicine,OH,0.0,Diversified Prescribers,4460.6,235.85,76.95
1000003189,Family Practice,TN,0.0,Diversified Prescribers,3933.7,-55.33,69.34
1000003200,Internal Medicine,VA,3.0,Low-Volume / Low-Growth Prescribers,953.0,-51.12,60.38
1000003203,Nurse Practitioner,FL,0.0,Diversified Prescribers,17378.700000000004,-41.27,94.81
1000003222,Endocrinology,CA,0.0,Diversified Prescribers,2356.0,93.64,73.03
1000003225,Nurse Practitioner,CA,3.0,Low-Volume / Low-Growth Prescribers,5052.2,-8.41,60.06
1000003227,Internal Medicine,NY,3.0,Low-Volume / Low-Growth Prescribers,994.5,208.85,75.96
1000003228,Endocrinology,IN,0.0,Diversified Prescribers,11147.6,12.51,85.55
1000003229,Internal Medicine,IL,3.0,Low-Volume / Low-Growth Prescribers,812.5000000000001,-59.18,80.12
1000003238,Family Practice,NC,3.0,Low-Volume / Low-Growth Prescribers,1083.1,28.31,57.97
1000003241,Internal Medicine,TX,3.0,Low-Volume / Low-Growth Prescribers,609.6999999999999,74.22,52.39
1000003243,Family Practice,FL,0.0,Diversified Prescribers,9266.3,275.13,90.93
1000003246,Internal Medicine,TX,3.0,Low-Volume / Low-Growth Prescribers,1141.4,-19.77,66.85
1000003247,Internal Medicine,MI,3.0,Low-Volume / Low-Growth Prescribers,942.1,-16.25,68.21
1000003252,Family Practice,CA,0.0,Diversified Prescribers,22898.6,-22.58,59.27
1000003270,Internal Medicine,PA,0.0,Diversified Prescribers,12852.0,65.54,73.86
1000003291,Nurse Practitioner,TX,3.0,Low-Volume / Low-Growth Prescribers,4691.5,151.34,45.52
1000003294,Physician Assistant,GA,3.0,Low-Volume / Low-Growth Prescribers,1028.7,745.94,67.64
1000003319,Family Practice,IL,1.0,High-Volume Core Prescribers,38995.8,50.88,83.66
1000003325,Family Practice,TN,0.0,Diversified Prescribers,15541.8,99.0,67.52
1000003327,Internal Medicine,FL,3.0,Low-Volume / Low-Growth Prescribers,525.5,-73.76,69.25
1000003355,Endocrinology,NY,0.0,Diversified Prescribers,1612.9,59.41,77.0
1000003390,Internal Medicine,TX,0.0,Diversified Prescribers,3952.599999999999,-17.0,77.72
1000003396,Family Practice,GA,3.0,Low-Volume / Low-Growth Prescribers,4260.799999999999,1093.85,50.55
1000003399,Family Practice,MA,3.0,Low-Volume / Low-Growth Prescribers,752.4000000000001,37.9,76.58
1000003419,Endocrinology,NY,0.0,Diversified Prescribers,2345.5,5.17,81.87
1000003427,Family Practice,MA,0.0,Diversified Prescribers,4130.5,246.56,64.85
1000003429,Family Practice,TX,0.0,Diversified Prescribers,6051.699999999999,-42.09,56.89
1000003430,Family Practice,TN,1.0,High-Volume Core Prescribers,28265.500000000004,979.35,76.86
1000003433,Internal Medicine,FL,0.0,Diversified Prescribers,3917.999999999999,-66.18,65.3
1000003437,Family Practice,OH,3.0,Low-Volume / Low-Growth Prescribers,1077.7,77.16,76.1
1000003440,Internal Medicine,NY,0.0,Diversified Prescribers,12051.5,115.41,55.53
1000003446,Family Practice,OH,0.0,Diversified Prescribers,3730.900000000001,-12.47,68.27
1000003461,Endocrinology,FL,1.0,High-Volume Core Prescribers,38288.19999999999,147.77,87.53
1000003465,Family Practice,CA,3.0,Low-Volume / Low-Growth Prescribers,1009.5,10.99,63.84
1000003475,Family Practice,TX,3.0,Low-Volume / Low-Growth Prescribers,606.1999999999999,-78.94,76.29
1000003503,Endocrinology,IN,0.0,Diversified Prescribers,14626.6,22.07,75.92
1000003514,Nurse Practitioner,NC,0.0,Diversified Prescribers,19208.699999999997,43.13,58.05
1000003524,Endocrinology,TX,0.0,Diversified Prescribers,2424.4000000000005,64.72,81.32
1000003530,Internal Medicine,FL,3.0,Low-Volume / Low-Growth Prescribers,749.9,28.67,78.77
1000003537,Internal Medicine,TN,3.0,Low-Volume / Low-Growth Prescribers,4998.8,-9.43,67.34
1000003540,Internal Medicine,VA,3.0,Low-Volume / Low-Growth Prescribers,718.9000000000001,456.43,71.26
1000003542,Endocrinology,CA,1.0,High-Volume Core Prescribers,41685.399999999994,66.81,75.97
1000003548,Internal Medicine,MA,3.0,Low-Volume / Low-Growth Prescribers,3685.9,-64.03,80.6
1000003553,Internal Medicine,GA,0.0,Diversified Prescribers,3794.5,-42.11,55.52
1000003555,Family Practice,NY,3.0,Low-Volume / Low-Growth Prescribers,3388.9000000000005,-73.53,75.52
1000003578,Family Practice,NY,3.0,Low-Volume / Low-Growth Prescribers,1048.6,155.51,85.87
1000003579,Internal Medicine,PA,3.0,Low-Volume / Low-Growth Prescribers,876.2,37.0,85.65
1000003582,Internal Medicine,TX,0.0,Diversified Prescribers,16234.1,-69.05,76.44
1000003583,Nurse Practitioner,CA,0.0,Diversified Prescribers,18369.000000000004,816.36,77.82
1000003597,Internal Medicine,TX,0.0,Diversified Prescribers,3900.4,77.44,69.1
1000003598,Internal Medicine,PA,3.0,Low-Volume / Low-Growth Prescribers,3258.7000000000007,-84.54,78.46
1000003606,Family Practice,TX,0.0,Diversified Prescribers,2776.8,1011.27,73.93
1000003610,Family Practice,PA,3.0,Low-Volume / Low-Growth Prescribers,649.1,-3.29,89.48
1000003615,Endocrinology,FL,0.0,Diversified Prescribers,11325.1,782.09,79.29
1000003617,Nurse Practitioner,TX,3.0,Low-Volume / Low-Growth Prescribers,784.1000000000001,-57.69,65.08
1000003620,Family Practice,FL,0.0,Diversified Prescribers,4814.499999999999,-41.99,72.46
1000003651,Internal Medicine,TN,3.0,Low-Volume / Low-Growth Prescribers,515.4,-61.49,80.6
1000003658,Family Practice,NY,0.0,Diversified Prescribers,3359.2,310.2,77.57
1000003659,Nurse Practitioner,AZ,0.0,Diversified Prescribers,12738.1,-25.9,66.96
1000003676,Endocrinology,TX,0.0,Diversified Prescribers,2202.2,206.23,80.22
1000003677,Internal Medicine,MI,0.0,Diversified Prescribers,13176.0,60.2,60.68
1000003702,Internal Medicine,IN,0.0,Diversified Prescribers,16273.8,358.08,58.4
1000003706,Family Practice,CA,3.0,Low-Volume / Low-Growth Prescribers,1180.5,-15.62,70.97
1000003733,Internal Medicine,OH,3.0,Low-Volume / Low-Growth Prescribers,1054.1,294.45,76.02
1000003747,Internal Medicine,OH,0.0,Diversified Prescribers,16441.1,-22.29,72.77
1000003755,Internal Medicine,TN,0.0,Diversified Prescribers,15992.600000000004,278.99,86.62
1000003774,Family Practice,IL,0.0,Diversified Prescribers,4733.999999999999,36.03,82.22
1000003786,Family Practice,PA,3.0,Low-Volume / Low-Growth Prescribers,825.2,-60.62,61.34
1000003792,Family Practice,CA,0.0,Diversified Prescribers,11985.699999999995,589.98,69.77
1000003793,Family Practice,TX,1.0,High-Volume Core Prescribers,32226.10000000001,-23.98,82.04
1000003798,Endocrinology,CA,0.0,Diversified Prescribers,7274.800000000001,-40.87,81.95
1000003804,Internal Medicine,CA,1.0,High-Volume Core Prescribers,24515.6,161.48,62.96
1000003806,Internal Medicine,TX,3.0,Low-Volume / Low-Growth Prescribers,972.0999999999996,-34.52,57.66
1000003810,Family Practice,PA,3.0,Low-Volume / Low-Growth Prescribers,807.9000000000001,48.51,56.95
1000003812,Internal Medicine,CA,3.0,Low-Volume / Low-Growth Prescribers,1039.9,52.75,82.37
1000003834,Internal Medicine,AZ,3.0,Low-Volume / Low-Growth Prescribers,702.8,1455.06,76.28
1000003838,Physician Assistant,PA,3.0,Low-Volume / Low-Growth Prescribers,1026.0999999999997,-47.42,62.9
1000003841,Endocrinology,IL,0.0,Diversified Prescribers,12176.400000000003,-64.13,80.4
1000003850,Internal Medicine,TN,3.0,Low-Volume / Low-Growth Prescribers,895.7,173.39,76.82
1000003867,Family Practice,AZ,3.0,Low-Volume / Low-Growth Prescribers,961.3,6.53,86.62
1000003869,Endocrinology,CA,0.0,Diversified Prescribers,10957.6,182.31,65.2
1000003872,Endocrinology,NY,0.0,Diversified Prescribers,2317.3,42.91,85.75
1000003878,Internal Medicine,OH,3.0,Low-Volume / Low-Growth Prescribers,3615.6,147.78,66.87
1000003886,Nurse Practitioner,VA,3.0,Low-Volume / Low-Growth Prescribers,871.6000000000001,-16.11,72.95
1000003904,Nurse Practitioner,PA,0.0,Diversified Prescribers,17268.0,27.43,83.5
1000003911,Internal Medicine,VA,1.0,High-Volume Core Prescribers,32090.699999999997,1060.21,36.73
1000003915,Internal Medicine,CA,3.0,Low-Volume / Low-Growth Prescribers,3028.5999999999995,-38.94,78.19
1000003919,Family Practice,TX,0.0,Diversified Prescribers,4751.0,300.32,59.23
1000003921,Internal Medicine,TX,3.0,Low-Volume / Low-Growth Prescribers,748.9000000000001,75.69,79.86
1000003922,Family Practice,TX,0.0,Diversified Prescribers,4958.200000000001,95.2,86.5
1000003928,Family Practice,FL,0.0,Diversified Prescribers,4878.700000000001,729.24,77.31
1000003936,Internal Medicine,PA,3.0,Low-Volume / Low-Growth Prescribers,4168.000000000001,-66.49,48.27
1000003938,Endocrinology,NC,0.0,Diversified Prescribers,2416.7,-45.35,80.26
1000003943,Internal Medicine,NY,0.0,Diversified Prescribers,19702.5,-46.7,73.5
1000003964,Endocrinology,VA,0.0,Diversified Prescribers,2105.2,-0.49,78.33
1000003970,Cardiology,TX,3.0,Low-Volume / Low-Growth Prescribers,5092.1,-43.13,50.98
1000003976,Internal Medicine,CA,3.0,Low-Volume / Low-Growth Prescribers,678.3,-23.18,73.58
1000003983,Internal Medicine,IN,0.0,Diversified Prescribers,12052.999999999998,-49.02,74.81
1000004016,Nurse Practitioner,VA,0.0,Diversified Prescribers,18805.699999999997,-69.34,71.52
1000004023,Family Practice,NY,0.0,Diversified Prescribers,3371.2999999999993,-73.97,72.03
1000004028,Family Practice,GA,3.0,Low-Volume / Low-Growth Prescribers,965.4,-29.66,75.68
1000004029,Internal Medicine,NC,3.0,Low-Volume / Low-Growth Prescribers,865.9000000000001,-39.57,92.55
1000004031,Internal Medicine,CA,3.0,Low-Volume / Low-Growth Prescribers,924.0,186.81,69.11
1000004040,Nurse Practitioner,OH,3.0,Low-Volume / Low-Growth Prescribers,4199.6,5.96,51.68
1000004047,Family Practice,NY,0.0,Diversified Prescribers,5237.1,68.56,62.38
1000004049,Internal Medicine,CA,3.0,Low-Volume / Low-Growth Prescribers,3745.400000000001,20.04,76.09
1000004079,Internal Medicine,CA,0.0,Diversified Prescribers,19115.200000000004,-44.73,67.62
1000004085,Endocrinology,PA,0.0,Diversified Prescribers,2363.2000000000003,-63.16,82.57
1000004095,Internal Medicine,IL,0.0,Diversified Prescribers,17913.6,-33.53,55.89
1000004104,Internal Medicine,PA,0.0,Diversified Prescribers,5683.4,-51.05,66.2
1000004108,Nurse Practitioner,NC,1.0,High-Volume Core Prescribers,34559.8,-6.61,75.73
1000004127,Physician Assistant,MA,0.0,Diversified Prescribers,6301.500000000001,-22.73,68.9
1000004150,Endocrinology,TX,0.0,Diversified Prescribers,2248.7000000000003,155.9,71.69
1000004155,Endocrinology,PA,0.0,Diversified Prescribers,1949.6999999999991,2.87,71.16
1000004163,Internal Medicine,PA,3.0,Low-Volume / Low-Growth Prescribers,776.4,-67.9,79.88
1000004166,Internal Medicine,GA,3.0,Low-Volume / Low-Growth Prescribers,1175.4,-45.85,70.67
1000004182,Family Practice,TX,3.0,Low-Volume / Low-Growth Prescribers,958.6,-79.84,70.23
1000004197,Internal Medicine,OH,0.0,Diversified Prescribers,4966.400000000001,-62.54,64.68
1000004209,Endocrinology,GA,1.0,High-Volume Core Prescribers,49009.20000000001,-21.78,70.8
1000004218,Family Practice,MA,0.0,Diversified Prescribers,19594.7,-53.06,47.65
1000004225,Family Practice,GA,3.0,Low-Volume / Low-Growth Prescribers,1006.0,-78.64,64.16
1000004241,Internal Medicine,NY,3.0,Low-Volume / Low-Growth Prescribers,1192.2,95.69,50.08
1000004253,Internal Medicine,TX,3.0,Low-Volume / Low-Growth Prescribers,700.5,-23.88,70.14
1000004275,Family Practice,CA,3.0,Low-Volume / Low-Growth Prescribers,1029.3,21.96,55.8
1000004285,Family Practice,PA,1.0,High-Volume Core Prescribers,28515.5,172.42,84.39
1000004290,Internal Medicine,MA,0.0,Diversified Prescribers,4189.700000000001,187.34,87.5
1000004319,Internal Medicine,FL,0.0,Diversified Prescribers,4548.5,-66.33,82.59
1000004321,Physician Assistant,VA,3.0,Low-Volume / Low-Growth Prescribers,635.5,-83.15,59.34
1000004322,Family Practice,CA,0.0,Diversified Prescribers,3678.5,-79.08,81.54
1000004338,Internal Medicine,IN,3.0,Low-Volume / Low-Growth Prescribers,957.4,2.09,49.64
1000004349,Family Practice,CA,0.0,Diversified Prescribers,5807.300000000001,22.52,64.58
1000004353,Physician Assistant,GA,0.0,Diversified Prescribers,5704.099999999999,7.85,71.9
1000004358,Family Practice,OH,0.0,Diversified Prescribers,15970.5,46.51,78.64
1000004359,Internal Medicine,OH,3.0,Low-Volume / Low-Growth Prescribers,634.9,-31.45,88.12
1000004364,Internal Medicine,CA,3.0,Low-Volume / Low-Growth Prescribers,691.4,457.87,80.76
1000004374,Internal Medicine,IN,0.0,Diversified Prescribers,4948.0,41.78,71.65
1000004376,Internal Medicine,CA,0.0,Diversified Prescribers,20307.0,-10.07,62.01
1000004378,Endocrinology,NY,0.0,Diversified Prescribers,14682.4,16.35,73.97
1000004380,Endocrinology,OH,0.0,Diversified Prescribers,2417.7999999999993,83.23,82.25
1000004389,Endocrinology,CA,0.0,Diversified Prescribers,1618.1,77.26,89.34
1000004404,Cardiology,OH,3.0,Low-Volume / Low-Growth Prescribers,909.1,56.44,71.48
1000001143,Family Practice,FL,,,643.2,,77.91
1000001304,Family Practice,NY,,,768.9999999999999,,64.69
1000001740,Family Practice,IN,,,909.6,,62.03
1000004436,Internal Medicine,CA,3.0,Low-Volume / Low-Growth Prescribers,1006.0,159.99,74.29
1000004449,Family Practice,OH,3.0,Low-Volume / Low-Growth Prescribers,472.0000000000001,214.97,82.18
1000004452,Family Practice,CA,0.0,Diversified Prescribers,15876.2,33.04,84.86
1000004457,Endocrinology,TN,0.0,Diversified Prescribers,2282.1,-14.36,79.9
1000004461,Internal Medicine,IL,3.0,Low-Volume / Low-Growth Prescribers,945.8,-61.24,62.5
1000004465,Internal Medicine,NC,3.0,Low-Volume / Low-Growth Prescribers,2999.8,150.29,75.32
1000004467,Endocrinology,MI,1.0,High-Volume Core Prescribers,38847.1,-73.51,70.22
1000004475,Internal Medicine,IL,3.0,Low-Volume / Low-Growth Prescribers,1165.3,-13.15,78.95
1000000003,Family Practice,CA,0.0,Diversified Prescribers,4051.7,146.16,85.88
1000000005,Endocrinology,FL,0.0,Diversified Prescribers,1831.9,-10.46,81.86
1000000012,Family Practice,CA,3.0,Low-Volume / Low-Growth Prescribers,578.6,9.47,62.93
1000000021,Endocrinology,OH,1.0,High-Volume Core Prescribers,32374.4,-28.5,75.09
1000000023,Internal Medicine,OH,3.0,Low-Volume / Low-Growth Prescribers,933.1999999999998,95.01,80.62
1000000032,Endocrinology,TX,0.0,Diversified Prescribers,1939.9,145.15,71.48
1000000064,Internal Medicine,TX,0.0,Diversified Prescribers,5498.1,168.66,69.78
1000000073,Family Practice,MI,0.0,Diversified Prescribers,5377.700000000001,63.02,56.9
1000000086,Family Practice,NY,3.0,Low-Volume / Low-Growth Prescribers,576.0,14.33,81.72
1000000089,Internal Medicine,GA,0.0,Diversified Prescribers,5015.800000000001,54.67,66.18
1000000094,Family Practice,NY,3.0,Low-Volume / Low-Growth Prescribers,3896.6999999999994,33.03,83.54
1000000112,Physician Assistant,PA,0.0,Diversified Prescribers,3917.6999999999994,1.93,73.55
1000000117,Internal Medicine,MA,1.0,High-Volume Core Prescribers,43528.100000000006,-41.08,54.75
1000000121,Nurse Practitioner,MI,0.0,Diversified Prescribers,4171.4,147.98,65.3
1000000138,Internal Medicine,MI,0.0,Diversified Prescribers,4655.900000000001,73.81,57.3
1000000142,Internal Medicine,TN,1.0,High-Volume Core Prescribers,34853.4,17.6,69.93
1000000165,Family Practice,GA,0.0,Diversified Prescribers,12727.5,-33.49,69.36
1000000169,Family Practice,GA,3.0,Low-Volume / Low-Growth Prescribers,802.1,16.21,64.8
1000000177,Internal Medicine,VA,0.0,Diversified Prescribers,12275.7,90.16,65.07
1000000178,Physician Assistant,NC,0.0,Diversified Prescribers,5314.700000000001,-65.18,58.75
1000000181,Endocrinology,TX,0.0,Diversified Prescribers,11402.399999999998,47.68,83.36
1000000183,Nurse Practitioner,FL,0.0,Diversified Prescribers,4291.099999999999,-24.43,70.07
1000000195,Internal Medicine,MA,3.0,Low-Volume / Low-Growth Prescribers,853.7,224.87,80.29
1000000207,Family Practice,TX,0.0,Diversified Prescribers,3399.3000000000006,-11.92,70.33
1000000218,Family Practice,NY,0.0,Diversified Prescribers,9644.2,-43.53,73.75
1000000226,Cardiology,IN,3.0,Low-Volume / Low-Growth Prescribers,2003.1,164.3,76.69
1000000231,Internal Medicine,CA,3.0,Low-Volume / Low-Growth Prescribers,1166.1,-46.67,71.85
1000000238,Family Practice,NY,3.0,Low-Volume / Low-Growth Prescribers,2924.3,1129.76,68.36
1000000240,Physician Assistant,GA,3.0,Low-Volume / Low-Growth Prescribers,1053.2,170.23,69.71
1000000254,Endocrinology,MA,1.0,High-Volume Core Prescribers,39961.3,-23.79,78.26
1000000271,Family Practice,NY,3.0,Low-Volume / Low-Growth Prescribers,2985.9,-49.91,88.85
1000000280,Nurse Practitioner,CA,3.0,Low-Volume / Low-Growth Prescribers,4024.1999999999994,267.2,46.93
1000000298,Family Practice,CA,0.0,Diversified Prescribers,16281.600000000004,825.05,69.19
1000000309,Internal Medicine,TN,3.0,Low-Volume / Low-Growth Prescribers,825.4000000000001,343.98,65.14
1000000320,Internal Medicine,FL,3.0,Low-Volume / Low-Growth Prescribers,985.5,966.8,59.96
1000000334,Endocrinology,IL,0.0,Diversified Prescribers,2378.7000000000003,158.61,79.41
1000000357,Family Practice,IN,3.0,Low-Volume / Low-Growth Prescribers,973.9,159.19,91.45
1000000358,Physician Assistant,IN,0.0,Diversified Prescribers,20134.4,9.93,60.22
1000000360,Internal Medicine,OH,0.0,Diversified Prescribers,5529.900000000001,16.58,69.78
1000000365,Internal Medicine,NC,0.0,Diversified Prescribers,3463.399999999999,178.63,89.22
1000000373,Family Practice,TX,0.0,Diversified Prescribers,20643.699999999997,-49.03,69.29
1000000375,Internal Medicine,NC,3.0,Low-Volume / Low-Growth Prescribers,1022.1,-49.23,75.83
1000000380,Endocrinology,TX,0.0,Diversified Prescribers,2133.2,89.93,82.03
1000000387,Endocrinology,GA,0.0,Diversified Prescribers,2345.5,22.59,68.79
1000000394,Internal Medicine,NY,3.0,Low-Volume / Low-Growth Prescribers,490.4,-64.45,68.43
1000000398,Family Practice,CA,0.0,Diversified Prescribers,6942.5,41.1,74.31
1000000404,Internal Medicine,IN,3.0,Low-Volume / Low-Growth Prescribers,496.2,35.6,66.87
1000000408,Nurse Practitioner,MI,3.0,Low-Volume / Low-Growth Prescribers,1075.1999999999998,323.19,57.88
1000000410,Internal Medicine,MA,3.0,Low-Volume / Low-Growth Prescribers,524.3,78.04,46.16
1000000419,Family Practice,FL,0.0,Diversified Prescribers,3413.8999999999996,301.0,70.49
1000000420,Family Practice,VA,0.0,Diversified Prescribers,16485.4,60.43,80.75
1000000426,Internal Medicine,PA,3.0,Low-Volume / Low-Growth Prescribers,657.2,316.55,47.57
1000000427,Nurse Practitioner,TX,0.0,Diversified Prescribers,13981.899999999998,-46.99,88.28
1000000434,Endocrinology,PA,0.0,Diversified Prescribers,2459.8,122.37,80.17
1000000448,Internal Medicine,AZ,3.0,Low-Volume / Low-Growth Prescribers,878.2,393.97,85.65
1000000461,Family Practice,TX,3.0,Low-Volume / Low-Growth Prescribers,978.3000000000002,-58.4,69.96
1000000479,Internal Medicine,CA,3.0,Low-Volume / Low-Growth Prescribers,1174.1,161.42,63.3
1000000483,Family Practice,TN,0.0,Diversified Prescribers,13269.6,687.48,57.48
1000000484,Family Practice,IL,0.0,Diversified Prescribers,13442.799999999996,-52.52,58.27
1000000500,Family Practice,NY,0.0,Diversified Prescribers,6656.5999999999985,6.23,67.02
1000000503,Family Practice,FL,0.0,Diversified Prescribers,13798.5,-70.61,67.74
1000000510,Family Practice,TX,0.0,Diversified Prescribers,3531.9,301.58,89.98
1000000520,Family Practice,NC,3.0,Low-Volume / Low-Growth Prescribers,476.5,119.16,70.58
1000000525,Internal Medicine,IL,3.0,Low-Volume / Low-Growth Prescribers,3646.7,-93.03,54.82
1000000531,Nephrology,IL,0.0,Diversified Prescribers,10188.6,-56.17,79.6
1000000533,Internal Medicine,OH,0.0,Diversified Prescribers,14290.1,119.37,55.07
1000000534,Family Practice,TX,0.0,Diversified Prescribers,3815.499999999999,-46.47,78.82
1000000540,Physician Assistant,MI,3.0,Low-Volume / Low-Growth Prescribers,799.4999999999999,-38.47,65.25
1000000544,Family Practice,OH,3.0,Low-Volume / Low-Growth Prescribers,660.1999999999999,302.2,50.62
1000000547,Family Practice,IL,3.0,Low-Volume / Low-Growth Prescribers,617.9000000000001,183.11,86.37
1000000593,Internal Medicine,CA,3.0,Low-Volume / Low-Growth Prescribers,755.6999999999999,-74.25,67.9
1000000596,Family Practice,TN,3.0,Low-Volume / Low-Growth Prescribers,3629.9,-18.34,46.71
1000000601,Internal Medicine,OH,0.0,Diversified Prescribers,15681.6,-58.46,74.59
1000000621,Internal Medicine,IN,3.0,Low-Volume / Low-Growth Prescribers,1097.1999999999998,33.1,53.4
1000000665,Endocrinology,VA,0.0,Diversified Prescribers,15598.2,17.98,83.42
1000000670,Endocrinology,NY,0.0,Diversified Prescribers,10951.8,100.52,75.16
1000000673,Internal Medicine,CA,3.0,Low-Volume / Low-Growth Prescribers,641.7,-51.37,82.83
1000000678,Physician Assistant,IL,0.0,Diversified Prescribers,5153.400000000001,52.15,58.55
1000000685,Internal Medicine,IN,0.0,Diversified Prescribers,4337.9,29.16,84.68
1000000689,Internal Medicine,FL,0.0,Diversified Prescribers,19219.199999999997,59.76,63.53
1000000701,Endocrinology,VA,0.0,Diversified Prescribers,2034.5,-56.33,63.29
1000000719,Family Practice,CA,3.0,Low-Volume / Low-Growth Prescribers,3062.7999999999993,48.77,73.39
1000000720,Physician Assistant,FL,0.0,Diversified Prescribers,17935.7,-90.68,50.16
1000000723,Family Practice,FL,3.0,Low-Volume / Low-Growth Prescribers,4278.1,90.64,75.75
1000000733,Internal Medicine,NY,0.0,Diversified Prescribers,12933.2,95.42,94.37
1000000734,Internal Medicine,PA,0.0,Diversified Prescribers,5138.2,250.64,67.16
1000000738,Internal Medicine,CA,3.0,Low-Volume / Low-Growth Prescribers,882.8,-30.23,58.57
1000000740,Internal Medicine,VA,3.0,Low-Volume / Low-Growth Prescribers,872.1,-57.07,58.93
1000000742,Family Practice,PA,0.0,Diversified Prescribers,24132.4,67.39,83.42
1000000744,Internal Medicine,GA,3.0,Low-Volume / Low-Growth Prescribers,737.0,-34.44,57.79
1000000746,Internal Medicine,AZ,0.0,Diversified Prescribers,12133.9,78.67,71.8
1000000750,Endocrinology,NY,0.0,Diversified Prescribers,2389.3,101.28,77.47
1000000785,Nurse Practitioner,GA,0.0,Diversified Prescribers,17742.1,376.16,64.01
1000000787,Internal Medicine,CA,3.0,Low-Volume / Low-Growth Prescribers,955.7,447.8,59.23
1000000789,Physician Assistant,GA,3.0,Low-Volume / Low-Growth Prescribers,723.6000000000001,59.68,81.55
1000000803,Family Practice,MA,0.0,Diversified Prescribers,4532.5,-64.78,76.23
1000000805,Family Practice,IL,0.0,Diversified Prescribers,13804.1,49.41,78.85
1000000833,Endocrinology,FL,1.0,High-Volume Core Prescribers,84732.8,16.45,79.93
1000000845,Internal Medicine,IL,0.0,Diversified Prescribers,3950.1,-86.07,84.64
1000000869,Physician Assistant,TX,3.0,Low-Volume / Low-Growth Prescribers,958.9,-61.81,60.93
1000000874,Endocrinology,PA,0.0,Diversified Prescribers,11119.3,0.04,80.21
1000000884,Family Practice,NC,3.0,Low-Volume / Low-Growth Prescribers,768.5999999999999,9.09,55.2
1000000887,Internal Medicine,VA,0.0,Diversified Prescribers,16537.399999999998,-78.72,49.28
1000000908,Internal Medicine,FL,3.0,Low-Volume / Low-Growth Prescribers,544.1,-30.92,69.97
1000000912,Family Practice,MI,3.0,Low-Volume / Low-Growth Prescribers,651.9000000000001,133.14,88.16
1000000916,Internal Medicine,FL,3.0,Low-Volume / Low-Growth Prescribers,963.1,-14.2,80.2
1000000929,Internal Medicine,GA,0.0,Diversified Prescribers,17558.900000000005,509.49,81.21
1000000970,Family Practice,GA,3.0,Low-Volume / Low-Growth Prescribers,763.8,850.66,65.2
1000000974,Endocrinology,CA,0.0,Diversified Prescribers,12274.200000000004,-67.86,70.01
1000000991,Family Practice,MI,3.0,Low-Volume / Low-Growth Prescribers,935.5,-80.99,67.2
1000001000,Internal Medicine,IL,3.0,Low-Volume / Low-Growth Prescribers,940.9,20.62,50.05
1000001005,Family Practice,TX,0.0,Diversified Prescribers,12797.899999999998,406.52,63.01
1000001018,Nurse Practitioner,CA,3.0,Low-Volume / Low-Growth Prescribers,623.3,-9.19,73.58
1000001019,Endocrinology,NC,0.0,Diversified Prescribers,2458.2,173.15,84.0
1000001037,Family Practice,MA,3.0,Low-Volume / Low-Growth Prescribers,968.2,-7.82,71.21
1000001040,Internal Medicine,CA,0.0,Diversified Prescribers,16531.4,77.95,66.06
1000001083,Nurse Practitioner,GA,3.0,Low-Volume / Low-Growth Prescribers,3462.2,795.46,78.3
1000001089,Internal Medicine,NC,3.0,Low-Volume / Low-Growth Prescribers,1122.2,-33.38,37.38
1000001090,Physician Assistant,FL,3.0,Low-Volume / Low-Growth Prescribers,982.1,291.17,64.49
1000001095,Endocrinology,PA,0.0,Diversified Prescribers,2336.7000000000003,45.82,70.07
1000001098,Family Practice,NC,0.0,Diversified Prescribers,1008.2,170.18,78.49
1000001104,Nephrology,CA,0.0,Diversified Prescribers,4597.099999999999,13.34,71.38
1000001111,Internal Medicine,NC,3.0,Low-Volume / Low-Growth Prescribers,1259.7,-39.64,55.2
1000001119,Endocrinology,TX,1.0,High-Volume Core Prescribers,40037.7,-33.63,70.11
1000001124,Family Practice,CA,3.0,Low-Volume / Low-Growth Prescribers,1035.3,239.53,47.36
1000001126,Endocrinology,NY,0.0,Diversified Prescribers,11717.5,83.75,78.78
1000001132,Endocrinology,TX,0.0,Diversified Prescribers,11156.000000000002,299.69,79.57
1000001142,Family Practice,FL,0.0,Diversified Prescribers,10920.8,214.23,74.32
1000001162,Internal Medicine,AZ,0.0,Diversified Prescribers,5316.0,63.97,75.6
1000001170,Family Practice,TN,0.0,Diversified Prescribers,3727.6,-85.16,66.11
1000001171,Cardiology,FL,3.0,Low-Volume / Low-Growth Prescribers,803.0999999999999,34.98,92.9
1000001173,Internal Medicine,FL,3.0,Low-Volume / Low-Growth Prescribers,900.6,-84.37,67.23
1000001175,Internal Medicine,CA,3.0,Low-Volume / Low-Growth Prescribers,665.3,400.27,85.39
1000001177,Endocrinology,TX,0.0,Diversified Prescribers,10651.7,-0.01,92.96
1000001187,Endocrinology,IN,1.0,High-Volume Core Prescribers,34486.7,-38.07,62.78
1000001195,Nurse Practitioner,FL,0.0,Diversified Prescribers,16918.399999999998,34.33,63.45
1000001200,Family Practice,FL,0.0,Diversified Prescribers,2397.2,-90.02,85.35
1000001203,Internal Medicine,TX,0.0,Diversified Prescribers,1110.9,-77.75,77.93
1000001205,Family Practice,FL,3.0,Low-Volume / Low-Growth Prescribers,743.3000000000001,53.96,71.44
1000001215,Internal Medicine,FL,0.0,Diversified Prescribers,14186.8,-82.34,75.47
1000001229,Internal Medicine,IN,3.0,Low-Volume / Low-Growth Prescribers,653.4000000000001,3.76,82.89
1000001233,Endocrinology,IL,0.0,Diversified Prescribers,8766.800000000001,-66.46,85.98
1000001239,Internal Medicine,PA,3.0,Low-Volume / Low-Growth Prescribers,1322.7,48.35,74.51
1000001246,Endocrinology,NC,0.0,Diversified Prescribers,2147.3999999999996,-2.45,72.01
1000001251,Internal Medicine,AZ,3.0,Low-Volume / Low-Growth Prescribers,1138.2,17.87,85.61
1000001291,Endocrinology,NC,0.0,Diversified Prescribers,2758.6000000000004,-18.02,84.49
1000001302,Endocrinology,FL,0.0,Diversified Prescribers,2192.4000000000005,-8.3,78.24
1000001303,Internal Medicine,AZ,0.0,Diversified Prescribers,26889.4,105.15,52.91
1000001306,Family Practice,FL,0.0,Diversified Prescribers,14896.400000000003,-30.46,77.82
1000001326,Internal Medicine,NC,0.0,Diversified Prescribers,4078.0,-52.12,92.42
1000001331,Family Practice,PA,3.0,Low-Volume / Low-Growth Prescribers,2910.3,-24.27,70.77
1000001349,Endocrinology,PA,0.0,Diversified Prescribers,11973.100000000002,43.65,68.65
1000001354,Internal Medicine,NY,0.0,Diversified Prescribers,4172.900000000001,16.45,64.29
1000001374,Internal Medicine,NY,1.0,High-Volume Core Prescribers,35571.200000000004,-46.98,73.52
1000001393,Internal Medicine,TX,3.0,Low-Volume / Low-Growth Prescribers,4219.7,47.76,77.81
1000001397,Internal Medicine,FL,0.0,Diversified Prescribers,6204.5999999999985,183.01,75.86
1000001399,Family Practice,IL,3.0,Low-Volume / Low-Growth Prescribers,3867.9,147.6,68.61
1000001407,Family Practice,MI,3.0,Low-Volume / Low-Growth Prescribers,3596.499999999999,20.66,76.47
1000001422,Endocrinology,TX,0.0,Diversified Prescribers,12216.8,533.34,87.18
1000001427,Physician Assistant,NC,0.0,Diversified Prescribers,16479.0,-21.57,91.39
1000001428,Family Practice,OH,3.0,Low-Volume / Low-Growth Prescribers,891.8000000000001,7.21,66.34
1000001433,Family Practice,VA,0.0,Diversified Prescribers,3608.8,-0.68,81.08
1000001434,Endocrinology,NY,1.0,High-Volume Core Prescribers,43722.2,293.17,85.53
1000001453,Family Practice,OH,0.0,Diversified Prescribers,12578.7,104.93,75.49
1000001476,Family Practice,CA,3.0,Low-Volume / Low-Growth Prescribers,827.9999999999999,1091.73,44.65
1000001479,Internal Medicine,OH,3.0,Low-Volume / Low-Growth Prescribers,555.3,200.0,77.13
1000001486,Internal Medicine,IL,3.0,Low-Volume / Low-Growth Prescribers,658.2,-47.36,90.14
1000001494,Family Practice,CA,3.0,Low-Volume / Low-Growth Prescribers,3419.7,-8.95,89.58
1000001500,Internal Medicine,NC,0.0,Diversified Prescribers,1096.1,61.04,80.17
1000001508,Family Practice,OH,0.0,Diversified Prescribers,5253.800000000001,-23.9,70.63
1000001509,Family Practice,TX,3.0,Low-Volume / Low-Growth Prescribers,699.5999999999999,-45.96,68.58
1000001514,Internal Medicine,PA,0.0,Diversified Prescribers,5090.9,142.58,68.39
1000001515,Endocrinology,MI,0.0,Diversified Prescribers,9552.1,93.83,84.17
1000001559,Nurse Practitioner,TN,1.0,High-Volume Core Prescribers,33461.4,337.66,85.44
1000001574,Internal Medicine,FL,0.0,Diversified Prescribers,14129.6,131.2,53.07
1000001587,Internal Medicine,TX,0.0,Diversified Prescribers,21297.1,-5.99,68.47
1000001591,Nephrology,MI,3.0,Low-Volume / Low-Growth Prescribers,2761.7,33.36,77.99
1000001592,Endocrinology,FL,0.0,Diversified Prescribers,11216.9,73.0,86.6
1000001599,Nurse Practitioner,MA,3.0,Low-Volume / Low-Growth Prescribers,3760.300000000001,-21.78,59.45
1000001602,Internal Medicine,FL,,,4526.8,,68.63
1000001607,Family Practice,CA,0.0,Diversified Prescribers,11032.3,191.34,56.83
1000001614,Internal Medicine,FL,3.0,Low-Volume / Low-Growth Prescribers,1103.6999999999998,233.18,60.84
1000001631,Internal Medicine,MI,3.0,Low-Volume / Low-Growth Prescribers,4812.1,125.22,45.24
1000001636,Internal Medicine,NY,0.0,Diversified Prescribers,3619.0,41.5,86.17
1000001642,Internal Medicine,CA,0.0,Diversified Prescribers,3466.2000000000007,-43.85,79.81
1000001644,Endocrinology,AZ,0.0,Diversified Prescribers,2384.6,31.46,75.97
1000001647,Family Practice,PA,0.0,Diversified Prescribers,10684.9,-75.33,72.13
1000001648,Family Practice,OH,1.0,High-Volume Core Prescribers,39020.3,0.2,72.64
1000001656,Internal Medicine,MI,0.0,Diversified Prescribers,3891.2,-41.9,68.22
1000001677,Internal Medicine,TX,0.0,Diversified Prescribers,4662.699999999999,260.25,80.12
1000001678,Endocrinology,TX,0.0,Diversified Prescribers,2492.8,-17.74,74.68
1000001688,Family Practice,CA,0.0,Diversified Prescribers,18806.4,501.9,73.28
1000001694,Internal Medicine,GA,0.0,Diversified Prescribers,16079.6,26.39,71.13
1000001716,Endocrinology,TX,0.0,Diversified Prescribers,1844.2,-46.36,84.27
1000001723,Endocrinology,NY,1.0,High-Volume Core Prescribers,31468.2,130.59,83.01
1000001734,Endocrinology,NY,0.0,Diversified Prescribers,2423.2,163.81,88.2
1000001738,Internal Medicine,MA,3.0,Low-Volume / Low-Growth Prescribers,815.1,-66.4,66.75
1000001745,Internal Medicine,OH,3.0,Low-Volume / Low-Growth Prescribers,4211.1,-70.72,63.74
1000001750,Internal Medicine,PA,0.0,Diversified Prescribers,3659.9,-9.74,74.67
1000001752,Endocrinology,FL,0.0,Diversified Prescribers,10888.7,-51.54,79.58
1000001758,Endocrinology,TN,0.0,Diversified Prescribers,1981.6,206.34,76.81
1000001772,Nurse Practitioner,CA,0.0,Diversified Prescribers,4013.7999999999993,-71.84,78.68
1000001779,Nurse Practitioner,TX,3.0,Low-Volume / Low-Growth Prescribers,1125.4,-71.54,56.58
1000001787,Family Practice,NY,3.0,Low-Volume / Low-Growth Prescribers,1377.4,-5.67,66.63
1000001810,Family Practice,NY,0.0,Diversified Prescribers,6180.0,23.26,85.41
1000001823,Family Practice,FL,3.0,Low-Volume / Low-Growth Prescribers,802.5,-70.18,59.31
1000001826,Endocrinology,VA,0.0,Diversified Prescribers,2412.1,120.11,81.21
1000001828,Family Practice,PA,0.0,Diversified Prescribers,13597.0,-75.87,48.97
1000001829,Internal Medicine,CA,0.0,Diversified Prescribers,4679.9,-4.8,58.42
1000001830,Cardiology,CA,3.0,Low-Volume / Low-Growth Prescribers,877.1,-2.91,58.84
1000001833,Family Practice,PA,3.0,Low-Volume / Low-Growth Prescribers,737.5,-68.87,78.78
1000001842,Internal Medicine,NC,0.0,Diversified Prescribers,14475.6,32.77,91.26
1000001857,Internal Medicine,PA,3.0,Low-Volume / Low-Growth Prescribers,731.8999999999999,163.53,88.85
1000001858,Nurse Practitioner,IN,0.0,Diversified Prescribers,19700.800000000003,52.59,61.51
1000001880,Family Practice,OH,3.0,Low-Volume / Low-Growth Prescribers,743.8,296.26,79.66
1000001889,Nephrology,IL,3.0,Low-Volume / Low-Growth Prescribers,488.19999999999993,16.1,80.87
1000001894,Internal Medicine,VA,0.0,Diversified Prescribers,4499.4,-21.92,73.94
1000001910,Internal Medicine,CA,3.0,Low-Volume / Low-Growth Prescribers,704.0999999999999,-30.22,85.66
1000001927,Internal Medicine,MI,3.0,Low-Volume / Low-Growth Prescribers,5811.599999999999,49.49,60.61
1000001934,Family Practice,MI,0.0,Diversified Prescribers,4487.799999999999,29.08,71.74
1000001943,Family Practice,CA,3.0,Low-Volume / Low-Growth Prescribers,980.3,339.71,73.42
1000001966,Internal Medicine,IL,3.0,Low-Volume / Low-Growth Prescribers,894.1999999999999,-13.33,87.39
1000001967,Internal Medicine,CA,0.0,Diversified Prescribers,5092.4,-36.33,74.5
1000001973,Internal Medicine,VA,0.0,Diversified Prescribers,3832.8,-22.92,79.59
1000001975,Physician Assistant,IN,0.0,Diversified Prescribers,4291.999999999999,80.79,68.72
1000001985,Endocrinology,PA,0.0,Diversified Prescribers,1632.6,120.08,70.53
1000001995,Family Practice,CA,3.0,Low-Volume / Low-Growth Prescribers,1108.0,216.77,65.45
1000002006,Internal Medicine,MI,3.0,Low-Volume / Low-Growth Prescribers,3327.6,60.12,80.69
1000002008,Endocrinology,TN,0.0,Diversified Prescribers,7750.3,188.69,81.3
1000002017,Nurse Practitioner,GA,0.0,Diversified Prescribers,16457.600000000002,93.85,62.91
1000002021,Family Practice,TX,3.0,Low-Volume / Low-Growth Prescribers,719.1999999999999,-12.91,87.85
1000002024,Internal Medicine,CA,3.0,Low-Volume / Low-Growth Prescribers,3311.1999999999994,45.46,80.93
1000002029,Family Practice,TN,3.0,Low-Volume / Low-Growth Prescribers,901.7,-0.81,74.36
1000002031,Family Practice,IN,3.0,Low-Volume / Low-Growth Prescribers,639.6,-53.2,56.91
1000002034,Family Practice,CA,0.0,Diversified Prescribers,11431.5,-64.84,75.05
1000002041,Family Practice,AZ,0.0,Diversified Prescribers,5692.9,3.46,66.91
1000002049,Endocrinology,PA,0.0,Diversified Prescribers,2341.5,-4.32,76.74
1000002050,Internal Medicine,FL,3.0,Low-Volume / Low-Growth Prescribers,720.1,-91.59,67.6
1000002058,Family Practice,MI,3.0,Low-Volume / Low-Growth Prescribers,743.4000000000002,61.91,36.43
1000002069,Internal Medicine,NY,0.0,Diversified Prescribers,4954.0,1128.15,79.12
1000002080,Endocrinology,MA,1.0,High-Volume Core Prescribers,80267.3,146.0,76.15
1000002095,Family Practice,FL,3.0,Low-Volume / Low-Growth Prescribers,729.0,164.56,71.33
1000002098,Family Practice,IN,0.0,Diversified Prescribers,3175.7999999999997,-44.37,90.71
1000002099,Internal Medicine,OH,0.0,Diversified Prescribers,21948.300000000007,-73.6,62.76
1000002124,Cardiology,AZ,3.0,Low-Volume / Low-Growth Prescribers,934.1,21.74,72.19
1000002129,Internal Medicine,GA,0.0,Diversified Prescribers,17025.300000000003,-45.12,45.91
1000002140,Family Practice,MI,0.0,Diversified Prescribers,13063.9,-4.2,72.19
1000002148,Internal Medicine,GA,0.0,Diversified Prescribers,17815.7,-72.15,49.02
1000002154,Endocrinology,TX,1.0,High-Volume Core Prescribers,33500.3,120.14,87.02
1000002157,Internal Medicine,FL,3.0,Low-Volume / Low-Growth Prescribers,524.1,423.2,97.54
1000002162,Internal Medicine,FL,0.0,Diversified Prescribers,12051.000000000002,-56.79,49.76
1000002171,Endocrinology,AZ,0.0,Diversified Prescribers,9527.3,61.34,78.71
1000002196,Internal Medicine,NC,0.0,Diversified Prescribers,13220.8,-79.3,48.69
1000002201,Endocrinology,MI,0.0,Diversified Prescribers,2078.7999999999997,-18.26,83.64
1000002209,Nurse Practitioner,IN,3.0,Low-Volume / Low-Growth Prescribers,976.9,-83.52,73.78
1000002243,Nephrology,MA,0.0,Diversified Prescribers,6583.999999999998,-62.86,58.46
1000002276,Family Practice,MI,3.0,Low-Volume / Low-Growth Prescribers,935.5000000000002,-42.24,55.18
1000002306,Endocrinology,MI,1.0,High-Volume Core Prescribers,61504.999999999985,0.26,70.87
1000002311,Nurse Practitioner,CA,0.0,Diversified Prescribers,5315.400000000001,46.93,72.53
1000002323,Internal Medicine,VA,3.0,Low-Volume / Low-Growth Prescribers,948.3000000000002,4.5,63.79
1000002324,Family Practice,TX,0.0,Diversified Prescribers,12834.2,99.15,94.41
1000002338,Endocrinology,TX,1.0,High-Volume Core Prescribers,37133.70000000001,43.88,71.99
1000002347,Internal Medicine,PA,3.0,Low-Volume / Low-Growth Prescribers,556.2,52.45,100.0
1000002373,Internal Medicine,FL,0.0,Diversified Prescribers,4425.799999999999,235.82,70.71
1000002378,Internal Medicine,MI,3.0,Low-Volume / Low-Growth Prescribers,535.0999999999999,-98.09,72.21
1000002384,Internal Medicine,IN,3.0,Low-Volume / Low-Growth Prescribers,425.7999999999999,323.55,91.62
1000002385,Family Practice,IN,3.0,Low-Volume / Low-Growth Prescribers,4720.1,40.63,91.37
1000002406,Internal Medicine,TX,3.0,Low-Volume / Low-Growth Prescribers,572.1,11.09,62.05
1000002428,Internal Medicine,GA,3.0,Low-Volume / Low-Growth Prescribers,891.0999999999999,-71.11,73.89
1000002431,Family Practice,CA,3.0,Low-Volume / Low-Growth Prescribers,4736.5,184.8,65.02
1000002439,Endocrinology,FL,1.0,High-Volume Core Prescribers,37302.2,-40.28,71.4
1000002447,Internal Medicine,TX,0.0,Diversified Prescribers,5005.5,-86.86,64.64
1000002479,Family Practice,CA,0.0,Diversified Prescribers,16780.7,93.0,65.28
1000002480,Internal Medicine,TX,0.0,Diversified Prescribers,4618.6,8.48,81.98
1000002486,Internal Medicine,NY,3.0,Low-Volume / Low-Growth Prescribers,783.5,-3.92,63.08
1000002505,Endocrinology,NY,1.0,High-Volume Core Prescribers,43011.5,142.78,71.37
1000002508,Nurse Practitioner,TX,3.0,Low-Volume / Low-Growth Prescribers,651.1,5.18,81.66
1000002530,Family Practice,NC,1.0,High-Volume Core Prescribers,36497.5,-18.76,51.88
1000002535,Family Practice,TN,0.0,Diversified Prescribers,16224.000000000002,-86.88,57.43
1000002538,Family Practice,IL,3.0,Low-Volume / Low-Growth Prescribers,5053.799999999999,178.72,61.67
1000002547,Internal Medicine,CA,0.0,Diversified Prescribers,16666.800000000003,10.53,66.62
1000002555,Physician Assistant,CA,0.0,Diversified Prescribers,6031.900000000001,51.75,61.56
1000002560,Family Practice,IN,0.0,Diversified Prescribers,5449.000000000001,112.14,53.81
1000002565,Internal Medicine,OH,3.0,Low-Volume / Low-Growth Prescribers,767.6,-7.28,76.94
1000002567,Internal Medicine,PA,0.0,Diversified Prescribers,4114.1,2.82,74.17
1000002568,Family Practice,TX,3.0,Low-Volume / Low-Growth Prescribers,896.4000000000001,291.41,46.49
1000002573,Internal Medicine,CA,3.0,Low-Volume / Low-Growth Prescribers,738.1,-77.24,47.22
1000002576,Cardiology,OH,0.0,Diversified Prescribers,5369.2,7.9,71.22
1000002582,Internal Medicine,NY,0.0,Diversified Prescribers,11914.4,48.12,86.5
1000002583,Internal Medicine,PA,0.0,Diversified Prescribers,3156.7,562.48,71.13
1000002591,Family Practice,IN,0.0,Diversified Prescribers,19269.0,-10.78,65.64
1000002595,Family Practice,OH,0.0,Diversified Prescribers,17190.1,-70.63,65.06
1000002623,Nurse Practitioner,MA,3.0,Low-Volume / Low-Growth Prescribers,918.1999999999998,392.0,67.82
1000002624,Internal Medicine,NY,3.0,Low-Volume / Low-Growth Prescribers,934.6999999999998,-7.94,56.64
1000002635,Family Practice,MI,3.0,Low-Volume / Low-Growth Prescribers,631.5,43.37,80.82
1000002639,Family Practice,CA,3.0,Low-Volume / Low-Growth Prescribers,3126.0,-53.86,76.66
1000002672,Family Practice,NY,3.0,Low-Volume / Low-Growth Prescribers,919.6,-51.24,45.51
1000002676,Internal Medicine,VA,3.0,Low-Volume / Low-Growth Prescribers,452.80000000000007,-52.2,57.13
1000002681,Family Practice,NY,3.0,Low-Volume / Low-Growth Prescribers,975.6,28.2,57.41
1000002705,Family Practice,TX,0.0,Diversified Prescribers,3148.5,108.83,77.33
1000002706,Endocrinology,TX,1.0,High-Volume Core Prescribers,41628.2,47.17,76.31
1000002716,Family Practice,IL,3.0,Low-Volume / Low-Growth Prescribers,798.5999999999999,111.01,68.17
1000002724,Internal Medicine,MA,0.0,Diversified Prescribers,5332.9000000000015,-39.63,62.61
1000002752,Internal Medicine,FL,3.0,Low-Volume / Low-Growth Prescribers,4919.200000000001,-14.7,68.2
1000002758,Family Practice,GA,0.0,Diversified Prescribers,18866.9,-46.16,61.22
1000002764,Endocrinology,AZ,0.0,Diversified Prescribers,10369.8,94.39,85.92
1000002775,Internal Medicine,MA,3.0,Low-Volume / Low-Growth Prescribers,1312.1,-62.11,60.8
1000002776,Endocrinology,FL,3.0,Low-Volume / Low-Growth Prescribers,1491.9,-45.13,63.36
1000002782,Cardiology,TX,3.0,Low-Volume / Low-Growth Prescribers,4195.900000000001,130.16,66.4
1000002790,Family Practice,GA,0.0,Diversified Prescribers,12143.8,172.22,78.5
1000002793,Internal Medicine,PA,3.0,Low-Volume / Low-Growth Prescribers,902.5,9.0,88.9
1000002794,Internal Medicine,TX,3.0,Low-Volume / Low-Growth Prescribers,3134.2,63.18,73.36
1000002810,Internal Medicine,VA,1.0,High-Volume Core Prescribers,30027.1,17.64,71.32
1000002815,Family Practice,VA,0.0,Diversified Prescribers,4234.9,-62.85,59.62
1000002832,Endocrinology,IN,1.0,High-Volume Core Prescribers,36635.29999999999,-69.46,67.81
1000002841,Family Practice,NY,3.0,Low-Volume / Low-Growth Prescribers,4380.9,54.22,64.81
1000002843,Physician Assistant,PA,3.0,Low-Volume / Low-Growth Prescribers,2508.1,22.83,69.78
1000002848,Family Practice,GA,3.0,Low-Volume / Low-Growth Prescribers,749.4000000000001,-28.94,81.71
1000002867,Family Practice,OH,3.0,Low-Volume / Low-Growth Prescribers,1024.7,290.78,85.96
1000002874,Family Practice,CA,0.0,Diversified Prescribers,14043.8,192.36,70.09
1000002887,Internal Medicine,VA,3.0,Low-Volume / Low-Growth Prescribers,625.3,-60.08,59.04
1000002902,Endocrinology,OH,0.0,Diversified Prescribers,10596.399999999998,557.94,76.89
1000002926,Family Practice,CA,3.0,Low-Volume / Low-Growth Prescribers,1086.9,66.29,69.24
1000002932,Endocrinology,TX,0.0,Diversified Prescribers,2415.9,70.59,74.68
1000002935,Endocrinology,MA,0.0,Diversified Prescribers,1802.9,-81.64,69.53
1000002939,Endocrinology,CA,0.0,Diversified Prescribers,13250.700000000004,84.45,71.23
1000002940,Internal Medicine,NC,3.0,Low-Volume / Low-Growth Prescribers,871.3,57.48,72.74
1000002967,Family Practice,NC,3.0,Low-Volume / Low-Growth Prescribers,1060.6,207.53,71.51
1000002971,Endocrinology,CA,0.0,Diversified Prescribers,2674.2999999999997,28.34,82.33
1000002973,Family Practice,IL,3.0,Low-Volume / Low-Growth Prescribers,2750.5,98.74,74.81
1000002985,Physician Assistant,NC,0.0,Diversified Prescribers,4316.7,65.64,61.93
1000002986,Endocrinology,NY,0.0,Diversified Prescribers,2930.0,-38.43,83.84
1000002997,Internal Medicine,TN,3.0,Low-Volume / Low-Growth Prescribers,889.3000000000001,163.28,75.66
1000003009,Endocrinology,IN,1.0,High-Volume Core Prescribers,87214.09999999999,19.5,77.13
1000003015,Internal Medicine,TN,3.0,Low-Volume / Low-Growth Prescribers,2211.5,148.46,89.03
1000003020,Internal Medicine,NY,3.0,Low-Volume / Low-Growth Prescribers,3587.7999999999993,-18.95,73.27
1000003025,Internal Medicine,OH,3.0,Low-Volume / Low-Growth Prescribers,481.3,146.24,55.68
1000003029,Family Practice,TX,3.0,Low-Volume / Low-Growth Prescribers,1023.4,48.19,61.28
1000003035,Internal Medicine,GA,0.0,Diversified Prescribers,2889.6000000000004,867.6,77.37
1000003039,Internal Medicine,NY,3.0,Low-Volume / Low-Growth Prescribers,618.6999999999999,-11.19,76.69
1000003052,Internal Medicine,NC,3.0,Low-Volume / Low-Growth Prescribers,3963.7999999999993,-48.19,61.84
1000003060,Internal Medicine,MI,1.0,High-Volume Core Prescribers,30730.799999999996,-6.36,80.92
1000003078,Endocrinology,IN,0.0,Diversified Prescribers,2316.9,198.75,76.19
1000003082,Internal Medicine,CA,3.0,Low-Volume / Low-Growth Prescribers,734.1,241.28,67.76
1000003091,Physician Assistant,TN,3.0,Low-Volume / Low-Growth Prescribers,587.6999999999999,-64.34,74.99
1000003100,Endocrinology,NC,0.0,Diversified Prescribers,13555.1,-16.84,78.26
1000003102,Nurse Practitioner,OH,1.0,High-Volume Core Prescribers,48242.49999999999,-30.82,72.51
1000003104,Internal Medicine,FL,3.0,Low-Volume / Low-Growth Prescribers,1099.0,39.16,68.95
1000003109,Family Practice,TX,3.0,Low-Volume / Low-Growth Prescribers,1100.9,-21.11,60.14
1000003112,Family Practice,IN,3.0,Low-Volume / Low-Growth Prescribers,849.8,392.2,62.93
1000003113,Endocrinology,NY,1.0,High-Volume Core Prescribers,29969.800000000007,16.24,71.83
1000003115,Nurse Practitioner,PA,3.0,Low-Volume / Low-Growth Prescribers,776.6000000000001,-14.43,89.93
1000003118,Internal Medicine,VA,0.0,Diversified Prescribers,20626.6,8.39,72.54
1000003120,Internal Medicine,MA,3.0,Low-Volume / Low-Growth Prescribers,836.3,-91.1,50.82
1000003123,Internal Medicine,GA,1.0,High-Volume Core Prescribers,45250.2,148.74,55.6
1000003129,Family Practice,MI,0.0,Diversified Prescribers,6048.700000000001,492.67,71.27
1000003133,Internal Medicine,VA,3.0,Low-Volume / Low-Growth Prescribers,1168.9,58.6,67.39
1000003140,Internal Medicine,PA,0.0,Diversified Prescribers,5346.6,-71.75,75.84
1000003144,Internal Medicine,TX,3.0,Low-Volume / Low-Growth Prescribers,4046.9,-38.86,66.22
1000003169,Internal Medicine,FL,3.0,Low-Volume / Low-Growth Prescribers,932.0,212.11,56.55
1000003173,Endocrinology,IL,1.0,High-Volume Core Prescribers,65190.8,1.39,55.23
1000003178,Family Practice,CA,0.0,Diversified Prescribers,4964.9,-9.82,75.16
1000003179,Family Practice,CA,3.0,Low-Volume / Low-Growth Prescribers,1000.9,-59.06,62.08
1000003187,Internal Medicine,FL,0.0,Diversified Prescribers,2986.5000000000005,-67.03,78.6
1000003201,Internal Medicine,MI,3.0,Low-Volume / Low-Growth Prescribers,12516.5,-75.72,70.83
1000003204,Family Practice,CA,3.0,Low-Volume / Low-Growth Prescribers,719.1999999999999,13.28,60.22
1000003206,Nurse Practitioner,IL,0.0,Diversified Prescribers,13178.999999999998,-94.96,78.41
1000003230,Internal Medicine,IL,0.0,Diversified Prescribers,5640.0,-11.57,53.97
1000003256,Family Practice,FL,3.0,Low-Volume / Low-Growth Prescribers,393.7000000000001,132.67,67.39
1000003260,Internal Medicine,OH,1.0,High-Volume Core Prescribers,37960.69999999999,567.53,50.52
1000003278,Internal Medicine,MA,0.0,Diversified Prescribers,6030.8,734.55,61.71
1000003288,Nurse Practitioner,CA,3.0,Low-Volume / Low-Growth Prescribers,958.7,282.45,66.9
1000003307,Endocrinology,TN,1.0,High-Volume Core Prescribers,65102.30000000001,117.77,89.01
1000003320,Internal Medicine,FL,0.0,Diversified Prescribers,4088.5,10.41,74.6
1000003332,Endocrinology,TX,1.0,High-Volume Core Prescribers,34397.700000000004,107.74,89.69
1000003339,Family Practice,MA,3.0,Low-Volume / Low-Growth Prescribers,751.8000000000003,896.85,59.76
1000003349,Internal Medicine,CA,3.0,Low-Volume / Low-Growth Prescribers,968.2000000000002,7.36,59.27
1000003356,Family Practice,NY,0.0,Diversified Prescribers,13042.9,-24.9,87.24
1000003364,Physician Assistant,FL,3.0,Low-Volume / Low-Growth Prescribers,3487.2000000000003,-81.27,69.38
1000003377,Internal Medicine,NY,0.0,Diversified Prescribers,3635.3,779.85,67.88
1000003378,Endocrinology,NC,0.0,Diversified Prescribers,9951.8,20.29,72.11
1000003385,Nurse Practitioner,TN,3.0,Low-Volume / Low-Growth Prescribers,941.7000000000004,-40.92,75.68
1000003386,Internal Medicine,TX,0.0,Diversified Prescribers,20707.199999999997,7.26,51.91
1000003395,Nephrology,TN,3.0,Low-Volume / Low-Growth Prescribers,640.2,128.92,77.29
1000003407,Nephrology,AZ,3.0,Low-Volume / Low-Growth Prescribers,824.0999999999999,47.28,66.31
1000003418,Internal Medicine,CA,0.0,Diversified Prescribers,11166.3,10.35,62.84
1000003421,Family Practice,GA,3.0,Low-Volume / Low-Growth Prescribers,3701.9,-38.01,91.2
1000003431,Nephrology,MI,3.0,Low-Volume / Low-Growth Prescribers,936.5,99.64,64.0
1000003436,Internal Medicine,PA,0.0,Diversified Prescribers,4498.2,170.88,68.92
1000003438,Physician Assistant,FL,3.0,Low-Volume / Low-Growth Prescribers,377.7000000000001,-78.86,91.79
1000003441,Internal Medicine,NC,3.0,Low-Volume / Low-Growth Prescribers,2780.8,-92.92,82.9
1000003444,Cardiology,NY,3.0,Low-Volume / Low-Growth Prescribers,1050.6,14.98,81.48
1000003471,Family Practice,NC,3.0,Low-Volume / Low-Growth Prescribers,4319.5,5.02,55.99
1000003473,Family Practice,IN,3.0,Low-Volume / Low-Growth Prescribers,471.9,94.02,52.91
1000003487,Endocrinology,PA,0.0,Diversified Prescribers,2477.1000000000004,90.49,84.37
1000003494,Family Practice,CA,3.0,Low-Volume / Low-Growth Prescribers,723.9000000000001,771.19,71.21
1000003501,Family Practice,GA,3.0,Low-Volume / Low-Growth Prescribers,768.4,50.3,90.73
1000003504,Nurse Practitioner,IL,3.0,Low-Volume / Low-Growth Prescribers,876.8999999999999,712.07,50.63
1000003527,Family Practice,TX,3.0,Low-Volume / Low-Growth Prescribers,547.6,-30.9,47.57
1000003534,Internal Medicine,AZ,3.0,Low-Volume / Low-Growth Prescribers,1087.5,-26.19,61.51
1000003551,Endocrinology,TX,0.0,Diversified Prescribers,2245.4,-46.78,72.74
1000003556,Internal Medicine,FL,3.0,Low-Volume / Low-Growth Prescribers,3652.8,197.28,56.67
1000003558,Endocrinology,PA,1.0,High-Volume Core Prescribers,38111.600000000006,-34.32,83.7
1000003562,Endocrinology,IN,0.0,Diversified Prescribers,12580.8,28.05,74.5
1000003566,Family Practice,PA,0.0,Diversified Prescribers,4832.500000000001,12.5,74.38
1000003569,Nurse Practitioner,OH,3.0,Low-Volume / Low-Growth Prescribers,741.8000000000001,-59.6,46.5
1000003574,Nurse Practitioner,TN,3.0,Low-Volume / Low-Growth Prescribers,2724.6,-69.31,71.44
1000003581,Family Practice,TX,0.0,Diversified Prescribers,10102.0,43.01,71.75
1000003587,Family Practice,GA,0.0,Diversified Prescribers,16323.1,134.21,58.39
1000003594,Internal Medicine,IL,3.0,Low-Volume / Low-Growth Prescribers,1063.2,183.56,70.69
1000003600,Endocrinology,AZ,0.0,Diversified Prescribers,2237.6000000000004,565.77,80.11
1000003605,Internal Medicine,OH,3.0,Low-Volume / Low-Growth Prescribers,2521.1,65.62,72.69
1000003609,Physician Assistant,MI,0.0,Diversified Prescribers,18068.7,13.21,77.42
1000003616,Internal Medicine,MI,,,882.3,,75.58
1000003618,Family Practice,TX,3.0,Low-Volume / Low-Growth Prescribers,1131.6,-18.13,61.45
1000003635,Internal Medicine,CA,3.0,Low-Volume / Low-Growth Prescribers,852.5,184.76,90.73
1000003637,Endocrinology,VA,1.0,High-Volume Core Prescribers,46978.6,-46.37,74.08
1000003643,Internal Medicine,NY,1.0,High-Volume Core Prescribers,36330.7,369.56,72.95
1000003655,Internal Medicine,TX,3.0,Low-Volume / Low-Growth Prescribers,686.1,482.72,56.73
1000003678,Family Practice,CA,0.0,Diversified Prescribers,5866.299999999999,-12.86,77.12
1000003683,Internal Medicine,VA,3.0,Low-Volume / Low-Growth Prescribers,698.2,27.68,74.66
1000003687,Internal Medicine,IN,3.0,Low-Volume / Low-Growth Prescribers,792.6,-55.63,86.03
1000003696,Physician Assistant,NC,3.0,Low-Volume / Low-Growth Prescribers,681.9000000000001,38.84,65.73
1000003708,Internal Medicine,FL,0.0,Diversified Prescribers,5028.8,816.99,67.74
1000003713,Family Practice,IL,0.0,Diversified Prescribers,3328.2000000000003,-18.87,70.62
1000003714,Nephrology,NY,3.0,Low-Volume / Low-Growth Prescribers,970.5999999999998,-37.17,78.78
1000003717,Endocrinology,FL,0.0,Diversified Prescribers,8592.9,112.87,91.94
1000003718,Internal Medicine,FL,0.0,Diversified Prescribers,4255.299999999999,122.16,84.28
1000003719,Internal Medicine,MI,3.0,Low-Volume / Low-Growth Prescribers,1178.2,9.17,68.26
1000003728,Endocrinology,OH,0.0,Diversified Prescribers,8996.700000000003,163.9,84.18
1000003750,Nurse Practitioner,IN,3.0,Low-Volume / Low-Growth Prescribers,901.1,56.57,60.15
1000003756,Internal Medicine,TX,3.0,Low-Volume / Low-Growth Prescribers,714.1999999999999,-64.21,72.99
1000003759,Family Practice,AZ,3.0,Low-Volume / Low-Growth Prescribers,560.5,-35.17,71.88
1000003760,Endocrinology,CA,3.0,Low-Volume / Low-Growth Prescribers,2062.6,774.12,81.84
1000003778,Family Practice,NY,0.0,Diversified Prescribers,13506.2,-74.04,66.26
1000003790,Internal Medicine,VA,3.0,Low-Volume / Low-Growth Prescribers,905.5,22.56,64.48
1000003799,Family Practice,TN,0.0,Diversified Prescribers,4949.5,191.51,70.56
1000003801,Physician Assistant,TX,3.0,Low-Volume / Low-Growth Prescribers,1050.1999999999998,113.61,80.87
1000003816,Internal Medicine,MA,0.0,Diversified Prescribers,18976.699999999997,22.62,65.08
1000003818,Family Practice,TN,3.0,Low-Volume / Low-Growth Prescribers,2111.2,-63.86,96.63
1000003821,Internal Medicine,GA,0.0,Diversified Prescribers,5849.7,1.3,61.93
1000003824,Internal Medicine,CA,3.0,Low-Volume / Low-Growth Prescribers,10189.8,-48.31,64.59
1000003836,Physician Assistant,IN,0.0,Diversified Prescribers,19244.4,61.33,67.2
1000003847,Family Practice,CA,0.0,Diversified Prescribers,19717.400000000005,-33.31,81.08
1000003853,Physician Assistant,IL,0.0,Diversified Prescribers,3282.4999999999995,117.71,68.75
1000003855,Endocrinology,FL,0.0,Diversified Prescribers,2550.4000000000005,-14.93,85.71
1000003860,Family Practice,AZ,3.0,Low-Volume / Low-Growth Prescribers,802.5,90.84,73.94
1000003871,Internal Medicine,NY,0.0,Diversified Prescribers,12064.0,1091.26,90.95
1000003890,Family Practice,OH,3.0,Low-Volume / Low-Growth Prescribers,4351.999999999999,-84.66,69.74
1000003908,Family Practice,PA,0.0,Diversified Prescribers,8517.0,133.21,79.48
1000003909,Internal Medicine,NY,0.0,Diversified Prescribers,14722.6,-53.72,72.55
1000003925,Endocrinology,FL,0.0,Diversified Prescribers,1703.4,-57.67,86.83
1000003930,Physician Assistant,TX,0.0,Diversified Prescribers,6046.1,37.13,86.06
1000003934,Internal Medicine,VA,0.0,Diversified Prescribers,4531.8,-45.37,86.23
1000003939,Internal Medicine,NY,3.0,Low-Volume / Low-Growth Prescribers,617.5999999999999,380.77,77.61
1000003942,Endocrinology,NC,0.0,Diversified Prescribers,2761.2999999999997,-39.3,79.14
1000003944,Endocrinology,TX,0.0,Diversified Prescribers,2118.4,-27.77,84.25
1000003947,Family Practice,TN,3.0,Low-Volume / Low-Growth Prescribers,1073.7,77.68,76.8
1000003948,Endocrinology,CA,1.0,High-Volume Core Prescribers,42614.2,122.42,85.6
1000003952,Cardiology,GA,3.0,Low-Volume / Low-Growth Prescribers,2471.4,89.89,78.1
1000003956,Physician Assistant,NC,1.0,High-Volume Core Prescribers,36130.7,60.44,82.2
1000003957,Internal Medicine,NY,3.0,Low-Volume / Low-Growth Prescribers,8515.499999999998,-41.03,71.42
1000003982,Internal Medicine,IN,3.0,Low-Volume / Low-Growth Prescribers,787.3,-28.93,79.21
1000003992,Family Practice,PA,3.0,Low-Volume / Low-Growth Prescribers,996.3,-39.88,41.65
1000003996,Internal Medicine,VA,3.0,Low-Volume / Low-Growth Prescribers,4330.400000000001,-0.29,55.29
1000004007,Internal Medicine,OH,1.0,High-Volume Core Prescribers,31747.799999999996,76.35,58.84
1000004010,Endocrinology,TX,0.0,Diversified Prescribers,11706.600000000002,-1.24,79.29
1000004017,Nurse Practitioner,IN,0.0,Diversified Prescribers,5506.2,21.58,66.79
1000004027,Endocrinology,AZ,0.0,Diversified Prescribers,2608.0,57.7,78.79
1000004035,Cardiology,FL,0.0,Diversified Prescribers,4277.700000000001,-41.6,60.45
1000004038,Family Practice,PA,0.0,Diversified Prescribers,5685.5999999999985,-82.87,56.76
1000004041,Internal Medicine,NC,0.0,Diversified Prescribers,4190.6,-51.7,70.53
1000004043,Family Practice,NC,0.0,Diversified Prescribers,19035.299999999996,-92.14,68.52
1000004045,Internal Medicine,IL,0.0,Diversified Prescribers,3967.6999999999994,25.66,90.96
1000004046,Internal Medicine,AZ,3.0,Low-Volume / Low-Growth Prescribers,1161.8000000000002,-71.34,70.63
1000004059,Nephrology,TN,3.0,Low-Volume / Low-Growth Prescribers,969.1,-19.11,58.56
1000004069,Nurse Practitioner,FL,0.0,Diversified Prescribers,5539.500000000001,133.8,70.77
1000004077,Internal Medicine,TX,0.0,Diversified Prescribers,4442.599999999999,-56.76,64.27
1000004081,Internal Medicine,MI,3.0,Low-Volume / Low-Growth Prescribers,764.0000000000001,-52.07,61.36
1000004091,Internal Medicine,CA,3.0,Low-Volume / Low-Growth Prescribers,870.8,-47.84,56.29
1000004099,Endocrinology,NC,0.0,Diversified Prescribers,12370.7,67.49,77.4
1000004106,Physician Assistant,GA,3.0,Low-Volume / Low-Growth Prescribers,1028.0,-73.35,87.42
1000004123,Nurse Practitioner,TN,0.0,Diversified Prescribers,3749.5,-86.76,70.1
1000004136,Family Practice,AZ,0.0,Diversified Prescribers,12474.5,-60.91,82.41
1000004169,Endocrinology,AZ,0.0,Diversified Prescribers,10175.1,-45.3,87.5
1000004173,Internal Medicine,TX,0.0,Diversified Prescribers,16828.3,51.29,61.02
1000004177,Family Practice,GA,0.0,Diversified Prescribers,5171.099999999999,-35.03,71.13
1000004183,Internal Medicine,OH,3.0,Low-Volume / Low-Growth Prescribers,768.2,245.25,75.89
1000004200,Nurse Practitioner,IN,3.0,Low-Volume / Low-Growth Prescribers,654.2,-79.46,81.18
1000004202,Endocrinology,FL,0.0,Diversified Prescribers,9819.3,-26.11,77.87
1000004205,Internal Medicine,PA,0.0,Diversified Prescribers,18660.2,63.08,81.23
1000004214,Family Practice,MA,3.0,Low-Volume / Low-Growth Prescribers,452.2,952.29,69.33
1000004219,Internal Medicine,PA,3.0,Low-Volume / Low-Growth Prescribers,1097.6,-61.7,75.23
1000004223,Family Practice,NY,0.0,Diversified Prescribers,17146.300000000003,-71.05,64.7
1000004232,Internal Medicine,TX,0.0,Diversified Prescribers,13798.1,-8.25,64.98
1000004233,Nurse Practitioner,PA,3.0,Low-Volume / Low-Growth Prescribers,809.8,516.63,75.55
1000004236,Endocrinology,NY,0.0,Diversified Prescribers,2117.1000000000004,268.88,85.48
1000004242,Family Practice,NY,3.0,Low-Volume / Low-Growth Prescribers,846.3,57.58,65.3
1000004251,Endocrinology,TX,0.0,Diversified Prescribers,12430.5,-1.44,71.97
1000004274,Family Practice,IN,0.0,Diversified Prescribers,6111.799999999999,34.3,70.15
1000004280,Endocrinology,TX,1.0,High-Volume Core Prescribers,41310.90000000001,60.8,85.26
1000004284,Internal Medicine,IL,3.0,Low-Volume / Low-Growth Prescribers,2777.3999999999996,-6.48,49.15
1000004300,Endocrinology,MI,0.0,Diversified Prescribers,9790.5,53.07,86.61
1000004301,Physician Assistant,TX,3.0,Low-Volume / Low-Growth Prescribers,859.1000000000001,-87.42,59.45
1000004305,Endocrinology,TN,0.0,Diversified Prescribers,11426.399999999998,44.76,77.82
1000004311,Physician Assistant,NY,0.0,Diversified Prescribers,4119.4,639.24,81.08
1000004323,Internal Medicine,CA,0.0,Diversified Prescribers,5976.099999999999,-5.01,73.6
1000004340,Internal Medicine,OH,0.0,Diversified Prescribers,12312.6,-37.97,64.74
1000004342,Family Practice,TX,3.0,Low-Volume / Low-Growth Prescribers,826.0,542.49,74.26
1000004347,Internal Medicine,NC,3.0,Low-Volume / Low-Growth Prescribers,920.4999999999998,217.62,71.9
1000004356,Internal Medicine,TX,3.0,Low-Volume / Low-Growth Prescribers,935.6000000000004,-5.07,72.97
1000004362,Family Practice,MA,3.0,Low-Volume / Low-Growth Prescribers,1292.7999999999995,272.54,53.98
1000004368,Endocrinology,NC,1.0,High-Volume Core Prescribers,33412.200000000004,1.64,72.21
1000004396,Internal Medicine,FL,3.0,Low-Volume / Low-Growth Prescribers,3324.5,47.15,66.49
1000004402,Internal Medicine,AZ,3.0,Low-Volume / Low-Growth Prescribers,598.1000000000001,-63.36,100.0
1000004403,Internal Medicine,MI,3.0,Low-Volume / Low-Growth Prescribers,3174.7999999999997,-53.53,67.13
1000001898,Internal Medicine,PA,,,675.9,,59.4
